ISO-10303-21;
HEADER;
FILE_DESCRIPTION((''),'2;1');
FILE_NAME('C-215297-3','2016-03-29T',('workeradm'),('Tyco Electronics Ltd.'),
'CREO PARAMETRIC BY PTC INC, 2015200','CREO PARAMETRIC BY PTC INC, 2015200','');
FILE_SCHEMA(('AUTOMOTIVE_DESIGN { 1 0 10303 214 1 1 1 1 }'));
ENDSEC;
DATA;
#2=DIRECTION('',(0.E0,-1.E0,0.E0));
#3=VECTOR('',#2,2.52E0);
#4=CARTESIAN_POINT('',(-3.81E0,1.26E0,0.E0));
#5=LINE('',#4,#3);
#6=DIRECTION('',(-1.E0,0.E0,0.E0));
#7=VECTOR('',#6,7.62E0);
#8=CARTESIAN_POINT('',(3.81E0,1.26E0,0.E0));
#9=LINE('',#8,#7);
#10=DIRECTION('',(0.E0,1.E0,0.E0));
#11=VECTOR('',#10,2.52E0);
#12=CARTESIAN_POINT('',(3.81E0,-1.26E0,0.E0));
#13=LINE('',#12,#11);
#14=DIRECTION('',(1.E0,0.E0,0.E0));
#15=VECTOR('',#14,7.62E0);
#16=CARTESIAN_POINT('',(-3.81E0,-1.26E0,0.E0));
#17=LINE('',#16,#15);
#18=DIRECTION('',(1.E0,3.562946457280E-10,5.248640015470E-10));
#19=VECTOR('',#18,1.66E0);
#20=CARTESIAN_POINT('',(1.71E0,6.550000014032E-1,-4.385641634574E-9));
#21=LINE('',#20,#19);
#22=CARTESIAN_POINT('',(1.310000002644E0,5.050000000001E-1,-1.367067496242E-9));
#23=CARTESIAN_POINT('',(1.309999986859E0,5.074436594246E-1,3.409167540264E-9));
#24=CARTESIAN_POINT('',(1.310158308790E0,5.123490769053E-1,-1.582200161712E-9));
#25=CARTESIAN_POINT('',(1.310874287875E0,5.196506988517E-1,4.239492555950E-10));
#26=CARTESIAN_POINT('',(1.312140122261E0,5.272282554233E-1,
-1.135968606685E-10));
#27=CARTESIAN_POINT('',(1.314102455113E0,5.352620766186E-1,3.043818707883E-11));
#28=CARTESIAN_POINT('',(1.316920480224E0,5.437467384443E-1,
-8.155887646837E-12));
#29=CARTESIAN_POINT('',(1.320743170212E0,5.525805281800E-1,2.185363508522E-12));
#30=CARTESIAN_POINT('',(1.325695246610E0,5.616177913939E-1,
-5.855663872513E-13));
#31=CARTESIAN_POINT('',(1.331872259243E0,5.706920277230E-1,1.569020404833E-13));
#32=CARTESIAN_POINT('',(1.339247800921E0,5.795588242494E-1,
-4.204177468187E-14));
#33=CARTESIAN_POINT('',(1.347963604031E0,5.882486458759E-1,1.126505824417E-14));
#34=CARTESIAN_POINT('',(1.358351747247E0,5.968783139118E-1,0.E0));
#35=CARTESIAN_POINT('',(1.370700225624E0,6.054360626394E-1,0.E0));
#36=CARTESIAN_POINT('',(1.385426521419E0,6.139331747474E-1,0.E0));
#37=CARTESIAN_POINT('',(1.402529526296E0,6.221462147258E-1,0.E0));
#38=CARTESIAN_POINT('',(1.422136966250E0,6.300074078479E-1,0.E0));
#39=CARTESIAN_POINT('',(1.444650330281E0,6.375447220417E-1,0.E0));
#40=CARTESIAN_POINT('',(1.470772272750E0,6.447526497956E-1,0.E0));
#41=CARTESIAN_POINT('',(1.499610147125E0,6.510763498315E-1,0.E0));
#42=CARTESIAN_POINT('',(1.528046183855E0,6.557512997174E-1,0.E0));
#43=CARTESIAN_POINT('',(1.553833922583E0,6.586771010247E-1,0.E0));
#44=CARTESIAN_POINT('',(1.576563651244E0,6.602154798775E-1,0.E0));
#45=CARTESIAN_POINT('',(1.596604559264E0,6.607599687494E-1,
-1.046275083702E-14));
#46=CARTESIAN_POINT('',(1.614315161212E0,6.606216433976E-1,3.904752305575E-14));
#47=CARTESIAN_POINT('',(1.629981826588E0,6.600484304243E-1,
-1.457273413860E-13));
#48=CARTESIAN_POINT('',(1.643909412049E0,6.592315385885E-1,5.438618424882E-13));
#49=CARTESIAN_POINT('',(1.656341213265E0,6.583161277755E-1,
-2.029720028567E-12));
#50=CARTESIAN_POINT('',(1.667553301419E0,6.574043110151E-1,7.575018271780E-12));
#51=CARTESIAN_POINT('',(1.677688045299E0,6.565772549903E-1,
-2.827035305855E-11));
#52=CARTESIAN_POINT('',(1.686818368231E0,6.558959452240E-1,1.055063939624E-10));
#53=CARTESIAN_POINT('',(1.695141606535E0,6.553890986439E-1,
-3.937552227912E-10));
#54=CARTESIAN_POINT('',(1.702823487471E0,6.550736658422E-1,1.469514497202E-9));
#55=CARTESIAN_POINT('',(1.707662898208E0,6.550000042669E-1,-3.166363678278E-9));
#56=CARTESIAN_POINT('',(1.71E0,6.550000014032E-1,-4.385641634574E-9));
#58=DIRECTION('',(2.617532153543E-9,1.E0,1.942407944368E-7));
#59=VECTOR('',#58,1.010000000030E0);
#60=CARTESIAN_POINT('',(1.31E0,-5.050000000303E-1,-1.975502698833E-7));
#61=LINE('',#60,#59);
#62=CARTESIAN_POINT('',(1.91E0,-1.005E0,3.061646584405E-9));
#63=CARTESIAN_POINT('',(1.899977816319E0,-1.004999916788E0,-2.580614476515E-8));
#64=CARTESIAN_POINT('',(1.879495523863E0,-1.004715773016E0,1.197667346598E-8));
#65=CARTESIAN_POINT('',(1.847444647504E0,-1.003171014654E0,-3.209139983217E-9));
#66=CARTESIAN_POINT('',(1.814105663497E0,-1.000211026082E0,8.598864668850E-10));
#67=CARTESIAN_POINT('',(1.779565126980E0,-9.955246112324E-1,
-2.304058843229E-10));
#68=CARTESIAN_POINT('',(1.744025436093E0,-9.888164520780E-1,
6.173707040654E-11));
#69=CARTESIAN_POINT('',(1.707869918802E0,-9.798456386180E-1,
-1.654239730328E-11));
#70=CARTESIAN_POINT('',(1.672068183090E0,-9.686389447730E-1,
4.432518806575E-12));
#71=CARTESIAN_POINT('',(1.637244237559E0,-9.553277599247E-1,
-1.187677923022E-12));
#72=CARTESIAN_POINT('',(1.603681300410E0,-9.400298341732E-1,
3.181928855111E-13));
#73=CARTESIAN_POINT('',(1.571574686893E0,-9.228799885699E-1,
-8.509361902296E-14));
#74=CARTESIAN_POINT('',(1.541010778824E0,-9.039891100589E-1,
2.218159058072E-14));
#75=CARTESIAN_POINT('',(1.512003934829E0,-8.834239558004E-1,0.E0));
#76=CARTESIAN_POINT('',(1.484597185949E0,-8.612567320035E-1,0.E0));
#77=CARTESIAN_POINT('',(1.458895851419E0,-8.376117281147E-1,
3.423521282437E-14));
#78=CARTESIAN_POINT('',(1.435009251787E0,-8.126384935540E-1,
-1.292902339164E-13));
#79=CARTESIAN_POINT('',(1.413037409641E0,-7.865024050190E-1,
4.829257228411E-13));
#80=CARTESIAN_POINT('',(1.393068708556E0,-7.593833217679E-1,
-1.802412657448E-12));
#81=CARTESIAN_POINT('',(1.375177348780E0,-7.314736214525E-1,
6.726724906951E-12));
#82=CARTESIAN_POINT('',(1.359417052679E0,-7.029662095309E-1,
-2.510448697035E-11));
#83=CARTESIAN_POINT('',(1.345839113254E0,-6.740857906811E-1,
9.369122297447E-11));
#84=CARTESIAN_POINT('',(1.334491081305E0,-6.451209697808E-1,
-3.496604049275E-10));
#85=CARTESIAN_POINT('',(1.325367070243E0,-6.163327996174E-1,1.304950396736E-9));
#86=CARTESIAN_POINT('',(1.318400819107E0,-5.878656563161E-1,
-4.870141182015E-9));
#87=CARTESIAN_POINT('',(1.313506471563E0,-5.597524007027E-1,1.817561433132E-8));
#88=CARTESIAN_POINT('',(1.310622446318E0,-5.320391203298E-1,
-6.783231614328E-8));
#89=CARTESIAN_POINT('',(1.309999732988E0,-5.139547686110E-1,1.461583281134E-7));
#90=CARTESIAN_POINT('',(1.31E0,-5.050000000303E-1,-1.975502698833E-7));
#92=DIRECTION('',(-1.E0,0.E0,-3.013371757444E-8));
#93=VECTOR('',#92,1.259999999999E0);
#94=CARTESIAN_POINT('',(3.169999999999E0,-1.005E0,4.103013072817E-8));
#95=LINE('',#94,#93);
#96=CARTESIAN_POINT('',(3.77E0,-5.049999999804E-1,-1.293992464106E-7));
#97=CARTESIAN_POINT('',(3.769999746476E0,-5.139402062932E-1,
-4.684925252827E-7));
#98=CARTESIAN_POINT('',(3.769380038289E0,-5.320024330100E-1,2.174281376637E-7));
#99=CARTESIAN_POINT('',(3.766501095699E0,-5.596981612880E-1,
-5.825969389878E-8));
#100=CARTESIAN_POINT('',(3.761608226987E0,-5.878256092142E-1,
1.561063793145E-8));
#101=CARTESIAN_POINT('',(3.754637785712E0,-6.163165794595E-1,
-4.182857827018E-9));
#102=CARTESIAN_POINT('',(3.745513046987E0,-6.451089831918E-1,
1.120793376624E-9));
#103=CARTESIAN_POINT('',(3.734166313154E0,-6.740725395538E-1,
-3.003156794760E-10));
#104=CARTESIAN_POINT('',(3.720590261452E0,-7.029523832525E-1,
8.046934128048E-11));
#105=CARTESIAN_POINT('',(3.704814308284E0,-7.314890458897E-1,
-2.156168564590E-11));
#106=CARTESIAN_POINT('',(3.686902348381E0,-7.594264463406E-1,
5.777401303113E-12));
#107=CARTESIAN_POINT('',(3.666914022665E0,-7.865645989472E-1,
-1.547919566555E-12));
#108=CARTESIAN_POINT('',(3.644931068692E0,-8.127051950019E-1,
4.142769631073E-13));
#109=CARTESIAN_POINT('',(3.621035834673E0,-8.376786416111E-1,
-1.091882858740E-13));
#110=CARTESIAN_POINT('',(3.595331783873E0,-8.613181951965E-1,
2.247618038875E-14));
#111=CARTESIAN_POINT('',(3.567902137445E0,-8.834960970864E-1,
1.928356431901E-14));
#112=CARTESIAN_POINT('',(3.538860700169E0,-9.040747462788E-1,
-9.961043766481E-14));
#113=CARTESIAN_POINT('',(3.508278664980E0,-9.229650719020E-1,
3.791581863402E-13));
#114=CARTESIAN_POINT('',(3.476121967920E0,-9.401281977258E-1,
-1.417022307696E-12));
#115=CARTESIAN_POINT('',(3.442520810595E0,-9.554265107349E-1,
5.288931044444E-12));
#116=CARTESIAN_POINT('',(3.407713533428E0,-9.687122397623E-1,
-1.973870187008E-11));
#117=CARTESIAN_POINT('',(3.372060573718E0,-9.798625427643E-1,
7.366587643588E-11));
#118=CARTESIAN_POINT('',(3.335953888606E0,-9.888207009993E-1,
-2.749248038734E-10));
#119=CARTESIAN_POINT('',(3.300423897834E0,-9.955264752350E-1,
1.026033339058E-9));
#120=CARTESIAN_POINT('',(3.265860023030E0,-1.000215335660E0,
-3.829208552358E-9));
#121=CARTESIAN_POINT('',(3.232491517619E0,-1.003175534132E0,1.429080087037E-8));
#122=CARTESIAN_POINT('',(3.200444226358E0,-1.004717164063E0,
-5.333399492914E-8));
#123=CARTESIAN_POINT('',(3.179997220851E0,-1.005000055643E0,1.149187875877E-7));
#124=CARTESIAN_POINT('',(3.169999999999E0,-1.005E0,4.103013072817E-8));
#126=DIRECTION('',(2.771483812578E-9,-1.E0,-1.266876403771E-7));
#127=VECTOR('',#126,1.009999999980E0);
#128=CARTESIAN_POINT('',(3.769999997201E0,5.050000000001E-1,
-1.444729632224E-9));
#129=LINE('',#128,#127);
#130=CARTESIAN_POINT('',(3.37E0,6.550000019947E-1,-3.514367392006E-9));
#131=CARTESIAN_POINT('',(3.372354251433E0,6.549999982267E-1,2.134776807024E-9));
#132=CARTESIAN_POINT('',(3.377223575259E0,6.550746265363E-1,
-9.907533640983E-10));
#133=CARTESIAN_POINT('',(3.384952955258E0,6.553938712942E-1,
2.654715638086E-10));
#134=CARTESIAN_POINT('',(3.393278962156E0,6.559027644755E-1,
-7.113289113593E-11));
#135=CARTESIAN_POINT('',(3.402393974061E0,6.565838310477E-1,
1.906000073516E-11));
#136=CARTESIAN_POINT('',(3.412524434940E0,6.574108016623E-1,
-5.107111804726E-12));
#137=CARTESIAN_POINT('',(3.423809602068E0,6.583283090401E-1,
1.368446483739E-12));
#138=CARTESIAN_POINT('',(3.436344581200E0,6.592491771130E-1,
-3.666741302305E-13));
#139=CARTESIAN_POINT('',(3.450393799298E0,6.600677703278E-1,
9.825003718278E-14));
#140=CARTESIAN_POINT('',(3.466245006162E0,6.606360242525E-1,
-2.632601850063E-14));
#141=CARTESIAN_POINT('',(3.484089420528E0,6.607537179452E-1,0.E0));
#142=CARTESIAN_POINT('',(3.504078931007E0,6.601829242835E-1,0.E0));
#143=CARTESIAN_POINT('',(3.526626492040E0,6.586326694966E-1,0.E0));
#144=CARTESIAN_POINT('',(3.552258729401E0,6.557074952931E-1,0.E0));
#145=CARTESIAN_POINT('',(3.580572319047E0,6.510396560840E-1,0.E0));
#146=CARTESIAN_POINT('',(3.609209891009E0,6.447548066423E-1,0.E0));
#147=CARTESIAN_POINT('',(3.635182765955E0,6.375946620221E-1,0.E0));
#148=CARTESIAN_POINT('',(3.657648294647E0,6.300862283720E-1,0.E0));
#149=CARTESIAN_POINT('',(3.677207802758E0,6.222590748108E-1,0.E0));
#150=CARTESIAN_POINT('',(3.694174116586E0,6.141380173968E-1,0.E0));
#151=CARTESIAN_POINT('',(3.708845842397E0,6.057226046513E-1,0.E0));
#152=CARTESIAN_POINT('',(3.721320798531E0,5.971299542304E-1,0.E0));
#153=CARTESIAN_POINT('',(3.731787795287E0,5.884759090550E-1,
1.118922980534E-14));
#154=CARTESIAN_POINT('',(3.740563755305E0,5.797662973817E-1,
-4.175877078407E-14));
#155=CARTESIAN_POINT('',(3.747986540653E0,5.708805258586E-1,
1.558458533309E-13));
#156=CARTESIAN_POINT('',(3.754203821984E0,5.617842703414E-1,
-5.816246425396E-13));
#157=CARTESIAN_POINT('',(3.759190299143E0,5.527186377055E-1,
2.170652716828E-12));
#158=CARTESIAN_POINT('',(3.763038432169E0,5.438566349786E-1,
-8.100986224771E-12));
#159=CARTESIAN_POINT('',(3.765874332456E0,5.353453171170E-1,
3.023329218226E-11));
#160=CARTESIAN_POINT('',(3.767849130970E0,5.272842855655E-1,
-1.128321825043E-10));
#161=CARTESIAN_POINT('',(3.769123008912E0,5.196760632013E-1,
4.210954378348E-10));
#162=CARTESIAN_POINT('',(3.769841733746E0,5.123530680643E-1,
-1.571549568835E-9));
#163=CARTESIAN_POINT('',(3.770000013196E0,5.074435216316E-1,3.386218702058E-9));
#164=CARTESIAN_POINT('',(3.769999997201E0,5.050000000001E-1,
-1.444729632224E-9));
#166=DIRECTION('',(-1.E0,3.457554368631E-8,-3.013365101012E-8));
#167=VECTOR('',#166,1.260002844092E0);
#168=CARTESIAN_POINT('',(-1.910000000001E0,-1.005E0,4.103013220846E-8));
#169=LINE('',#168,#167);
#170=CARTESIAN_POINT('',(-1.31E0,-5.049999999804E-1,-1.293992512585E-7));
#171=CARTESIAN_POINT('',(-1.310000253524E0,-5.139402062938E-1,
-4.684925294752E-7));
#172=CARTESIAN_POINT('',(-1.310619961711E0,-5.320024330116E-1,
2.174281396094E-7));
#173=CARTESIAN_POINT('',(-1.313498904301E0,-5.596981612910E-1,
-5.825969442014E-8));
#174=CARTESIAN_POINT('',(-1.318391773014E0,-5.878256092183E-1,
1.561063807115E-8));
#175=CARTESIAN_POINT('',(-1.325362214289E0,-6.163165794645E-1,
-4.182857864450E-9));
#176=CARTESIAN_POINT('',(-1.334486953015E0,-6.451089831977E-1,
1.120793386653E-9));
#177=CARTESIAN_POINT('',(-1.345833686849E0,-6.740725395606E-1,
-3.003156821635E-10));
#178=CARTESIAN_POINT('',(-1.359409738552E0,-7.029523832600E-1,
8.046934200058E-11));
#179=CARTESIAN_POINT('',(-1.375185691721E0,-7.314890458978E-1,
-2.156168583885E-11));
#180=CARTESIAN_POINT('',(-1.393097651625E0,-7.594264463494E-1,
5.777401354814E-12));
#181=CARTESIAN_POINT('',(-1.413085977342E0,-7.865645989567E-1,
-1.547919580407E-12));
#182=CARTESIAN_POINT('',(-1.435068931317E0,-8.127051950119E-1,
4.142769668147E-13));
#183=CARTESIAN_POINT('',(-1.458964165337E0,-8.376786416216E-1,
-1.091882868516E-13));
#184=CARTESIAN_POINT('',(-1.484668216139E0,-8.613181952072E-1,
2.247618059173E-14));
#185=CARTESIAN_POINT('',(-1.512097862570E0,-8.834960970974E-1,
1.928356448471E-14));
#186=CARTESIAN_POINT('',(-1.541139299847E0,-9.040747462896E-1,
-9.961043853055E-14));
#187=CARTESIAN_POINT('',(-1.571721335037E0,-9.229650719118E-1,
3.791581896375E-13));
#188=CARTESIAN_POINT('',(-1.603878032102E0,-9.401281977368E-1,
-1.417022320019E-12));
#189=CARTESIAN_POINT('',(-1.637479189433E0,-9.554265107468E-1,
5.288931090440E-12));
#190=CARTESIAN_POINT('',(-1.672286466595E0,-9.687122397700E-1,
-1.973870204174E-11));
#191=CARTESIAN_POINT('',(-1.707939426285E0,-9.798625427646E-1,
7.366587707652E-11));
#192=CARTESIAN_POINT('',(-1.744046111374E0,-9.888207009948E-1,
-2.749248062644E-10));
#193=CARTESIAN_POINT('',(-1.779576102150E0,-9.955264752325E-1,
1.026033347981E-9));
#194=CARTESIAN_POINT('',(-1.814139976962E0,-1.000215335659E0,
-3.829208585659E-9));
#195=CARTESIAN_POINT('',(-1.847508482374E0,-1.003175534131E0,
1.429080099466E-8));
#196=CARTESIAN_POINT('',(-1.879555773635E0,-1.004717164063E0,
-5.333399539296E-8));
#197=CARTESIAN_POINT('',(-1.900002779146E0,-1.005000055643E0,
1.149187885871E-7));
#198=CARTESIAN_POINT('',(-1.910000000001E0,-1.005E0,4.103013220846E-8));
#200=DIRECTION('',(2.771482713347E-9,-1.E0,-1.266876452503E-7));
#201=VECTOR('',#200,1.009999999980E0);
#202=CARTESIAN_POINT('',(-1.310000002799E0,5.050000000001E-1,
-1.444729558209E-9));
#203=LINE('',#202,#201);
#204=CARTESIAN_POINT('',(-1.71E0,6.550000019947E-1,-3.514367350373E-9));
#205=CARTESIAN_POINT('',(-1.707645748566E0,6.549999982267E-1,
2.134777042939E-9));
#206=CARTESIAN_POINT('',(-1.702776424737E0,6.550746265364E-1,
-9.907534735871E-10));
#207=CARTESIAN_POINT('',(-1.695047044741E0,6.553938712943E-1,
2.654715931460E-10));
#208=CARTESIAN_POINT('',(-1.686721037843E0,6.559027644756E-1,
-7.113289899687E-11));
#209=CARTESIAN_POINT('',(-1.677606025936E0,6.565838310480E-1,
1.906000284150E-11));
#210=CARTESIAN_POINT('',(-1.667475565055E0,6.574108016627E-1,
-5.107112369116E-12));
#211=CARTESIAN_POINT('',(-1.656190397924E0,6.583283090407E-1,
1.368446634967E-12));
#212=CARTESIAN_POINT('',(-1.643655418792E0,6.592491771135E-1,
-3.666741707518E-13));
#213=CARTESIAN_POINT('',(-1.629606200695E0,6.600677703281E-1,
9.825004804044E-14));
#214=CARTESIAN_POINT('',(-1.613754993835E0,6.606360242525E-1,
-2.632602140993E-14));
#215=CARTESIAN_POINT('',(-1.595910579477E0,6.607537179451E-1,0.E0));
#216=CARTESIAN_POINT('',(-1.575921069009E0,6.601829242841E-1,0.E0));
#217=CARTESIAN_POINT('',(-1.553373507995E0,6.586326694995E-1,0.E0));
#218=CARTESIAN_POINT('',(-1.527741270661E0,6.557074953013E-1,0.E0));
#219=CARTESIAN_POINT('',(-1.499427681046E0,6.510396561013E-1,0.E0));
#220=CARTESIAN_POINT('',(-1.470790109106E0,6.447548066702E-1,0.E0));
#221=CARTESIAN_POINT('',(-1.444817234164E0,6.375946620579E-1,0.E0));
#222=CARTESIAN_POINT('',(-1.422351705474E0,6.300862284160E-1,0.E0));
#223=CARTESIAN_POINT('',(-1.402792197360E0,6.222590748620E-1,0.E0));
#224=CARTESIAN_POINT('',(-1.385825883526E0,6.141380174553E-1,0.E0));
#225=CARTESIAN_POINT('',(-1.371154157706E0,6.057226047156E-1,0.E0));
#226=CARTESIAN_POINT('',(-1.358679201559E0,5.971299542982E-1,0.E0));
#227=CARTESIAN_POINT('',(-1.348212204790E0,5.884759091243E-1,
1.118923026940E-14));
#228=CARTESIAN_POINT('',(-1.339436244759E0,5.797662974517E-1,
-4.175877251598E-14));
#229=CARTESIAN_POINT('',(-1.332013459402E0,5.708805259310E-1,
1.558458597945E-13));
#230=CARTESIAN_POINT('',(-1.325796178061E0,5.617842704140E-1,
-5.816246666621E-13));
#231=CARTESIAN_POINT('',(-1.320809700892E0,5.527186377780E-1,
2.170652806854E-12));
#232=CARTESIAN_POINT('',(-1.316961567859E0,5.438566350511E-1,
-8.100986560754E-12));
#233=CARTESIAN_POINT('',(-1.314125667565E0,5.353453171896E-1,
3.023329343616E-11));
#234=CARTESIAN_POINT('',(-1.312150869043E0,5.272842856308E-1,
-1.128321871839E-10));
#235=CARTESIAN_POINT('',(-1.310876991094E0,5.196760632491E-1,
4.210954552994E-10));
#236=CARTESIAN_POINT('',(-1.310158266255E0,5.123530680881E-1,
-1.571549634014E-9));
#237=CARTESIAN_POINT('',(-1.309999986804E0,5.074435216397E-1,
3.386218842499E-9));
#238=CARTESIAN_POINT('',(-1.310000002799E0,5.050000000001E-1,
-1.444729558209E-9));
#240=DIRECTION('',(1.E0,1.367348362334E-9,5.248640636878E-10));
#241=VECTOR('',#240,1.659999887195E0);
#242=CARTESIAN_POINT('',(-3.369999887195E0,6.549999997249E-1,
-4.385641636887E-9));
#243=LINE('',#242,#241);
#244=CARTESIAN_POINT('',(-3.769999997356E0,5.050000000001E-1,
-1.367067311205E-9));
#245=CARTESIAN_POINT('',(-3.770000013141E0,5.074436594325E-1,
3.409167738260E-9));
#246=CARTESIAN_POINT('',(-3.769841691209E0,5.123490769285E-1,
-1.582200253602E-9));
#247=CARTESIAN_POINT('',(-3.769125712120E0,5.196506988984E-1,
4.239492802170E-10));
#248=CARTESIAN_POINT('',(-3.767859877726E0,5.272282554874E-1,
-1.135968672659E-10));
#249=CARTESIAN_POINT('',(-3.765897544867E0,5.352620766897E-1,
3.043818884660E-11));
#250=CARTESIAN_POINT('',(-3.763079519749E0,5.437467385149E-1,
-8.155888120511E-12));
#251=CARTESIAN_POINT('',(-3.759256829754E0,5.525805282504E-1,
2.185363635443E-12));
#252=CARTESIAN_POINT('',(-3.754304753347E0,5.616177914644E-1,
-5.855664212596E-13));
#253=CARTESIAN_POINT('',(-3.748127740705E0,5.706920277929E-1,
1.569020495958E-13));
#254=CARTESIAN_POINT('',(-3.740752199018E0,5.795588243165E-1,
-4.204177712357E-14));
#255=CARTESIAN_POINT('',(-3.732036395897E0,5.882486459414E-1,
1.126505889846E-14));
#256=CARTESIAN_POINT('',(-3.721648252669E0,5.968783139761E-1,0.E0));
#257=CARTESIAN_POINT('',(-3.709299774278E0,6.054360627015E-1,0.E0));
#258=CARTESIAN_POINT('',(-3.694573478468E0,6.139331748069E-1,0.E0));
#259=CARTESIAN_POINT('',(-3.677470473582E0,6.221462147790E-1,0.E0));
#260=CARTESIAN_POINT('',(-3.657863033620E0,6.300074078953E-1,0.E0));
#261=CARTESIAN_POINT('',(-3.635349669584E0,6.375447220826E-1,0.E0));
#262=CARTESIAN_POINT('',(-3.609227727115E0,6.447526498286E-1,0.E0));
#263=CARTESIAN_POINT('',(-3.580389852761E0,6.510763498528E-1,0.E0));
#264=CARTESIAN_POINT('',(-3.551953816065E0,6.557512997280E-1,0.E0));
#265=CARTESIAN_POINT('',(-3.526166077368E0,6.586771010287E-1,0.E0));
#266=CARTESIAN_POINT('',(-3.503436348729E0,6.602154798785E-1,0.E0));
#267=CARTESIAN_POINT('',(-3.483395440725E0,6.607599687493E-1,
-1.046245755344E-14));
#268=CARTESIAN_POINT('',(-3.465684838786E0,6.606216433975E-1,
3.904642850653E-14));
#269=CARTESIAN_POINT('',(-3.450018173419E0,6.600484304244E-1,
-1.457232564727E-13));
#270=CARTESIAN_POINT('',(-3.436090587948E0,6.592315385892E-1,
5.438465973842E-13));
#271=CARTESIAN_POINT('',(-3.423658786777E0,6.583161277749E-1,
-2.029663133064E-12));
#272=CARTESIAN_POINT('',(-3.412446698452E0,6.574043110196E-1,
7.574805934872E-12));
#273=CARTESIAN_POINT('',(-3.402311955209E0,6.565772549756E-1,
-2.826956060642E-11));
#274=CARTESIAN_POINT('',(-3.393181629890E0,6.558959452800E-1,
1.055034364908E-10));
#275=CARTESIAN_POINT('',(-3.384858400480E0,6.553890984352E-1,
-3.937441853569E-10));
#276=CARTESIAN_POINT('',(-3.377176486354E0,6.550736666211E-1,
1.469473304937E-9));
#277=CARTESIAN_POINT('',(-3.372337158197E0,6.550000025887E-1,
-3.166274921281E-9));
#278=CARTESIAN_POINT('',(-3.369999887195E0,6.549999997249E-1,
-4.385641636887E-9));
#280=DIRECTION('',(2.617533032928E-9,1.E0,1.942407886292E-7));
#281=VECTOR('',#280,1.010000000030E0);
#282=CARTESIAN_POINT('',(-3.77E0,-5.050000000303E-1,-1.975502638326E-7));
#283=LINE('',#282,#281);
#284=CARTESIAN_POINT('',(-3.170002844093E0,-1.004999956435E0,
3.061646232834E-9));
#285=CARTESIAN_POINT('',(-3.180020761852E0,-1.004999873258E0,
-2.579385661925E-8));
#286=CARTESIAN_POINT('',(-3.200505136010E0,-1.004715793218E0,
1.197097051763E-8));
#287=CARTESIAN_POINT('',(-3.232555175684E0,-1.003171009241E0,
-3.207611882810E-9));
#288=CARTESIAN_POINT('',(-3.265894383880E0,-1.000211027532E0,
8.594770136150E-10));
#289=CARTESIAN_POINT('',(-3.300434860326E0,-9.955246108435E-1,
-2.302961716498E-10));
#290=CARTESIAN_POINT('',(-3.335974567310E0,-9.888164521818E-1,
6.170767298440E-11));
#291=CARTESIAN_POINT('',(-3.372130080289E0,-9.798456385895E-1,
-1.653452028776E-11));
#292=CARTESIAN_POINT('',(-3.407931817156E0,-9.686389447800E-1,
4.430408166627E-12));
#293=CARTESIAN_POINT('',(-3.442755762378E0,-9.553277599219E-1,
-1.187112378751E-12));
#294=CARTESIAN_POINT('',(-3.476318699610E0,-9.400298341723E-1,
3.180413483753E-13));
#295=CARTESIAN_POINT('',(-3.508425313103E0,-9.228799885691E-1,
-8.505301475084E-14));
#296=CARTESIAN_POINT('',(-3.538989221174E0,-9.039891100607E-1,
2.217071062800E-14));
#297=CARTESIAN_POINT('',(-3.567996065165E0,-8.834239558047E-1,0.E0));
#298=CARTESIAN_POINT('',(-3.595402814046E0,-8.612567320081E-1,0.E0));
#299=CARTESIAN_POINT('',(-3.621104148578E0,-8.376117281181E-1,
3.423542609471E-14));
#300=CARTESIAN_POINT('',(-3.644990748211E0,-8.126384935570E-1,
-1.292903047955E-13));
#301=CARTESIAN_POINT('',(-3.666962590356E0,-7.865024050222E-1,
4.829257930871E-13));
#302=CARTESIAN_POINT('',(-3.686931291442E0,-7.593833217715E-1,
-1.802412867553E-12));
#303=CARTESIAN_POINT('',(-3.704822651218E0,-7.314736214562E-1,
6.726725677125E-12));
#304=CARTESIAN_POINT('',(-3.720582947320E0,-7.029662095347E-1,
-2.510448984095E-11));
#305=CARTESIAN_POINT('',(-3.734160886745E0,-6.740857906843E-1,
9.369123368667E-11));
#306=CARTESIAN_POINT('',(-3.745508918694E0,-6.451209697830E-1,
-3.496604449057E-10));
#307=CARTESIAN_POINT('',(-3.754632929756E0,-6.163327996192E-1,
1.304950545936E-9));
#308=CARTESIAN_POINT('',(-3.761599180893E0,-5.878656563180E-1,
-4.870141738839E-9));
#309=CARTESIAN_POINT('',(-3.766493528437E0,-5.597524007047E-1,
1.817561640942E-8));
#310=CARTESIAN_POINT('',(-3.769377553682E0,-5.320391203309E-1,
-6.783232389884E-8));
#311=CARTESIAN_POINT('',(-3.770000267012E0,-5.139547686114E-1,
1.461583448244E-7));
#312=CARTESIAN_POINT('',(-3.77E0,-5.050000000303E-1,-1.975502638326E-7));
#314=DIRECTION('',(-1.E0,-3.277234374123E-8,5.248635661410E-10));
#315=VECTOR('',#314,1.660001399104E0);
#316=CARTESIAN_POINT('',(8.299988986497E-1,-6.549999850170E-1,
-4.385641613758E-9));
#317=LINE('',#316,#315);
#318=CARTESIAN_POINT('',(1.229999997356E0,-5.050000000001E-1,
-1.367067052153E-9));
#319=CARTESIAN_POINT('',(1.230000013141E0,-5.074436594324E-1,
3.409168086206E-9));
#320=CARTESIAN_POINT('',(1.229841691209E0,-5.123490769284E-1,
-1.582200415084E-9));
#321=CARTESIAN_POINT('',(1.229125712120E0,-5.196506988983E-1,
4.239493234860E-10));
#322=CARTESIAN_POINT('',(1.227859877726E0,-5.272282554873E-1,
-1.135968788598E-10));
#323=CARTESIAN_POINT('',(1.225897544867E0,-5.352620766896E-1,
3.043819195317E-11));
#324=CARTESIAN_POINT('',(1.223079519749E0,-5.437467385148E-1,
-8.155888952915E-12));
#325=CARTESIAN_POINT('',(1.219256829754E0,-5.525805282503E-1,
2.185363858485E-12));
#326=CARTESIAN_POINT('',(1.214304753347E0,-5.616177914643E-1,
-5.855664810235E-13));
#327=CARTESIAN_POINT('',(1.208127740705E0,-5.706920277926E-1,
1.569020656095E-13));
#328=CARTESIAN_POINT('',(1.200752199018E0,-5.795588243163E-1,
-4.204178141451E-14));
#329=CARTESIAN_POINT('',(1.192036395897E0,-5.882486459412E-1,
1.126506004854E-14));
#330=CARTESIAN_POINT('',(1.181648252669E0,-5.968783139758E-1,0.E0));
#331=CARTESIAN_POINT('',(1.169299774278E0,-6.054360627011E-1,0.E0));
#332=CARTESIAN_POINT('',(1.154573478468E0,-6.139331748065E-1,0.E0));
#333=CARTESIAN_POINT('',(1.137470473583E0,-6.221462147786E-1,0.E0));
#334=CARTESIAN_POINT('',(1.117863033621E0,-6.300074078949E-1,0.E0));
#335=CARTESIAN_POINT('',(1.095349669586E0,-6.375447220822E-1,0.E0));
#336=CARTESIAN_POINT('',(1.069227727117E0,-6.447526498282E-1,0.E0));
#337=CARTESIAN_POINT('',(1.040389852763E0,-6.510763498525E-1,0.E0));
#338=CARTESIAN_POINT('',(1.011953816067E0,-6.557512997277E-1,0.E0));
#339=CARTESIAN_POINT('',(9.861660773698E-1,-6.586771010286E-1,0.E0));
#340=CARTESIAN_POINT('',(9.634363487299E-1,-6.602154798785E-1,0.E0));
#341=CARTESIAN_POINT('',(9.433954407274E-1,-6.607599687493E-1,
-1.045990138063E-14));
#342=CARTESIAN_POINT('',(9.256848387801E-1,-6.606216433977E-1,
3.903688873974E-14));
#343=CARTESIAN_POINT('',(9.100181734422E-1,-6.600484304237E-1,
-1.456876535783E-13));
#344=CARTESIAN_POINT('',(8.960905878628E-1,-6.592315385918E-1,
5.437137255736E-13));
#345=CARTESIAN_POINT('',(8.836587870941E-1,-6.583161277654E-1,
-2.029167248716E-12));
#346=CARTESIAN_POINT('',(8.724466972696E-1,-6.574043110547E-1,
7.572955269291E-12));
#347=CARTESIAN_POINT('',(8.623119596218E-1,-6.565772548443E-1,
-2.826265382845E-11));
#348=CARTESIAN_POINT('',(8.531816134198E-1,-6.558959457700E-1,
1.054776600445E-10));
#349=CARTESIAN_POINT('',(8.448584619471E-1,-6.553890966064E-1,
-3.936479863496E-10));
#350=CARTESIAN_POINT('',(8.371762569541E-1,-6.550736734462E-1,
1.469114285354E-9));
#351=CARTESIAN_POINT('',(8.323376524859E-1,-6.549999878827E-1,
-3.165501341592E-9));
#352=CARTESIAN_POINT('',(8.299988986497E-1,-6.549999850170E-1,
-4.385641613758E-9));
#354=DIRECTION('',(-2.617531933697E-9,-1.E0,1.942407890872E-7));
#355=VECTOR('',#354,1.010000000030E0);
#356=CARTESIAN_POINT('',(1.23E0,5.050000000303E-1,-1.975502640361E-7));
#357=LINE('',#356,#355);
#358=CARTESIAN_POINT('',(6.3E-1,1.005E0,3.061646140316E-9));
#359=CARTESIAN_POINT('',(6.400221836808E-1,1.004999916788E0,
-2.580614424986E-8));
#360=CARTESIAN_POINT('',(6.605044761373E-1,1.004715773016E0,1.197667322683E-8));
#361=CARTESIAN_POINT('',(6.925553524967E-1,1.003171014654E0,
-3.209139919137E-9));
#362=CARTESIAN_POINT('',(7.258943365032E-1,1.000211026082E0,
8.598864497149E-10));
#363=CARTESIAN_POINT('',(7.604348730203E-1,9.955246112323E-1,
-2.304058797222E-10));
#364=CARTESIAN_POINT('',(7.959745639075E-1,9.888164520779E-1,
6.173706917378E-11));
#365=CARTESIAN_POINT('',(8.321300811990E-1,9.798456386178E-1,
-1.654239697296E-11));
#366=CARTESIAN_POINT('',(8.679318169102E-1,9.686389447730E-1,
4.432518718067E-12));
#367=CARTESIAN_POINT('',(9.027557624413E-1,9.553277599246E-1,
-1.187677899304E-12));
#368=CARTESIAN_POINT('',(9.363186995902E-1,9.400298341729E-1,
3.181928791512E-13));
#369=CARTESIAN_POINT('',(9.684253131063E-1,9.228799885701E-1,
-8.509361730018E-14));
#370=CARTESIAN_POINT('',(9.989892211734E-1,9.039891100606E-1,
2.218159004956E-14));
#371=CARTESIAN_POINT('',(1.027996065167E0,8.834239558036E-1,0.E0));
#372=CARTESIAN_POINT('',(1.055402814047E0,8.612567320071E-1,0.E0));
#373=CARTESIAN_POINT('',(1.081104148578E0,8.376117281177E-1,
3.423521672707E-14));
#374=CARTESIAN_POINT('',(1.104990748211E0,8.126384935569E-1,
-1.292902484510E-13));
#375=CARTESIAN_POINT('',(1.126962590356E0,7.865024050221E-1,
4.829257770770E-13));
#376=CARTESIAN_POINT('',(1.146931291442E0,7.593833217710E-1,
-1.802412859857E-12));
#377=CARTESIAN_POINT('',(1.164822651218E0,7.314736214554E-1,
6.726725662351E-12));
#378=CARTESIAN_POINT('',(1.180582947320E0,7.029662095336E-1,
-2.510448978955E-11));
#379=CARTESIAN_POINT('',(1.194160886745E0,6.740857906833E-1,
9.369123349584E-11));
#380=CARTESIAN_POINT('',(1.205508918695E0,6.451209697823E-1,
-3.496604441938E-10));
#381=CARTESIAN_POINT('',(1.214632929756E0,6.163327996188E-1,1.304950543279E-9));
#382=CARTESIAN_POINT('',(1.221599180893E0,5.878656563176E-1,
-4.870141728924E-9));
#383=CARTESIAN_POINT('',(1.226493528437E0,5.597524007044E-1,1.817561637242E-8));
#384=CARTESIAN_POINT('',(1.229377553682E0,5.320391203307E-1,
-6.783232376074E-8));
#385=CARTESIAN_POINT('',(1.230000267012E0,5.139547686113E-1,1.461583445268E-7));
#386=CARTESIAN_POINT('',(1.23E0,5.050000000303E-1,-1.975502640361E-7));
#388=DIRECTION('',(1.E0,0.E0,-3.013371908705E-8));
#389=VECTOR('',#388,1.259999999999E0);
#390=CARTESIAN_POINT('',(-6.299999999988E-1,1.005E0,4.103013218996E-8));
#391=LINE('',#390,#389);
#392=CARTESIAN_POINT('',(-1.23E0,5.049999999804E-1,-1.293992512956E-7));
#393=CARTESIAN_POINT('',(-1.229999746476E0,5.139402062940E-1,
-4.684925295353E-7));
#394=CARTESIAN_POINT('',(-1.229380038289E0,5.320024330123E-1,
2.174281396373E-7));
#395=CARTESIAN_POINT('',(-1.226501095699E0,5.596981612925E-1,
-5.825969442762E-8));
#396=CARTESIAN_POINT('',(-1.221608226985E0,5.878256092206E-1,
1.561063807315E-8));
#397=CARTESIAN_POINT('',(-1.214637785710E0,6.163165794675E-1,
-4.182857864987E-9));
#398=CARTESIAN_POINT('',(-1.205513046984E0,6.451089832015E-1,
1.120793386797E-9));
#399=CARTESIAN_POINT('',(-1.194166313149E0,6.740725395652E-1,
-3.003156822021E-10));
#400=CARTESIAN_POINT('',(-1.180590261446E0,7.029523832655E-1,
8.046934201092E-11));
#401=CARTESIAN_POINT('',(-1.164814308275E0,7.314890459040E-1,
-2.156168584162E-11));
#402=CARTESIAN_POINT('',(-1.146902348370E0,7.594264463562E-1,
5.777401355556E-12));
#403=CARTESIAN_POINT('',(-1.126914022652E0,7.865645989639E-1,
-1.547919580606E-12));
#404=CARTESIAN_POINT('',(-1.104931068676E0,8.127051950195E-1,
4.142769668685E-13));
#405=CARTESIAN_POINT('',(-1.081035834655E0,8.376786416295E-1,
-1.091882868677E-13));
#406=CARTESIAN_POINT('',(-1.055331783852E0,8.613181952152E-1,
2.247618060226E-14));
#407=CARTESIAN_POINT('',(-1.027902137420E0,8.834960971055E-1,
1.928356445865E-14));
#408=CARTESIAN_POINT('',(-9.988607001406E-1,9.040747462976E-1,
-9.961043843686E-14));
#409=CARTESIAN_POINT('',(-9.682786649501E-1,9.229650719191E-1,
3.791581892888E-13));
#410=CARTESIAN_POINT('',(-9.361219678821E-1,9.401281977448E-1,
-1.417022318718E-12));
#411=CARTESIAN_POINT('',(-9.025208105470E-1,9.554265107552E-1,
5.288931085584E-12));
#412=CARTESIAN_POINT('',(-8.677135333875E-1,9.687122397757E-1,
-1.973870202362E-11));
#413=CARTESIAN_POINT('',(-8.320605737098E-1,9.798625427658E-1,
7.366587700889E-11));
#414=CARTESIAN_POINT('',(-7.959538886346E-1,9.888207009928E-1,
-2.749248060119E-10));
#415=CARTESIAN_POINT('',(-7.604238978575E-1,9.955264752315E-1,
1.026033347039E-9));
#416=CARTESIAN_POINT('',(-7.258600230395E-1,1.000215335659E0,
-3.829208582144E-9));
#417=CARTESIAN_POINT('',(-6.924915176263E-1,1.003175534131E0,
1.429080098154E-8));
#418=CARTESIAN_POINT('',(-6.604442263659E-1,1.004717164062E0,
-5.333399534400E-8));
#419=CARTESIAN_POINT('',(-6.399972208543E-1,1.005000055643E0,
1.149187884816E-7));
#420=CARTESIAN_POINT('',(-6.299999999988E-1,1.005E0,4.103013218996E-8));
#422=DIRECTION('',(-2.771482493501E-9,1.E0,-1.266876453969E-7));
#423=VECTOR('',#422,1.009999999980E0);
#424=CARTESIAN_POINT('',(-1.229999997201E0,-5.050000000001E-1,
-1.444729447186E-9));
#425=LINE('',#424,#423);
#426=CARTESIAN_POINT('',(-8.300025004542E-1,-6.550000394191E-1,
-3.514367359625E-9));
#427=CARTESIAN_POINT('',(-8.323530011646E-1,-6.550000356572E-1,
2.125777003858E-9));
#428=CARTESIAN_POINT('',(-8.372241555150E-1,-6.550746091648E-1,
-9.865765409133E-10));
#429=CARTESIAN_POINT('',(-8.449527997808E-1,-6.553938759490E-1,
2.643523874092E-10));
#430=CARTESIAN_POINT('',(-8.532790038169E-1,-6.559027632284E-1,
-7.083300872354E-11));
#431=CARTESIAN_POINT('',(-8.623939629011E-1,-6.565838313821E-1,
1.897964748494E-11));
#432=CARTESIAN_POINT('',(-8.725244379357E-1,-6.574108015731E-1,
-5.085581216219E-12));
#433=CARTESIAN_POINT('',(-8.838096012739E-1,-6.583283090647E-1,
1.362677379936E-12));
#434=CARTESIAN_POINT('',(-8.963445814230E-1,-6.592491771071E-1,
-3.651283035254E-13));
#435=CARTESIAN_POINT('',(-9.103937992471E-1,-6.600677703298E-1,
9.783583416551E-14));
#436=CARTESIAN_POINT('',(-9.262450061809E-1,-6.606360242521E-1,
-2.621503313665E-14));
#437=CARTESIAN_POINT('',(-9.440894205191E-1,-6.607537179453E-1,0.E0));
#438=CARTESIAN_POINT('',(-9.640789309923E-1,-6.601829242841E-1,0.E0));
#439=CARTESIAN_POINT('',(-9.866264920052E-1,-6.586326694995E-1,0.E0));
#440=CARTESIAN_POINT('',(-1.012258729340E0,-6.557074953012E-1,0.E0));
#441=CARTESIAN_POINT('',(-1.040572318955E0,-6.510396561011E-1,0.E0));
#442=CARTESIAN_POINT('',(-1.069209890895E0,-6.447548066700E-1,0.E0));
#443=CARTESIAN_POINT('',(-1.095182765837E0,-6.375946620577E-1,0.E0));
#444=CARTESIAN_POINT('',(-1.117648294526E0,-6.300862284157E-1,0.E0));
#445=CARTESIAN_POINT('',(-1.137207802641E0,-6.222590748617E-1,0.E0));
#446=CARTESIAN_POINT('',(-1.154174116474E0,-6.141380174550E-1,0.E0));
#447=CARTESIAN_POINT('',(-1.168845842295E0,-6.057226047153E-1,0.E0));
#448=CARTESIAN_POINT('',(-1.181320798441E0,-5.971299542980E-1,0.E0));
#449=CARTESIAN_POINT('',(-1.191787795210E0,-5.884759091241E-1,
1.118923062538E-14));
#450=CARTESIAN_POINT('',(-1.200563755241E0,-5.797662974515E-1,
-4.175877385860E-14));
#451=CARTESIAN_POINT('',(-1.207986540598E0,-5.708805259308E-1,
1.558458648090E-13));
#452=CARTESIAN_POINT('',(-1.214203821940E0,-5.617842704138E-1,
-5.816246853775E-13));
#453=CARTESIAN_POINT('',(-1.219190299108E0,-5.527186377778E-1,
2.170652876701E-12));
#454=CARTESIAN_POINT('',(-1.223038432141E0,-5.438566350510E-1,
-8.100986821427E-12));
#455=CARTESIAN_POINT('',(-1.225874332435E0,-5.353453171896E-1,
3.023329440901E-11));
#456=CARTESIAN_POINT('',(-1.227849130957E0,-5.272842856308E-1,
-1.128321908146E-10));
#457=CARTESIAN_POINT('',(-1.229123008906E0,-5.196760632491E-1,
4.210954688494E-10));
#458=CARTESIAN_POINT('',(-1.229841733745E0,-5.123530680881E-1,
-1.571549684583E-9));
#459=CARTESIAN_POINT('',(-1.230000013196E0,-5.074435216397E-1,
3.386218951461E-9));
#460=CARTESIAN_POINT('',(-1.229999997201E0,-5.050000000001E-1,
-1.444729447186E-9));
#462=DIRECTION('',(0.E0,0.E0,-1.E0));
#463=VECTOR('',#462,7.E0);
#464=CARTESIAN_POINT('',(-3.81E0,1.26E0,0.E0));
#465=LINE('',#464,#463);
#466=DIRECTION('',(0.E0,0.E0,-1.E0));
#467=VECTOR('',#466,7.E0);
#468=CARTESIAN_POINT('',(-3.81E0,-1.26E0,0.E0));
#469=LINE('',#468,#467);
#470=DIRECTION('',(0.E0,0.E0,-1.E0));
#471=VECTOR('',#470,7.E0);
#472=CARTESIAN_POINT('',(3.81E0,-1.26E0,0.E0));
#473=LINE('',#472,#471);
#474=DIRECTION('',(0.E0,0.E0,-1.E0));
#475=VECTOR('',#474,7.E0);
#476=CARTESIAN_POINT('',(3.81E0,1.26E0,0.E0));
#477=LINE('',#476,#475);
#478=DIRECTION('',(0.E0,-1.E0,0.E0));
#479=VECTOR('',#478,2.52E0);
#480=CARTESIAN_POINT('',(-3.81E0,1.26E0,-7.E0));
#481=LINE('',#480,#479);
#482=DIRECTION('',(1.E0,0.E0,0.E0));
#483=VECTOR('',#482,7.62E0);
#484=CARTESIAN_POINT('',(-3.81E0,-1.26E0,-7.E0));
#485=LINE('',#484,#483);
#486=DIRECTION('',(0.E0,1.E0,0.E0));
#487=VECTOR('',#486,2.52E0);
#488=CARTESIAN_POINT('',(3.81E0,-1.26E0,-7.E0));
#489=LINE('',#488,#487);
#490=DIRECTION('',(-1.E0,0.E0,0.E0));
#491=VECTOR('',#490,7.62E0);
#492=CARTESIAN_POINT('',(3.81E0,1.26E0,-7.E0));
#493=LINE('',#492,#491);
#494=DIRECTION('',(0.E0,1.E0,0.E0));
#495=VECTOR('',#494,1.5E-1);
#496=CARTESIAN_POINT('',(1.91E0,-1.E0,-7.E0));
#497=LINE('',#496,#495);
#498=DIRECTION('',(7.659742160926E-1,6.428712937139E-1,0.E0));
#499=VECTOR('',#498,2.333281972095E-1);
#500=CARTESIAN_POINT('',(1.91E0,-8.5E-1,-7.E0));
#501=LINE('',#500,#499);
#502=DIRECTION('',(1.E0,0.E0,0.E0));
#503=VECTOR('',#502,2.042553663254E-1);
#504=CARTESIAN_POINT('',(2.088723382950E0,-7.E-1,-7.E0));
#505=LINE('',#504,#503);
#506=DIRECTION('',(-7.659743427825E-1,-6.428711427642E-1,0.E0));
#507=VECTOR('',#506,2.333282519962E-1);
#508=CARTESIAN_POINT('',(2.292978749275E0,-7.E-1,-7.E0));
#509=LINE('',#508,#507);
#510=DIRECTION('',(1.E0,0.E0,0.E0));
#511=VECTOR('',#510,9.957447052002E-1);
#512=CARTESIAN_POINT('',(2.114255294800E0,-8.5E-1,-7.E0));
#513=LINE('',#512,#511);
#514=DIRECTION('',(0.E0,-1.E0,0.E0));
#515=VECTOR('',#514,1.5E-1);
#516=CARTESIAN_POINT('',(3.11E0,-8.5E-1,-7.E0));
#517=LINE('',#516,#515);
#518=DIRECTION('',(-1.E0,0.E0,0.E0));
#519=VECTOR('',#518,1.2E0);
#520=CARTESIAN_POINT('',(3.11E0,-1.E0,-7.E0));
#521=LINE('',#520,#519);
#522=DIRECTION('',(0.E0,1.E0,0.E0));
#523=VECTOR('',#522,2.E-1);
#524=CARTESIAN_POINT('',(2.19E0,-1.E-1,-7.E0));
#525=LINE('',#524,#523);
#526=DIRECTION('',(1.E0,0.E0,0.E0));
#527=VECTOR('',#526,7.E-1);
#528=CARTESIAN_POINT('',(2.19E0,1.E-1,-7.E0));
#529=LINE('',#528,#527);
#530=DIRECTION('',(0.E0,1.E0,0.E0));
#531=VECTOR('',#530,2.E-1);
#532=CARTESIAN_POINT('',(2.89E0,-1.E-1,-7.E0));
#533=LINE('',#532,#531);
#534=DIRECTION('',(1.E0,0.E0,0.E0));
#535=VECTOR('',#534,7.E-1);
#536=CARTESIAN_POINT('',(2.19E0,-1.E-1,-7.E0));
#537=LINE('',#536,#535);
#538=DIRECTION('',(0.E0,1.E0,0.E0));
#539=VECTOR('',#538,2.E-1);
#540=CARTESIAN_POINT('',(-2.89E0,-1.E-1,-7.E0));
#541=LINE('',#540,#539);
#542=DIRECTION('',(1.E0,0.E0,0.E0));
#543=VECTOR('',#542,7.E-1);
#544=CARTESIAN_POINT('',(-2.89E0,1.E-1,-7.E0));
#545=LINE('',#544,#543);
#546=DIRECTION('',(0.E0,1.E0,0.E0));
#547=VECTOR('',#546,2.E-1);
#548=CARTESIAN_POINT('',(-2.19E0,-1.E-1,-7.E0));
#549=LINE('',#548,#547);
#550=DIRECTION('',(1.E0,0.E0,0.E0));
#551=VECTOR('',#550,7.E-1);
#552=CARTESIAN_POINT('',(-2.89E0,-1.E-1,-7.E0));
#553=LINE('',#552,#551);
#554=DIRECTION('',(0.E0,1.E0,0.E0));
#555=VECTOR('',#554,2.E-1);
#556=CARTESIAN_POINT('',(-3.5E-1,-1.E-1,-7.E0));
#557=LINE('',#556,#555);
#558=DIRECTION('',(1.E0,0.E0,0.E0));
#559=VECTOR('',#558,7.E-1);
#560=CARTESIAN_POINT('',(-3.5E-1,1.E-1,-7.E0));
#561=LINE('',#560,#559);
#562=DIRECTION('',(0.E0,1.E0,0.E0));
#563=VECTOR('',#562,2.E-1);
#564=CARTESIAN_POINT('',(3.5E-1,-1.E-1,-7.E0));
#565=LINE('',#564,#563);
#566=DIRECTION('',(1.E0,0.E0,0.E0));
#567=VECTOR('',#566,7.E-1);
#568=CARTESIAN_POINT('',(-3.5E-1,-1.E-1,-7.E0));
#569=LINE('',#568,#567);
#570=DIRECTION('',(0.E0,0.E0,1.E0));
#571=VECTOR('',#570,1.E-1);
#572=CARTESIAN_POINT('',(1.91E0,-1.E0,-7.E0));
#573=LINE('',#572,#571);
#574=DIRECTION('',(0.E0,0.E0,1.E0));
#575=VECTOR('',#574,1.E-1);
#576=CARTESIAN_POINT('',(3.11E0,-1.E0,-7.E0));
#577=LINE('',#576,#575);
#578=DIRECTION('',(0.E0,0.E0,1.E0));
#579=VECTOR('',#578,1.E-1);
#580=CARTESIAN_POINT('',(3.11E0,-8.5E-1,-7.E0));
#581=LINE('',#580,#579);
#582=DIRECTION('',(0.E0,0.E0,1.E0));
#583=VECTOR('',#582,1.E-1);
#584=CARTESIAN_POINT('',(2.114255294800E0,-8.5E-1,-7.E0));
#585=LINE('',#584,#583);
#586=DIRECTION('',(0.E0,0.E0,1.E0));
#587=VECTOR('',#586,1.E-1);
#588=CARTESIAN_POINT('',(2.292978749275E0,-7.E-1,-7.E0));
#589=LINE('',#588,#587);
#590=DIRECTION('',(0.E0,0.E0,1.E0));
#591=VECTOR('',#590,1.E-1);
#592=CARTESIAN_POINT('',(2.088723382950E0,-7.E-1,-7.E0));
#593=LINE('',#592,#591);
#594=DIRECTION('',(0.E0,0.E0,1.E0));
#595=VECTOR('',#594,1.E-1);
#596=CARTESIAN_POINT('',(1.91E0,-8.5E-1,-7.E0));
#597=LINE('',#596,#595);
#598=DIRECTION('',(-1.E0,0.E0,0.E0));
#599=VECTOR('',#598,1.2E0);
#600=CARTESIAN_POINT('',(3.11E0,-1.E0,-6.9E0));
#601=LINE('',#600,#599);
#602=DIRECTION('',(0.E0,-1.E0,0.E0));
#603=VECTOR('',#602,1.5E-1);
#604=CARTESIAN_POINT('',(3.11E0,-8.5E-1,-6.9E0));
#605=LINE('',#604,#603);
#606=DIRECTION('',(1.E0,0.E0,0.E0));
#607=VECTOR('',#606,9.957447052002E-1);
#608=CARTESIAN_POINT('',(2.114255294800E0,-8.5E-1,-6.9E0));
#609=LINE('',#608,#607);
#610=DIRECTION('',(-7.659743427825E-1,-6.428711427642E-1,0.E0));
#611=VECTOR('',#610,2.333282519962E-1);
#612=CARTESIAN_POINT('',(2.292978749275E0,-7.E-1,-6.9E0));
#613=LINE('',#612,#611);
#614=DIRECTION('',(1.E0,0.E0,0.E0));
#615=VECTOR('',#614,2.042553663254E-1);
#616=CARTESIAN_POINT('',(2.088723382950E0,-7.E-1,-6.9E0));
#617=LINE('',#616,#615);
#618=DIRECTION('',(7.659742160926E-1,6.428712937139E-1,0.E0));
#619=VECTOR('',#618,2.333281972095E-1);
#620=CARTESIAN_POINT('',(1.91E0,-8.5E-1,-6.9E0));
#621=LINE('',#620,#619);
#622=DIRECTION('',(0.E0,1.E0,0.E0));
#623=VECTOR('',#622,1.5E-1);
#624=CARTESIAN_POINT('',(1.91E0,-1.E0,-6.9E0));
#625=LINE('',#624,#623);
#626=DIRECTION('',(0.E0,0.E0,-1.E0));
#627=VECTOR('',#626,5.751288694036E-1);
#628=CARTESIAN_POINT('',(2.19E0,-1.E-1,-7.E0));
#629=LINE('',#628,#627);
#630=CARTESIAN_POINT('',(2.19E0,-2.4E0,-8.787564434702E0));
#631=DIRECTION('',(-1.E0,0.E0,0.E0));
#632=DIRECTION('',(0.E0,8.846153846154E-1,4.663213712685E-1));
#633=AXIS2_PLACEMENT_3D('',#630,#631,#632);
#635=DIRECTION('',(0.E0,1.E0,0.E0));
#636=VECTOR('',#635,2.E-1);
#637=CARTESIAN_POINT('',(2.19E0,-1.E-1,-1.E1));
#638=LINE('',#637,#636);
#639=CARTESIAN_POINT('',(2.19E0,-2.2E0,-8.787564434702E0));
#640=DIRECTION('',(1.E0,0.E0,0.E0));
#641=DIRECTION('',(0.E0,8.846153846154E-1,-4.663213712685E-1));
#642=AXIS2_PLACEMENT_3D('',#639,#640,#641);
#644=DIRECTION('',(0.E0,0.E0,1.E0));
#645=VECTOR('',#644,5.751288694036E-1);
#646=CARTESIAN_POINT('',(2.19E0,1.E-1,-7.575128869404E0));
#647=LINE('',#646,#645);
#648=DIRECTION('',(0.E0,0.E0,1.E0));
#649=VECTOR('',#648,5.751288694036E-1);
#650=CARTESIAN_POINT('',(2.89E0,1.E-1,-7.575128869404E0));
#651=LINE('',#650,#649);
#652=CARTESIAN_POINT('',(2.89E0,-2.2E0,-8.787564434702E0));
#653=DIRECTION('',(1.E0,0.E0,0.E0));
#654=DIRECTION('',(0.E0,8.846153846154E-1,-4.663213712685E-1));
#655=AXIS2_PLACEMENT_3D('',#652,#653,#654);
#657=DIRECTION('',(0.E0,1.E0,0.E0));
#658=VECTOR('',#657,2.E-1);
#659=CARTESIAN_POINT('',(2.89E0,-1.E-1,-1.E1));
#660=LINE('',#659,#658);
#661=CARTESIAN_POINT('',(2.89E0,-2.4E0,-8.787564434702E0));
#662=DIRECTION('',(-1.E0,0.E0,0.E0));
#663=DIRECTION('',(0.E0,8.846153846154E-1,4.663213712685E-1));
#664=AXIS2_PLACEMENT_3D('',#661,#662,#663);
#666=DIRECTION('',(0.E0,0.E0,-1.E0));
#667=VECTOR('',#666,5.751288694036E-1);
#668=CARTESIAN_POINT('',(2.89E0,-1.E-1,-7.E0));
#669=LINE('',#668,#667);
#670=DIRECTION('',(1.E0,0.E0,0.E0));
#671=VECTOR('',#670,7.E-1);
#672=CARTESIAN_POINT('',(2.19E0,1.E-1,-7.575128869404E0));
#673=LINE('',#672,#671);
#674=DIRECTION('',(1.E0,0.E0,0.E0));
#675=VECTOR('',#674,7.E-1);
#676=CARTESIAN_POINT('',(2.19E0,1.E-1,-1.E1));
#677=LINE('',#676,#675);
#678=DIRECTION('',(1.E0,0.E0,0.E0));
#679=VECTOR('',#678,7.E-1);
#680=CARTESIAN_POINT('',(2.19E0,-1.E-1,-1.E1));
#681=LINE('',#680,#679);
#682=DIRECTION('',(1.E0,0.E0,0.E0));
#683=VECTOR('',#682,7.E-1);
#684=CARTESIAN_POINT('',(2.19E0,-1.E-1,-7.575128869404E0));
#685=LINE('',#684,#683);
#686=DIRECTION('',(0.E0,0.E0,-1.E0));
#687=VECTOR('',#686,5.751288694036E-1);
#688=CARTESIAN_POINT('',(-2.89E0,-1.E-1,-7.E0));
#689=LINE('',#688,#687);
#690=CARTESIAN_POINT('',(-2.89E0,-2.4E0,-8.787564434702E0));
#691=DIRECTION('',(-1.E0,0.E0,0.E0));
#692=DIRECTION('',(0.E0,8.846153846154E-1,4.663213712685E-1));
#693=AXIS2_PLACEMENT_3D('',#690,#691,#692);
#695=DIRECTION('',(0.E0,1.E0,0.E0));
#696=VECTOR('',#695,2.E-1);
#697=CARTESIAN_POINT('',(-2.89E0,-1.E-1,-1.E1));
#698=LINE('',#697,#696);
#699=CARTESIAN_POINT('',(-2.89E0,-2.2E0,-8.787564434702E0));
#700=DIRECTION('',(1.E0,0.E0,0.E0));
#701=DIRECTION('',(0.E0,8.846153846154E-1,-4.663213712685E-1));
#702=AXIS2_PLACEMENT_3D('',#699,#700,#701);
#704=DIRECTION('',(0.E0,0.E0,1.E0));
#705=VECTOR('',#704,5.751288694036E-1);
#706=CARTESIAN_POINT('',(-2.89E0,1.E-1,-7.575128869404E0));
#707=LINE('',#706,#705);
#708=DIRECTION('',(0.E0,0.E0,1.E0));
#709=VECTOR('',#708,5.751288694036E-1);
#710=CARTESIAN_POINT('',(-2.19E0,1.E-1,-7.575128869404E0));
#711=LINE('',#710,#709);
#712=CARTESIAN_POINT('',(-2.19E0,-2.2E0,-8.787564434702E0));
#713=DIRECTION('',(1.E0,0.E0,0.E0));
#714=DIRECTION('',(0.E0,8.846153846154E-1,-4.663213712685E-1));
#715=AXIS2_PLACEMENT_3D('',#712,#713,#714);
#717=DIRECTION('',(0.E0,1.E0,0.E0));
#718=VECTOR('',#717,2.E-1);
#719=CARTESIAN_POINT('',(-2.19E0,-1.E-1,-1.E1));
#720=LINE('',#719,#718);
#721=CARTESIAN_POINT('',(-2.19E0,-2.4E0,-8.787564434702E0));
#722=DIRECTION('',(-1.E0,0.E0,0.E0));
#723=DIRECTION('',(0.E0,8.846153846154E-1,4.663213712685E-1));
#724=AXIS2_PLACEMENT_3D('',#721,#722,#723);
#726=DIRECTION('',(0.E0,0.E0,-1.E0));
#727=VECTOR('',#726,5.751288694036E-1);
#728=CARTESIAN_POINT('',(-2.19E0,-1.E-1,-7.E0));
#729=LINE('',#728,#727);
#730=DIRECTION('',(1.E0,0.E0,0.E0));
#731=VECTOR('',#730,7.E-1);
#732=CARTESIAN_POINT('',(-2.89E0,1.E-1,-7.575128869404E0));
#733=LINE('',#732,#731);
#734=DIRECTION('',(1.E0,0.E0,0.E0));
#735=VECTOR('',#734,7.E-1);
#736=CARTESIAN_POINT('',(-2.89E0,1.E-1,-1.E1));
#737=LINE('',#736,#735);
#738=DIRECTION('',(1.E0,0.E0,0.E0));
#739=VECTOR('',#738,7.E-1);
#740=CARTESIAN_POINT('',(-2.89E0,-1.E-1,-1.E1));
#741=LINE('',#740,#739);
#742=DIRECTION('',(1.E0,0.E0,0.E0));
#743=VECTOR('',#742,7.E-1);
#744=CARTESIAN_POINT('',(-2.89E0,-1.E-1,-7.575128869404E0));
#745=LINE('',#744,#743);
#746=DIRECTION('',(0.E0,0.E0,-1.E0));
#747=VECTOR('',#746,5.751288694036E-1);
#748=CARTESIAN_POINT('',(-3.5E-1,-1.E-1,-7.E0));
#749=LINE('',#748,#747);
#750=CARTESIAN_POINT('',(-3.5E-1,2.2E0,-8.787564434702E0));
#751=DIRECTION('',(1.E0,0.E0,0.E0));
#752=DIRECTION('',(0.E0,-8.846153846154E-1,4.663213712685E-1));
#753=AXIS2_PLACEMENT_3D('',#750,#751,#752);
#755=DIRECTION('',(0.E0,1.E0,0.E0));
#756=VECTOR('',#755,2.E-1);
#757=CARTESIAN_POINT('',(-3.5E-1,-1.E-1,-1.E1));
#758=LINE('',#757,#756);
#759=CARTESIAN_POINT('',(-3.5E-1,2.4E0,-8.787564434702E0));
#760=DIRECTION('',(-1.E0,0.E0,0.E0));
#761=DIRECTION('',(0.E0,-8.846153846154E-1,-4.663213712685E-1));
#762=AXIS2_PLACEMENT_3D('',#759,#760,#761);
#764=DIRECTION('',(0.E0,0.E0,1.E0));
#765=VECTOR('',#764,5.751288694036E-1);
#766=CARTESIAN_POINT('',(-3.5E-1,1.E-1,-7.575128869404E0));
#767=LINE('',#766,#765);
#768=DIRECTION('',(0.E0,0.E0,1.E0));
#769=VECTOR('',#768,5.751288694036E-1);
#770=CARTESIAN_POINT('',(3.5E-1,1.E-1,-7.575128869404E0));
#771=LINE('',#770,#769);
#772=CARTESIAN_POINT('',(3.5E-1,2.4E0,-8.787564434702E0));
#773=DIRECTION('',(-1.E0,0.E0,0.E0));
#774=DIRECTION('',(0.E0,-8.846153846154E-1,-4.663213712685E-1));
#775=AXIS2_PLACEMENT_3D('',#772,#773,#774);
#777=DIRECTION('',(0.E0,1.E0,0.E0));
#778=VECTOR('',#777,2.E-1);
#779=CARTESIAN_POINT('',(3.5E-1,-1.E-1,-1.E1));
#780=LINE('',#779,#778);
#781=CARTESIAN_POINT('',(3.5E-1,2.2E0,-8.787564434702E0));
#782=DIRECTION('',(1.E0,0.E0,0.E0));
#783=DIRECTION('',(0.E0,-8.846153846154E-1,4.663213712685E-1));
#784=AXIS2_PLACEMENT_3D('',#781,#782,#783);
#786=DIRECTION('',(0.E0,0.E0,-1.E0));
#787=VECTOR('',#786,5.751288694036E-1);
#788=CARTESIAN_POINT('',(3.5E-1,-1.E-1,-7.E0));
#789=LINE('',#788,#787);
#790=DIRECTION('',(1.E0,0.E0,0.E0));
#791=VECTOR('',#790,7.E-1);
#792=CARTESIAN_POINT('',(-3.5E-1,1.E-1,-7.575128869404E0));
#793=LINE('',#792,#791);
#794=DIRECTION('',(1.E0,0.E0,0.E0));
#795=VECTOR('',#794,7.E-1);
#796=CARTESIAN_POINT('',(-3.5E-1,1.E-1,-1.E1));
#797=LINE('',#796,#795);
#798=DIRECTION('',(1.E0,0.E0,0.E0));
#799=VECTOR('',#798,7.E-1);
#800=CARTESIAN_POINT('',(-3.5E-1,-1.E-1,-1.E1));
#801=LINE('',#800,#799);
#802=DIRECTION('',(1.E0,0.E0,0.E0));
#803=VECTOR('',#802,7.E-1);
#804=CARTESIAN_POINT('',(-3.5E-1,-1.E-1,-7.575128869404E0));
#805=LINE('',#804,#803);
#806=CARTESIAN_POINT('',(1.710000001780E0,6.55E-1,-5.E-2));
#807=DIRECTION('',(-1.E0,0.E0,0.E0));
#808=DIRECTION('',(0.E0,-1.E0,0.E0));
#809=AXIS2_PLACEMENT_3D('',#806,#807,#808);
#811=DIRECTION('',(-1.451537333648E-12,1.856069432540E-8,-1.E0));
#812=VECTOR('',#811,3.499999926228E-1);
#813=CARTESIAN_POINT('',(3.370000000001E0,6.049999935038E-1,
-5.000000737724E-2));
#814=LINE('',#813,#812);
#815=DIRECTION('',(3.235507179286E-13,2.399323718932E-8,-1.E0));
#816=VECTOR('',#815,3.499999914596E-1);
#817=CARTESIAN_POINT('',(1.71E0,6.049999916024E-1,-5.000000854035E-2));
#818=LINE('',#817,#816);
#819=DIRECTION('',(1.E0,1.145415623125E-9,7.006684013107E-10));
#820=VECTOR('',#819,1.660000000001E0);
#821=CARTESIAN_POINT('',(1.71E0,6.049999916024E-1,-5.000000854035E-2));
#822=LINE('',#821,#820);
#823=CARTESIAN_POINT('',(3.37E0,5.05E-1,-4.E-1));
#824=DIRECTION('',(0.E0,0.E0,1.E0));
#825=DIRECTION('',(1.E0,0.E0,0.E0));
#826=AXIS2_PLACEMENT_3D('',#823,#824,#825);
#828=DIRECTION('',(0.E0,-1.E0,0.E0));
#829=VECTOR('',#828,1.01E0);
#830=CARTESIAN_POINT('',(3.47E0,5.05E-1,-4.E-1));
#831=LINE('',#830,#829);
#832=CARTESIAN_POINT('',(3.17E0,-5.05E-1,-4.E-1));
#833=DIRECTION('',(0.E0,0.E0,1.E0));
#834=DIRECTION('',(0.E0,-1.E0,0.E0));
#835=AXIS2_PLACEMENT_3D('',#832,#833,#834);
#837=DIRECTION('',(-1.E0,0.E0,0.E0));
#838=VECTOR('',#837,1.26E0);
#839=CARTESIAN_POINT('',(3.17E0,-8.05E-1,-4.E-1));
#840=LINE('',#839,#838);
#841=CARTESIAN_POINT('',(1.91E0,-5.05E-1,-4.E-1));
#842=DIRECTION('',(0.E0,0.E0,1.E0));
#843=DIRECTION('',(-1.E0,0.E0,0.E0));
#844=AXIS2_PLACEMENT_3D('',#841,#842,#843);
#846=DIRECTION('',(0.E0,1.E0,0.E0));
#847=VECTOR('',#846,1.01E0);
#848=CARTESIAN_POINT('',(1.61E0,-5.05E-1,-4.E-1));
#849=LINE('',#848,#847);
#850=CARTESIAN_POINT('',(1.71E0,5.05E-1,-4.E-1));
#851=DIRECTION('',(0.E0,0.E0,1.E0));
#852=DIRECTION('',(0.E0,1.E0,0.E0));
#853=AXIS2_PLACEMENT_3D('',#850,#851,#852);
#855=DIRECTION('',(1.E0,0.E0,0.E0));
#856=VECTOR('',#855,1.66E0);
#857=CARTESIAN_POINT('',(1.71E0,6.05E-1,-4.E-1));
#858=LINE('',#857,#856);
#859=DIRECTION('',(1.422426602436E-9,-5.384581599410E-13,-1.E0));
#860=VECTOR('',#859,1.000000013004E-1);
#861=CARTESIAN_POINT('',(3.469999999858E0,5.050000000001E-1,
-2.999999986996E-1));
#862=LINE('',#861,#860);
#863=DIRECTION('',(1.035226909696E-9,-1.E0,2.264634134784E-9));
#864=VECTOR('',#863,1.01E0);
#865=CARTESIAN_POINT('',(3.469999999858E0,5.050000000001E-1,
-2.999999986996E-1));
#866=LINE('',#865,#864);
#867=DIRECTION('',(-9.033355961126E-9,-9.758860036337E-13,-1.E0));
#868=VECTOR('',#867,1.000000035877E-1);
#869=CARTESIAN_POINT('',(3.470000000903E0,-5.049999999999E-1,
-2.999999964123E-1));
#870=LINE('',#869,#868);
#871=CARTESIAN_POINT('',(3.77E0,5.050000000836E-1,-3.E-1));
#872=DIRECTION('',(0.E0,1.E0,0.E0));
#873=DIRECTION('',(-1.E0,0.E0,0.E0));
#874=AXIS2_PLACEMENT_3D('',#871,#872,#873);
#876=CARTESIAN_POINT('',(3.470000000903E0,-5.049999999999E-1,
-2.999999964123E-1));
#877=CARTESIAN_POINT('',(3.470000001638E0,-5.094617178639E-1,
-2.999997564728E-1));
#878=CARTESIAN_POINT('',(3.469800850608E0,-5.185051289935E-1,
-2.997785466407E-1));
#879=CARTESIAN_POINT('',(3.468857620353E0,-5.323933704250E-1,
-2.987830358953E-1));
#880=CARTESIAN_POINT('',(3.467220188115E0,-5.465954551746E-1,
-2.971456053404E-1));
#881=CARTESIAN_POINT('',(3.464831389296E0,-5.611148711472E-1,
-2.948948503293E-1));
#882=CARTESIAN_POINT('',(3.461621632381E0,-5.759674994152E-1,
-2.920606197514E-1));
#883=CARTESIAN_POINT('',(3.457517638286E0,-5.911303670132E-1,
-2.886785215305E-1));
#884=CARTESIAN_POINT('',(3.452462701083E0,-6.065119290344E-1,
-2.848019522111E-1));
#885=CARTESIAN_POINT('',(3.446411387184E0,-6.220098091712E-1,
-2.804908772929E-1));
#886=CARTESIAN_POINT('',(3.439331030154E0,-6.375136697462E-1,
-2.758089784934E-1));
#887=CARTESIAN_POINT('',(3.431187810195E0,-6.529340508366E-1,
-2.708129899514E-1));
#888=CARTESIAN_POINT('',(3.421957696382E0,-6.681726986138E-1,
-2.655602949621E-1));
#889=CARTESIAN_POINT('',(3.411618318323E0,-6.831376968610E-1,
-2.601042947316E-1));
#890=CARTESIAN_POINT('',(3.400158509807E0,-6.977279728012E-1,
-2.545002244478E-1));
#891=CARTESIAN_POINT('',(3.387560517493E0,-7.118554382484E-1,
-2.487973160359E-1));
#892=CARTESIAN_POINT('',(3.373823375602E0,-7.254146111927E-1,
-2.430512646302E-1));
#893=CARTESIAN_POINT('',(3.358930261335E0,-7.383193780706E-1,
-2.373104710484E-1));
#894=CARTESIAN_POINT('',(3.342812997420E0,-7.505100338557E-1,
-2.316104590220E-1));
#895=CARTESIAN_POINT('',(3.325486930204E0,-7.618460927571E-1,
-2.260256629179E-1));
#896=CARTESIAN_POINT('',(3.307035058931E0,-7.721564480591E-1,
-2.206552592148E-1));
#897=CARTESIAN_POINT('',(3.287626965814E0,-7.812589447956E-1,
-2.156211809949E-1));
#898=CARTESIAN_POINT('',(3.267475594810E0,-7.889928139582E-1,
-2.110561217353E-1));
#899=CARTESIAN_POINT('',(3.247197320337E0,-7.951489365746E-1,
-2.071589878044E-1));
#900=CARTESIAN_POINT('',(3.227093059467E0,-7.997502289089E-1,
-2.040239208681E-1));
#901=CARTESIAN_POINT('',(3.207390609302E0,-8.028754230773E-1,
-2.017238683113E-1));
#902=CARTESIAN_POINT('',(3.188265311879E0,-8.046401891511E-1,
-2.003165107307E-1));
#903=CARTESIAN_POINT('',(3.176001442914E0,-8.049999701490E-1,
-2.000000033368E-1));
#904=CARTESIAN_POINT('',(3.17E0,-8.049999923016E-1,-1.999999982751E-1));
#906=CARTESIAN_POINT('',(3.769999727359E0,-5.049977969735E-1,
-2.999998764386E-1));
#907=DIRECTION('',(8.047696174963E-6,-9.999999999442E-1,-6.841346121828E-6));
#908=DIRECTION('',(9.087994761456E-7,-6.841338808282E-6,9.999999999762E-1));
#909=AXIS2_PLACEMENT_3D('',#906,#907,#908);
#911=CARTESIAN_POINT('',(3.169999076538E0,-1.005E0,-2.E-1));
#912=DIRECTION('',(1.E0,0.E0,0.E0));
#913=DIRECTION('',(0.E0,1.E0,0.E0));
#914=AXIS2_PLACEMENT_3D('',#911,#912,#913);
#916=CARTESIAN_POINT('',(1.91E0,-8.049999973805E-1,-2.000000069474E-1));
#917=CARTESIAN_POINT('',(1.903983684546E0,-8.050000232854E-1,
-1.999998960546E-1));
#918=CARTESIAN_POINT('',(1.891698905052E0,-8.046383253702E-1,
-2.003179202687E-1));
#919=CARTESIAN_POINT('',(1.872572177125E0,-8.028705116735E-1,
-2.017278296038E-1));
#920=CARTESIAN_POINT('',(1.852888144395E0,-7.997461054867E-1,
-2.040268512850E-1));
#921=CARTESIAN_POINT('',(1.832798292202E0,-7.951476708650E-1,
-2.071599830954E-1));
#922=CARTESIAN_POINT('',(1.812515275919E0,-7.889898850244E-1,
-2.110580744764E-1));
#923=CARTESIAN_POINT('',(1.792337729739E0,-7.812457483594E-1,
-2.156291996575E-1));
#924=CARTESIAN_POINT('',(1.772851006199E0,-7.720996361157E-1,
-2.206861497413E-1));
#925=CARTESIAN_POINT('',(1.754394156551E0,-7.617736474281E-1,
-2.260623720260E-1));
#926=CARTESIAN_POINT('',(1.737090861386E0,-7.504415234877E-1,
-2.316432558597E-1));
#927=CARTESIAN_POINT('',(1.721000739306E0,-7.382629712766E-1,
-2.373361561865E-1));
#928=CARTESIAN_POINT('',(1.706117954811E0,-7.253599910592E-1,
-2.430749561510E-1));
#929=CARTESIAN_POINT('',(1.692398440028E0,-7.118116137371E-1,
-2.488153652896E-1));
#930=CARTESIAN_POINT('',(1.679811625294E0,-6.976921648418E-1,
-2.545143210507E-1));
#931=CARTESIAN_POINT('',(1.668353540351E0,-6.830995307703E-1,
-2.601185968227E-1));
#932=CARTESIAN_POINT('',(1.658018392004E0,-6.681356105906E-1,
-2.655734437626E-1));
#933=CARTESIAN_POINT('',(1.648793300895E0,-6.529003244749E-1,
-2.708242387059E-1));
#934=CARTESIAN_POINT('',(1.640658301286E0,-6.374912777568E-1,
-2.758159247307E-1));
#935=CARTESIAN_POINT('',(1.633586072960E0,-6.220028743526E-1,
-2.804928013013E-1));
#936=CARTESIAN_POINT('',(1.627540548288E0,-6.065205591518E-1,
-2.847996728067E-1));
#937=CARTESIAN_POINT('',(1.622484637796E0,-5.911381848879E-1,
-2.886767824436E-1));
#938=CARTESIAN_POINT('',(1.618380006254E0,-5.759742587798E-1,
-2.920593158216E-1));
#939=CARTESIAN_POINT('',(1.615170382784E0,-5.611235284176E-1,
-2.948933352336E-1));
#940=CARTESIAN_POINT('',(1.612782892345E0,-5.466160077052E-1,
-2.971426292436E-1));
#941=CARTESIAN_POINT('',(1.611144865585E0,-5.324207455102E-1,
-2.987804925524E-1));
#942=CARTESIAN_POINT('',(1.610199762402E0,-5.185234477530E-1,
-2.997774424403E-1));
#943=CARTESIAN_POINT('',(1.610000000034E0,-5.094689640925E-1,
-3.000002470218E-1));
#944=CARTESIAN_POINT('',(1.609999999635E0,-5.050000000002E-1,
-2.999999904299E-1));
#946=CARTESIAN_POINT('',(1.909999085273E0,-1.005000019801E0,
-2.000000224444E-1));
#947=DIRECTION('',(-9.999999999773E-1,5.137180612179E-6,4.353703126145E-6));
#948=DIRECTION('',(4.353703634563E-6,9.900570529855E-8,9.999999999905E-1));
#949=AXIS2_PLACEMENT_3D('',#946,#947,#948);
#951=CARTESIAN_POINT('',(1.31E0,-5.050003412239E-1,-3.E-1));
#952=DIRECTION('',(0.E0,-1.E0,0.E0));
#953=DIRECTION('',(1.E0,0.E0,0.E0));
#954=AXIS2_PLACEMENT_3D('',#951,#952,#953);
#956=DIRECTION('',(-1.346376327228E-9,-5.007105779627E-13,-1.E0));
#957=VECTOR('',#956,1.000000012269E-1);
#958=CARTESIAN_POINT('',(1.610000000135E0,5.05E-1,-2.999999987731E-1));
#959=LINE('',#958,#957);
#960=DIRECTION('',(3.647108932216E-9,1.852962050770E-12,-1.E0));
#961=VECTOR('',#960,1.000000095701E-1);
#962=CARTESIAN_POINT('',(1.609999999635E0,-5.050000000002E-1,
-2.999999904299E-1));
#963=LINE('',#962,#961);
#964=DIRECTION('',(4.944045173260E-10,1.E0,-8.260542909763E-9));
#965=VECTOR('',#964,1.01E0);
#966=CARTESIAN_POINT('',(1.609999999635E0,-5.050000000002E-1,
-2.999999904299E-1));
#967=LINE('',#966,#965);
#968=CARTESIAN_POINT('',(1.610000000135E0,5.050000000001E-1,
-2.999999987731E-1));
#969=CARTESIAN_POINT('',(1.609999999502E0,5.056102915282E-1,
-3.000000110765E-1));
#970=CARTESIAN_POINT('',(1.610011306885E0,5.068374321442E-1,
-2.998867459373E-1));
#971=CARTESIAN_POINT('',(1.610061508930E0,5.086666569346E-1,
-2.993714189545E-1));
#972=CARTESIAN_POINT('',(1.610149050150E0,5.105754815978E-1,
-2.984545785456E-1));
#973=CARTESIAN_POINT('',(1.610283066037E0,5.126178071273E-1,
-2.970229853666E-1));
#974=CARTESIAN_POINT('',(1.610473200869E0,5.148045698777E-1,
-2.949512455792E-1));
#975=CARTESIAN_POINT('',(1.610728336521E0,5.171267222157E-1,
-2.921170451505E-1));
#976=CARTESIAN_POINT('',(1.611055995731E0,5.195673107013E-1,
-2.884125918614E-1));
#977=CARTESIAN_POINT('',(1.611462655170E0,5.221072785755E-1,
-2.837485838045E-1));
#978=CARTESIAN_POINT('',(1.611948092865E0,5.247033571582E-1,
-2.781317623048E-1));
#979=CARTESIAN_POINT('',(1.612526029085E0,5.273944379966E-1,
-2.714373948132E-1));
#980=CARTESIAN_POINT('',(1.613226704444E0,5.302597812135E-1,
-2.633983894286E-1));
#981=CARTESIAN_POINT('',(1.614085027212E0,5.333574167199E-1,
-2.537868280979E-1));
#982=CARTESIAN_POINT('',(1.615160195832E0,5.367833824936E-1,
-2.422832705477E-1));
#983=CARTESIAN_POINT('',(1.616503310464E0,5.405579664266E-1,
-2.289312992382E-1));
#984=CARTESIAN_POINT('',(1.618206637318E0,5.447727301766E-1,
-2.137083291918E-1));
#985=CARTESIAN_POINT('',(1.620436064318E0,5.496050818351E-1,
-1.964396641365E-1));
#986=CARTESIAN_POINT('',(1.623491593039E0,5.553326133583E-1,
-1.768172880791E-1));
#987=CARTESIAN_POINT('',(1.627637561115E0,5.619133311696E-1,
-1.558401764870E-1));
#988=CARTESIAN_POINT('',(1.632756396065E0,5.687040056049E-1,
-1.359996395782E-1));
#989=CARTESIAN_POINT('',(1.638496550764E0,5.750806163186E-1,
-1.188371509934E-1));
#990=CARTESIAN_POINT('',(1.644603678831E0,5.808020495612E-1,
-1.044568097287E-1));
#991=CARTESIAN_POINT('',(1.650960265865E0,5.858425150626E-1,
-9.246105179813E-2));
#992=CARTESIAN_POINT('',(1.657464724443E0,5.902036681245E-1,
-8.250586116864E-2));
#993=CARTESIAN_POINT('',(1.664006026695E0,5.938962761921E-1,
-7.432242313067E-2));
#994=CARTESIAN_POINT('',(1.670504235954E0,5.969589845244E-1,
-6.765845982851E-2));
#995=CARTESIAN_POINT('',(1.676880358896E0,5.994348826907E-1,
-6.231445503075E-2));
#996=CARTESIAN_POINT('',(1.683104205569E0,6.013851130055E-1,
-5.809861206691E-2));
#997=CARTESIAN_POINT('',(1.689104581190E0,6.028533679253E-1,
-5.489103605216E-2));
#998=CARTESIAN_POINT('',(1.694785029589E0,6.038882231440E-1,
-5.258719706522E-2));
#999=CARTESIAN_POINT('',(1.700149217092E0,6.045594429679E-1,
-5.105268561905E-2));
#1000=CARTESIAN_POINT('',(1.705217866403E0,6.049264415473E-1,
-5.018385750754E-2));
#1001=CARTESIAN_POINT('',(1.708436648318E0,6.049999956296E-1,
-5.000000596875E-2));
#1002=CARTESIAN_POINT('',(1.71E0,6.049999916024E-1,-5.000000854035E-2));
#1004=CARTESIAN_POINT('',(1.310000007932E0,5.050000009429E-1,
-2.999999950923E-1));
#1005=DIRECTION('',(-2.355455798831E-9,1.E0,0.E0));
#1006=DIRECTION('',(-2.644004339941E-8,0.E0,1.E0));
#1007=AXIS2_PLACEMENT_3D('',#1004,#1005,#1006);
#1009=DIRECTION('',(-1.E0,-4.030849287507E-9,-6.882786844872E-9));
#1010=VECTOR('',#1009,1.26E0);
#1011=CARTESIAN_POINT('',(3.17E0,-8.049999923016E-1,-1.999999982751E-1));
#1012=LINE('',#1011,#1010);
#1013=DIRECTION('',(1.297850760870E-12,-1.309768228297E-8,-1.E0));
#1014=VECTOR('',#1013,1.999999930526E-1);
#1015=CARTESIAN_POINT('',(1.91E0,-8.049999973805E-1,-2.000000069474E-1));
#1016=LINE('',#1015,#1014);
#1017=DIRECTION('',(3.708144870267E-13,-3.849203256243E-8,-1.E0));
#1018=VECTOR('',#1017,2.000000017249E-1);
#1019=CARTESIAN_POINT('',(3.17E0,-8.049999923016E-1,-1.999999982751E-1));
#1020=LINE('',#1019,#1018);
#1021=CARTESIAN_POINT('',(3.370000000001E0,6.049999935038E-1,
-5.000000737724E-2));
#1022=CARTESIAN_POINT('',(3.371574865863E0,6.050000085058E-1,
-4.999997948142E-2));
#1023=CARTESIAN_POINT('',(3.374813504405E0,6.049254889509E-1,
-5.018634512200E-2));
#1024=CARTESIAN_POINT('',(3.379912628767E0,6.045536074039E-1,
-5.106643096852E-2));
#1025=CARTESIAN_POINT('',(3.385276524286E0,6.038785630832E-1,
-5.260909435478E-2));
#1026=CARTESIAN_POINT('',(3.390944947785E0,6.028424899116E-1,
-5.491506607043E-2));
#1027=CARTESIAN_POINT('',(3.396940746872E0,6.013729397932E-1,
-5.812507386654E-2));
#1028=CARTESIAN_POINT('',(3.403201589763E0,5.994073070652E-1,
-6.237377001371E-2));
#1029=CARTESIAN_POINT('',(3.409621513900E0,5.969060872566E-1,
-6.777242631646E-2));
#1030=CARTESIAN_POINT('',(3.416162072735E0,5.938108909214E-1,
-7.450856654304E-2));
#1031=CARTESIAN_POINT('',(3.422757130205E0,5.900684220869E-1,
-8.280784631400E-2));
#1032=CARTESIAN_POINT('',(3.429276383216E0,5.856689421644E-1,
-9.286380220502E-2));
#1033=CARTESIAN_POINT('',(3.435580707868E0,5.806397250569E-1,
-1.048539087169E-1));
#1034=CARTESIAN_POINT('',(3.441612666627E0,5.749657325749E-1,
-1.191369634926E-1));
#1035=CARTESIAN_POINT('',(3.447302862597E0,5.686299167038E-1,
-1.362075186118E-1));
#1036=CARTESIAN_POINT('',(3.452390101432E0,5.618708485323E-1,
-1.559709961278E-1));
#1037=CARTESIAN_POINT('',(3.456504609091E0,5.553367404711E-1,
-1.768055731577E-1));
#1038=CARTESIAN_POINT('',(3.459545541074E0,5.496411867816E-1,
-1.963128275462E-1));
#1039=CARTESIAN_POINT('',(3.461773338767E0,5.448187164611E-1,
-2.135417175566E-1));
#1040=CARTESIAN_POINT('',(3.463474711353E0,5.406147780601E-1,
-2.287260011413E-1));
#1041=CARTESIAN_POINT('',(3.464809386726E0,5.368726059833E-1,
-2.419710053653E-1));
#1042=CARTESIAN_POINT('',(3.465882586055E0,5.334669855055E-1,
-2.534307353776E-1));
#1043=CARTESIAN_POINT('',(3.466750930982E0,5.303463613844E-1,
-2.631433965088E-1));
#1044=CARTESIAN_POINT('',(3.467457346860E0,5.274671013934E-1,
-2.712452564932E-1));
#1045=CARTESIAN_POINT('',(3.468039473516E0,5.247655978122E-1,
-2.779875313468E-1));
#1046=CARTESIAN_POINT('',(3.468528032075E0,5.221612417214E-1,
-2.836412391434E-1));
#1047=CARTESIAN_POINT('',(3.468937324330E0,5.196131286277E-1,
-2.883365811039E-1));
#1048=CARTESIAN_POINT('',(3.469267228973E0,5.171635599354E-1,
-2.920674466721E-1));
#1049=CARTESIAN_POINT('',(3.469524035344E0,5.148331848952E-1,
-2.949209181809E-1));
#1050=CARTESIAN_POINT('',(3.469715355188E0,5.126391003219E-1,
-2.970060026148E-1));
#1051=CARTESIAN_POINT('',(3.469850210229E0,5.105896214760E-1,
-2.984467839392E-1));
#1052=CARTESIAN_POINT('',(3.469938302396E0,5.086729918076E-1,
-2.993694769095E-1));
#1053=CARTESIAN_POINT('',(3.469988696096E0,5.068384144359E-1,
-2.998867774763E-1));
#1054=CARTESIAN_POINT('',(3.470000000497E0,5.056102461236E-1,
-3.000000111740E-1));
#1055=CARTESIAN_POINT('',(3.469999999858E0,5.050000000001E-1,
-2.999999986996E-1));
#1057=CARTESIAN_POINT('',(3.370000006529E0,6.550000059840E-1,
-5.000002950904E-2));
#1058=DIRECTION('',(1.E0,4.301406859161E-8,0.E0));
#1059=DIRECTION('',(0.E0,-1.196793454076E-7,1.E0));
#1060=AXIS2_PLACEMENT_3D('',#1057,#1058,#1059);
#1062=CARTESIAN_POINT('',(-1.910000923462E0,-1.005E0,-2.E-1));
#1063=DIRECTION('',(1.E0,0.E0,0.E0));
#1064=DIRECTION('',(0.E0,1.E0,0.E0));
#1065=AXIS2_PLACEMENT_3D('',#1062,#1063,#1064);
#1067=DIRECTION('',(1.301181430060E-12,-1.309768117275E-8,-1.E0));
#1068=VECTOR('',#1067,1.999999930526E-1);
#1069=CARTESIAN_POINT('',(-3.17E0,-8.049999973805E-1,-2.000000069474E-1));
#1070=LINE('',#1069,#1068);
#1071=DIRECTION('',(3.730349330568E-13,-3.849203367265E-8,-1.E0));
#1072=VECTOR('',#1071,2.000000017249E-1);
#1073=CARTESIAN_POINT('',(-1.91E0,-8.049999923016E-1,-1.999999982751E-1));
#1074=LINE('',#1073,#1072);
#1075=DIRECTION('',(-1.E0,-4.030849728072E-9,-6.882786580533E-9));
#1076=VECTOR('',#1075,1.26E0);
#1077=CARTESIAN_POINT('',(-1.91E0,-8.049999923016E-1,-1.999999982751E-1));
#1078=LINE('',#1077,#1076);
#1079=CARTESIAN_POINT('',(-3.17E0,-5.05E-1,-4.E-1));
#1080=DIRECTION('',(0.E0,0.E0,1.E0));
#1081=DIRECTION('',(-1.E0,0.E0,0.E0));
#1082=AXIS2_PLACEMENT_3D('',#1079,#1080,#1081);
#1084=DIRECTION('',(0.E0,1.E0,0.E0));
#1085=VECTOR('',#1084,1.01E0);
#1086=CARTESIAN_POINT('',(-3.47E0,-5.05E-1,-4.E-1));
#1087=LINE('',#1086,#1085);
#1088=CARTESIAN_POINT('',(-3.37E0,5.05E-1,-4.E-1));
#1089=DIRECTION('',(0.E0,0.E0,1.E0));
#1090=DIRECTION('',(0.E0,1.E0,0.E0));
#1091=AXIS2_PLACEMENT_3D('',#1088,#1089,#1090);
#1093=DIRECTION('',(1.E0,0.E0,0.E0));
#1094=VECTOR('',#1093,1.66E0);
#1095=CARTESIAN_POINT('',(-3.37E0,6.05E-1,-4.E-1));
#1096=LINE('',#1095,#1094);
#1097=CARTESIAN_POINT('',(-1.71E0,5.05E-1,-4.E-1));
#1098=DIRECTION('',(0.E0,0.E0,1.E0));
#1099=DIRECTION('',(1.E0,0.E0,0.E0));
#1100=AXIS2_PLACEMENT_3D('',#1097,#1098,#1099);
#1102=DIRECTION('',(0.E0,-1.E0,0.E0));
#1103=VECTOR('',#1102,1.01E0);
#1104=CARTESIAN_POINT('',(-1.61E0,5.05E-1,-4.E-1));
#1105=LINE('',#1104,#1103);
#1106=CARTESIAN_POINT('',(-1.91E0,-5.05E-1,-4.E-1));
#1107=DIRECTION('',(0.E0,0.E0,1.E0));
#1108=DIRECTION('',(0.E0,-1.E0,0.E0));
#1109=AXIS2_PLACEMENT_3D('',#1106,#1107,#1108);
#1111=DIRECTION('',(-1.E0,0.E0,0.E0));
#1112=VECTOR('',#1111,1.26E0);
#1113=CARTESIAN_POINT('',(-1.91E0,-8.05E-1,-4.E-1));
#1114=LINE('',#1113,#1112);
#1115=DIRECTION('',(3.647108932216E-9,1.852962050770E-12,-1.E0));
#1116=VECTOR('',#1115,1.000000095701E-1);
#1117=CARTESIAN_POINT('',(-3.470000000365E0,-5.050000000002E-1,
-2.999999904299E-1));
#1118=LINE('',#1117,#1116);
#1119=DIRECTION('',(4.944040776337E-10,1.E0,-8.260542964725E-9));
#1120=VECTOR('',#1119,1.01E0);
#1121=CARTESIAN_POINT('',(-3.470000000365E0,-5.050000000002E-1,
-2.999999904299E-1));
#1122=LINE('',#1121,#1120);
#1123=DIRECTION('',(-1.346376327228E-9,-5.018208009737E-13,-1.E0));
#1124=VECTOR('',#1123,1.000000012269E-1);
#1125=CARTESIAN_POINT('',(-3.469999999865E0,5.050000000001E-1,
-2.999999987731E-1));
#1126=LINE('',#1125,#1124);
#1127=CARTESIAN_POINT('',(-3.77E0,-5.050003412238E-1,-3.E-1));
#1128=DIRECTION('',(0.E0,-1.E0,0.E0));
#1129=DIRECTION('',(1.E0,0.E0,0.E0));
#1130=AXIS2_PLACEMENT_3D('',#1127,#1128,#1129);
#1132=CARTESIAN_POINT('',(-3.469999999865E0,5.050000000001E-1,
-2.999999987731E-1));
#1133=CARTESIAN_POINT('',(-3.470000000498E0,5.056102915302E-1,
-3.000000110765E-1));
#1134=CARTESIAN_POINT('',(-3.469988693115E0,5.068374321500E-1,
-2.998867459366E-1));
#1135=CARTESIAN_POINT('',(-3.469938491070E0,5.086666569463E-1,
-2.993714189504E-1));
#1136=CARTESIAN_POINT('',(-3.469850949849E0,5.105754816140E-1,
-2.984545785363E-1));
#1137=CARTESIAN_POINT('',(-3.469716933962E0,5.126178071454E-1,
-2.970229853516E-1));
#1138=CARTESIAN_POINT('',(-3.469526799129E0,5.148045698960E-1,
-2.949512455593E-1));
#1139=CARTESIAN_POINT('',(-3.469271663477E0,5.171267222344E-1,
-2.921170451249E-1));
#1140=CARTESIAN_POINT('',(-3.468944004266E0,5.195673107206E-1,
-2.884125918291E-1));
#1141=CARTESIAN_POINT('',(-3.468537344826E0,5.221072785955E-1,
-2.837485837646E-1));
#1142=CARTESIAN_POINT('',(-3.468051907131E0,5.247033571784E-1,
-2.781317622578E-1));
#1143=CARTESIAN_POINT('',(-3.467473970910E0,5.273944380176E-1,
-2.714373947577E-1));
#1144=CARTESIAN_POINT('',(-3.466773295550E0,5.302597812357E-1,
-2.633983893629E-1));
#1145=CARTESIAN_POINT('',(-3.465914972781E0,5.333574167435E-1,
-2.537868280213E-1));
#1146=CARTESIAN_POINT('',(-3.464839804160E0,5.367833825192E-1,
-2.422832704591E-1));
#1147=CARTESIAN_POINT('',(-3.463496689526E0,5.405579664530E-1,
-2.289312991431E-1));
#1148=CARTESIAN_POINT('',(-3.461793362670E0,5.447727302045E-1,
-2.137083290913E-1));
#1149=CARTESIAN_POINT('',(-3.459563935667E0,5.496050818644E-1,
-1.964396640338E-1));
#1150=CARTESIAN_POINT('',(-3.456508406944E0,5.553326133885E-1,
-1.768172879792E-1));
#1151=CARTESIAN_POINT('',(-3.452362438866E0,5.619133311964E-1,
-1.558401764057E-1));
#1152=CARTESIAN_POINT('',(-3.447243603919E0,5.687040056245E-1,
-1.359996395239E-1));
#1153=CARTESIAN_POINT('',(-3.441503449223E0,5.750806163308E-1,
-1.188371509620E-1));
#1154=CARTESIAN_POINT('',(-3.435396321161E0,5.808020495679E-1,
-1.044568097126E-1));
#1155=CARTESIAN_POINT('',(-3.429039734131E0,5.858425150654E-1,
-9.246105179164E-2));
#1156=CARTESIAN_POINT('',(-3.422535275557E0,5.902036681248E-1,
-8.250586116797E-2));
#1157=CARTESIAN_POINT('',(-3.415993973307E0,5.938962761911E-1,
-7.432242313283E-2));
#1158=CARTESIAN_POINT('',(-3.409495764049E0,5.969589845231E-1,
-6.765845983131E-2));
#1159=CARTESIAN_POINT('',(-3.403119641107E0,5.994348826896E-1,
-6.231445503307E-2));
#1160=CARTESIAN_POINT('',(-3.396895794434E0,6.013851130046E-1,
-5.809861206893E-2));
#1161=CARTESIAN_POINT('',(-3.390895418812E0,6.028533679249E-1,
-5.489103605316E-2));
#1162=CARTESIAN_POINT('',(-3.385214970412E0,6.038882231439E-1,
-5.258719706538E-2));
#1163=CARTESIAN_POINT('',(-3.379850782908E0,6.045594429679E-1,
-5.105268561914E-2));
#1164=CARTESIAN_POINT('',(-3.374782133599E0,6.049264415472E-1,
-5.018385750778E-2));
#1165=CARTESIAN_POINT('',(-3.371563351683E0,6.049999956296E-1,
-5.000000596875E-2));
#1166=CARTESIAN_POINT('',(-3.37E0,6.049999916024E-1,-5.000000854035E-2));
#1168=CARTESIAN_POINT('',(-3.769999992068E0,5.050000009429E-1,
-2.999999950923E-1));
#1169=DIRECTION('',(-2.355452645103E-9,1.E0,0.E0));
#1170=DIRECTION('',(-2.644003895852E-8,0.E0,1.E0));
#1171=AXIS2_PLACEMENT_3D('',#1168,#1169,#1170);
#1173=CARTESIAN_POINT('',(-3.369999998220E0,6.55E-1,-5.E-2));
#1174=DIRECTION('',(-1.E0,0.E0,0.E0));
#1175=DIRECTION('',(0.E0,-1.E0,0.E0));
#1176=AXIS2_PLACEMENT_3D('',#1173,#1174,#1175);
#1178=DIRECTION('',(-1.451537333648E-12,1.856069432540E-8,-1.E0));
#1179=VECTOR('',#1178,3.499999926228E-1);
#1180=CARTESIAN_POINT('',(-1.709999999999E0,6.049999935038E-1,
-5.000000737724E-2));
#1181=LINE('',#1180,#1179);
#1182=DIRECTION('',(3.235507179286E-13,2.399323718932E-8,-1.E0));
#1183=VECTOR('',#1182,3.499999914596E-1);
#1184=CARTESIAN_POINT('',(-3.37E0,6.049999916024E-1,-5.000000854035E-2));
#1185=LINE('',#1184,#1183);
#1186=DIRECTION('',(1.E0,1.145415489364E-9,7.006685225323E-10));
#1187=VECTOR('',#1186,1.660000000001E0);
#1188=CARTESIAN_POINT('',(-3.37E0,6.049999916024E-1,-5.000000854035E-2));
#1189=LINE('',#1188,#1187);
#1190=CARTESIAN_POINT('',(-1.709999999999E0,6.049999935038E-1,
-5.000000737724E-2));
#1191=CARTESIAN_POINT('',(-1.708425134136E0,6.050000085058E-1,
-4.999997948142E-2));
#1192=CARTESIAN_POINT('',(-1.705186495593E0,6.049254889508E-1,
-5.018634512226E-2));
#1193=CARTESIAN_POINT('',(-1.700087371232E0,6.045536074038E-1,
-5.106643096874E-2));
#1194=CARTESIAN_POINT('',(-1.694723475713E0,6.038785630831E-1,
-5.260909435499E-2));
#1195=CARTESIAN_POINT('',(-1.689055052214E0,6.028424899113E-1,
-5.491506607114E-2));
#1196=CARTESIAN_POINT('',(-1.683059253125E0,6.013729397924E-1,
-5.812507386830E-2));
#1197=CARTESIAN_POINT('',(-1.676798410233E0,5.994073070638E-1,
-6.237377001669E-2));
#1198=CARTESIAN_POINT('',(-1.670378486096E0,5.969060872549E-1,
-6.777242632017E-2));
#1199=CARTESIAN_POINT('',(-1.663837927262E0,5.938108909197E-1,
-7.450856654658E-2));
#1200=CARTESIAN_POINT('',(-1.657242869794E0,5.900684220861E-1,
-8.280784631576E-2));
#1201=CARTESIAN_POINT('',(-1.650723616785E0,5.856689421656E-1,
-9.286380220243E-2));
#1202=CARTESIAN_POINT('',(-1.644419292137E0,5.806397250611E-1,
-1.048539087068E-1));
#1203=CARTESIAN_POINT('',(-1.638387333382E0,5.749657325838E-1,
-1.191369634697E-1));
#1204=CARTESIAN_POINT('',(-1.632697137416E0,5.686299167191E-1,
-1.362075185695E-1));
#1205=CARTESIAN_POINT('',(-1.627609898584E0,5.618708485542E-1,
-1.559709960616E-1));
#1206=CARTESIAN_POINT('',(-1.623495390924E0,5.553367404969E-1,
-1.768055730726E-1));
#1207=CARTESIAN_POINT('',(-1.620454458939E0,5.496411868075E-1,
-1.963128274555E-1));
#1208=CARTESIAN_POINT('',(-1.618226661244E0,5.448187164871E-1,
-2.135417174628E-1));
#1209=CARTESIAN_POINT('',(-1.616525288657E0,5.406147780857E-1,
-2.287260010494E-1));
#1210=CARTESIAN_POINT('',(-1.615190613283E0,5.368726060086E-1,
-2.419710052775E-1));
#1211=CARTESIAN_POINT('',(-1.614117413953E0,5.334669855302E-1,
-2.534307352975E-1));
#1212=CARTESIAN_POINT('',(-1.613249069024E0,5.303463614080E-1,
-2.631433964391E-1));
#1213=CARTESIAN_POINT('',(-1.612542653145E0,5.274671014156E-1,
-2.712452564343E-1));
#1214=CARTESIAN_POINT('',(-1.611960526488E0,5.247655978333E-1,
-2.779875312976E-1));
#1215=CARTESIAN_POINT('',(-1.611471967928E0,5.221612417421E-1,
-2.836412391019E-1));
#1216=CARTESIAN_POINT('',(-1.611062675673E0,5.196131286476E-1,
-2.883365810705E-1));
#1217=CARTESIAN_POINT('',(-1.610732771030E0,5.171635599547E-1,
-2.920674466457E-1));
#1218=CARTESIAN_POINT('',(-1.610475964658E0,5.148331849140E-1,
-2.949209181605E-1));
#1219=CARTESIAN_POINT('',(-1.610284644813E0,5.126391003404E-1,
-2.970060025995E-1));
#1220=CARTESIAN_POINT('',(-1.610149789772E0,5.105896214925E-1,
-2.984467839297E-1));
#1221=CARTESIAN_POINT('',(-1.610061697604E0,5.086729918197E-1,
-2.993694769053E-1));
#1222=CARTESIAN_POINT('',(-1.610011303904E0,5.068384144419E-1,
-2.998867774756E-1));
#1223=CARTESIAN_POINT('',(-1.609999999503E0,5.056102461256E-1,
-3.000000111740E-1));
#1224=CARTESIAN_POINT('',(-1.610000000142E0,5.050000000001E-1,
-2.999999986996E-1));
#1226=CARTESIAN_POINT('',(-1.709999993471E0,6.550000059840E-1,
-5.000002950904E-2));
#1227=DIRECTION('',(1.E0,4.301407596852E-8,0.E0));
#1228=DIRECTION('',(0.E0,-1.196793454076E-7,1.E0));
#1229=AXIS2_PLACEMENT_3D('',#1226,#1227,#1228);
#1231=CARTESIAN_POINT('',(-1.31E0,5.050000000836E-1,-3.E-1));
#1232=DIRECTION('',(0.E0,1.E0,0.E0));
#1233=DIRECTION('',(-1.E0,0.E0,0.E0));
#1234=AXIS2_PLACEMENT_3D('',#1231,#1232,#1233);
#1236=DIRECTION('',(-9.033351520234E-9,-9.758860036337E-13,-1.E0));
#1237=VECTOR('',#1236,1.000000035877E-1);
#1238=CARTESIAN_POINT('',(-1.609999999097E0,-5.049999999999E-1,
-2.999999964123E-1));
#1239=LINE('',#1238,#1237);
#1240=DIRECTION('',(1.422435484221E-9,-5.384581599410E-13,-1.E0));
#1241=VECTOR('',#1240,1.000000013004E-1);
#1242=CARTESIAN_POINT('',(-1.610000000142E0,5.050000000001E-1,
-2.999999986996E-1));
#1243=LINE('',#1242,#1241);
#1244=DIRECTION('',(1.035226470004E-9,-1.E0,2.264634409592E-9));
#1245=VECTOR('',#1244,1.01E0);
#1246=CARTESIAN_POINT('',(-1.610000000142E0,5.050000000001E-1,
-2.999999986996E-1));
#1247=LINE('',#1246,#1245);
#1248=CARTESIAN_POINT('',(-1.609999999097E0,-5.049999999999E-1,
-2.999999964123E-1));
#1249=CARTESIAN_POINT('',(-1.609999998362E0,-5.094617178642E-1,
-2.999997564728E-1));
#1250=CARTESIAN_POINT('',(-1.610199149392E0,-5.185051289943E-1,
-2.997785466407E-1));
#1251=CARTESIAN_POINT('',(-1.611142379647E0,-5.323933704264E-1,
-2.987830358952E-1));
#1252=CARTESIAN_POINT('',(-1.612779811886E0,-5.465954551767E-1,
-2.971456053402E-1));
#1253=CARTESIAN_POINT('',(-1.615168610705E0,-5.611148711498E-1,
-2.948948503288E-1));
#1254=CARTESIAN_POINT('',(-1.618378367620E0,-5.759674994183E-1,
-2.920606197508E-1));
#1255=CARTESIAN_POINT('',(-1.622482361715E0,-5.911303670168E-1,
-2.886785215296E-1));
#1256=CARTESIAN_POINT('',(-1.627537298918E0,-6.065119290384E-1,
-2.848019522100E-1));
#1257=CARTESIAN_POINT('',(-1.633588612817E0,-6.220098091757E-1,
-2.804908772916E-1));
#1258=CARTESIAN_POINT('',(-1.640668969849E0,-6.375136697512E-1,
-2.758089784919E-1));
#1259=CARTESIAN_POINT('',(-1.648812189808E0,-6.529340508420E-1,
-2.708129899496E-1));
#1260=CARTESIAN_POINT('',(-1.658042303622E0,-6.681726986198E-1,
-2.655602949600E-1));
#1261=CARTESIAN_POINT('',(-1.668381681682E0,-6.831376968674E-1,
-2.601042947292E-1));
#1262=CARTESIAN_POINT('',(-1.679841490198E0,-6.977279728079E-1,
-2.545002244451E-1));
#1263=CARTESIAN_POINT('',(-1.692439482513E0,-7.118554382555E-1,
-2.487973160330E-1));
#1264=CARTESIAN_POINT('',(-1.706176624406E0,-7.254146111999E-1,
-2.430512646270E-1));
#1265=CARTESIAN_POINT('',(-1.721069738673E0,-7.383193780774E-1,
-2.373104710453E-1));
#1266=CARTESIAN_POINT('',(-1.737187002592E0,-7.505100338636E-1,
-2.316104590182E-1));
#1267=CARTESIAN_POINT('',(-1.754513069810E0,-7.618460927661E-1,
-2.260256629133E-1));
#1268=CARTESIAN_POINT('',(-1.772964941082E0,-7.721564480653E-1,
-2.206552592115E-1));
#1269=CARTESIAN_POINT('',(-1.792373034188E0,-7.812589447959E-1,
-2.156211809946E-1));
#1270=CARTESIAN_POINT('',(-1.812524405179E0,-7.889928139542E-1,
-2.110561217377E-1));
#1271=CARTESIAN_POINT('',(-1.832802679654E0,-7.951489365722E-1,
-2.071589878059E-1));
#1272=CARTESIAN_POINT('',(-1.852906940529E0,-7.997502289081E-1,
-2.040239208687E-1));
#1273=CARTESIAN_POINT('',(-1.872609390693E0,-8.028754230767E-1,
-2.017238683118E-1));
#1274=CARTESIAN_POINT('',(-1.891734688117E0,-8.046401891509E-1,
-2.003165107309E-1));
#1275=CARTESIAN_POINT('',(-1.903998557084E0,-8.049999701490E-1,
-2.000000033368E-1));
#1276=CARTESIAN_POINT('',(-1.91E0,-8.049999923016E-1,-1.999999982751E-1));
#1278=CARTESIAN_POINT('',(-1.310000272641E0,-5.049977969734E-1,
-2.999998764386E-1));
#1279=DIRECTION('',(8.047696251206E-6,-9.999999999442E-1,-6.841346181843E-6));
#1280=DIRECTION('',(9.087995183342E-7,-6.841338868234E-6,9.999999999762E-1));
#1281=AXIS2_PLACEMENT_3D('',#1278,#1279,#1280);
#1283=CARTESIAN_POINT('',(-3.17E0,-8.049999973805E-1,-2.000000069474E-1));
#1284=CARTESIAN_POINT('',(-3.176016315454E0,-8.050000232854E-1,
-1.999998960546E-1));
#1285=CARTESIAN_POINT('',(-3.188301094948E0,-8.046383253702E-1,
-2.003179202687E-1));
#1286=CARTESIAN_POINT('',(-3.207427822876E0,-8.028705116734E-1,
-2.017278296039E-1));
#1287=CARTESIAN_POINT('',(-3.227111855605E0,-7.997461054866E-1,
-2.040268512851E-1));
#1288=CARTESIAN_POINT('',(-3.247201707799E0,-7.951476708648E-1,
-2.071599830956E-1));
#1289=CARTESIAN_POINT('',(-3.267484724082E0,-7.889898850240E-1,
-2.110580744766E-1));
#1290=CARTESIAN_POINT('',(-3.287662270262E0,-7.812457483588E-1,
-2.156291996578E-1));
#1291=CARTESIAN_POINT('',(-3.307148993801E0,-7.720996361153E-1,
-2.206861497415E-1));
#1292=CARTESIAN_POINT('',(-3.325605843451E0,-7.617736474274E-1,
-2.260623720264E-1));
#1293=CARTESIAN_POINT('',(-3.342909138616E0,-7.504415234867E-1,
-2.316432558602E-1));
#1294=CARTESIAN_POINT('',(-3.358999260695E0,-7.382629712761E-1,
-2.373361561867E-1));
#1295=CARTESIAN_POINT('',(-3.373882045188E0,-7.253599910604E-1,
-2.430749561505E-1));
#1296=CARTESIAN_POINT('',(-3.387601559970E0,-7.118116137399E-1,
-2.488153652884E-1));
#1297=CARTESIAN_POINT('',(-3.400188374704E0,-6.976921648447E-1,
-2.545143210496E-1));
#1298=CARTESIAN_POINT('',(-3.411646459647E0,-6.830995307724E-1,
-2.601185968219E-1));
#1299=CARTESIAN_POINT('',(-3.421981607995E0,-6.681356105924E-1,
-2.655734437620E-1));
#1300=CARTESIAN_POINT('',(-3.431206699103E0,-6.529003244767E-1,
-2.708242387053E-1));
#1301=CARTESIAN_POINT('',(-3.439341698713E0,-6.374912777588E-1,
-2.758159247301E-1));
#1302=CARTESIAN_POINT('',(-3.446413927039E0,-6.220028743546E-1,
-2.804928013007E-1));
#1303=CARTESIAN_POINT('',(-3.452459451711E0,-6.065205591538E-1,
-2.847996728062E-1));
#1304=CARTESIAN_POINT('',(-3.457515362203E0,-5.911381848895E-1,
-2.886767824432E-1));
#1305=CARTESIAN_POINT('',(-3.461619993746E0,-5.759742587809E-1,
-2.920593158214E-1));
#1306=CARTESIAN_POINT('',(-3.464829617215E0,-5.611235284185E-1,
-2.948933352335E-1));
#1307=CARTESIAN_POINT('',(-3.467217107655E0,-5.466160077061E-1,
-2.971426292435E-1));
#1308=CARTESIAN_POINT('',(-3.468855134414E0,-5.324207455111E-1,
-2.987804925523E-1));
#1309=CARTESIAN_POINT('',(-3.469800237598E0,-5.185234477536E-1,
-2.997774424403E-1));
#1310=CARTESIAN_POINT('',(-3.469999999966E0,-5.094689640927E-1,
-3.000002470218E-1));
#1311=CARTESIAN_POINT('',(-3.470000000365E0,-5.050000000002E-1,
-2.999999904299E-1));
#1313=CARTESIAN_POINT('',(-3.170000914727E0,-1.005000019801E0,
-2.000000224444E-1));
#1314=DIRECTION('',(-9.999999999773E-1,5.137180716740E-6,4.353703269604E-6));
#1315=DIRECTION('',(4.353703777782E-6,9.900569863721E-8,9.999999999905E-1));
#1316=AXIS2_PLACEMENT_3D('',#1313,#1314,#1315);
#1318=CARTESIAN_POINT('',(8.299999982199E-1,-6.55E-1,-5.E-2));
#1319=DIRECTION('',(1.E0,0.E0,0.E0));
#1320=DIRECTION('',(0.E0,1.E0,0.E0));
#1321=AXIS2_PLACEMENT_3D('',#1318,#1319,#1320);
#1323=CARTESIAN_POINT('',(-8.300000000005E-1,-6.049999935038E-1,
-5.000000737724E-2));
#1324=CARTESIAN_POINT('',(-8.315748658639E-1,-6.050000085058E-1,
-4.999997948142E-2));
#1325=CARTESIAN_POINT('',(-8.348135044067E-1,-6.049254889508E-1,
-5.018634512226E-2));
#1326=CARTESIAN_POINT('',(-8.399126287680E-1,-6.045536074038E-1,
-5.106643096874E-2));
#1327=CARTESIAN_POINT('',(-8.452765242871E-1,-6.038785630831E-1,
-5.260909435497E-2));
#1328=CARTESIAN_POINT('',(-8.509449477864E-1,-6.028424899113E-1,
-5.491506607111E-2));
#1329=CARTESIAN_POINT('',(-8.569407468752E-1,-6.013729397924E-1,
-5.812507386824E-2));
#1330=CARTESIAN_POINT('',(-8.632015897673E-1,-5.994073070638E-1,
-6.237377001663E-2));
#1331=CARTESIAN_POINT('',(-8.696215139043E-1,-5.969060872549E-1,
-6.777242632013E-2));
#1332=CARTESIAN_POINT('',(-8.761620727385E-1,-5.938108909197E-1,
-7.450856654661E-2));
#1333=CARTESIAN_POINT('',(-8.827571302058E-1,-5.900684220861E-1,
-8.280784631583E-2));
#1334=CARTESIAN_POINT('',(-8.892763832148E-1,-5.856689421655E-1,
-9.286380220259E-2));
#1335=CARTESIAN_POINT('',(-8.955807078633E-1,-5.806397250610E-1,
-1.048539087071E-1));
#1336=CARTESIAN_POINT('',(-9.016126666184E-1,-5.749657325837E-1,
-1.191369634701E-1));
#1337=CARTESIAN_POINT('',(-9.073028625840E-1,-5.686299167189E-1,
-1.362075185700E-1));
#1338=CARTESIAN_POINT('',(-9.123901014166E-1,-5.618708485540E-1,
-1.559709960623E-1));
#1339=CARTESIAN_POINT('',(-9.165046090757E-1,-5.553367404967E-1,
-1.768055730733E-1));
#1340=CARTESIAN_POINT('',(-9.195455410610E-1,-5.496411868073E-1,
-1.963128274561E-1));
#1341=CARTESIAN_POINT('',(-9.217733387558E-1,-5.448187164869E-1,
-2.135417174633E-1));
#1342=CARTESIAN_POINT('',(-9.234747113434E-1,-5.406147780856E-1,
-2.287260010498E-1));
#1343=CARTESIAN_POINT('',(-9.248093867173E-1,-5.368726060085E-1,
-2.419710052779E-1));
#1344=CARTESIAN_POINT('',(-9.258825860475E-1,-5.334669855301E-1,
-2.534307352978E-1));
#1345=CARTESIAN_POINT('',(-9.267509309760E-1,-5.303463614079E-1,
-2.631433964393E-1));
#1346=CARTESIAN_POINT('',(-9.274573468550E-1,-5.274671014156E-1,
-2.712452564345E-1));
#1347=CARTESIAN_POINT('',(-9.280394735122E-1,-5.247655978332E-1,
-2.779875312977E-1));
#1348=CARTESIAN_POINT('',(-9.285280320716E-1,-5.221612417420E-1,
-2.836412391020E-1));
#1349=CARTESIAN_POINT('',(-9.289373243268E-1,-5.196131286476E-1,
-2.883365810706E-1));
#1350=CARTESIAN_POINT('',(-9.292672289702E-1,-5.171635599546E-1,
-2.920674466458E-1));
#1351=CARTESIAN_POINT('',(-9.295240353417E-1,-5.148331849140E-1,
-2.949209181605E-1));
#1352=CARTESIAN_POINT('',(-9.297153551866E-1,-5.126391003404E-1,
-2.970060025996E-1));
#1353=CARTESIAN_POINT('',(-9.298502102285E-1,-5.105896214925E-1,
-2.984467839297E-1));
#1354=CARTESIAN_POINT('',(-9.299383023957E-1,-5.086729918197E-1,
-2.993694769054E-1));
#1355=CARTESIAN_POINT('',(-9.299886960957E-1,-5.068384144419E-1,
-2.998867774755E-1));
#1356=CARTESIAN_POINT('',(-9.300000004973E-1,-5.056102461256E-1,
-3.000000111740E-1));
#1357=CARTESIAN_POINT('',(-9.299999998578E-1,-5.050000000001E-1,
-2.999999986996E-1));
#1359=CARTESIAN_POINT('',(-8.300000065292E-1,-6.550000059840E-1,
-5.000002950904E-2));
#1360=DIRECTION('',(-1.E0,-4.301407212871E-8,0.E0));
#1361=DIRECTION('',(0.E0,1.196793454076E-7,1.E0));
#1362=AXIS2_PLACEMENT_3D('',#1359,#1360,#1361);
#1364=CARTESIAN_POINT('',(-1.23E0,-5.050000000836E-1,-3.E-1));
#1365=DIRECTION('',(0.E0,-1.E0,0.E0));
#1366=DIRECTION('',(1.E0,0.E0,0.E0));
#1367=AXIS2_PLACEMENT_3D('',#1364,#1365,#1366);
#1369=CARTESIAN_POINT('',(-9.300000009033E-1,5.049999999999E-1,
-2.999999964123E-1));
#1370=CARTESIAN_POINT('',(-9.300000016375E-1,5.094617178643E-1,
-2.999997564728E-1));
#1371=CARTESIAN_POINT('',(-9.298008506080E-1,5.185051289947E-1,
-2.997785466407E-1));
#1372=CARTESIAN_POINT('',(-9.288576203527E-1,5.323933704272E-1,
-2.987830358952E-1));
#1373=CARTESIAN_POINT('',(-9.272201881142E-1,5.465954551778E-1,
-2.971456053400E-1));
#1374=CARTESIAN_POINT('',(-9.248313892952E-1,5.611148711514E-1,
-2.948948503286E-1));
#1375=CARTESIAN_POINT('',(-9.216216323800E-1,5.759674994203E-1,
-2.920606197504E-1));
#1376=CARTESIAN_POINT('',(-9.175176382842E-1,5.911303670192E-1,
-2.886785215291E-1));
#1377=CARTESIAN_POINT('',(-9.124627010807E-1,6.065119290414E-1,
-2.848019522092E-1));
#1378=CARTESIAN_POINT('',(-9.064113871812E-1,6.220098091791E-1,
-2.804908772906E-1));
#1379=CARTESIAN_POINT('',(-8.993310301494E-1,6.375136697550E-1,
-2.758089784907E-1));
#1380=CARTESIAN_POINT('',(-8.911878101893E-1,6.529340508462E-1,
-2.708129899482E-1));
#1381=CARTESIAN_POINT('',(-8.819576963754E-1,6.681726986242E-1,
-2.655602949584E-1));
#1382=CARTESIAN_POINT('',(-8.716183183146E-1,6.831376968722E-1,
-2.601042947274E-1));
#1383=CARTESIAN_POINT('',(-8.601585097976E-1,6.977279728129E-1,
-2.545002244432E-1));
#1384=CARTESIAN_POINT('',(-8.475605174818E-1,7.118554382607E-1,
-2.487973160308E-1));
#1385=CARTESIAN_POINT('',(-8.338233755884E-1,7.254146112053E-1,
-2.430512646247E-1));
#1386=CARTESIAN_POINT('',(-8.189302613207E-1,7.383193780825E-1,
-2.373104710429E-1));
#1387=CARTESIAN_POINT('',(-8.028129974004E-1,7.505100338694E-1,
-2.316104590155E-1));
#1388=CARTESIAN_POINT('',(-7.854869301792E-1,7.618460927725E-1,
-2.260256629101E-1));
#1389=CARTESIAN_POINT('',(-7.670350589093E-1,7.721564480699E-1,
-2.206552592090E-1));
#1390=CARTESIAN_POINT('',(-7.476269658090E-1,7.812589447970E-1,
-2.156211809940E-1));
#1391=CARTESIAN_POINT('',(-7.274755948254E-1,7.889928139525E-1,
-2.110561217388E-1));
#1392=CARTESIAN_POINT('',(-7.071973203503E-1,7.951489365712E-1,
-2.071589878066E-1));
#1393=CARTESIAN_POINT('',(-6.870930594721E-1,7.997502289079E-1,
-2.040239208688E-1));
#1394=CARTESIAN_POINT('',(-6.673906093069E-1,8.028754230767E-1,
-2.017238683118E-1));
#1395=CARTESIAN_POINT('',(-6.482653118836E-1,8.046401891508E-1,
-2.003165107309E-1));
#1396=CARTESIAN_POINT('',(-6.360014429160E-1,8.049999701490E-1,
-2.000000033368E-1));
#1397=CARTESIAN_POINT('',(-6.299999999999E-1,8.049999923016E-1,
-1.999999982751E-1));
#1399=CARTESIAN_POINT('',(-1.229999727359E0,5.049977969734E-1,
-2.999998764386E-1));
#1400=DIRECTION('',(-8.047696257603E-6,9.999999999442E-1,-6.841346186481E-6));
#1401=DIRECTION('',(-9.087995183342E-7,6.841338873045E-6,9.999999999762E-1));
#1402=AXIS2_PLACEMENT_3D('',#1399,#1400,#1401);
#1404=CARTESIAN_POINT('',(-6.299990765375E-1,1.005E0,-2.E-1));
#1405=DIRECTION('',(-1.E0,0.E0,0.E0));
#1406=DIRECTION('',(0.E0,-1.E0,0.E0));
#1407=AXIS2_PLACEMENT_3D('',#1404,#1405,#1406);
#1409=CARTESIAN_POINT('',(6.300000000003E-1,8.049999973805E-1,
-2.000000069474E-1));
#1410=CARTESIAN_POINT('',(6.360163154545E-1,8.050000232854E-1,
-1.999998960546E-1));
#1411=CARTESIAN_POINT('',(6.483010949481E-1,8.046383253702E-1,
-2.003179202687E-1));
#1412=CARTESIAN_POINT('',(6.674278228756E-1,8.028705116734E-1,
-2.017278296039E-1));
#1413=CARTESIAN_POINT('',(6.871118556049E-1,7.997461054866E-1,
-2.040268512850E-1));
#1414=CARTESIAN_POINT('',(7.072017077983E-1,7.951476708649E-1,
-2.071599830955E-1));
#1415=CARTESIAN_POINT('',(7.274847240817E-1,7.889898850243E-1,
-2.110580744765E-1));
#1416=CARTESIAN_POINT('',(7.476622702616E-1,7.812457483591E-1,
-2.156291996577E-1));
#1417=CARTESIAN_POINT('',(7.671489938006E-1,7.720996361157E-1,
-2.206861497413E-1));
#1418=CARTESIAN_POINT('',(7.856058434496E-1,7.617736474281E-1,
-2.260623720261E-1));
#1419=CARTESIAN_POINT('',(8.029091386147E-1,7.504415234875E-1,
-2.316432558598E-1));
#1420=CARTESIAN_POINT('',(8.189992606941E-1,7.382629712767E-1,
-2.373361561865E-1));
#1421=CARTESIAN_POINT('',(8.338820451879E-1,7.253599910603E-1,
-2.430749561505E-1));
#1422=CARTESIAN_POINT('',(8.476015599704E-1,7.118116137393E-1,
-2.488153652887E-1));
#1423=CARTESIAN_POINT('',(8.601883747046E-1,6.976921648440E-1,
-2.545143210499E-1));
#1424=CARTESIAN_POINT('',(8.716464596475E-1,6.830995307721E-1,
-2.601185968220E-1));
#1425=CARTESIAN_POINT('',(8.819816079953E-1,6.681356105923E-1,
-2.655734437620E-1));
#1426=CARTESIAN_POINT('',(8.912066991035E-1,6.529003244766E-1,
-2.708242387053E-1));
#1427=CARTESIAN_POINT('',(8.993416987131E-1,6.374912777585E-1,
-2.758159247302E-1));
#1428=CARTESIAN_POINT('',(9.064139270393E-1,6.220028743542E-1,
-2.804928013008E-1));
#1429=CARTESIAN_POINT('',(9.124594517111E-1,6.065205591532E-1,
-2.847996728064E-1));
#1430=CARTESIAN_POINT('',(9.175153622033E-1,5.911381848890E-1,
-2.886767824434E-1));
#1431=CARTESIAN_POINT('',(9.216199937457E-1,5.759742587805E-1,
-2.920593158215E-1));
#1432=CARTESIAN_POINT('',(9.248296172155E-1,5.611235284183E-1,
-2.948933352335E-1));
#1433=CARTESIAN_POINT('',(9.272171076554E-1,5.466160077059E-1,
-2.971426292435E-1));
#1434=CARTESIAN_POINT('',(9.288551344145E-1,5.324207455110E-1,
-2.987804925523E-1));
#1435=CARTESIAN_POINT('',(9.298002375981E-1,5.185234477535E-1,
-2.997774424403E-1));
#1436=CARTESIAN_POINT('',(9.299999999657E-1,5.094689640927E-1,
-3.000002470218E-1));
#1437=CARTESIAN_POINT('',(9.300000003647E-1,5.050000000002E-1,
-2.999999904299E-1));
#1439=CARTESIAN_POINT('',(6.300009147267E-1,1.005000019801E0,
-2.000000224444E-1));
#1440=DIRECTION('',(9.999999999773E-1,-5.137180716875E-6,4.353703273181E-6));
#1441=DIRECTION('',(-4.353703781668E-6,-9.900569863721E-8,9.999999999905E-1));
#1442=AXIS2_PLACEMENT_3D('',#1439,#1440,#1441);
#1444=CARTESIAN_POINT('',(1.23E0,5.050003412238E-1,-3.E-1));
#1445=DIRECTION('',(0.E0,1.E0,0.E0));
#1446=DIRECTION('',(-1.E0,0.E0,0.E0));
#1447=AXIS2_PLACEMENT_3D('',#1444,#1445,#1446);
#1449=DIRECTION('',(1.346376327228E-9,5.018208009737E-13,-1.E0));
#1450=VECTOR('',#1449,1.000000012269E-1);
#1451=CARTESIAN_POINT('',(9.299999998654E-1,-5.050000000001E-1,
-2.999999987731E-1));
#1452=LINE('',#1451,#1450);
#1453=DIRECTION('',(-3.647108932216E-9,-1.851851827851E-12,-1.E0));
#1454=VECTOR('',#1453,1.000000095701E-1);
#1455=CARTESIAN_POINT('',(9.300000003647E-1,5.050000000002E-1,
-2.999999904299E-1));
#1456=LINE('',#1455,#1454);
#1457=DIRECTION('',(-4.944044074029E-10,-1.E0,-8.260542964725E-9));
#1458=VECTOR('',#1457,1.01E0);
#1459=CARTESIAN_POINT('',(9.300000003647E-1,5.050000000002E-1,
-2.999999904299E-1));
#1460=LINE('',#1459,#1458);
#1461=CARTESIAN_POINT('',(8.3E-1,-5.05E-1,-4.E-1));
#1462=DIRECTION('',(0.E0,0.E0,1.E0));
#1463=DIRECTION('',(0.E0,-1.E0,0.E0));
#1464=AXIS2_PLACEMENT_3D('',#1461,#1462,#1463);
#1466=DIRECTION('',(1.E0,0.E0,0.E0));
#1467=VECTOR('',#1466,1.66E0);
#1468=CARTESIAN_POINT('',(-8.3E-1,-6.05E-1,-4.E-1));
#1469=LINE('',#1468,#1467);
#1470=CARTESIAN_POINT('',(-8.3E-1,-5.05E-1,-4.E-1));
#1471=DIRECTION('',(0.E0,0.E0,1.E0));
#1472=DIRECTION('',(-1.E0,0.E0,0.E0));
#1473=AXIS2_PLACEMENT_3D('',#1470,#1471,#1472);
#1475=DIRECTION('',(0.E0,-1.E0,0.E0));
#1476=VECTOR('',#1475,1.01E0);
#1477=CARTESIAN_POINT('',(-9.3E-1,5.05E-1,-4.E-1));
#1478=LINE('',#1477,#1476);
#1479=CARTESIAN_POINT('',(-6.3E-1,5.05E-1,-4.E-1));
#1480=DIRECTION('',(0.E0,0.E0,1.E0));
#1481=DIRECTION('',(0.E0,1.E0,0.E0));
#1482=AXIS2_PLACEMENT_3D('',#1479,#1480,#1481);
#1484=DIRECTION('',(-1.E0,0.E0,0.E0));
#1485=VECTOR('',#1484,1.26E0);
#1486=CARTESIAN_POINT('',(6.3E-1,8.05E-1,-4.E-1));
#1487=LINE('',#1486,#1485);
#1488=CARTESIAN_POINT('',(6.3E-1,5.05E-1,-4.E-1));
#1489=DIRECTION('',(0.E0,0.E0,1.E0));
#1490=DIRECTION('',(1.E0,0.E0,0.E0));
#1491=AXIS2_PLACEMENT_3D('',#1488,#1489,#1490);
#1493=DIRECTION('',(0.E0,1.E0,0.E0));
#1494=VECTOR('',#1493,1.01E0);
#1495=CARTESIAN_POINT('',(9.3E-1,-5.05E-1,-4.E-1));
#1496=LINE('',#1495,#1494);
#1497=DIRECTION('',(-3.251367508596E-13,-2.399323718932E-8,-1.E0));
#1498=VECTOR('',#1497,3.499999914596E-1);
#1499=CARTESIAN_POINT('',(8.300000000001E-1,-6.049999916024E-1,
-5.000000854035E-2));
#1500=LINE('',#1499,#1498);
#1501=DIRECTION('',(-1.E0,-1.145415623125E-9,7.006683804104E-10));
#1502=VECTOR('',#1501,1.660000000001E0);
#1503=CARTESIAN_POINT('',(8.300000000001E-1,-6.049999916024E-1,
-5.000000854035E-2));
#1504=LINE('',#1503,#1502);
#1505=DIRECTION('',(1.452806159989E-12,-1.856069432540E-8,-1.E0));
#1506=VECTOR('',#1505,3.499999926228E-1);
#1507=CARTESIAN_POINT('',(-8.300000000005E-1,-6.049999935038E-1,
-5.000000737724E-2));
#1508=LINE('',#1507,#1506);
#1509=DIRECTION('',(-1.422433263775E-9,5.373479369308E-13,-1.E0));
#1510=VECTOR('',#1509,1.000000013004E-1);
#1511=CARTESIAN_POINT('',(-9.299999998578E-1,-5.050000000001E-1,
-2.999999986996E-1));
#1512=LINE('',#1511,#1510);
#1513=DIRECTION('',(-1.035226360081E-9,1.E0,2.264634464553E-9));
#1514=VECTOR('',#1513,1.01E0);
#1515=CARTESIAN_POINT('',(-9.299999998578E-1,-5.050000000001E-1,
-2.999999986996E-1));
#1516=LINE('',#1515,#1514);
#1517=DIRECTION('',(9.033353740680E-9,9.769962266184E-13,-1.E0));
#1518=VECTOR('',#1517,1.000000035877E-1);
#1519=CARTESIAN_POINT('',(-9.300000009033E-1,5.049999999999E-1,
-2.999999964123E-1));
#1520=LINE('',#1519,#1518);
#1521=DIRECTION('',(1.E0,4.030849728072E-9,-6.882786272138E-9));
#1522=VECTOR('',#1521,1.26E0);
#1523=CARTESIAN_POINT('',(-6.299999999999E-1,8.049999923016E-1,
-1.999999982751E-1));
#1524=LINE('',#1523,#1522);
#1525=DIRECTION('',(-1.298405872402E-12,1.309768117275E-8,-1.E0));
#1526=VECTOR('',#1525,1.999999930526E-1);
#1527=CARTESIAN_POINT('',(6.300000000003E-1,8.049999973805E-1,
-2.000000069474E-1));
#1528=LINE('',#1527,#1526);
#1529=DIRECTION('',(-3.708144870267E-13,3.849203367265E-8,-1.E0));
#1530=VECTOR('',#1529,2.000000017249E-1);
#1531=CARTESIAN_POINT('',(-6.299999999999E-1,8.049999923016E-1,
-1.999999982751E-1));
#1532=LINE('',#1531,#1530);
#1533=CARTESIAN_POINT('',(9.299999998654E-1,-5.050000000001E-1,
-2.999999987731E-1));
#1534=CARTESIAN_POINT('',(9.300000004978E-1,-5.056102915302E-1,
-3.000000110765E-1));
#1535=CARTESIAN_POINT('',(9.299886931148E-1,-5.068374321500E-1,
-2.998867459366E-1));
#1536=CARTESIAN_POINT('',(9.299384910695E-1,-5.086666569463E-1,
-2.993714189504E-1));
#1537=CARTESIAN_POINT('',(9.298509498487E-1,-5.105754816140E-1,
-2.984545785363E-1));
#1538=CARTESIAN_POINT('',(9.297169339619E-1,-5.126178071454E-1,
-2.970229853517E-1));
#1539=CARTESIAN_POINT('',(9.295267991292E-1,-5.148045698960E-1,
-2.949512455593E-1));
#1540=CARTESIAN_POINT('',(9.292716634768E-1,-5.171267222344E-1,
-2.921170451249E-1));
#1541=CARTESIAN_POINT('',(9.289440042660E-1,-5.195673107206E-1,
-2.884125918292E-1));
#1542=CARTESIAN_POINT('',(9.285373448264E-1,-5.221072785954E-1,
-2.837485837647E-1));
#1543=CARTESIAN_POINT('',(9.280519071310E-1,-5.247033571784E-1,
-2.781317622579E-1));
#1544=CARTESIAN_POINT('',(9.274739709098E-1,-5.273944380175E-1,
-2.714373947579E-1));
#1545=CARTESIAN_POINT('',(9.267732955504E-1,-5.302597812356E-1,
-2.633983893632E-1));
#1546=CARTESIAN_POINT('',(9.259149727810E-1,-5.333574167434E-1,
-2.537868280217E-1));
#1547=CARTESIAN_POINT('',(9.248398041598E-1,-5.367833825191E-1,
-2.422832704597E-1));
#1548=CARTESIAN_POINT('',(9.234966895262E-1,-5.405579664529E-1,
-2.289312991438E-1));
#1549=CARTESIAN_POINT('',(9.217933626703E-1,-5.447727302042E-1,
-2.137083290922E-1));
#1550=CARTESIAN_POINT('',(9.195639356674E-1,-5.496050818641E-1,
-1.964396640349E-1));
#1551=CARTESIAN_POINT('',(9.165084069438E-1,-5.553326133881E-1,
-1.768172879805E-1));
#1552=CARTESIAN_POINT('',(9.123624388661E-1,-5.619133311960E-1,
-1.558401764070E-1));
#1553=CARTESIAN_POINT('',(9.072436039193E-1,-5.687040056241E-1,
-1.359996395250E-1));
#1554=CARTESIAN_POINT('',(9.015034492238E-1,-5.750806163305E-1,
-1.188371509628E-1));
#1555=CARTESIAN_POINT('',(8.953963211611E-1,-5.808020495676E-1,
-1.044568097132E-1));
#1556=CARTESIAN_POINT('',(8.890397341312E-1,-5.858425150653E-1,
-9.246105179203E-2));
#1557=CARTESIAN_POINT('',(8.825352755569E-1,-5.902036681246E-1,
-8.250586116822E-2));
#1558=CARTESIAN_POINT('',(8.759939733072E-1,-5.938962761910E-1,
-7.432242313294E-2));
#1559=CARTESIAN_POINT('',(8.694957640490E-1,-5.969589845231E-1,
-6.765845983132E-2));
#1560=CARTESIAN_POINT('',(8.631196411066E-1,-5.994348826897E-1,
-6.231445503301E-2));
#1561=CARTESIAN_POINT('',(8.568957944343E-1,-6.013851130046E-1,
-5.809861206884E-2));
#1562=CARTESIAN_POINT('',(8.508954188121E-1,-6.028533679249E-1,
-5.489103605310E-2));
#1563=CARTESIAN_POINT('',(8.452149704118E-1,-6.038882231440E-1,
-5.258719706535E-2));
#1564=CARTESIAN_POINT('',(8.398507829084E-1,-6.045594429679E-1,
-5.105268561912E-2));
#1565=CARTESIAN_POINT('',(8.347821335991E-1,-6.049264415472E-1,
-5.018385750777E-2));
#1566=CARTESIAN_POINT('',(8.315633516827E-1,-6.049999956296E-1,
-5.000000596875E-2));
#1567=CARTESIAN_POINT('',(8.300000000001E-1,-6.049999916024E-1,
-5.000000854035E-2));
#1569=CARTESIAN_POINT('',(1.229999992068E0,-5.050000009429E-1,
-2.999999950923E-1));
#1570=DIRECTION('',(2.355454292657E-9,-1.E0,0.E0));
#1571=DIRECTION('',(2.644003895852E-8,0.E0,1.E0));
#1572=AXIS2_PLACEMENT_3D('',#1569,#1570,#1571);
#1574=CARTESIAN_POINT('',(-3.81E0,1.26E0,0.E0));
#1575=CARTESIAN_POINT('',(-3.81E0,-1.26E0,0.E0));
#1576=VERTEX_POINT('',#1574);
#1577=VERTEX_POINT('',#1575);
#1578=CARTESIAN_POINT('',(3.81E0,-1.26E0,0.E0));
#1579=VERTEX_POINT('',#1578);
#1580=CARTESIAN_POINT('',(3.81E0,1.26E0,0.E0));
#1581=VERTEX_POINT('',#1580);
#1582=CARTESIAN_POINT('',(-3.81E0,1.26E0,-7.E0));
#1583=CARTESIAN_POINT('',(-3.81E0,-1.26E0,-7.E0));
#1584=VERTEX_POINT('',#1582);
#1585=VERTEX_POINT('',#1583);
#1586=CARTESIAN_POINT('',(3.81E0,-1.26E0,-7.E0));
#1587=VERTEX_POINT('',#1586);
#1588=CARTESIAN_POINT('',(3.81E0,1.26E0,-7.E0));
#1589=VERTEX_POINT('',#1588);
#1590=CARTESIAN_POINT('',(2.19E0,-1.E-1,-7.575128869404E0));
#1591=CARTESIAN_POINT('',(2.19E0,-1.E-1,-1.E1));
#1592=VERTEX_POINT('',#1590);
#1593=VERTEX_POINT('',#1591);
#1594=CARTESIAN_POINT('',(2.19E0,1.E-1,-1.E1));
#1595=VERTEX_POINT('',#1594);
#1596=CARTESIAN_POINT('',(2.19E0,1.E-1,-7.575128869404E0));
#1597=VERTEX_POINT('',#1596);
#1598=CARTESIAN_POINT('',(2.89E0,-1.E-1,-7.575128869404E0));
#1599=CARTESIAN_POINT('',(2.89E0,-1.E-1,-1.E1));
#1600=VERTEX_POINT('',#1598);
#1601=VERTEX_POINT('',#1599);
#1602=CARTESIAN_POINT('',(2.89E0,1.E-1,-1.E1));
#1603=VERTEX_POINT('',#1602);
#1604=CARTESIAN_POINT('',(2.89E0,1.E-1,-7.575128869404E0));
#1605=VERTEX_POINT('',#1604);
#1606=CARTESIAN_POINT('',(2.19E0,-1.E-1,-7.E0));
#1607=CARTESIAN_POINT('',(2.19E0,1.E-1,-7.E0));
#1608=VERTEX_POINT('',#1606);
#1609=VERTEX_POINT('',#1607);
#1610=CARTESIAN_POINT('',(2.89E0,-1.E-1,-7.E0));
#1611=CARTESIAN_POINT('',(2.89E0,1.E-1,-7.E0));
#1612=VERTEX_POINT('',#1610);
#1613=VERTEX_POINT('',#1611);
#1614=CARTESIAN_POINT('',(-3.5E-1,-1.E-1,-7.575128869404E0));
#1615=CARTESIAN_POINT('',(-3.5E-1,-1.E-1,-1.E1));
#1616=VERTEX_POINT('',#1614);
#1617=VERTEX_POINT('',#1615);
#1618=CARTESIAN_POINT('',(-3.5E-1,1.E-1,-1.E1));
#1619=VERTEX_POINT('',#1618);
#1620=CARTESIAN_POINT('',(-3.5E-1,1.E-1,-7.575128869404E0));
#1621=VERTEX_POINT('',#1620);
#1622=CARTESIAN_POINT('',(3.5E-1,-1.E-1,-7.575128869404E0));
#1623=CARTESIAN_POINT('',(3.5E-1,-1.E-1,-1.E1));
#1624=VERTEX_POINT('',#1622);
#1625=VERTEX_POINT('',#1623);
#1626=CARTESIAN_POINT('',(3.5E-1,1.E-1,-1.E1));
#1627=VERTEX_POINT('',#1626);
#1628=CARTESIAN_POINT('',(3.5E-1,1.E-1,-7.575128869404E0));
#1629=VERTEX_POINT('',#1628);
#1630=CARTESIAN_POINT('',(-3.5E-1,-1.E-1,-7.E0));
#1631=CARTESIAN_POINT('',(-3.5E-1,1.E-1,-7.E0));
#1632=VERTEX_POINT('',#1630);
#1633=VERTEX_POINT('',#1631);
#1634=CARTESIAN_POINT('',(3.5E-1,-1.E-1,-7.E0));
#1635=CARTESIAN_POINT('',(3.5E-1,1.E-1,-7.E0));
#1636=VERTEX_POINT('',#1634);
#1637=VERTEX_POINT('',#1635);
#1638=CARTESIAN_POINT('',(3.11E0,-1.E0,-6.9E0));
#1639=CARTESIAN_POINT('',(1.91E0,-1.E0,-6.9E0));
#1640=VERTEX_POINT('',#1638);
#1641=VERTEX_POINT('',#1639);
#1642=CARTESIAN_POINT('',(1.91E0,-8.5E-1,-6.9E0));
#1643=VERTEX_POINT('',#1642);
#1644=CARTESIAN_POINT('',(2.088723382950E0,-7.E-1,-6.9E0));
#1645=VERTEX_POINT('',#1644);
#1646=CARTESIAN_POINT('',(2.292978749275E0,-7.E-1,-6.9E0));
#1647=VERTEX_POINT('',#1646);
#1648=CARTESIAN_POINT('',(2.114255294800E0,-8.5E-1,-6.9E0));
#1649=VERTEX_POINT('',#1648);
#1650=CARTESIAN_POINT('',(3.11E0,-8.5E-1,-6.9E0));
#1651=VERTEX_POINT('',#1650);
#1652=CARTESIAN_POINT('',(1.91E0,-1.E0,-7.E0));
#1653=CARTESIAN_POINT('',(1.91E0,-8.5E-1,-7.E0));
#1654=VERTEX_POINT('',#1652);
#1655=VERTEX_POINT('',#1653);
#1656=CARTESIAN_POINT('',(2.088723382950E0,-7.E-1,-7.E0));
#1657=VERTEX_POINT('',#1656);
#1658=CARTESIAN_POINT('',(2.292978749275E0,-7.E-1,-7.E0));
#1659=VERTEX_POINT('',#1658);
#1660=CARTESIAN_POINT('',(2.114255294800E0,-8.5E-1,-7.E0));
#1661=VERTEX_POINT('',#1660);
#1662=CARTESIAN_POINT('',(3.11E0,-8.5E-1,-7.E0));
#1663=VERTEX_POINT('',#1662);
#1664=CARTESIAN_POINT('',(3.11E0,-1.E0,-7.E0));
#1665=VERTEX_POINT('',#1664);
#1666=CARTESIAN_POINT('',(8.3E-1,-6.05E-1,-4.E-1));
#1667=CARTESIAN_POINT('',(9.3E-1,-5.05E-1,-4.E-1));
#1668=VERTEX_POINT('',#1666);
#1669=VERTEX_POINT('',#1667);
#1670=CARTESIAN_POINT('',(9.299999998654E-1,-5.050000000001E-1,
-2.999999987731E-1));
#1671=VERTEX_POINT('',#1670);
#1672=CARTESIAN_POINT('',(8.300000000001E-1,-6.049999916024E-1,
-5.000000854035E-2));
#1673=VERTEX_POINT('',#1672);
#1674=CARTESIAN_POINT('',(-9.3E-1,-5.05E-1,-4.E-1));
#1675=CARTESIAN_POINT('',(-8.3E-1,-6.05E-1,-4.E-1));
#1676=VERTEX_POINT('',#1674);
#1677=VERTEX_POINT('',#1675);
#1678=CARTESIAN_POINT('',(-8.300000000005E-1,-6.049999935038E-1,
-5.000000737724E-2));
#1679=VERTEX_POINT('',#1678);
#1680=CARTESIAN_POINT('',(-9.299999998578E-1,-5.050000000001E-1,
-2.999999986996E-1));
#1681=VERTEX_POINT('',#1680);
#1682=CARTESIAN_POINT('',(8.299988986497E-1,-6.549999850170E-1,
-4.385641613758E-9));
#1683=CARTESIAN_POINT('',(-8.300025004542E-1,-6.550000394191E-1,
-3.514367359625E-9));
#1684=VERTEX_POINT('',#1682);
#1685=VERTEX_POINT('',#1683);
#1686=CARTESIAN_POINT('',(9.300000003647E-1,5.050000000002E-1,
-2.999999904299E-1));
#1687=VERTEX_POINT('',#1686);
#1688=CARTESIAN_POINT('',(1.23E0,5.050000000303E-1,-1.975502640361E-7));
#1689=CARTESIAN_POINT('',(1.229999997356E0,-5.050000000001E-1,
-1.367067052153E-9));
#1690=VERTEX_POINT('',#1688);
#1691=VERTEX_POINT('',#1689);
#1692=CARTESIAN_POINT('',(-6.299999999988E-1,1.005E0,4.103013218996E-8));
#1693=CARTESIAN_POINT('',(6.3E-1,1.005E0,3.061646140316E-9));
#1694=VERTEX_POINT('',#1692);
#1695=VERTEX_POINT('',#1693);
#1696=CARTESIAN_POINT('',(-6.299999999999E-1,8.049999923016E-1,
-1.999999982751E-1));
#1697=CARTESIAN_POINT('',(6.300000000003E-1,8.049999973805E-1,
-2.000000069474E-1));
#1698=VERTEX_POINT('',#1696);
#1699=VERTEX_POINT('',#1697);
#1700=CARTESIAN_POINT('',(-1.229999997201E0,-5.050000000001E-1,
-1.444729447186E-9));
#1701=CARTESIAN_POINT('',(-1.23E0,5.049999999804E-1,-1.293992512956E-7));
#1702=VERTEX_POINT('',#1700);
#1703=VERTEX_POINT('',#1701);
#1704=CARTESIAN_POINT('',(-9.300000009033E-1,5.049999999999E-1,
-2.999999964123E-1));
#1705=VERTEX_POINT('',#1704);
#1706=CARTESIAN_POINT('',(-9.3E-1,5.05E-1,-4.E-1));
#1707=VERTEX_POINT('',#1706);
#1708=CARTESIAN_POINT('',(9.3E-1,5.05E-1,-4.E-1));
#1709=VERTEX_POINT('',#1708);
#1710=CARTESIAN_POINT('',(3.47E0,5.05E-1,-4.E-1));
#1711=CARTESIAN_POINT('',(3.37E0,6.05E-1,-4.E-1));
#1712=VERTEX_POINT('',#1710);
#1713=VERTEX_POINT('',#1711);
#1714=CARTESIAN_POINT('',(3.370000000001E0,6.049999935038E-1,
-5.000000737724E-2));
#1715=VERTEX_POINT('',#1714);
#1716=CARTESIAN_POINT('',(3.469999999858E0,5.050000000001E-1,
-2.999999986996E-1));
#1717=VERTEX_POINT('',#1716);
#1718=CARTESIAN_POINT('',(1.71E0,6.049999916024E-1,-5.000000854035E-2));
#1719=VERTEX_POINT('',#1718);
#1720=CARTESIAN_POINT('',(1.71E0,6.550000014032E-1,-4.385641634574E-9));
#1721=CARTESIAN_POINT('',(3.37E0,6.550000019947E-1,-3.514367392006E-9));
#1722=VERTEX_POINT('',#1720);
#1723=VERTEX_POINT('',#1721);
#1724=CARTESIAN_POINT('',(1.71E0,6.05E-1,-4.E-1));
#1725=CARTESIAN_POINT('',(1.61E0,5.05E-1,-4.E-1));
#1726=VERTEX_POINT('',#1724);
#1727=VERTEX_POINT('',#1725);
#1728=CARTESIAN_POINT('',(1.610000000135E0,5.05E-1,-2.999999987731E-1));
#1729=VERTEX_POINT('',#1728);
#1730=CARTESIAN_POINT('',(3.769999997201E0,5.050000000001E-1,
-1.444729632224E-9));
#1731=CARTESIAN_POINT('',(3.77E0,-5.049999999804E-1,-1.293992464106E-7));
#1732=VERTEX_POINT('',#1730);
#1733=VERTEX_POINT('',#1731);
#1734=CARTESIAN_POINT('',(3.470000000903E0,-5.049999999999E-1,
-2.999999964123E-1));
#1735=VERTEX_POINT('',#1734);
#1736=CARTESIAN_POINT('',(3.169999999999E0,-1.005E0,4.103013072817E-8));
#1737=CARTESIAN_POINT('',(1.91E0,-1.005E0,3.061646584405E-9));
#1738=VERTEX_POINT('',#1736);
#1739=VERTEX_POINT('',#1737);
#1740=CARTESIAN_POINT('',(3.17E0,-8.049999923016E-1,-1.999999982751E-1));
#1741=CARTESIAN_POINT('',(1.91E0,-8.049999973805E-1,-2.000000069474E-1));
#1742=VERTEX_POINT('',#1740);
#1743=VERTEX_POINT('',#1741);
#1744=CARTESIAN_POINT('',(1.609999999635E0,-5.050000000002E-1,
-2.999999904299E-1));
#1745=VERTEX_POINT('',#1744);
#1746=CARTESIAN_POINT('',(1.31E0,-5.050000000303E-1,-1.975502698833E-7));
#1747=CARTESIAN_POINT('',(1.310000002644E0,5.050000000001E-1,
-1.367067496242E-9));
#1748=VERTEX_POINT('',#1746);
#1749=VERTEX_POINT('',#1747);
#1750=CARTESIAN_POINT('',(3.47E0,-5.05E-1,-4.E-1));
#1751=VERTEX_POINT('',#1750);
#1752=CARTESIAN_POINT('',(1.61E0,-5.05E-1,-4.E-1));
#1753=VERTEX_POINT('',#1752);
#1754=CARTESIAN_POINT('',(6.3E-1,8.05E-1,-4.E-1));
#1755=VERTEX_POINT('',#1754);
#1756=CARTESIAN_POINT('',(-6.3E-1,8.05E-1,-4.E-1));
#1757=VERTEX_POINT('',#1756);
#1758=CARTESIAN_POINT('',(1.91E0,-8.05E-1,-4.E-1));
#1759=VERTEX_POINT('',#1758);
#1760=CARTESIAN_POINT('',(3.17E0,-8.05E-1,-4.E-1));
#1761=VERTEX_POINT('',#1760);
#1762=CARTESIAN_POINT('',(-2.89E0,1.E-1,-1.E1));
#1763=CARTESIAN_POINT('',(-2.89E0,1.E-1,-7.575128869404E0));
#1764=VERTEX_POINT('',#1762);
#1765=VERTEX_POINT('',#1763);
#1766=CARTESIAN_POINT('',(-2.89E0,-1.E-1,-7.575128869404E0));
#1767=CARTESIAN_POINT('',(-2.89E0,-1.E-1,-1.E1));
#1768=VERTEX_POINT('',#1766);
#1769=VERTEX_POINT('',#1767);
#1770=CARTESIAN_POINT('',(-2.19E0,1.E-1,-1.E1));
#1771=CARTESIAN_POINT('',(-2.19E0,1.E-1,-7.575128869404E0));
#1772=VERTEX_POINT('',#1770);
#1773=VERTEX_POINT('',#1771);
#1774=CARTESIAN_POINT('',(-2.19E0,-1.E-1,-7.575128869404E0));
#1775=CARTESIAN_POINT('',(-2.19E0,-1.E-1,-1.E1));
#1776=VERTEX_POINT('',#1774);
#1777=VERTEX_POINT('',#1775);
#1778=CARTESIAN_POINT('',(-2.89E0,-1.E-1,-7.E0));
#1779=CARTESIAN_POINT('',(-2.89E0,1.E-1,-7.E0));
#1780=VERTEX_POINT('',#1778);
#1781=VERTEX_POINT('',#1779);
#1782=CARTESIAN_POINT('',(-2.19E0,-1.E-1,-7.E0));
#1783=CARTESIAN_POINT('',(-2.19E0,1.E-1,-7.E0));
#1784=VERTEX_POINT('',#1782);
#1785=VERTEX_POINT('',#1783);
#1786=CARTESIAN_POINT('',(-3.47E0,-5.05E-1,-4.E-1));
#1787=CARTESIAN_POINT('',(-3.17E0,-8.05E-1,-4.E-1));
#1788=VERTEX_POINT('',#1786);
#1789=VERTEX_POINT('',#1787);
#1790=CARTESIAN_POINT('',(-3.17E0,-8.049999973805E-1,-2.000000069474E-1));
#1791=VERTEX_POINT('',#1790);
#1792=CARTESIAN_POINT('',(-3.470000000365E0,-5.050000000002E-1,
-2.999999904299E-1));
#1793=VERTEX_POINT('',#1792);
#1794=CARTESIAN_POINT('',(-1.91E0,-8.049999923016E-1,-1.999999982751E-1));
#1795=VERTEX_POINT('',#1794);
#1796=CARTESIAN_POINT('',(-1.910000000001E0,-1.005E0,4.103013220846E-8));
#1797=CARTESIAN_POINT('',(-3.170002844093E0,-1.004999956435E0,
3.061646232834E-9));
#1798=VERTEX_POINT('',#1796);
#1799=VERTEX_POINT('',#1797);
#1800=CARTESIAN_POINT('',(-1.91E0,-8.05E-1,-4.E-1));
#1801=CARTESIAN_POINT('',(-1.61E0,-5.05E-1,-4.E-1));
#1802=VERTEX_POINT('',#1800);
#1803=VERTEX_POINT('',#1801);
#1804=CARTESIAN_POINT('',(-1.609999999097E0,-5.049999999999E-1,
-2.999999964123E-1));
#1805=VERTEX_POINT('',#1804);
#1806=CARTESIAN_POINT('',(-1.610000000142E0,5.050000000001E-1,
-2.999999986996E-1));
#1807=VERTEX_POINT('',#1806);
#1808=CARTESIAN_POINT('',(-1.310000002799E0,5.050000000001E-1,
-1.444729558209E-9));
#1809=CARTESIAN_POINT('',(-1.31E0,-5.049999999804E-1,-1.293992512585E-7));
#1810=VERTEX_POINT('',#1808);
#1811=VERTEX_POINT('',#1809);
#1812=CARTESIAN_POINT('',(-1.61E0,5.05E-1,-4.E-1));
#1813=CARTESIAN_POINT('',(-1.71E0,6.05E-1,-4.E-1));
#1814=VERTEX_POINT('',#1812);
#1815=VERTEX_POINT('',#1813);
#1816=CARTESIAN_POINT('',(-1.709999999999E0,6.049999935038E-1,
-5.000000737724E-2));
#1817=VERTEX_POINT('',#1816);
#1818=CARTESIAN_POINT('',(-3.37E0,6.049999916024E-1,-5.000000854035E-2));
#1819=VERTEX_POINT('',#1818);
#1820=CARTESIAN_POINT('',(-3.369999887195E0,6.549999997249E-1,
-4.385641636887E-9));
#1821=CARTESIAN_POINT('',(-1.71E0,6.550000019947E-1,-3.514367350373E-9));
#1822=VERTEX_POINT('',#1820);
#1823=VERTEX_POINT('',#1821);
#1824=CARTESIAN_POINT('',(-3.37E0,6.05E-1,-4.E-1));
#1825=CARTESIAN_POINT('',(-3.47E0,5.05E-1,-4.E-1));
#1826=VERTEX_POINT('',#1824);
#1827=VERTEX_POINT('',#1825);
#1828=CARTESIAN_POINT('',(-3.469999999865E0,5.050000000001E-1,
-2.999999987731E-1));
#1829=VERTEX_POINT('',#1828);
#1830=CARTESIAN_POINT('',(-3.77E0,-5.050000000303E-1,-1.975502638326E-7));
#1831=CARTESIAN_POINT('',(-3.769999997356E0,5.050000000001E-1,
-1.367067311205E-9));
#1832=VERTEX_POINT('',#1830);
#1833=VERTEX_POINT('',#1831);
#1834=CARTESIAN_POINT('',(0.E0,0.E0,0.E0));
#1835=DIRECTION('',(0.E0,0.E0,1.E0));
#1836=DIRECTION('',(1.E0,0.E0,0.E0));
#1837=AXIS2_PLACEMENT_3D('',#1834,#1835,#1836);
#1838=PLANE('',#1837);
#1840=ORIENTED_EDGE('',*,*,#1839,.F.);
#1842=ORIENTED_EDGE('',*,*,#1841,.F.);
#1844=ORIENTED_EDGE('',*,*,#1843,.F.);
#1846=ORIENTED_EDGE('',*,*,#1845,.F.);
#1847=EDGE_LOOP('',(#1840,#1842,#1844,#1846));
#1848=FACE_OUTER_BOUND('',#1847,.F.);
#1850=ORIENTED_EDGE('',*,*,#1849,.F.);
#1852=ORIENTED_EDGE('',*,*,#1851,.F.);
#1854=ORIENTED_EDGE('',*,*,#1853,.F.);
#1856=ORIENTED_EDGE('',*,*,#1855,.F.);
#1858=ORIENTED_EDGE('',*,*,#1857,.F.);
#1860=ORIENTED_EDGE('',*,*,#1859,.F.);
#1862=ORIENTED_EDGE('',*,*,#1861,.F.);
#1864=ORIENTED_EDGE('',*,*,#1863,.F.);
#1865=EDGE_LOOP('',(#1850,#1852,#1854,#1856,#1858,#1860,#1862,#1864));
#1866=FACE_BOUND('',#1865,.F.);
#1868=ORIENTED_EDGE('',*,*,#1867,.F.);
#1870=ORIENTED_EDGE('',*,*,#1869,.F.);
#1872=ORIENTED_EDGE('',*,*,#1871,.F.);
#1874=ORIENTED_EDGE('',*,*,#1873,.F.);
#1876=ORIENTED_EDGE('',*,*,#1875,.F.);
#1878=ORIENTED_EDGE('',*,*,#1877,.F.);
#1880=ORIENTED_EDGE('',*,*,#1879,.F.);
#1882=ORIENTED_EDGE('',*,*,#1881,.F.);
#1883=EDGE_LOOP('',(#1868,#1870,#1872,#1874,#1876,#1878,#1880,#1882));
#1884=FACE_BOUND('',#1883,.F.);
#1886=ORIENTED_EDGE('',*,*,#1885,.F.);
#1888=ORIENTED_EDGE('',*,*,#1887,.F.);
#1890=ORIENTED_EDGE('',*,*,#1889,.F.);
#1892=ORIENTED_EDGE('',*,*,#1891,.F.);
#1894=ORIENTED_EDGE('',*,*,#1893,.F.);
#1896=ORIENTED_EDGE('',*,*,#1895,.F.);
#1898=ORIENTED_EDGE('',*,*,#1897,.F.);
#1900=ORIENTED_EDGE('',*,*,#1899,.F.);
#1901=EDGE_LOOP('',(#1886,#1888,#1890,#1892,#1894,#1896,#1898,#1900));
#1902=FACE_BOUND('',#1901,.F.);
#1904=CARTESIAN_POINT('',(-3.81E0,1.26E0,0.E0));
#1905=DIRECTION('',(-1.E0,0.E0,0.E0));
#1906=DIRECTION('',(0.E0,-1.E0,0.E0));
#1907=AXIS2_PLACEMENT_3D('',#1904,#1905,#1906);
#1908=PLANE('',#1907);
#1909=ORIENTED_EDGE('',*,*,#1839,.T.);
#1911=ORIENTED_EDGE('',*,*,#1910,.T.);
#1913=ORIENTED_EDGE('',*,*,#1912,.F.);
#1915=ORIENTED_EDGE('',*,*,#1914,.F.);
#1916=EDGE_LOOP('',(#1909,#1911,#1913,#1915));
#1917=FACE_OUTER_BOUND('',#1916,.F.);
#1919=CARTESIAN_POINT('',(-3.81E0,-1.26E0,0.E0));
#1920=DIRECTION('',(0.E0,-1.E0,0.E0));
#1921=DIRECTION('',(1.E0,0.E0,0.E0));
#1922=AXIS2_PLACEMENT_3D('',#1919,#1920,#1921);
#1923=PLANE('',#1922);
#1924=ORIENTED_EDGE('',*,*,#1845,.T.);
#1926=ORIENTED_EDGE('',*,*,#1925,.T.);
#1928=ORIENTED_EDGE('',*,*,#1927,.F.);
#1929=ORIENTED_EDGE('',*,*,#1910,.F.);
#1930=EDGE_LOOP('',(#1924,#1926,#1928,#1929));
#1931=FACE_OUTER_BOUND('',#1930,.F.);
#1933=CARTESIAN_POINT('',(3.81E0,-1.26E0,0.E0));
#1934=DIRECTION('',(1.E0,0.E0,0.E0));
#1935=DIRECTION('',(0.E0,1.E0,0.E0));
#1936=AXIS2_PLACEMENT_3D('',#1933,#1934,#1935);
#1937=PLANE('',#1936);
#1938=ORIENTED_EDGE('',*,*,#1843,.T.);
#1940=ORIENTED_EDGE('',*,*,#1939,.T.);
#1942=ORIENTED_EDGE('',*,*,#1941,.F.);
#1943=ORIENTED_EDGE('',*,*,#1925,.F.);
#1944=EDGE_LOOP('',(#1938,#1940,#1942,#1943));
#1945=FACE_OUTER_BOUND('',#1944,.F.);
#1947=CARTESIAN_POINT('',(3.81E0,1.26E0,0.E0));
#1948=DIRECTION('',(0.E0,1.E0,0.E0));
#1949=DIRECTION('',(-1.E0,0.E0,0.E0));
#1950=AXIS2_PLACEMENT_3D('',#1947,#1948,#1949);
#1951=PLANE('',#1950);
#1952=ORIENTED_EDGE('',*,*,#1841,.T.);
#1953=ORIENTED_EDGE('',*,*,#1914,.T.);
#1955=ORIENTED_EDGE('',*,*,#1954,.F.);
#1956=ORIENTED_EDGE('',*,*,#1939,.F.);
#1957=EDGE_LOOP('',(#1952,#1953,#1955,#1956));
#1958=FACE_OUTER_BOUND('',#1957,.F.);
#1960=CARTESIAN_POINT('',(0.E0,0.E0,-7.E0));
#1961=DIRECTION('',(0.E0,0.E0,1.E0));
#1962=DIRECTION('',(1.E0,0.E0,0.E0));
#1963=AXIS2_PLACEMENT_3D('',#1960,#1961,#1962);
#1964=PLANE('',#1963);
#1965=ORIENTED_EDGE('',*,*,#1912,.T.);
#1966=ORIENTED_EDGE('',*,*,#1927,.T.);
#1967=ORIENTED_EDGE('',*,*,#1941,.T.);
#1968=ORIENTED_EDGE('',*,*,#1954,.T.);
#1969=EDGE_LOOP('',(#1965,#1966,#1967,#1968));
#1970=FACE_OUTER_BOUND('',#1969,.F.);
#1972=ORIENTED_EDGE('',*,*,#1971,.T.);
#1974=ORIENTED_EDGE('',*,*,#1973,.T.);
#1976=ORIENTED_EDGE('',*,*,#1975,.T.);
#1978=ORIENTED_EDGE('',*,*,#1977,.T.);
#1980=ORIENTED_EDGE('',*,*,#1979,.T.);
#1982=ORIENTED_EDGE('',*,*,#1981,.T.);
#1984=ORIENTED_EDGE('',*,*,#1983,.T.);
#1985=EDGE_LOOP('',(#1972,#1974,#1976,#1978,#1980,#1982,#1984));
#1986=FACE_BOUND('',#1985,.F.);
#1988=ORIENTED_EDGE('',*,*,#1987,.T.);
#1990=ORIENTED_EDGE('',*,*,#1989,.T.);
#1992=ORIENTED_EDGE('',*,*,#1991,.F.);
#1994=ORIENTED_EDGE('',*,*,#1993,.F.);
#1995=EDGE_LOOP('',(#1988,#1990,#1992,#1994));
#1996=FACE_BOUND('',#1995,.F.);
#1998=ORIENTED_EDGE('',*,*,#1997,.T.);
#2000=ORIENTED_EDGE('',*,*,#1999,.T.);
#2002=ORIENTED_EDGE('',*,*,#2001,.F.);
#2004=ORIENTED_EDGE('',*,*,#2003,.F.);
#2005=EDGE_LOOP('',(#1998,#2000,#2002,#2004));
#2006=FACE_BOUND('',#2005,.F.);
#2008=ORIENTED_EDGE('',*,*,#2007,.T.);
#2010=ORIENTED_EDGE('',*,*,#2009,.T.);
#2012=ORIENTED_EDGE('',*,*,#2011,.F.);
#2014=ORIENTED_EDGE('',*,*,#2013,.F.);
#2015=EDGE_LOOP('',(#2008,#2010,#2012,#2014));
#2016=FACE_BOUND('',#2015,.F.);
#2018=CARTESIAN_POINT('',(1.91E0,-1.E0,-7.E0));
#2019=DIRECTION('',(-1.E0,0.E0,0.E0));
#2020=DIRECTION('',(0.E0,1.E0,0.E0));
#2021=AXIS2_PLACEMENT_3D('',#2018,#2019,#2020);
#2022=PLANE('',#2021);
#2023=ORIENTED_EDGE('',*,*,#1971,.F.);
#2025=ORIENTED_EDGE('',*,*,#2024,.T.);
#2027=ORIENTED_EDGE('',*,*,#2026,.T.);
#2029=ORIENTED_EDGE('',*,*,#2028,.F.);
#2030=EDGE_LOOP('',(#2023,#2025,#2027,#2029));
#2031=FACE_OUTER_BOUND('',#2030,.F.);
#2033=CARTESIAN_POINT('',(3.11E0,-1.E0,-7.E0));
#2034=DIRECTION('',(0.E0,-1.E0,0.E0));
#2035=DIRECTION('',(-1.E0,0.E0,0.E0));
#2036=AXIS2_PLACEMENT_3D('',#2033,#2034,#2035);
#2037=PLANE('',#2036);
#2039=ORIENTED_EDGE('',*,*,#2038,.T.);
#2041=ORIENTED_EDGE('',*,*,#2040,.T.);
#2042=ORIENTED_EDGE('',*,*,#2024,.F.);
#2043=ORIENTED_EDGE('',*,*,#1983,.F.);
#2044=EDGE_LOOP('',(#2039,#2041,#2042,#2043));
#2045=FACE_OUTER_BOUND('',#2044,.F.);
#2047=CARTESIAN_POINT('',(3.11E0,-8.5E-1,-7.E0));
#2048=DIRECTION('',(1.E0,0.E0,0.E0));
#2049=DIRECTION('',(0.E0,-1.E0,0.E0));
#2050=AXIS2_PLACEMENT_3D('',#2047,#2048,#2049);
#2051=PLANE('',#2050);
#2052=ORIENTED_EDGE('',*,*,#1981,.F.);
#2054=ORIENTED_EDGE('',*,*,#2053,.T.);
#2056=ORIENTED_EDGE('',*,*,#2055,.T.);
#2057=ORIENTED_EDGE('',*,*,#2038,.F.);
#2058=EDGE_LOOP('',(#2052,#2054,#2056,#2057));
#2059=FACE_OUTER_BOUND('',#2058,.F.);
#2061=CARTESIAN_POINT('',(2.114255294800E0,-8.5E-1,-7.E0));
#2062=DIRECTION('',(0.E0,1.E0,0.E0));
#2063=DIRECTION('',(1.E0,0.E0,0.E0));
#2064=AXIS2_PLACEMENT_3D('',#2061,#2062,#2063);
#2065=PLANE('',#2064);
#2066=ORIENTED_EDGE('',*,*,#1979,.F.);
#2068=ORIENTED_EDGE('',*,*,#2067,.T.);
#2070=ORIENTED_EDGE('',*,*,#2069,.T.);
#2071=ORIENTED_EDGE('',*,*,#2053,.F.);
#2072=EDGE_LOOP('',(#2066,#2068,#2070,#2071));
#2073=FACE_OUTER_BOUND('',#2072,.F.);
#2075=CARTESIAN_POINT('',(2.292978749275E0,-7.E-1,-7.E0));
#2076=DIRECTION('',(6.428711427642E-1,-7.659743427825E-1,0.E0));
#2077=DIRECTION('',(-7.659743427825E-1,-6.428711427642E-1,0.E0));
#2078=AXIS2_PLACEMENT_3D('',#2075,#2076,#2077);
#2079=PLANE('',#2078);
#2080=ORIENTED_EDGE('',*,*,#1977,.F.);
#2082=ORIENTED_EDGE('',*,*,#2081,.T.);
#2084=ORIENTED_EDGE('',*,*,#2083,.T.);
#2085=ORIENTED_EDGE('',*,*,#2067,.F.);
#2086=EDGE_LOOP('',(#2080,#2082,#2084,#2085));
#2087=FACE_OUTER_BOUND('',#2086,.F.);
#2089=CARTESIAN_POINT('',(2.088723382950E0,-7.E-1,-7.E0));
#2090=DIRECTION('',(0.E0,1.E0,0.E0));
#2091=DIRECTION('',(1.E0,0.E0,0.E0));
#2092=AXIS2_PLACEMENT_3D('',#2089,#2090,#2091);
#2093=PLANE('',#2092);
#2094=ORIENTED_EDGE('',*,*,#1975,.F.);
#2096=ORIENTED_EDGE('',*,*,#2095,.T.);
#2098=ORIENTED_EDGE('',*,*,#2097,.T.);
#2099=ORIENTED_EDGE('',*,*,#2081,.F.);
#2100=EDGE_LOOP('',(#2094,#2096,#2098,#2099));
#2101=FACE_OUTER_BOUND('',#2100,.F.);
#2103=CARTESIAN_POINT('',(1.91E0,-8.5E-1,-7.E0));
#2104=DIRECTION('',(-6.428712937139E-1,7.659742160926E-1,0.E0));
#2105=DIRECTION('',(7.659742160926E-1,6.428712937139E-1,0.E0));
#2106=AXIS2_PLACEMENT_3D('',#2103,#2104,#2105);
#2107=PLANE('',#2106);
#2108=ORIENTED_EDGE('',*,*,#1973,.F.);
#2109=ORIENTED_EDGE('',*,*,#2028,.T.);
#2111=ORIENTED_EDGE('',*,*,#2110,.T.);
#2112=ORIENTED_EDGE('',*,*,#2095,.F.);
#2113=EDGE_LOOP('',(#2108,#2109,#2111,#2112));
#2114=FACE_OUTER_BOUND('',#2113,.F.);
#2116=CARTESIAN_POINT('',(0.E0,0.E0,-6.9E0));
#2117=DIRECTION('',(0.E0,0.E0,-1.E0));
#2118=DIRECTION('',(-1.E0,0.E0,0.E0));
#2119=AXIS2_PLACEMENT_3D('',#2116,#2117,#2118);
#2120=PLANE('',#2119);
#2121=ORIENTED_EDGE('',*,*,#2040,.F.);
#2122=ORIENTED_EDGE('',*,*,#2055,.F.);
#2123=ORIENTED_EDGE('',*,*,#2069,.F.);
#2124=ORIENTED_EDGE('',*,*,#2083,.F.);
#2125=ORIENTED_EDGE('',*,*,#2097,.F.);
#2126=ORIENTED_EDGE('',*,*,#2110,.F.);
#2127=ORIENTED_EDGE('',*,*,#2026,.F.);
#2128=EDGE_LOOP('',(#2121,#2122,#2123,#2124,#2125,#2126,#2127));
#2129=FACE_OUTER_BOUND('',#2128,.F.);
#2131=CARTESIAN_POINT('',(2.19E0,0.E0,0.E0));
#2132=DIRECTION('',(1.E0,0.E0,0.E0));
#2133=DIRECTION('',(0.E0,0.E0,-1.E0));
#2134=AXIS2_PLACEMENT_3D('',#2131,#2132,#2133);
#2135=PLANE('',#2134);
#2136=ORIENTED_EDGE('',*,*,#1987,.F.);
#2138=ORIENTED_EDGE('',*,*,#2137,.T.);
#2140=ORIENTED_EDGE('',*,*,#2139,.T.);
#2142=ORIENTED_EDGE('',*,*,#2141,.T.);
#2144=ORIENTED_EDGE('',*,*,#2143,.T.);
#2146=ORIENTED_EDGE('',*,*,#2145,.T.);
#2147=EDGE_LOOP('',(#2136,#2138,#2140,#2142,#2144,#2146));
#2148=FACE_OUTER_BOUND('',#2147,.F.);
#2150=CARTESIAN_POINT('',(2.19E0,-1.E-1,-7.E0));
#2151=DIRECTION('',(0.E0,-1.E0,0.E0));
#2152=DIRECTION('',(0.E0,0.E0,-1.E0));
#2153=AXIS2_PLACEMENT_3D('',#2150,#2151,#2152);
#2154=PLANE('',#2153);
#2155=ORIENTED_EDGE('',*,*,#2137,.F.);
#2156=ORIENTED_EDGE('',*,*,#1993,.T.);
#2158=ORIENTED_EDGE('',*,*,#2157,.T.);
#2160=ORIENTED_EDGE('',*,*,#2159,.F.);
#2161=EDGE_LOOP('',(#2155,#2156,#2158,#2160));
#2162=FACE_OUTER_BOUND('',#2161,.F.);
#2164=CARTESIAN_POINT('',(2.89E0,0.E0,0.E0));
#2165=DIRECTION('',(1.E0,0.E0,0.E0));
#2166=DIRECTION('',(0.E0,0.E0,-1.E0));
#2167=AXIS2_PLACEMENT_3D('',#2164,#2165,#2166);
#2168=PLANE('',#2167);
#2169=ORIENTED_EDGE('',*,*,#1991,.T.);
#2171=ORIENTED_EDGE('',*,*,#2170,.F.);
#2173=ORIENTED_EDGE('',*,*,#2172,.F.);
#2175=ORIENTED_EDGE('',*,*,#2174,.F.);
#2177=ORIENTED_EDGE('',*,*,#2176,.F.);
#2178=ORIENTED_EDGE('',*,*,#2157,.F.);
#2179=EDGE_LOOP('',(#2169,#2171,#2173,#2175,#2177,#2178));
#2180=FACE_OUTER_BOUND('',#2179,.F.);
#2182=CARTESIAN_POINT('',(2.19E0,1.E-1,-7.575128869404E0));
#2183=DIRECTION('',(0.E0,1.E0,0.E0));
#2184=DIRECTION('',(0.E0,0.E0,1.E0));
#2185=AXIS2_PLACEMENT_3D('',#2182,#2183,#2184);
#2186=PLANE('',#2185);
#2187=ORIENTED_EDGE('',*,*,#2145,.F.);
#2189=ORIENTED_EDGE('',*,*,#2188,.T.);
#2190=ORIENTED_EDGE('',*,*,#2170,.T.);
#2191=ORIENTED_EDGE('',*,*,#1989,.F.);
#2192=EDGE_LOOP('',(#2187,#2189,#2190,#2191));
#2193=FACE_OUTER_BOUND('',#2192,.F.);
#2195=CARTESIAN_POINT('',(2.19E0,-2.2E0,-8.787564434702E0));
#2196=DIRECTION('',(1.E0,0.E0,0.E0));
#2197=DIRECTION('',(0.E0,0.E0,-1.E0));
#2198=AXIS2_PLACEMENT_3D('',#2195,#2196,#2197);
#2199=CYLINDRICAL_SURFACE('',#2198,2.6E0);
#2200=ORIENTED_EDGE('',*,*,#2143,.F.);
#2202=ORIENTED_EDGE('',*,*,#2201,.T.);
#2203=ORIENTED_EDGE('',*,*,#2172,.T.);
#2204=ORIENTED_EDGE('',*,*,#2188,.F.);
#2205=EDGE_LOOP('',(#2200,#2202,#2203,#2204));
#2206=FACE_OUTER_BOUND('',#2205,.F.);
#2208=CARTESIAN_POINT('',(2.19E0,-1.E-1,-1.E1));
#2209=DIRECTION('',(0.E0,0.E0,-1.E0));
#2210=DIRECTION('',(0.E0,1.E0,0.E0));
#2211=AXIS2_PLACEMENT_3D('',#2208,#2209,#2210);
#2212=PLANE('',#2211);
#2213=ORIENTED_EDGE('',*,*,#2141,.F.);
#2215=ORIENTED_EDGE('',*,*,#2214,.T.);
#2216=ORIENTED_EDGE('',*,*,#2174,.T.);
#2217=ORIENTED_EDGE('',*,*,#2201,.F.);
#2218=EDGE_LOOP('',(#2213,#2215,#2216,#2217));
#2219=FACE_OUTER_BOUND('',#2218,.F.);
#2221=CARTESIAN_POINT('',(2.19E0,-2.4E0,-8.787564434702E0));
#2222=DIRECTION('',(1.E0,0.E0,0.E0));
#2223=DIRECTION('',(0.E0,0.E0,-1.E0));
#2224=AXIS2_PLACEMENT_3D('',#2221,#2222,#2223);
#2225=CYLINDRICAL_SURFACE('',#2224,2.6E0);
#2226=ORIENTED_EDGE('',*,*,#2139,.F.);
#2227=ORIENTED_EDGE('',*,*,#2159,.T.);
#2228=ORIENTED_EDGE('',*,*,#2176,.T.);
#2229=ORIENTED_EDGE('',*,*,#2214,.F.);
#2230=EDGE_LOOP('',(#2226,#2227,#2228,#2229));
#2231=FACE_OUTER_BOUND('',#2230,.F.);
#2233=CARTESIAN_POINT('',(-2.89E0,0.E0,0.E0));
#2234=DIRECTION('',(1.E0,0.E0,0.E0));
#2235=DIRECTION('',(0.E0,0.E0,-1.E0));
#2236=AXIS2_PLACEMENT_3D('',#2233,#2234,#2235);
#2237=PLANE('',#2236);
#2238=ORIENTED_EDGE('',*,*,#1997,.F.);
#2240=ORIENTED_EDGE('',*,*,#2239,.T.);
#2242=ORIENTED_EDGE('',*,*,#2241,.T.);
#2244=ORIENTED_EDGE('',*,*,#2243,.T.);
#2246=ORIENTED_EDGE('',*,*,#2245,.T.);
#2248=ORIENTED_EDGE('',*,*,#2247,.T.);
#2249=EDGE_LOOP('',(#2238,#2240,#2242,#2244,#2246,#2248));
#2250=FACE_OUTER_BOUND('',#2249,.F.);
#2252=CARTESIAN_POINT('',(-2.89E0,-1.E-1,-7.E0));
#2253=DIRECTION('',(0.E0,-1.E0,0.E0));
#2254=DIRECTION('',(0.E0,0.E0,-1.E0));
#2255=AXIS2_PLACEMENT_3D('',#2252,#2253,#2254);
#2256=PLANE('',#2255);
#2257=ORIENTED_EDGE('',*,*,#2003,.T.);
#2259=ORIENTED_EDGE('',*,*,#2258,.T.);
#2261=ORIENTED_EDGE('',*,*,#2260,.F.);
#2262=ORIENTED_EDGE('',*,*,#2239,.F.);
#2263=EDGE_LOOP('',(#2257,#2259,#2261,#2262));
#2264=FACE_OUTER_BOUND('',#2263,.F.);
#2266=CARTESIAN_POINT('',(-2.19E0,0.E0,0.E0));
#2267=DIRECTION('',(1.E0,0.E0,0.E0));
#2268=DIRECTION('',(0.E0,0.E0,-1.E0));
#2269=AXIS2_PLACEMENT_3D('',#2266,#2267,#2268);
#2270=PLANE('',#2269);
#2271=ORIENTED_EDGE('',*,*,#2001,.T.);
#2273=ORIENTED_EDGE('',*,*,#2272,.F.);
#2275=ORIENTED_EDGE('',*,*,#2274,.F.);
#2277=ORIENTED_EDGE('',*,*,#2276,.F.);
#2279=ORIENTED_EDGE('',*,*,#2278,.F.);
#2280=ORIENTED_EDGE('',*,*,#2258,.F.);
#2281=EDGE_LOOP('',(#2271,#2273,#2275,#2277,#2279,#2280));
#2282=FACE_OUTER_BOUND('',#2281,.F.);
#2284=CARTESIAN_POINT('',(-2.89E0,1.E-1,-7.575128869404E0));
#2285=DIRECTION('',(0.E0,1.E0,0.E0));
#2286=DIRECTION('',(0.E0,0.E0,1.E0));
#2287=AXIS2_PLACEMENT_3D('',#2284,#2285,#2286);
#2288=PLANE('',#2287);
#2289=ORIENTED_EDGE('',*,*,#1999,.F.);
#2290=ORIENTED_EDGE('',*,*,#2247,.F.);
#2292=ORIENTED_EDGE('',*,*,#2291,.T.);
#2293=ORIENTED_EDGE('',*,*,#2272,.T.);
#2294=EDGE_LOOP('',(#2289,#2290,#2292,#2293));
#2295=FACE_OUTER_BOUND('',#2294,.F.);
#2297=CARTESIAN_POINT('',(-2.89E0,-2.2E0,-8.787564434702E0));
#2298=DIRECTION('',(1.E0,0.E0,0.E0));
#2299=DIRECTION('',(0.E0,0.E0,-1.E0));
#2300=AXIS2_PLACEMENT_3D('',#2297,#2298,#2299);
#2301=CYLINDRICAL_SURFACE('',#2300,2.6E0);
#2302=ORIENTED_EDGE('',*,*,#2245,.F.);
#2304=ORIENTED_EDGE('',*,*,#2303,.T.);
#2305=ORIENTED_EDGE('',*,*,#2274,.T.);
#2306=ORIENTED_EDGE('',*,*,#2291,.F.);
#2307=EDGE_LOOP('',(#2302,#2304,#2305,#2306));
#2308=FACE_OUTER_BOUND('',#2307,.F.);
#2310=CARTESIAN_POINT('',(-2.89E0,-1.E-1,-1.E1));
#2311=DIRECTION('',(0.E0,0.E0,-1.E0));
#2312=DIRECTION('',(0.E0,1.E0,0.E0));
#2313=AXIS2_PLACEMENT_3D('',#2310,#2311,#2312);
#2314=PLANE('',#2313);
#2315=ORIENTED_EDGE('',*,*,#2243,.F.);
#2317=ORIENTED_EDGE('',*,*,#2316,.T.);
#2318=ORIENTED_EDGE('',*,*,#2276,.T.);
#2319=ORIENTED_EDGE('',*,*,#2303,.F.);
#2320=EDGE_LOOP('',(#2315,#2317,#2318,#2319));
#2321=FACE_OUTER_BOUND('',#2320,.F.);
#2323=CARTESIAN_POINT('',(-2.89E0,-2.4E0,-8.787564434702E0));
#2324=DIRECTION('',(1.E0,0.E0,0.E0));
#2325=DIRECTION('',(0.E0,0.E0,-1.E0));
#2326=AXIS2_PLACEMENT_3D('',#2323,#2324,#2325);
#2327=CYLINDRICAL_SURFACE('',#2326,2.6E0);
#2328=ORIENTED_EDGE('',*,*,#2241,.F.);
#2329=ORIENTED_EDGE('',*,*,#2260,.T.);
#2330=ORIENTED_EDGE('',*,*,#2278,.T.);
#2331=ORIENTED_EDGE('',*,*,#2316,.F.);
#2332=EDGE_LOOP('',(#2328,#2329,#2330,#2331));
#2333=FACE_OUTER_BOUND('',#2332,.F.);
#2335=CARTESIAN_POINT('',(-3.5E-1,0.E0,0.E0));
#2336=DIRECTION('',(1.E0,0.E0,0.E0));
#2337=DIRECTION('',(0.E0,0.E0,-1.E0));
#2338=AXIS2_PLACEMENT_3D('',#2335,#2336,#2337);
#2339=PLANE('',#2338);
#2340=ORIENTED_EDGE('',*,*,#2007,.F.);
#2342=ORIENTED_EDGE('',*,*,#2341,.T.);
#2344=ORIENTED_EDGE('',*,*,#2343,.T.);
#2346=ORIENTED_EDGE('',*,*,#2345,.T.);
#2348=ORIENTED_EDGE('',*,*,#2347,.T.);
#2350=ORIENTED_EDGE('',*,*,#2349,.T.);
#2351=EDGE_LOOP('',(#2340,#2342,#2344,#2346,#2348,#2350));
#2352=FACE_OUTER_BOUND('',#2351,.F.);
#2354=CARTESIAN_POINT('',(-3.5E-1,-1.E-1,-7.E0));
#2355=DIRECTION('',(0.E0,-1.E0,0.E0));
#2356=DIRECTION('',(0.E0,0.E0,-1.E0));
#2357=AXIS2_PLACEMENT_3D('',#2354,#2355,#2356);
#2358=PLANE('',#2357);
#2359=ORIENTED_EDGE('',*,*,#2341,.F.);
#2360=ORIENTED_EDGE('',*,*,#2013,.T.);
#2362=ORIENTED_EDGE('',*,*,#2361,.T.);
#2364=ORIENTED_EDGE('',*,*,#2363,.F.);
#2365=EDGE_LOOP('',(#2359,#2360,#2362,#2364));
#2366=FACE_OUTER_BOUND('',#2365,.F.);
#2368=CARTESIAN_POINT('',(3.5E-1,0.E0,0.E0));
#2369=DIRECTION('',(1.E0,0.E0,0.E0));
#2370=DIRECTION('',(0.E0,0.E0,-1.E0));
#2371=AXIS2_PLACEMENT_3D('',#2368,#2369,#2370);
#2372=PLANE('',#2371);
#2373=ORIENTED_EDGE('',*,*,#2011,.T.);
#2375=ORIENTED_EDGE('',*,*,#2374,.F.);
#2377=ORIENTED_EDGE('',*,*,#2376,.F.);
#2379=ORIENTED_EDGE('',*,*,#2378,.F.);
#2381=ORIENTED_EDGE('',*,*,#2380,.F.);
#2382=ORIENTED_EDGE('',*,*,#2361,.F.);
#2383=EDGE_LOOP('',(#2373,#2375,#2377,#2379,#2381,#2382));
#2384=FACE_OUTER_BOUND('',#2383,.F.);
#2386=CARTESIAN_POINT('',(-3.5E-1,1.E-1,-7.575128869404E0));
#2387=DIRECTION('',(0.E0,1.E0,0.E0));
#2388=DIRECTION('',(0.E0,0.E0,1.E0));
#2389=AXIS2_PLACEMENT_3D('',#2386,#2387,#2388);
#2390=PLANE('',#2389);
#2391=ORIENTED_EDGE('',*,*,#2349,.F.);
#2393=ORIENTED_EDGE('',*,*,#2392,.T.);
#2394=ORIENTED_EDGE('',*,*,#2374,.T.);
#2395=ORIENTED_EDGE('',*,*,#2009,.F.);
#2396=EDGE_LOOP('',(#2391,#2393,#2394,#2395));
#2397=FACE_OUTER_BOUND('',#2396,.F.);
#2399=CARTESIAN_POINT('',(-3.5E-1,2.4E0,-8.787564434702E0));
#2400=DIRECTION('',(1.E0,0.E0,0.E0));
#2401=DIRECTION('',(0.E0,0.E0,-1.E0));
#2402=AXIS2_PLACEMENT_3D('',#2399,#2400,#2401);
#2403=CYLINDRICAL_SURFACE('',#2402,2.6E0);
#2404=ORIENTED_EDGE('',*,*,#2347,.F.);
#2406=ORIENTED_EDGE('',*,*,#2405,.T.);
#2407=ORIENTED_EDGE('',*,*,#2376,.T.);
#2408=ORIENTED_EDGE('',*,*,#2392,.F.);
#2409=EDGE_LOOP('',(#2404,#2406,#2407,#2408));
#2410=FACE_OUTER_BOUND('',#2409,.F.);
#2412=CARTESIAN_POINT('',(-3.5E-1,-1.E-1,-1.E1));
#2413=DIRECTION('',(0.E0,0.E0,-1.E0));
#2414=DIRECTION('',(0.E0,1.E0,0.E0));
#2415=AXIS2_PLACEMENT_3D('',#2412,#2413,#2414);
#2416=PLANE('',#2415);
#2417=ORIENTED_EDGE('',*,*,#2345,.F.);
#2419=ORIENTED_EDGE('',*,*,#2418,.T.);
#2420=ORIENTED_EDGE('',*,*,#2378,.T.);
#2421=ORIENTED_EDGE('',*,*,#2405,.F.);
#2422=EDGE_LOOP('',(#2417,#2419,#2420,#2421));
#2423=FACE_OUTER_BOUND('',#2422,.F.);
#2425=CARTESIAN_POINT('',(-3.5E-1,2.2E0,-8.787564434702E0));
#2426=DIRECTION('',(1.E0,0.E0,0.E0));
#2427=DIRECTION('',(0.E0,0.E0,-1.E0));
#2428=AXIS2_PLACEMENT_3D('',#2425,#2426,#2427);
#2429=CYLINDRICAL_SURFACE('',#2428,2.6E0);
#2430=ORIENTED_EDGE('',*,*,#2343,.F.);
#2431=ORIENTED_EDGE('',*,*,#2363,.T.);
#2432=ORIENTED_EDGE('',*,*,#2380,.T.);
#2433=ORIENTED_EDGE('',*,*,#2418,.F.);
#2434=EDGE_LOOP('',(#2430,#2431,#2432,#2433));
#2435=FACE_OUTER_BOUND('',#2434,.F.);
#2437=CARTESIAN_POINT('',(-1.3743432E1,6.55E-1,-5.E-2));
#2438=DIRECTION('',(1.E0,0.E0,0.E0));
#2439=DIRECTION('',(0.E0,0.E0,1.E0));
#2440=AXIS2_PLACEMENT_3D('',#2437,#2438,#2439);
#2441=CYLINDRICAL_SURFACE('',#2440,5.E-2);
#2443=ORIENTED_EDGE('',*,*,#2442,.F.);
#2445=ORIENTED_EDGE('',*,*,#2444,.T.);
#2446=ORIENTED_EDGE('',*,*,#1849,.T.);
#2448=ORIENTED_EDGE('',*,*,#2447,.T.);
#2449=EDGE_LOOP('',(#2443,#2445,#2446,#2448));
#2450=FACE_OUTER_BOUND('',#2449,.F.);
#2452=CARTESIAN_POINT('',(3.47E0,6.05E-1,0.E0));
#2453=DIRECTION('',(0.E0,1.E0,0.E0));
#2454=DIRECTION('',(-1.E0,0.E0,0.E0));
#2455=AXIS2_PLACEMENT_3D('',#2452,#2453,#2454);
#2456=PLANE('',#2455);
#2458=ORIENTED_EDGE('',*,*,#2457,.T.);
#2460=ORIENTED_EDGE('',*,*,#2459,.F.);
#2462=ORIENTED_EDGE('',*,*,#2461,.F.);
#2463=ORIENTED_EDGE('',*,*,#2442,.T.);
#2464=EDGE_LOOP('',(#2458,#2460,#2462,#2463));
#2465=FACE_OUTER_BOUND('',#2464,.F.);
#2467=CARTESIAN_POINT('',(3.37E0,5.05E-1,9.1252E0));
#2468=DIRECTION('',(0.E0,0.E0,-1.E0));
#2469=DIRECTION('',(0.E0,1.E0,0.E0));
#2470=AXIS2_PLACEMENT_3D('',#2467,#2468,#2469);
#2471=CYLINDRICAL_SURFACE('',#2470,1.E-1);
#2473=ORIENTED_EDGE('',*,*,#2472,.T.);
#2474=ORIENTED_EDGE('',*,*,#2457,.F.);
#2476=ORIENTED_EDGE('',*,*,#2475,.T.);
#2478=ORIENTED_EDGE('',*,*,#2477,.T.);
#2479=EDGE_LOOP('',(#2473,#2474,#2476,#2478));
#2480=FACE_OUTER_BOUND('',#2479,.F.);
#2482=CARTESIAN_POINT('',(0.E0,0.E0,-4.E-1));
#2483=DIRECTION('',(0.E0,0.E0,1.E0));
#2484=DIRECTION('',(1.E0,0.E0,0.E0));
#2485=AXIS2_PLACEMENT_3D('',#2482,#2483,#2484);
#2486=PLANE('',#2485);
#2487=ORIENTED_EDGE('',*,*,#2472,.F.);
#2489=ORIENTED_EDGE('',*,*,#2488,.T.);
#2491=ORIENTED_EDGE('',*,*,#2490,.F.);
#2493=ORIENTED_EDGE('',*,*,#2492,.T.);
#2495=ORIENTED_EDGE('',*,*,#2494,.F.);
#2497=ORIENTED_EDGE('',*,*,#2496,.T.);
#2499=ORIENTED_EDGE('',*,*,#2498,.F.);
#2500=ORIENTED_EDGE('',*,*,#2459,.T.);
#2501=EDGE_LOOP('',(#2487,#2489,#2491,#2493,#2495,#2497,#2499,#2500));
#2502=FACE_OUTER_BOUND('',#2501,.F.);
#2504=CARTESIAN_POINT('',(3.47E0,-8.05E-1,0.E0));
#2505=DIRECTION('',(1.E0,0.E0,0.E0));
#2506=DIRECTION('',(0.E0,1.E0,0.E0));
#2507=AXIS2_PLACEMENT_3D('',#2504,#2505,#2506);
#2508=PLANE('',#2507);
#2509=ORIENTED_EDGE('',*,*,#2477,.F.);
#2511=ORIENTED_EDGE('',*,*,#2510,.T.);
#2513=ORIENTED_EDGE('',*,*,#2512,.T.);
#2514=ORIENTED_EDGE('',*,*,#2488,.F.);
#2515=EDGE_LOOP('',(#2509,#2511,#2513,#2514));
#2516=FACE_OUTER_BOUND('',#2515,.F.);
#2518=CARTESIAN_POINT('',(3.77E0,4.545072E0,-3.E-1));
#2519=DIRECTION('',(0.E0,-1.E0,0.E0));
#2520=DIRECTION('',(0.E0,0.E0,1.E0));
#2521=AXIS2_PLACEMENT_3D('',#2518,#2519,#2520);
#2522=CYLINDRICAL_SURFACE('',#2521,3.E-1);
#2523=ORIENTED_EDGE('',*,*,#1861,.T.);
#2525=ORIENTED_EDGE('',*,*,#2524,.T.);
#2526=ORIENTED_EDGE('',*,*,#2510,.F.);
#2528=ORIENTED_EDGE('',*,*,#2527,.T.);
#2529=EDGE_LOOP('',(#2523,#2525,#2526,#2528));
#2530=FACE_OUTER_BOUND('',#2529,.F.);
#2532=CARTESIAN_POINT('',(3.800625711609E0,-4.922261166499E-1,
-1.587885561443E-3));
#2533=CARTESIAN_POINT('',(3.800706729054E0,-4.943599056160E-1,
-1.589306637368E-3));
#2534=CARTESIAN_POINT('',(3.801048695167E0,-5.064207777882E-1,
-1.595563109055E-3));
#2535=CARTESIAN_POINT('',(3.800480268128E0,-5.286781237867E-1,
-1.584957982663E-3));
#2536=CARTESIAN_POINT('',(3.797126596476E0,-5.589838095705E-1,
-1.531423650527E-3));
#2537=CARTESIAN_POINT('',(3.791230416139E0,-5.895894850786E-1,
-1.450213201997E-3));
#2538=CARTESIAN_POINT('',(3.782863122514E0,-6.203520302401E-1,
-1.353869387968E-3));
#2539=CARTESIAN_POINT('',(3.772080099062E0,-6.511636093421E-1,
-1.252652315292E-3));
#2540=CARTESIAN_POINT('',(3.758924022586E0,-6.818872123127E-1,
-1.153953002226E-3));
#2541=CARTESIAN_POINT('',(3.743447380993E0,-7.123300818571E-1,
-1.062480959204E-3));
#2542=CARTESIAN_POINT('',(3.725724749352E0,-7.422624559904E-1,
-9.808318279944E-4));
#2543=CARTESIAN_POINT('',(3.705840731019E0,-7.714627858903E-1,
-9.100747335735E-4));
#2544=CARTESIAN_POINT('',(3.683883338326E0,-7.997304405393E-1,
-8.503703277638E-4));
#2545=CARTESIAN_POINT('',(3.659940055299E0,-8.268881317796E-1,
-8.014258466284E-4));
#2546=CARTESIAN_POINT('',(3.634103249158E0,-8.527731987917E-1,
-7.627951454341E-4));
#2547=CARTESIAN_POINT('',(3.606465779195E0,-8.772411034529E-1,
-7.340294669513E-4));
#2548=CARTESIAN_POINT('',(3.577122342682E0,-9.001614415594E-1,
-7.147714445507E-4));
#2549=CARTESIAN_POINT('',(3.546151636615E0,-9.214285415604E-1,
-7.047965868412E-4));
#2550=CARTESIAN_POINT('',(3.513603179260E0,-9.409605993363E-1,
-7.040660391597E-4));
#2551=CARTESIAN_POINT('',(3.479535345460E0,-9.586671870611E-1,
-7.127751697973E-4));
#2552=CARTESIAN_POINT('',(3.444077868379E0,-9.744298417488E-1,
-7.312981268676E-4));
#2553=CARTESIAN_POINT('',(3.407491531356E0,-9.881110517673E-1,
-7.600121103560E-4));
#2554=CARTESIAN_POINT('',(3.370184411078E0,-9.995914245195E-1,
-7.990061243971E-4));
#2555=CARTESIAN_POINT('',(3.332775169282E0,-1.008795344354E0,
-8.475272733413E-4));
#2556=CARTESIAN_POINT('',(3.295899543545E0,-1.015778490318E0,
-9.033920286729E-4));
#2557=CARTESIAN_POINT('',(3.260080842228E0,-1.020720142041E0,
-9.623233693751E-4));
#2558=CARTESIAN_POINT('',(3.225584937121E0,-1.023870975867E0,
-1.017203762919E-3));
#2559=CARTESIAN_POINT('',(3.192553723367E0,-1.025473892058E0,
-1.057008302832E-3));
#2560=CARTESIAN_POINT('',(3.169436762092E0,-1.025660775363E0,
-1.064403070763E-3));
#2561=CARTESIAN_POINT('',(3.157333276798E0,-1.025477457706E0,
-1.058056964778E-3));
#2562=CARTESIAN_POINT('',(3.155702999238E0,-1.025447636446E0,
-1.056998005284E-3));
#2563=CARTESIAN_POINT('',(3.599921592308E0,-4.986287758520E-1,
1.915738167948E-2));
#2564=CARTESIAN_POINT('',(3.599950461170E0,-4.996892716400E-1,
1.916664301356E-2));
#2565=CARTESIAN_POINT('',(3.600072481520E0,-5.056935568578E-1,
1.920517019748E-2));
#2566=CARTESIAN_POINT('',(3.599871707654E0,-5.168996798948E-1,
1.913948546778E-2));
#2567=CARTESIAN_POINT('',(3.598630653052E0,-5.327018681238E-1,
1.879552370212E-2));
#2568=CARTESIAN_POINT('',(3.596350537466E0,-5.493746348957E-1,
1.825767134269E-2));
#2569=CARTESIAN_POINT('',(3.592951692832E0,-5.669584879956E-1,
1.759228563524E-2));
#2570=CARTESIAN_POINT('',(3.588338502303E0,-5.854418994746E-1,
1.685815871448E-2));
#2571=CARTESIAN_POINT('',(3.582408662814E0,-6.047494271906E-1,
1.610241954352E-2));
#2572=CARTESIAN_POINT('',(3.575069718521E0,-6.247348547038E-1,
1.536045823607E-2));
#2573=CARTESIAN_POINT('',(3.566249938615E0,-6.452028553869E-1,
1.465713725458E-2));
#2574=CARTESIAN_POINT('',(3.555894990260E0,-6.659473276397E-1,
1.400832358224E-2));
#2575=CARTESIAN_POINT('',(3.543963999021E0,-6.867679882222E-1,
1.342343815548E-2));
#2576=CARTESIAN_POINT('',(3.530425706502E0,-7.074765141491E-1,
1.290771569594E-2));
#2577=CARTESIAN_POINT('',(3.515259916954E0,-7.278915986563E-1,
1.246397082497E-2));
#2578=CARTESIAN_POINT('',(3.498453952740E0,-7.478415937292E-1,
1.209351163620E-2));
#2579=CARTESIAN_POINT('',(3.480002497677E0,-7.671610522174E-1,
1.179681634745E-2));
#2580=CARTESIAN_POINT('',(3.459895346893E0,-7.856993214030E-1,
1.157378575230E-2));
#2581=CARTESIAN_POINT('',(3.438106137003E0,-8.033208412286E-1,
1.142416458693E-2));
#2582=CARTESIAN_POINT('',(3.414614279618E0,-8.198762464688E-1,
1.134816556036E-2));
#2583=CARTESIAN_POINT('',(3.389449361776E0,-8.351785188206E-1,1.134631976E-2));
#2584=CARTESIAN_POINT('',(3.362740649196E0,-8.490014827946E-1,
1.141848380800E-2));
#2585=CARTESIAN_POINT('',(3.334738989606E0,-8.611072571861E-1,
1.156220002811E-2));
#2586=CARTESIAN_POINT('',(3.305876281220E0,-8.712661518829E-1,
1.177001690704E-2));
#2587=CARTESIAN_POINT('',(3.276631948092E0,-8.793529048071E-1,
1.202665617849E-2));
#2588=CARTESIAN_POINT('',(3.247428753588E0,-8.853630544149E-1,
1.230672208205E-2));
#2589=CARTESIAN_POINT('',(3.218502748935E0,-8.893835662502E-1,
1.257208598271E-2));
#2590=CARTESIAN_POINT('',(3.190016239707E0,-8.915221754571E-1,
1.276711147800E-2));
#2591=CARTESIAN_POINT('',(3.169537198133E0,-8.917869292796E-1,
1.280460947720E-2));
#2592=CARTESIAN_POINT('',(3.158679161389E0,-8.915325127808E-1,
1.277257445515E-2));
#2593=CARTESIAN_POINT('',(3.157214283544E0,-8.914910385294E-1,
1.276726647133E-2));
#2594=CARTESIAN_POINT('',(3.455358772023E0,-5.015158178459E-1,
-1.217211582187E-1));
#2595=CARTESIAN_POINT('',(3.455361480500E0,-5.020943246387E-1,
-1.217220243923E-1));
#2596=CARTESIAN_POINT('',(3.455373201150E0,-5.053732736532E-1,
-1.217260907490E-1));
#2597=CARTESIAN_POINT('',(3.455356438130E0,-5.115433518575E-1,
-1.217209623363E-1));
#2598=CARTESIAN_POINT('',(3.455182506954E0,-5.205117168694E-1,
-1.216487429135E-1));
#2599=CARTESIAN_POINT('',(3.454747896067E0,-5.303375511107E-1,
-1.214557701432E-1));
#2600=CARTESIAN_POINT('',(3.453919108109E0,-5.411189627808E-1,
-1.210877285749E-1));
#2601=CARTESIAN_POINT('',(3.452550189864E0,-5.528883997395E-1,
-1.205009952922E-1));
#2602=CARTESIAN_POINT('',(3.450492823937E0,-5.656166160548E-1,
-1.196673621532E-1));
#2603=CARTESIAN_POINT('',(3.447607318060E0,-5.792120891532E-1,
-1.185756761063E-1));
#2604=CARTESIAN_POINT('',(3.443770759384E0,-5.935383045128E-1,
-1.172300299257E-1));
#2605=CARTESIAN_POINT('',(3.438877441934E0,-6.084423255557E-1,
-1.156448898093E-1));
#2606=CARTESIAN_POINT('',(3.432836502731E0,-6.237688296027E-1,
-1.138405961702E-1));
#2607=CARTESIAN_POINT('',(3.425568734241E0,-6.393658805166E-1,
-1.118402287367E-1));
#2608=CARTESIAN_POINT('',(3.417006340173E0,-6.550816616664E-1,
-1.096684482598E-1));
#2609=CARTESIAN_POINT('',(3.407090475481E0,-6.707663969718E-1,
-1.073504340415E-1));
#2610=CARTESIAN_POINT('',(3.395770763045E0,-6.862695935475E-1,
-1.049118696820E-1));
#2611=CARTESIAN_POINT('',(3.382997435169E0,-7.014468725868E-1,
-1.023777425720E-1));
#2612=CARTESIAN_POINT('',(3.368712850155E0,-7.161607764629E-1,
-9.977195212212E-2));
#2613=CARTESIAN_POINT('',(3.352864291056E0,-7.302568387432E-1,
-9.712149288846E-2));
#2614=CARTESIAN_POINT('',(3.335435842385E0,-7.435406471740E-1,
-9.446237466861E-2));
#2615=CARTESIAN_POINT('',(3.316488720420E0,-7.557720471777E-1,
-9.184439091895E-2));
#2616=CARTESIAN_POINT('',(3.296184813072E0,-7.666856977896E-1,
-8.933191215528E-2));
#2617=CARTESIAN_POINT('',(3.274838527636E0,-7.760076824737E-1,
-8.700674874160E-2));
#2618=CARTESIAN_POINT('',(3.252826665631E0,-7.835469984723E-1,
-8.495320363348E-2));
#2619=CARTESIAN_POINT('',(3.230506445630E0,-7.892236919842E-1,
-8.325133703788E-2));
#2620=CARTESIAN_POINT('',(3.208106128134E0,-7.930556276517E-1,
-8.197702903687E-2));
#2621=CARTESIAN_POINT('',(3.185806104932E0,-7.951020233209E-1,
-8.121547270164E-2));
#2622=CARTESIAN_POINT('',(3.169641412994E0,-7.953544908468E-1,
-8.110219590889E-2));
#2623=CARTESIAN_POINT('',(3.161046289E0,-7.951117325581E-1,-8.120530164176E-2));
#2624=CARTESIAN_POINT('',(3.159886319554E0,-7.950721716719E-1,
-8.122223607364E-2));
#2625=CARTESIAN_POINT('',(3.470823597567E0,-4.988125442739E-1,
-3.229847716364E-1));
#2626=CARTESIAN_POINT('',(3.470844933342E0,-4.998467352295E-1,
-3.230092973627E-1));
#2627=CARTESIAN_POINT('',(3.470935264392E0,-5.056900914487E-1,
-3.231127257056E-1));
#2628=CARTESIAN_POINT('',(3.470786635238E0,-5.164583268382E-1,
-3.229405691926E-1));
#2629=CARTESIAN_POINT('',(3.469867473103E0,-5.311734939838E-1,
-3.219375691852E-1));
#2630=CARTESIAN_POINT('',(3.468181582453E0,-5.461587435841E-1,
-3.201890720006E-1));
#2631=CARTESIAN_POINT('',(3.465677553832E0,-5.614023637566E-1,
-3.177350922497E-1));
#2632=CARTESIAN_POINT('',(3.462295934527E0,-5.768968441324E-1,
-3.146204967260E-1));
#2633=CARTESIAN_POINT('',(3.457974425368E0,-5.926105655538E-1,
-3.108958419508E-1));
#2634=CARTESIAN_POINT('',(3.452657750228E0,-6.084755479866E-1,
-3.066211312807E-1));
#2635=CARTESIAN_POINT('',(3.446303718708E0,-6.243962019577E-1,
-3.018650181321E-1));
#2636=CARTESIAN_POINT('',(3.438879732735E0,-6.402722680380E-1,
-2.966977730143E-1));
#2637=CARTESIAN_POINT('',(3.430359761986E0,-6.560056871434E-1,
-2.911874534006E-1));
#2638=CARTESIAN_POINT('',(3.420721900479E0,-6.715021831894E-1,
-2.853983624268E-1));
#2639=CARTESIAN_POINT('',(3.409949920725E0,-6.866663734315E-1,
-2.793927355963E-1));
#2640=CARTESIAN_POINT('',(3.398031356797E0,-7.014036178475E-1,
-2.732305518546E-1));
#2641=CARTESIAN_POINT('',(3.384958105042E0,-7.156176285320E-1,
-2.669711387725E-1));
#2642=CARTESIAN_POINT('',(3.370718604789E0,-7.292170470823E-1,
-2.606710511589E-1));
#2643=CARTESIAN_POINT('',(3.355291016715E0,-7.421157403108E-1,
-2.543841913424E-1));
#2644=CARTESIAN_POINT('',(3.338660418353E0,-7.542116426205E-1,
-2.481728246866E-1));
#2645=CARTESIAN_POINT('',(3.320852734509E0,-7.653694226457E-1,
-2.421206888289E-1));
#2646=CARTESIAN_POINT('',(3.301973502178E0,-7.754196772014E-1,
-2.363414314548E-1));
#2647=CARTESIAN_POINT('',(3.282227847273E0,-7.841803676596E-1,
-2.309763880200E-1));
#2648=CARTESIAN_POINT('',(3.261966390601E0,-7.914749812771E-1,
-2.261944461083E-1));
#2649=CARTESIAN_POINT('',(3.241590749170E0,-7.972092179086E-1,
-2.221508934442E-1));
#2650=CARTESIAN_POINT('',(3.221474699044E0,-8.013901309775E-1,
-2.189661631501E-1));
#2651=CARTESIAN_POINT('',(3.201866338437E0,-8.041107517052E-1,
-2.167192629296E-1));
#2652=CARTESIAN_POINT('',(3.182948823944E0,-8.055032941671E-1,
-2.154665977438E-1));
#2653=CARTESIAN_POINT('',(3.169674515349E0,-8.056621478128E-1,
-2.153011126090E-1));
#2654=CARTESIAN_POINT('',(3.162733584352E0,-8.055054269132E-1,
-2.154569054999E-1));
#2655=CARTESIAN_POINT('',(3.161798917422E0,-8.054799707584E-1,
-2.154823708372E-1));
#2656=(BOUNDED_SURFACE()B_SPLINE_SURFACE(3,3,((#2532,#2533,#2534,#2535,#2536,
#2537,#2538,#2539,#2540,#2541,#2542,#2543,#2544,#2545,#2546,#2547,#2548,#2549,
#2550,#2551,#2552,#2553,#2554,#2555,#2556,#2557,#2558,#2559,#2560,#2561,#2562),(
#2563,#2564,#2565,#2566,#2567,#2568,#2569,#2570,#2571,#2572,#2573,#2574,#2575,
#2576,#2577,#2578,#2579,#2580,#2581,#2582,#2583,#2584,#2585,#2586,#2587,#2588,
#2589,#2590,#2591,#2592,#2593),(#2594,#2595,#2596,#2597,#2598,#2599,#2600,#2601,
#2602,#2603,#2604,#2605,#2606,#2607,#2608,#2609,#2610,#2611,#2612,#2613,#2614,
#2615,#2616,#2617,#2618,#2619,#2620,#2621,#2622,#2623,#2624),(#2625,#2626,#2627,
#2628,#2629,#2630,#2631,#2632,#2633,#2634,#2635,#2636,#2637,#2638,#2639,#2640,
#2641,#2642,#2643,#2644,#2645,#2646,#2647,#2648,#2649,#2650,#2651,#2652,#2653,
#2654,#2655)),.UNSPECIFIED.,.F.,.F.,.F.)B_SPLINE_SURFACE_WITH_KNOTS((4,4),(4,1,
1,1,1,1,1,1,1,1,1,1,1,1,1,1,1,1,1,1,1,1,1,1,1,1,1,1,4),(0.E0,1.E0),(
2.192772116584E-2,2.812725536703E-2,5.695970366225E-2,8.656171691331E-2,
1.169733803499E-1,1.482702527992E-1,1.805532307900E-1,2.138632982760E-1,
2.481267020501E-1,2.832274308901E-1,3.190476039607E-1,3.555059468757E-1,
3.925310794026E-1,4.300674557254E-1,4.680661286895E-1,5.065041533839E-1,
5.453609432758E-1,5.846842968053E-1,6.245790411025E-1,6.650003545055E-1,
7.057734316576E-1,7.466157972281E-1,7.870704960732E-1,8.263542538156E-1,
8.641881759783E-1,9.004640333571E-1,9.351526583858E-1,9.682852733475E-1,
9.734445473958E-1),.UNSPECIFIED.)GEOMETRIC_REPRESENTATION_ITEM()RATIONAL_B_SPLINE_SURFACE(((1.219000898450E0,1.219000898450E0,1.219000898450E0,1.219000898450E0,
1.219000898450E0,1.219000898450E0,1.219000898450E0,1.219000898450E0,
1.219000898450E0,1.219000898450E0,1.219000898450E0,1.219000898450E0,
1.219000898450E0,1.219000898450E0,1.219000898450E0,1.219000898450E0,
1.219000898450E0,1.219000898450E0,1.219000898450E0,1.219000898450E0,
1.219000898450E0,1.219000898450E0,1.219000898450E0,1.219000898450E0,
1.219000898450E0,1.219000898450E0,1.219000898450E0,1.219000898450E0,
1.219000898450E0,1.219000898450E0,1.219000898450E0),(9.269997005165E-1,
9.269997005165E-1,9.269997005165E-1,9.269997005165E-1,9.269997005165E-1,
9.269997005165E-1,9.269997005165E-1,9.269997005165E-1,9.269997005165E-1,
9.269997005165E-1,9.269997005165E-1,9.269997005165E-1,9.269997005165E-1,
9.269997005165E-1,9.269997005165E-1,9.269997005165E-1,9.269997005165E-1,
9.269997005165E-1,9.269997005165E-1,9.269997005165E-1,9.269997005165E-1,
9.269997005165E-1,9.269997005165E-1,9.269997005165E-1,9.269997005165E-1,
9.269997005165E-1,9.269997005165E-1,9.269997005165E-1,9.269997005165E-1,
9.269997005165E-1,9.269997005165E-1),(9.269997005165E-1,9.269997005165E-1,
9.269997005165E-1,9.269997005165E-1,9.269997005165E-1,9.269997005165E-1,
9.269997005165E-1,9.269997005165E-1,9.269997005165E-1,9.269997005165E-1,
9.269997005165E-1,9.269997005165E-1,9.269997005165E-1,9.269997005165E-1,
9.269997005165E-1,9.269997005165E-1,9.269997005165E-1,9.269997005165E-1,
9.269997005165E-1,9.269997005165E-1,9.269997005165E-1,9.269997005165E-1,
9.269997005165E-1,9.269997005165E-1,9.269997005165E-1,9.269997005165E-1,
9.269997005165E-1,9.269997005165E-1,9.269997005165E-1,9.269997005165E-1,
9.269997005165E-1),(1.219000898450E0,1.219000898450E0,1.219000898450E0,
1.219000898450E0,1.219000898450E0,1.219000898450E0,1.219000898450E0,
1.219000898450E0,1.219000898450E0,1.219000898450E0,1.219000898450E0,
1.219000898450E0,1.219000898450E0,1.219000898450E0,1.219000898450E0,
1.219000898450E0,1.219000898450E0,1.219000898450E0,1.219000898450E0,
1.219000898450E0,1.219000898450E0,1.219000898450E0,1.219000898450E0,
1.219000898450E0,1.219000898450E0,1.219000898450E0,1.219000898450E0,
1.219000898450E0,1.219000898450E0,1.219000898450E0,1.219000898450E0)))REPRESENTATION_ITEM('')SURFACE());
#2657=ORIENTED_EDGE('',*,*,#1859,.T.);
#2659=ORIENTED_EDGE('',*,*,#2658,.F.);
#2661=ORIENTED_EDGE('',*,*,#2660,.F.);
#2662=ORIENTED_EDGE('',*,*,#2524,.F.);
#2663=EDGE_LOOP('',(#2657,#2659,#2661,#2662));
#2664=FACE_OUTER_BOUND('',#2663,.F.);
#2666=CARTESIAN_POINT('',(1.3743432E1,-1.005E0,-2.E-1));
#2667=DIRECTION('',(-1.E0,0.E0,0.E0));
#2668=DIRECTION('',(0.E0,0.E0,1.E0));
#2669=AXIS2_PLACEMENT_3D('',#2666,#2667,#2668);
#2670=CYLINDRICAL_SURFACE('',#2669,2.E-1);
#2671=ORIENTED_EDGE('',*,*,#1857,.T.);
#2673=ORIENTED_EDGE('',*,*,#2672,.T.);
#2675=ORIENTED_EDGE('',*,*,#2674,.F.);
#2676=ORIENTED_EDGE('',*,*,#2658,.T.);
#2677=EDGE_LOOP('',(#2671,#2673,#2675,#2676));
#2678=FACE_OUTER_BOUND('',#2677,.F.);
#2680=CARTESIAN_POINT('',(1.924269796851E0,-1.025448291484E0,
-1.056982090222E-3));
#2681=CARTESIAN_POINT('',(1.918514481665E0,-1.025553435021E0,
-1.060645079008E-3));
#2682=CARTESIAN_POINT('',(1.902014369418E0,-1.025671053029E0,
-1.064382873951E-3));
#2683=CARTESIAN_POINT('',(1.874223824282E0,-1.024998302930E0,
-1.043563293938E-3));
#2684=CARTESIAN_POINT('',(1.840432025044E0,-1.022780483834E0,
-9.958022266578E-4));
#2685=CARTESIAN_POINT('',(1.805231569931E0,-1.018907355886E0,
-9.379121573948E-4));
#2686=CARTESIAN_POINT('',(1.768785651844E0,-1.013122504439E0,
-8.793506983365E-4));
#2687=CARTESIAN_POINT('',(1.731424748630E0,-1.005182273604E0,
-8.259151720318E-4));
#2688=CARTESIAN_POINT('',(1.693745806980E0,-9.949447724048E-1,
-7.810012853565E-4));
#2689=CARTESIAN_POINT('',(1.656447038994E0,-9.824179687258E-1,
-7.462070191106E-4));
#2690=CARTESIAN_POINT('',(1.620123993049E0,-9.677289749723E-1,
-7.218767607061E-4));
#2691=CARTESIAN_POINT('',(1.585119313007E0,-9.510214694150E-1,
-7.076994656471E-4));
#2692=CARTESIAN_POINT('',(1.551599355203E0,-9.324192570602E-1,
-7.032308461836E-4));
#2693=CARTESIAN_POINT('',(1.519641286597E0,-9.120222586630E-1,
-7.081534312367E-4));
#2694=CARTESIAN_POINT('',(1.489287348312E0,-8.899099078094E-1,
-7.223796726614E-4));
#2695=CARTESIAN_POINT('',(1.460599197407E0,-8.661711363863E-1,
-7.460487695235E-4));
#2696=CARTESIAN_POINT('',(1.433668216465E0,-8.409242718655E-1,
-7.794632282084E-4));
#2697=CARTESIAN_POINT('',(1.408598762383E0,-8.143156749634E-1,
-8.230271940237E-4));
#2698=CARTESIAN_POINT('',(1.385488585009E0,-7.865059763884E-1,
-8.771945625436E-4));
#2699=CARTESIAN_POINT('',(1.364427487896E0,-7.576681599415E-1,
-9.423589974806E-4));
#2700=CARTESIAN_POINT('',(1.345496046052E0,-7.279830369168E-1,
-1.018662415783E-3));
#2701=CARTESIAN_POINT('',(1.328778524964E0,-6.976560695603E-1,
-1.105597669755E-3));
#2702=CARTESIAN_POINT('',(1.314359843144E0,-6.669187430516E-1,
-1.201434728731E-3));
#2703=CARTESIAN_POINT('',(1.302311354772E0,-6.360028566110E-1,
-1.302529847597E-3));
#2704=CARTESIAN_POINT('',(1.292678477258E0,-6.050797246234E-1,
-1.402872042107E-3));
#2705=CARTESIAN_POINT('',(1.285503869E0,-5.742552616020E-1,-1.493430144995E-3));
#2706=CARTESIAN_POINT('',(1.280854316541E0,-5.436362833196E-1,
-1.563005630324E-3));
#2707=CARTESIAN_POINT('',(1.278994259812E0,-5.162398805179E-1,
-1.593767228946E-3));
#2708=CARTESIAN_POINT('',(1.279111815369E0,-4.991164060796E-1,
-1.593686935922E-3));
#2709=CARTESIAN_POINT('',(1.279379123835E0,-4.921172244280E-1,
-1.588401972773E-3));
#2710=CARTESIAN_POINT('',(1.922759932623E0,-8.914918402941E-1,
1.276746090365E-2));
#2711=CARTESIAN_POINT('',(1.917588158880E0,-8.916379492481E-1,
1.278621506510E-2));
#2712=CARTESIAN_POINT('',(1.902847472122E0,-8.917991754729E-1,
1.280376357697E-2));
#2713=CARTESIAN_POINT('',(1.878483562174E0,-8.908772525282E-1,
1.270099913209E-2));
#2714=CARTESIAN_POINT('',(1.849672281412E0,-8.879700453923E-1,
1.246814218237E-2));
#2715=CARTESIAN_POINT('',(1.820496632652E0,-8.831231262223E-1,
1.218993876313E-2));
#2716=CARTESIAN_POINT('',(1.791123484666E0,-8.762293829221E-1,
1.191472169406E-2));
#2717=CARTESIAN_POINT('',(1.761834867683E0,-8.672196136964E-1,
1.167491559526E-2));
#2718=CARTESIAN_POINT('',(1.733102629009E0,-8.561409343491E-1,
1.149187924247E-2));
#2719=CARTESIAN_POINT('',(1.705440721495E0,-8.431783103360E-1,
1.137785688907E-2));
#2720=CARTESIAN_POINT('',(1.679248845644E0,-8.285997278330E-1,
1.133785566105E-2));
#2721=CARTESIAN_POINT('',(1.654718535725E0,-8.126522912157E-1,
1.137276379481E-2));
#2722=CARTESIAN_POINT('',(1.631905846216E0,-7.955381776622E-1,
1.148211527987E-2));
#2723=CARTESIAN_POINT('',(1.610802234963E0,-7.774214932949E-1,
1.166545455642E-2));
#2724=CARTESIAN_POINT('',(1.591376046151E0,-7.584394819166E-1,
1.192286804042E-2));
#2725=CARTESIAN_POINT('',(1.573607742476E0,-7.387326190870E-1,
1.225468252241E-2));
#2726=CARTESIAN_POINT('',(1.557492720207E0,-7.184608276424E-1,
1.266082971025E-2));
#2727=CARTESIAN_POINT('',(1.543027958651E0,-6.978008259587E-1,
1.314038222165E-2));
#2728=CARTESIAN_POINT('',(1.530199182706E0,-6.769350137194E-1,
1.369127032903E-2));
#2729=CARTESIAN_POINT('',(1.518979646940E0,-6.560506506561E-1,
1.430957791201E-2));
#2730=CARTESIAN_POINT('',(1.509328802921E0,-6.353368773815E-1,
1.498843571519E-2));
#2731=CARTESIAN_POINT('',(1.501197715605E0,-6.149949694155E-1,
1.571573448825E-2));
#2732=CARTESIAN_POINT('',(1.494525347608E0,-5.952325995668E-1,
1.647135613400E-2));
#2733=CARTESIAN_POINT('',(1.489231490245E0,-5.762358161685E-1,
1.722480802046E-2));
#2734=CARTESIAN_POINT('',(1.485215414942E0,-5.581208192764E-1,
1.793442956928E-2));
#2735=CARTESIAN_POINT('',(1.482373040007E0,-5.409219905413E-1,
1.854697138654E-2));
#2736=CARTESIAN_POINT('',(1.480615860836E0,-5.246195352644E-1,
1.899765142493E-2));
#2737=CARTESIAN_POINT('',(1.479941296198E0,-5.106045908229E-1,
1.920006839919E-2));
#2738=CARTESIAN_POINT('',(1.479985187521E0,-5.020535911919E-1,
1.918601172997E-2));
#2739=CARTESIAN_POINT('',(1.480080230341E0,-4.985764645549E-1,
1.915608373780E-2));
#2740=CARTESIAN_POINT('',(1.920093095381E0,-7.950728541924E-1,
-8.122187820984E-2));
#2741=CARTESIAN_POINT('',(1.915997770422E0,-7.952121730833E-1,
-8.116223983068E-2));
#2742=CARTESIAN_POINT('',(1.904339225467E0,-7.953665761402E-1,
-8.110043145629E-2));
#2743=CARTESIAN_POINT('',(1.885165156661E0,-7.944847690016E-1,
-8.145586026132E-2));
#2744=CARTESIAN_POINT('',(1.862703924045E0,-7.917055138376E-1,
-8.244243124986E-2));
#2745=CARTESIAN_POINT('',(1.840226096013E0,-7.871005247895E-1,
-8.390845237379E-2));
#2746=CARTESIAN_POINT('',(1.817912572304E0,-7.806216519123E-1,
-8.577310042244E-2));
#2747=CARTESIAN_POINT('',(1.796023456949E0,-7.722751815036E-1,
-8.796189412330E-2));
#2748=CARTESIAN_POINT('',(1.774946231164E0,-7.621836727307E-1,
-9.039230418941E-2));
#2749=CARTESIAN_POINT('',(1.755072735629E0,-7.505904886305E-1,
-9.297624641616E-2));
#2750=CARTESIAN_POINT('',(1.736682247764E0,-7.377978010625E-1,
-9.563336565741E-2));
#2751=CARTESIAN_POINT('',(1.719884954329E0,-7.240719188496E-1,
-9.830459380351E-2));
#2752=CARTESIAN_POINT('',(1.704685601219E0,-7.096263309058E-1,
-1.009484201208E-1));
#2753=CARTESIAN_POINT('',(1.691040152870E0,-6.946321899279E-1,
-1.035342730544E-1));
#2754=CARTESIAN_POINT('',(1.678887784003E0,-6.792315718291E-1,
-1.060374511806E-1));
#2755=CARTESIAN_POINT('',(1.668174151341E0,-6.635640552368E-1,
-1.084335846762E-1));
#2756=CARTESIAN_POINT('',(1.658851182866E0,-6.477794009785E-1,
-1.106967778391E-1));
#2757=CARTESIAN_POINT('',(1.650867385611E0,-6.320346177987E-1,
-1.128004882594E-1));
#2758=CARTESIAN_POINT('',(1.644159953266E0,-6.164852029510E-1,
-1.147190932078E-1));
#2759=CARTESIAN_POINT('',(1.638654048030E0,-6.012848560912E-1,
-1.164283979212E-1));
#2760=CARTESIAN_POINT('',(1.634261850057E0,-5.865836423005E-1,
-1.179067932739E-1));
#2761=CARTESIAN_POINT('',(1.630884196977E0,-5.725350377654E-1,
-1.191363160012E-1));
#2762=CARTESIAN_POINT('',(1.628407101256E0,-5.592896371871E-1,
-1.201064191479E-1));
#2763=CARTESIAN_POINT('',(1.626698453105E0,-5.469722647646E-1,
-1.208195299446E-1));
#2764=CARTESIAN_POINT('',(1.625610956395E0,-5.356470356191E-1,
-1.212954872562E-1));
#2765=CARTESIAN_POINT('',(1.624993721195E0,-5.253067885971E-1,
-1.215711052694E-1));
#2766=CARTESIAN_POINT('',(1.624704391717E0,-5.158851720238E-1,
-1.216970192787E-1));
#2767=CARTESIAN_POINT('',(1.624626359347E0,-5.080625198264E-1,
-1.217259949122E-1));
#2768=CARTESIAN_POINT('',(1.624632580224E0,-5.033843297554E-1,
-1.217248909990E-1));
#2769=CARTESIAN_POINT('',(1.624641390655E0,-5.014882330165E-1,
-1.217216428262E-1));
#2770=CARTESIAN_POINT('',(1.918185738727E0,-8.054803435517E-1,
-2.154819920204E-1));
#2771=CARTESIAN_POINT('',(1.914886207820E0,-8.055699964026E-1,
-2.153923827416E-1));
#2772=CARTESIAN_POINT('',(1.905417619499E0,-8.056720482001E-1,
-2.152951471544E-1));
#2773=CARTESIAN_POINT('',(1.889467052690E0,-8.050908173325E-1,
-2.158507499479E-1));
#2774=CARTESIAN_POINT('',(1.870162100043E0,-8.031649047776E-1,
-2.175224938987E-1));
#2775=CARTESIAN_POINT('',(1.850241891495E0,-7.998437103710E-1,
-2.201744624744E-1));
#2776=CARTESIAN_POINT('',(1.829901629859E0,-7.950053342949E-1,
-2.237419904930E-1));
#2777=CARTESIAN_POINT('',(1.809421771081E0,-7.885783373729E-1,
-2.281349282455E-1));
#2778=CARTESIAN_POINT('',(1.789206791090E0,-7.805929432976E-1,
-2.332171185107E-1));
#2779=CARTESIAN_POINT('',(1.769676318229E0,-7.711903467861E-1,
-2.388171398348E-1));
#2780=CARTESIAN_POINT('',(1.751151170559E0,-7.605756506370E-1,
-2.447634394507E-1));
#2781=CARTESIAN_POINT('',(1.733788407695E0,-7.489363456832E-1,
-2.509229761551E-1));
#2782=CARTESIAN_POINT('',(1.717637331812E0,-7.364220432526E-1,
-2.571995409291E-1));
#2783=CARTESIAN_POINT('',(1.702694136060E0,-7.231487399850E-1,
-2.635220317913E-1));
#2784=CARTESIAN_POINT('',(1.688934515054E0,-7.092068933264E-1,
-2.698342051086E-1));
#2785=CARTESIAN_POINT('',(1.676340720342E0,-6.946833889241E-1,
-2.760813488856E-1));
#2786=CARTESIAN_POINT('',(1.664904967007E0,-6.796733708885E-1,
-2.822045319989E-1));
#2787=CARTESIAN_POINT('',(1.654621028471E0,-6.642782348580E-1,
-2.881414896731E-1));
#2788=CARTESIAN_POINT('',(1.645475936653E0,-6.485972369871E-1,
-2.938294989007E-1));
#2789=CARTESIAN_POINT('',(1.637449778340E0,-6.327267979299E-1,
-2.992048218545E-1));
#2790=CARTESIAN_POINT('',(1.630515284673E0,-6.167585830055E-1,
-3.042026305599E-1));
#2791=CARTESIAN_POINT('',(1.624642133733E0,-6.007890062149E-1,
-3.087538111591E-1));
#2792=CARTESIAN_POINT('',(1.619794444837E0,-5.849193361201E-1,
-3.127866751113E-1));
#2793=CARTESIAN_POINT('',(1.615925166238E0,-5.692416966799E-1,
-3.162335509416E-1));
#2794=CARTESIAN_POINT('',(1.612973477244E0,-5.538085769662E-1,
-3.190386441357E-1));
#2795=CARTESIAN_POINT('',(1.610875249077E0,-5.386311167411E-1,
-3.211554286411E-1));
#2796=CARTESIAN_POINT('',(1.609574413483E0,-5.237099178162E-1,
-3.225404318714E-1));
#2797=CARTESIAN_POINT('',(1.609075271075E0,-5.104404610964E-1,
-3.230990869810E-1));
#2798=CARTESIAN_POINT('',(1.609106886185E0,-5.021523209227E-1,
-3.230644197012E-1));
#2799=CARTESIAN_POINT('',(1.609177466160E0,-4.987600627242E-1,
-3.229834474358E-1));
#2800=(BOUNDED_SURFACE()B_SPLINE_SURFACE(3,3,((#2680,#2681,#2682,#2683,#2684,
#2685,#2686,#2687,#2688,#2689,#2690,#2691,#2692,#2693,#2694,#2695,#2696,#2697,
#2698,#2699,#2700,#2701,#2702,#2703,#2704,#2705,#2706,#2707,#2708,#2709),(#2710,
#2711,#2712,#2713,#2714,#2715,#2716,#2717,#2718,#2719,#2720,#2721,#2722,#2723,
#2724,#2725,#2726,#2727,#2728,#2729,#2730,#2731,#2732,#2733,#2734,#2735,#2736,
#2737,#2738,#2739),(#2740,#2741,#2742,#2743,#2744,#2745,#2746,#2747,#2748,#2749,
#2750,#2751,#2752,#2753,#2754,#2755,#2756,#2757,#2758,#2759,#2760,#2761,#2762,
#2763,#2764,#2765,#2766,#2767,#2768,#2769),(#2770,#2771,#2772,#2773,#2774,#2775,
#2776,#2777,#2778,#2779,#2780,#2781,#2782,#2783,#2784,#2785,#2786,#2787,#2788,
#2789,#2790,#2791,#2792,#2793,#2794,#2795,#2796,#2797,#2798,#2799)),
.UNSPECIFIED.,.F.,.F.,.F.)B_SPLINE_SURFACE_WITH_KNOTS((4,4),(4,1,1,1,1,1,1,1,1,
1,1,1,1,1,1,1,1,1,1,1,1,1,1,1,1,1,1,4),(0.E0,1.E0),(1.421646049505E-2,
3.239220391833E-2,6.626848173199E-2,1.016835802696E-1,1.386628641396E-1,
1.771861749495E-1,2.171130501475E-1,2.580216256552E-1,2.990966236292E-1,
3.398547428901E-1,3.801183076790E-1,4.198104623157E-1,4.589728090718E-1,
4.976957662018E-1,5.360134675209E-1,5.738887473704E-1,6.112739846795E-1,
6.481072896626E-1,6.843259373261E-1,7.198612367774E-1,7.546428204579E-1,
7.885380992619E-1,8.214186148820E-1,8.532550090872E-1,8.841518842453E-1,
9.142305492226E-1,9.435346440238E-1,9.638275061022E-1),.UNSPECIFIED.)GEOMETRIC_REPRESENTATION_ITEM()RATIONAL_B_SPLINE_SURFACE(((1.219000859135E0,
1.219000859135E0,1.219000859135E0,1.219000859135E0,1.219000859135E0,
1.219000859135E0,1.219000859135E0,1.219000859135E0,1.219000859135E0,
1.219000859135E0,1.219000859135E0,1.219000859135E0,1.219000859135E0,
1.219000859135E0,1.219000859135E0,1.219000859135E0,1.219000859135E0,
1.219000859135E0,1.219000859135E0,1.219000859135E0,1.219000859135E0,
1.219000859135E0,1.219000859135E0,1.219000859135E0,1.219000859135E0,
1.219000859135E0,1.219000859135E0,1.219000859135E0,1.219000859135E0,
1.219000859135E0),(9.269997136215E-1,9.269997136215E-1,9.269997136215E-1,
9.269997136215E-1,9.269997136215E-1,9.269997136215E-1,9.269997136215E-1,
9.269997136215E-1,9.269997136215E-1,9.269997136215E-1,9.269997136215E-1,
9.269997136215E-1,9.269997136215E-1,9.269997136215E-1,9.269997136215E-1,
9.269997136215E-1,9.269997136215E-1,9.269997136215E-1,9.269997136215E-1,
9.269997136215E-1,9.269997136215E-1,9.269997136215E-1,9.269997136215E-1,
9.269997136215E-1,9.269997136215E-1,9.269997136215E-1,9.269997136215E-1,
9.269997136215E-1,9.269997136215E-1,9.269997136215E-1),(9.269997136215E-1,
9.269997136215E-1,9.269997136215E-1,9.269997136215E-1,9.269997136215E-1,
9.269997136215E-1,9.269997136215E-1,9.269997136215E-1,9.269997136215E-1,
9.269997136215E-1,9.269997136215E-1,9.269997136215E-1,9.269997136215E-1,
9.269997136215E-1,9.269997136215E-1,9.269997136215E-1,9.269997136215E-1,
9.269997136215E-1,9.269997136215E-1,9.269997136215E-1,9.269997136215E-1,
9.269997136215E-1,9.269997136215E-1,9.269997136215E-1,9.269997136215E-1,
9.269997136215E-1,9.269997136215E-1,9.269997136215E-1,9.269997136215E-1,
9.269997136215E-1),(1.219000859135E0,1.219000859135E0,1.219000859135E0,
1.219000859135E0,1.219000859135E0,1.219000859135E0,1.219000859135E0,
1.219000859135E0,1.219000859135E0,1.219000859135E0,1.219000859135E0,
1.219000859135E0,1.219000859135E0,1.219000859135E0,1.219000859135E0,
1.219000859135E0,1.219000859135E0,1.219000859135E0,1.219000859135E0,
1.219000859135E0,1.219000859135E0,1.219000859135E0,1.219000859135E0,
1.219000859135E0,1.219000859135E0,1.219000859135E0,1.219000859135E0,
1.219000859135E0,1.219000859135E0,1.219000859135E0)))REPRESENTATION_ITEM('')SURFACE());
#2801=ORIENTED_EDGE('',*,*,#1855,.T.);
#2803=ORIENTED_EDGE('',*,*,#2802,.F.);
#2805=ORIENTED_EDGE('',*,*,#2804,.F.);
#2806=ORIENTED_EDGE('',*,*,#2672,.F.);
#2807=EDGE_LOOP('',(#2801,#2803,#2805,#2806));
#2808=FACE_OUTER_BOUND('',#2807,.F.);
#2810=CARTESIAN_POINT('',(1.31E0,-4.545072E0,-3.E-1));
#2811=DIRECTION('',(0.E0,1.E0,0.E0));
#2812=DIRECTION('',(0.E0,0.E0,1.E0));
#2813=AXIS2_PLACEMENT_3D('',#2810,#2811,#2812);
#2814=CYLINDRICAL_SURFACE('',#2813,3.E-1);
#2816=ORIENTED_EDGE('',*,*,#2815,.F.);
#2817=ORIENTED_EDGE('',*,*,#2802,.T.);
#2818=ORIENTED_EDGE('',*,*,#1853,.T.);
#2820=ORIENTED_EDGE('',*,*,#2819,.T.);
#2821=EDGE_LOOP('',(#2816,#2817,#2818,#2820));
#2822=FACE_OUTER_BOUND('',#2821,.F.);
#2824=CARTESIAN_POINT('',(1.61E0,6.05E-1,0.E0));
#2825=DIRECTION('',(-1.E0,0.E0,0.E0));
#2826=DIRECTION('',(0.E0,-1.E0,0.E0));
#2827=AXIS2_PLACEMENT_3D('',#2824,#2825,#2826);
#2828=PLANE('',#2827);
#2830=ORIENTED_EDGE('',*,*,#2829,.T.);
#2831=ORIENTED_EDGE('',*,*,#2496,.F.);
#2833=ORIENTED_EDGE('',*,*,#2832,.F.);
#2834=ORIENTED_EDGE('',*,*,#2815,.T.);
#2835=EDGE_LOOP('',(#2830,#2831,#2833,#2834));
#2836=FACE_OUTER_BOUND('',#2835,.F.);
#2838=CARTESIAN_POINT('',(1.71E0,5.05E-1,9.1252E0));
#2839=DIRECTION('',(0.E0,0.E0,-1.E0));
#2840=DIRECTION('',(-1.E0,0.E0,0.E0));
#2841=AXIS2_PLACEMENT_3D('',#2838,#2839,#2840);
#2842=CYLINDRICAL_SURFACE('',#2841,1.E-1);
#2843=ORIENTED_EDGE('',*,*,#2498,.T.);
#2844=ORIENTED_EDGE('',*,*,#2829,.F.);
#2846=ORIENTED_EDGE('',*,*,#2845,.T.);
#2847=ORIENTED_EDGE('',*,*,#2461,.T.);
#2848=EDGE_LOOP('',(#2843,#2844,#2846,#2847));
#2849=FACE_OUTER_BOUND('',#2848,.F.);
#2851=CARTESIAN_POINT('',(1.224005369502E0,4.683205873019E-1,
-1.396779804036E-2));
#2852=CARTESIAN_POINT('',(1.223185613467E0,4.714253989147E-1,
-1.398885561511E-2));
#2853=CARTESIAN_POINT('',(1.221681586775E0,4.779313984859E-1,
-1.402755617367E-2));
#2854=CARTESIAN_POINT('',(1.220099724886E0,4.877477261423E-1,
-1.406849988157E-2));
#2855=CARTESIAN_POINT('',(1.219225126809E0,4.975268167072E-1,
-1.409126528015E-2));
#2856=CARTESIAN_POINT('',(1.219036289378E0,5.069051600247E-1,
-1.409622644124E-2));
#2857=CARTESIAN_POINT('',(1.219485927065E0,5.161144708326E-1,
-1.408442729041E-2));
#2858=CARTESIAN_POINT('',(1.220602114408E0,5.254204139220E-1,
-1.405493136797E-2));
#2859=CARTESIAN_POINT('',(1.222498808200E0,5.350777742211E-1,
-1.400447761305E-2));
#2860=CARTESIAN_POINT('',(1.225360120472E0,5.452337773085E-1,
-1.392782112309E-2));
#2861=CARTESIAN_POINT('',(1.229397314587E0,5.558848262559E-1,
-1.381881366756E-2));
#2862=CARTESIAN_POINT('',(1.234802289763E0,5.668952739635E-1,
-1.367163141516E-2));
#2863=CARTESIAN_POINT('',(1.241723818371E0,5.780597869242E-1,
-1.348145091080E-2));
#2864=CARTESIAN_POINT('',(1.250251816888E0,5.891491460933E-1,
-1.324496920342E-2));
#2865=CARTESIAN_POINT('',(1.260500004418E0,6.000388144693E-1,
-1.295822987869E-2));
#2866=CARTESIAN_POINT('',(1.272695696704E0,6.107164065686E-1,
-1.261413960708E-2));
#2867=CARTESIAN_POINT('',(1.287205210339E0,6.212077707963E-1,
-1.220174946572E-2));
#2868=CARTESIAN_POINT('',(1.304434367423E0,6.314810104725E-1,
-1.170926952875E-2));
#2869=CARTESIAN_POINT('',(1.324648540308E0,6.413879919917E-1,
-1.112970015640E-2));
#2870=CARTESIAN_POINT('',(1.348072000501E0,6.507986609305E-1,
-1.045867364345E-2));
#2871=CARTESIAN_POINT('',(1.374971577457E0,6.596185270871E-1,
-9.692644561127E-3));
#2872=CARTESIAN_POINT('',(1.405656528004E0,6.677176500138E-1,
-8.829589136430E-3));
#2873=CARTESIAN_POINT('',(1.439554200681E0,6.746752641931E-1,
-7.895196902361E-3));
#2874=CARTESIAN_POINT('',(1.474682302583E0,6.798907678883E-1,
-6.953700868742E-3));
#2875=CARTESIAN_POINT('',(1.508400689126E0,6.830266510623E-1,
-6.080115059358E-3));
#2876=CARTESIAN_POINT('',(1.538826264513E0,6.842602182766E-1,
-5.320803042524E-3));
#2877=CARTESIAN_POINT('',(1.565506871755E0,6.840693651534E-1,
-4.681594939521E-3));
#2878=CARTESIAN_POINT('',(1.588734523970E0,6.829312947326E-1,
-4.150189289253E-3));
#2879=CARTESIAN_POINT('',(1.608981200773E0,6.812298888530E-1,
-3.711528958100E-3));
#2880=CARTESIAN_POINT('',(1.626674187950E0,6.792612406281E-1,
-3.352904396648E-3));
#2881=CARTESIAN_POINT('',(1.642215395250E0,6.772437247044E-1,
-3.063197278695E-3));
#2882=CARTESIAN_POINT('',(1.655964147483E0,6.753329367367E-1,
-2.832989073630E-3));
#2883=CARTESIAN_POINT('',(1.668197578089E0,6.736411007273E-1,
-2.654976920687E-3));
#2884=CARTESIAN_POINT('',(1.679144414675E0,6.722439952654E-1,
-2.522913691456E-3));
#2885=CARTESIAN_POINT('',(1.689006314215E0,6.711841754914E-1,
-2.431025955458E-3));
#2886=CARTESIAN_POINT('',(1.698007587658E0,6.704761022656E-1,
-2.373892121999E-3));
#2887=CARTESIAN_POINT('',(1.706365260100E0,6.701244023184E-1,
-2.347286865271E-3));
#2888=CARTESIAN_POINT('',(1.714260415193E0,6.701364553286E-1,
-2.348484596864E-3));
#2889=CARTESIAN_POINT('',(1.720009480489E0,6.704324508212E-1,
-2.369341198646E-3));
#2890=CARTESIAN_POINT('',(1.723137873736E0,6.707032006209E-1,
-2.387799906187E-3));
#2891=CARTESIAN_POINT('',(1.723762190941E0,6.707617187484E-1,
-2.391769383322E-3));
#2892=CARTESIAN_POINT('',(1.485466921374E0,4.880538422332E-1,
6.937074229870E-2));
#2893=CARTESIAN_POINT('',(1.485169033027E0,4.894943877397E-1,
6.947527311726E-2));
#2894=CARTESIAN_POINT('',(1.484623108540E0,4.925081634988E-1,
6.966758233111E-2));
#2895=CARTESIAN_POINT('',(1.484050119929E0,4.970438138788E-1,
6.987088491134E-2));
#2896=CARTESIAN_POINT('',(1.483733952277E0,5.015549053921E-1,
6.998395976521E-2));
#2897=CARTESIAN_POINT('',(1.483665870100E0,5.058781950615E-1,
7.000859652805E-2));
#2898=CARTESIAN_POINT('',(1.483828035242E0,5.101243103776E-1,
6.994999701598E-2));
#2899=CARTESIAN_POINT('',(1.484229903183E0,5.144194328562E-1,
6.980350597466E-2));
#2900=CARTESIAN_POINT('',(1.484911812307E0,5.188858275106E-1,
6.955292857218E-2));
#2901=CARTESIAN_POINT('',(1.485939166886E0,5.235984716547E-1,
6.917221579201E-2));
#2902=CARTESIAN_POINT('',(1.487386953299E0,5.285657729045E-1,
6.863083267841E-2));
#2903=CARTESIAN_POINT('',(1.489323205367E0,5.337380658246E-1,
6.789985527309E-2));
#2904=CARTESIAN_POINT('',(1.491800819486E0,5.390358012702E-1,
6.695532800175E-2));
#2905=CARTESIAN_POINT('',(1.494852396867E0,5.443696904466E-1,
6.578084682826E-2));
#2906=CARTESIAN_POINT('',(1.498520388935E0,5.497015365351E-1,
6.435676230914E-2));
#2907=CARTESIAN_POINT('',(1.502890023221E0,5.550520606181E-1,
6.264784557970E-2));
#2908=CARTESIAN_POINT('',(1.508100168797E0,5.604720071042E-1,
6.059971905670E-2));
#2909=CARTESIAN_POINT('',(1.514311035863E0,5.659987528075E-1,
5.815382833380E-2));
#2910=CARTESIAN_POINT('',(1.521644430369E0,5.716244537307E-1,
5.527540985481E-2));
#2911=CARTESIAN_POINT('',(1.530226059292E0,5.773637681047E-1,
5.194277150822E-2));
#2912=CARTESIAN_POINT('',(1.540225952802E0,5.832715321067E-1,
4.813830500051E-2));
#2913=CARTESIAN_POINT('',(1.551877367524E0,5.894210719962E-1,
4.385195930771E-2));
#2914=CARTESIAN_POINT('',(1.565144950827E0,5.957120756445E-1,
3.921132092775E-2));
#2915=CARTESIAN_POINT('',(1.579474241024E0,6.018009811237E-1,
3.453540168431E-2));
#2916=CARTESIAN_POINT('',(1.593949897930E0,6.072602242983E-1,
3.019675706871E-2));
#2917=CARTESIAN_POINT('',(1.607779923376E0,6.118325534499E-1,
2.642565071825E-2));
#2918=CARTESIAN_POINT('',(1.620655445860E0,6.155164168115E-1,
2.325103780160E-2));
#2919=CARTESIAN_POINT('',(1.632563991514E0,6.184229903935E-1,
2.061182338357E-2));
#2920=CARTESIAN_POINT('',(1.643583081487E0,6.206787918386E-1,
1.843322654446E-2));
#2921=CARTESIAN_POINT('',(1.653781356704E0,6.223950194014E-1,
1.665212558289E-2));
#2922=CARTESIAN_POINT('',(1.663233422493E0,6.236704642704E-1,
1.521330159324E-2));
#2923=CARTESIAN_POINT('',(1.672012273938E0,6.245904980395E-1,
1.406997760237E-2));
#2924=CARTESIAN_POINT('',(1.680162956256E0,6.252259399585E-1,
1.318588426767E-2));
#2925=CARTESIAN_POINT('',(1.687718593686E0,6.256387435112E-1,
1.252999487809E-2));
#2926=CARTESIAN_POINT('',(1.694713856793E0,6.258839944852E-1,
1.207363736153E-2));
#2927=CARTESIAN_POINT('',(1.701222195415E0,6.260094397839E-1,
1.178988053336E-2));
#2928=CARTESIAN_POINT('',(1.707333100802E0,6.260539514637E-1,
1.165775582100E-2));
#2929=CARTESIAN_POINT('',(1.713125585208E0,6.260492023549E-1,
1.166367097847E-2));
#2930=CARTESIAN_POINT('',(1.717326046577E0,6.260291190035E-1,
1.176734407120E-2));
#2931=CARTESIAN_POINT('',(1.719595232633E0,6.260191310539E-1,
1.185892291983E-2));
#2932=CARTESIAN_POINT('',(1.720047321194E0,6.260172491088E-1,
1.187861311091E-2));
#2933=CARTESIAN_POINT('',(1.679460362850E0,5.026950849255E-1,
-1.251775427672E-1));
#2934=CARTESIAN_POINT('',(1.679549678312E0,5.029008151898E-1,
-1.253661897082E-1));
#2935=CARTESIAN_POINT('',(1.679714625244E0,5.033235082033E-1,
-1.257131574588E-1));
#2936=CARTESIAN_POINT('',(1.679890178044E0,5.039411188146E-1,
-1.260800316095E-1));
#2937=CARTESIAN_POINT('',(1.679988342209E0,5.045435772674E-1,
-1.262840667992E-1));
#2938=CARTESIAN_POINT('',(1.680009855338E0,5.051162303823E-1,
-1.263285244231E-1));
#2939=CARTESIAN_POINT('',(1.679958727978E0,5.056798640208E-1,
-1.262227829342E-1));
#2940=CARTESIAN_POINT('',(1.679830601058E0,5.062571689926E-1,
-1.259584441019E-1));
#2941=CARTESIAN_POINT('',(1.679611191204E0,5.068720861245E-1,
-1.255062842692E-1));
#2942=CARTESIAN_POINT('',(1.679277826542E0,5.075459875662E-1,
-1.248192988778E-1));
#2943=CARTESIAN_POINT('',(1.678804381677E0,5.082961877989E-1,
-1.238423884224E-1));
#2944=CARTESIAN_POINT('',(1.678166987532E0,5.091368161549E-1,
-1.225233604553E-1));
#2945=CARTESIAN_POINT('',(1.677347404569E0,5.100816501801E-1,
-1.208189878189E-1));
#2946=CARTESIAN_POINT('',(1.676335708497E0,5.111452234221E-1,
-1.186996698972E-1));
#2947=CARTESIAN_POINT('',(1.675121473122E0,5.123533998355E-1,
-1.161299498270E-1));
#2948=CARTESIAN_POINT('',(1.673684502523E0,5.137514641779E-1,
-1.130462581227E-1));
#2949=CARTESIAN_POINT('',(1.671994909303E0,5.154086326426E-1,
-1.093504719797E-1));
#2950=CARTESIAN_POINT('',(1.670030669992E0,5.174136800534E-1,
-1.049369316345E-1));
#2951=CARTESIAN_POINT('',(1.667807070329E0,5.198628513845E-1,
-9.974290723751E-2));
#2952=CARTESIAN_POINT('',(1.665376686567E0,5.228781755510E-1,
-9.372925598946E-2));
#2953=CARTESIAN_POINT('',(1.662837727890E0,5.266252826043E-1,
-8.686420422479E-2));
#2954=CARTESIAN_POINT('',(1.660367061978E0,5.313283141252E-1,
-7.912961515621E-2));
#2955=CARTESIAN_POINT('',(1.658327989267E0,5.371247208810E-1,
-7.075571499568E-2));
#2956=CARTESIAN_POINT('',(1.657225438597E0,5.438616536386E-1,
-6.231815151904E-2));
#2957=CARTESIAN_POINT('',(1.657423801885E0,5.510447319205E-1,
-5.448919052954E-2));
#2958=CARTESIAN_POINT('',(1.658940629375E0,5.580942815806E-1,
-4.768433622121E-2));
#2959=CARTESIAN_POINT('',(1.661573361350E0,5.646530211152E-1,
-4.195583737344E-2));
#2960=CARTESIAN_POINT('',(1.665083607442E0,5.705605499202E-1,
-3.719344991109E-2));
#2961=CARTESIAN_POINT('',(1.669256217262E0,5.757524322615E-1,
-3.326223378755E-2));
#2962=CARTESIAN_POINT('',(1.673893732377E0,5.802026822086E-1,
-3.004828768780E-2));
#2963=CARTESIAN_POINT('',(1.678827912041E0,5.839213650689E-1,
-2.745197065747E-2));
#2964=CARTESIAN_POINT('',(1.683919306761E0,5.869417491457E-1,
-2.538887500007E-2));
#2965=CARTESIAN_POINT('',(1.689040762085E0,5.893039331092E-1,
-2.379355364453E-2));
#2966=CARTESIAN_POINT('',(1.694080272802E0,5.910596127979E-1,
-2.261002000030E-2));
#2967=CARTESIAN_POINT('',(1.698948612608E0,5.922731712112E-1,
-2.178653540244E-2));
#2968=CARTESIAN_POINT('',(1.703607298758E0,5.930170520923E-1,
-2.127450563121E-2));
#2969=CARTESIAN_POINT('',(1.708051197774E0,5.933555360847E-1,
-2.103608577742E-2));
#2970=CARTESIAN_POINT('',(1.712283589233E0,5.933383205125E-1,
-2.104677518686E-2));
#2971=CARTESIAN_POINT('',(1.715335051817E0,5.930837199928E-1,
-2.123380839169E-2));
#2972=CARTESIAN_POINT('',(1.716966742385E0,5.928654364766E-1,
-2.139910490659E-2));
#2973=CARTESIAN_POINT('',(1.717291044557E0,5.928187402257E-1,
-2.143464663892E-2));
#2974=CARTESIAN_POINT('',(1.596353973825E0,4.964228068436E-1,
-3.873813622643E-1));
#2975=CARTESIAN_POINT('',(1.596277411977E0,4.971575294033E-1,
-3.879651415927E-1));
#2976=CARTESIAN_POINT('',(1.596137823063E0,4.986902369050E-1,
-3.890389236650E-1));
#2977=CARTESIAN_POINT('',(1.595992702271E0,5.009863276482E-1,
-3.901742575149E-1));
#2978=CARTESIAN_POINT('',(1.595913367543E0,5.032632364185E-1,
-3.908056799962E-1));
#2979=CARTESIAN_POINT('',(1.595896498228E0,5.054426544747E-1,
-3.909432600659E-1));
#2980=CARTESIAN_POINT('',(1.595936744935E0,5.075838556460E-1,
-3.906160268371E-1));
#2981=CARTESIAN_POINT('',(1.596035666717E0,5.097538659469E-1,
-3.897979891532E-1));
#2982=CARTESIAN_POINT('',(1.596202380049E0,5.120187480821E-1,
-3.883987102693E-1));
#2983=CARTESIAN_POINT('',(1.596451944694E0,5.144228385428E-1,
-3.862727271577E-1));
#2984=CARTESIAN_POINT('',(1.596801551335E0,5.169796361275E-1,
-3.832495258662E-1));
#2985=CARTESIAN_POINT('',(1.597266701903E0,5.196759406221E-1,
-3.791675887403E-1));
#2986=CARTESIAN_POINT('',(1.597859631350E0,5.224855486112E-1,
-3.738931426230E-1));
#2987=CARTESIAN_POINT('',(1.598588633219E0,5.253785163657E-1,
-3.673345838047E-1));
#2988=CARTESIAN_POINT('',(1.599465933982E0,5.283532643375E-1,
-3.593821855101E-1));
#2989=CARTESIAN_POINT('',(1.600516500904E0,5.314445542565E-1,
-3.498392220818E-1));
#2990=CARTESIAN_POINT('',(1.601782741510E0,5.347136890418E-1,
-3.384020372448E-1));
#2991=CARTESIAN_POINT('',(1.603320700860E0,5.382274247159E-1,
-3.247436504340E-1));
#2992=CARTESIAN_POINT('',(1.605191297729E0,5.420374147532E-1,
-3.086699343756E-1));
#2993=CARTESIAN_POINT('',(1.607478437421E0,5.462196906896E-1,
-2.900597555919E-1));
#2994=CARTESIAN_POINT('',(1.610311097083E0,5.508924187101E-1,
-2.688147855346E-1));
#2995=CARTESIAN_POINT('',(1.613890301301E0,5.562151314238E-1,
-2.448788970956E-1));
#2996=CARTESIAN_POINT('',(1.618408568362E0,5.622234224651E-1,
-2.189645610831E-1));
#2997=CARTESIAN_POINT('',(1.623916986397E0,5.686827416772E-1,
-1.928532090405E-1));
#2998=CARTESIAN_POINT('',(1.630231712736E0,5.751273325652E-1,
-1.686252720194E-1));
#2999=CARTESIAN_POINT('',(1.637023488758E0,5.811156460839E-1,
-1.475665923502E-1));
#3000=CARTESIAN_POINT('',(1.644044210999E0,5.864427946132E-1,
-1.298388620045E-1));
#3001=CARTESIAN_POINT('',(1.651152271250E0,5.910647204085E-1,
-1.151009135508E-1));
#3002=CARTESIAN_POINT('',(1.658257899005E0,5.949987917676E-1,
-1.029351540352E-1));
#3003=CARTESIAN_POINT('',(1.665277632244E0,5.982777921810E-1,
-9.298909812733E-2));
#3004=CARTESIAN_POINT('',(1.672147264978E0,6.009497969399E-1,
-8.495439140732E-2));
#3005=CARTESIAN_POINT('',(1.678818358531E0,6.030703952898E-1,
-7.856982111752E-2));
#3006=CARTESIAN_POINT('',(1.685237528433E0,6.046928465335E-1,
-7.363285117497E-2));
#3007=CARTESIAN_POINT('',(1.691354942629E0,6.058732408635E-1,
-6.997022219987E-2));
#3008=CARTESIAN_POINT('',(1.697134451977E0,6.066719783729E-1,
-6.742182139089E-2));
#3009=CARTESIAN_POINT('',(1.702585525420E0,6.071509227298E-1,
-6.583726463340E-2));
#3010=CARTESIAN_POINT('',(1.707743566517E0,6.073634695916E-1,
-6.509944073445E-2));
#3011=CARTESIAN_POINT('',(1.712644298567E0,6.073515946265E-1,
-6.513250906572E-2));
#3012=CARTESIAN_POINT('',(1.716187989853E0,6.071974607766E-1,
-6.571134372770E-2));
#3013=CARTESIAN_POINT('',(1.718092782170E0,6.070684106502E-1,
-6.622284582046E-2));
#3014=CARTESIAN_POINT('',(1.718471827766E0,6.070409127552E-1,
-6.633282676601E-2));
#3015=(BOUNDED_SURFACE()B_SPLINE_SURFACE(3,3,((#2851,#2852,#2853,#2854,#2855,
#2856,#2857,#2858,#2859,#2860,#2861,#2862,#2863,#2864,#2865,#2866,#2867,#2868,
#2869,#2870,#2871,#2872,#2873,#2874,#2875,#2876,#2877,#2878,#2879,#2880,#2881,
#2882,#2883,#2884,#2885,#2886,#2887,#2888,#2889,#2890,#2891),(#2892,#2893,#2894,
#2895,#2896,#2897,#2898,#2899,#2900,#2901,#2902,#2903,#2904,#2905,#2906,#2907,
#2908,#2909,#2910,#2911,#2912,#2913,#2914,#2915,#2916,#2917,#2918,#2919,#2920,
#2921,#2922,#2923,#2924,#2925,#2926,#2927,#2928,#2929,#2930,#2931,#2932),(#2933,
#2934,#2935,#2936,#2937,#2938,#2939,#2940,#2941,#2942,#2943,#2944,#2945,#2946,
#2947,#2948,#2949,#2950,#2951,#2952,#2953,#2954,#2955,#2956,#2957,#2958,#2959,
#2960,#2961,#2962,#2963,#2964,#2965,#2966,#2967,#2968,#2969,#2970,#2971,#2972,
#2973),(#2974,#2975,#2976,#2977,#2978,#2979,#2980,#2981,#2982,#2983,#2984,#2985,
#2986,#2987,#2988,#2989,#2990,#2991,#2992,#2993,#2994,#2995,#2996,#2997,#2998,
#2999,#3000,#3001,#3002,#3003,#3004,#3005,#3006,#3007,#3008,#3009,#3010,#3011,
#3012,#3013,#3014)),.UNSPECIFIED.,.F.,.F.,.F.)B_SPLINE_SURFACE_WITH_KNOTS((4,4),
(4,1,1,1,1,1,1,1,1,1,1,1,1,1,1,1,1,1,1,1,1,1,1,1,1,1,1,1,1,1,1,1,1,1,1,1,1,1,4),
(0.E0,1.E0),(5.671400126287E-2,6.886008223962E-2,8.188806438296E-2,
9.401206916394E-2,1.055686497655E-1,1.169082956913E-1,1.284478076246E-1,
1.406539329341E-1,1.539166916451E-1,1.684125650554E-1,1.842528977073E-1,
2.015252504475E-1,2.202776034344E-1,2.405595649265E-1,2.629294017078E-1,
2.881492219776E-1,3.169062307646E-1,3.498495241711E-1,3.870013908846E-1,
4.288740079840E-1,4.762587789952E-1,5.292439012330E-1,5.841781062083E-1,
6.356078366157E-1,6.811027362644E-1,7.207022789740E-1,7.552790451292E-1,
7.855051222435E-1,8.120394477025E-1,8.354342020890E-1,8.561866771248E-1,
8.747463569316E-1,8.913033867871E-1,9.061642511495E-1,9.196958313378E-1,
9.322329191955E-1,9.440831957571E-1,9.554795204997E-1,9.583235275027E-1),
.UNSPECIFIED.)GEOMETRIC_REPRESENTATION_ITEM()RATIONAL_B_SPLINE_SURFACE(((
1.370150374073E0,1.370150374073E0,1.370150374073E0,1.370150374073E0,
1.370150374073E0,1.370150374073E0,1.370150374073E0,1.370150374073E0,
1.370150374073E0,1.370150374073E0,1.370150374073E0,1.370150374073E0,
1.370150374073E0,1.370150374073E0,1.370150374073E0,1.370150374073E0,
1.370150374073E0,1.370150374073E0,1.370150374073E0,1.370150374073E0,
1.370150374073E0,1.370150374073E0,1.370150374073E0,1.370150374073E0,
1.370150374073E0,1.370150374073E0,1.370150374073E0,1.370150374073E0,
1.370150374073E0,1.370150374073E0,1.370150374073E0,1.370150374073E0,
1.370150374073E0,1.370150374073E0,1.370150374073E0,1.370150374073E0,
1.370150374073E0,1.370150374073E0,1.370150374073E0,1.370150374073E0,
1.370150374073E0),(8.766165419757E-1,8.766165419757E-1,8.766165419757E-1,
8.766165419757E-1,8.766165419757E-1,8.766165419757E-1,8.766165419757E-1,
8.766165419757E-1,8.766165419757E-1,8.766165419757E-1,8.766165419757E-1,
8.766165419757E-1,8.766165419757E-1,8.766165419757E-1,8.766165419757E-1,
8.766165419757E-1,8.766165419757E-1,8.766165419757E-1,8.766165419757E-1,
8.766165419757E-1,8.766165419757E-1,8.766165419757E-1,8.766165419757E-1,
8.766165419757E-1,8.766165419757E-1,8.766165419757E-1,8.766165419757E-1,
8.766165419757E-1,8.766165419757E-1,8.766165419757E-1,8.766165419757E-1,
8.766165419757E-1,8.766165419757E-1,8.766165419757E-1,8.766165419757E-1,
8.766165419757E-1,8.766165419757E-1,8.766165419757E-1,8.766165419757E-1,
8.766165419757E-1,8.766165419757E-1),(8.766165419757E-1,8.766165419757E-1,
8.766165419757E-1,8.766165419757E-1,8.766165419757E-1,8.766165419757E-1,
8.766165419757E-1,8.766165419757E-1,8.766165419757E-1,8.766165419757E-1,
8.766165419757E-1,8.766165419757E-1,8.766165419757E-1,8.766165419757E-1,
8.766165419757E-1,8.766165419757E-1,8.766165419757E-1,8.766165419757E-1,
8.766165419757E-1,8.766165419757E-1,8.766165419757E-1,8.766165419757E-1,
8.766165419757E-1,8.766165419757E-1,8.766165419757E-1,8.766165419757E-1,
8.766165419757E-1,8.766165419757E-1,8.766165419757E-1,8.766165419757E-1,
8.766165419757E-1,8.766165419757E-1,8.766165419757E-1,8.766165419757E-1,
8.766165419757E-1,8.766165419757E-1,8.766165419757E-1,8.766165419757E-1,
8.766165419757E-1,8.766165419757E-1,8.766165419757E-1),(1.370150374073E0,
1.370150374073E0,1.370150374073E0,1.370150374073E0,1.370150374073E0,
1.370150374073E0,1.370150374073E0,1.370150374073E0,1.370150374073E0,
1.370150374073E0,1.370150374073E0,1.370150374073E0,1.370150374073E0,
1.370150374073E0,1.370150374073E0,1.370150374073E0,1.370150374073E0,
1.370150374073E0,1.370150374073E0,1.370150374073E0,1.370150374073E0,
1.370150374073E0,1.370150374073E0,1.370150374073E0,1.370150374073E0,
1.370150374073E0,1.370150374073E0,1.370150374073E0,1.370150374073E0,
1.370150374073E0,1.370150374073E0,1.370150374073E0,1.370150374073E0,
1.370150374073E0,1.370150374073E0,1.370150374073E0,1.370150374073E0,
1.370150374073E0,1.370150374073E0,1.370150374073E0,1.370150374073E0)))REPRESENTATION_ITEM('')SURFACE());
#3016=ORIENTED_EDGE('',*,*,#1851,.T.);
#3017=ORIENTED_EDGE('',*,*,#2444,.F.);
#3018=ORIENTED_EDGE('',*,*,#2845,.F.);
#3019=ORIENTED_EDGE('',*,*,#2819,.F.);
#3020=EDGE_LOOP('',(#3016,#3017,#3018,#3019));
#3021=FACE_OUTER_BOUND('',#3020,.F.);
#3023=CARTESIAN_POINT('',(1.91E0,-5.05E-1,9.1252E0));
#3024=DIRECTION('',(0.E0,0.E0,-1.E0));
#3025=DIRECTION('',(0.E0,-1.E0,0.E0));
#3026=AXIS2_PLACEMENT_3D('',#3023,#3024,#3025);
#3027=CYLINDRICAL_SURFACE('',#3026,3.E-1);
#3028=ORIENTED_EDGE('',*,*,#2494,.T.);
#3030=ORIENTED_EDGE('',*,*,#3029,.F.);
#3031=ORIENTED_EDGE('',*,*,#2804,.T.);
#3032=ORIENTED_EDGE('',*,*,#2832,.T.);
#3033=EDGE_LOOP('',(#3028,#3030,#3031,#3032));
#3034=FACE_OUTER_BOUND('',#3033,.F.);
#3036=CARTESIAN_POINT('',(1.61E0,-8.05E-1,0.E0));
#3037=DIRECTION('',(0.E0,-1.E0,0.E0));
#3038=DIRECTION('',(1.E0,0.E0,0.E0));
#3039=AXIS2_PLACEMENT_3D('',#3036,#3037,#3038);
#3040=PLANE('',#3039);
#3041=ORIENTED_EDGE('',*,*,#2674,.T.);
#3042=ORIENTED_EDGE('',*,*,#3029,.T.);
#3043=ORIENTED_EDGE('',*,*,#2492,.F.);
#3045=ORIENTED_EDGE('',*,*,#3044,.F.);
#3046=EDGE_LOOP('',(#3041,#3042,#3043,#3045));
#3047=FACE_OUTER_BOUND('',#3046,.F.);
#3049=CARTESIAN_POINT('',(3.17E0,-5.05E-1,9.1252E0));
#3050=DIRECTION('',(0.E0,0.E0,-1.E0));
#3051=DIRECTION('',(1.E0,0.E0,0.E0));
#3052=AXIS2_PLACEMENT_3D('',#3049,#3050,#3051);
#3053=CYLINDRICAL_SURFACE('',#3052,3.E-1);
#3054=ORIENTED_EDGE('',*,*,#2490,.T.);
#3055=ORIENTED_EDGE('',*,*,#2512,.F.);
#3056=ORIENTED_EDGE('',*,*,#2660,.T.);
#3057=ORIENTED_EDGE('',*,*,#3044,.T.);
#3058=EDGE_LOOP('',(#3054,#3055,#3056,#3057));
#3059=FACE_OUTER_BOUND('',#3058,.F.);
#3061=CARTESIAN_POINT('',(3.356701971992E0,6.707190260027E-1,
-2.388865753239E-3));
#3062=CARTESIAN_POINT('',(3.356785085097E0,6.707115318949E-1,
-2.388356557343E-3));
#3063=CARTESIAN_POINT('',(3.359381258307E0,6.704799160374E-1,
-2.372612591426E-3));
#3064=CARTESIAN_POINT('',(3.364602968960E0,6.701686510036E-1,
-2.350829595119E-3));
#3065=CARTESIAN_POINT('',(3.372522164902E0,6.701029646404E-1,
-2.345754146017E-3));
#3066=CARTESIAN_POINT('',(3.380886832699E0,6.704099033281E-1,
-2.368755571381E-3));
#3067=CARTESIAN_POINT('',(3.389858848366E0,6.710788224509E-1,
-2.422283862498E-3));
#3068=CARTESIAN_POINT('',(3.399646942816E0,6.721015827997E-1,
-2.510145133884E-3));
#3069=CARTESIAN_POINT('',(3.410497734318E0,6.734662473311E-1,
-2.637732442101E-3));
#3070=CARTESIAN_POINT('',(3.422657988965E0,6.751396057131E-1,
-2.811472437125E-3));
#3071=CARTESIAN_POINT('',(3.436362252156E0,6.770499619895E-1,
-3.038029648354E-3));
#3072=CARTESIAN_POINT('',(3.451890658258E0,6.790856852743E-1,
-3.324955557839E-3));
#3073=CARTESIAN_POINT('',(3.469577981120E0,6.810870754190E-1,
-3.681277216195E-3));
#3074=CARTESIAN_POINT('',(3.489779895416E0,6.828298696156E-1,
-4.117097803864E-3));
#3075=CARTESIAN_POINT('',(3.512841174161E0,6.840177983073E-1,
-4.642976618975E-3));
#3076=CARTESIAN_POINT('',(3.539197929429E0,6.842848582951E-1,
-5.272604551785E-3));
#3077=CARTESIAN_POINT('',(3.569239198741E0,6.831749412363E-1,
-6.020221072051E-3));
#3078=CARTESIAN_POINT('',(3.602658916890E0,6.802035089186E-1,
-6.883717743026E-3));
#3079=CARTESIAN_POINT('',(3.637718008969E0,6.751507332536E-1,
-7.821061761836E-3));
#3080=CARTESIAN_POINT('',(3.671759902717E0,6.683171501671E-1,
-8.757611903428E-3));
#3081=CARTESIAN_POINT('',(3.702727723847E0,6.602922658707E-1,
-9.627485605793E-3));
#3082=CARTESIAN_POINT('',(3.729895267487E0,6.515311662606E-1,
-1.040057991093E-2));
#3083=CARTESIAN_POINT('',(3.753531571286E0,6.421871464859E-1,
-1.107751569960E-2));
#3084=CARTESIAN_POINT('',(3.773966447209E0,6.323386102510E-1,
-1.166346792203E-2));
#3085=CARTESIAN_POINT('',(3.791463309752E0,6.220801769744E-1,
-1.216379415993E-2));
#3086=CARTESIAN_POINT('',(3.806267719515E0,6.115410027976E-1,
-1.258479169774E-2));
#3087=CARTESIAN_POINT('',(3.818709665480E0,6.008011201495E-1,
-1.293603473698E-2));
#3088=CARTESIAN_POINT('',(3.829153025960E0,5.898491380700E-1,
-1.322840449996E-2));
#3089=CARTESIAN_POINT('',(3.837840845378E0,5.786916942316E-1,
-1.346944921853E-2));
#3090=CARTESIAN_POINT('',(3.844895099818E0,5.674464186019E-1,
-1.366336941490E-2));
#3091=CARTESIAN_POINT('',(3.850405364775E0,5.563457882472E-1,
-1.381347817552E-2));
#3092=CARTESIAN_POINT('',(3.854521046335E0,5.456018469423E-1,
-1.392463922160E-2));
#3093=CARTESIAN_POINT('',(3.857437394685E0,5.353547243278E-1,
-1.400278793626E-2));
#3094=CARTESIAN_POINT('',(3.859369413715E0,5.256131385305E-1,
-1.405418926788E-2));
#3095=CARTESIAN_POINT('',(3.860505243743E0,5.162367831122E-1,
-1.408420705727E-2));
#3096=CARTESIAN_POINT('',(3.860963865957E0,5.069722787197E-1,
-1.409624272819E-2));
#3097=CARTESIAN_POINT('',(3.860776944580E0,4.975405630612E-1,
-1.409133108837E-2));
#3098=CARTESIAN_POINT('',(3.859895080753E0,4.876897749592E-1,
-1.406837677420E-2));
#3099=CARTESIAN_POINT('',(3.858307603168E0,4.778812017277E-1,
-1.402728797699E-2));
#3100=CARTESIAN_POINT('',(3.856807912951E0,4.714040601575E-1,
-1.398870363524E-2));
#3101=CARTESIAN_POINT('',(3.856005253628E0,4.683606973964E-1,
-1.396808389829E-2));
#3102=CARTESIAN_POINT('',(3.360288892773E0,6.260190999578E-1,
1.186410672800E-2));
#3103=CARTESIAN_POINT('',(3.360349127413E0,6.260193569229E-1,
1.186157863294E-2));
#3104=CARTESIAN_POINT('',(3.362231063473E0,6.260274342637E-1,
1.178338861613E-2));
#3105=CARTESIAN_POINT('',(3.366041383256E0,6.260465069109E-1,
1.167520360491E-2));
#3106=CARTESIAN_POINT('',(3.371850852284E0,6.260561514910E-1,
1.164999743066E-2));
#3107=CARTESIAN_POINT('',(3.377972506890E0,6.260196131815E-1,
1.176423195676E-2));
#3108=CARTESIAN_POINT('',(3.384471570791E0,6.259053805717E-1,
1.203007591803E-2));
#3109=CARTESIAN_POINT('',(3.391433302708E0,6.256757467078E-1,
1.246643176384E-2));
#3110=CARTESIAN_POINT('',(3.398949601949E0,6.252836410334E-1,
1.310008376425E-2));
#3111=CARTESIAN_POINT('',(3.407086799761E0,6.246720050744E-1,
1.396294932525E-2));
#3112=CARTESIAN_POINT('',(3.415878651899E0,6.237764420253E-1,
1.508812729942E-2));
#3113=CARTESIAN_POINT('',(3.425368028806E0,6.225238703871E-1,
1.651312150565E-2));
#3114=CARTESIAN_POINT('',(3.435609815244E0,6.208296077251E-1,
1.828276405797E-2));
#3115=CARTESIAN_POINT('',(3.446650819680E0,6.185991622041E-1,
2.044723158050E-2));
#3116=CARTESIAN_POINT('',(3.458520930017E0,6.157335924150E-1,
2.305896596917E-2));
#3117=CARTESIAN_POINT('',(3.471291801534E0,6.121166417695E-1,
2.618596191754E-2));
#3118=CARTESIAN_POINT('',(3.485005459169E0,6.076278333944E-1,
2.989893859468E-2));
#3119=CARTESIAN_POINT('',(3.499412843962E0,6.022458294139E-1,
3.418742462090E-2));
#3120=CARTESIAN_POINT('',(3.513766484478E0,5.962002431374E-1,
3.884266749737E-2));
#3121=CARTESIAN_POINT('',(3.527128741414E0,5.899176292196E-1,
4.349396764719E-2));
#3122=CARTESIAN_POINT('',(3.538911843451E0,5.837521642287E-1,
4.781412468143E-2));
#3123=CARTESIAN_POINT('',(3.549025814399E0,5.778326725832E-1,
5.165363470616E-2));
#3124=CARTESIAN_POINT('',(3.557694102188E0,5.720959327236E-1,
5.501558127516E-2));
#3125=CARTESIAN_POINT('',(3.565112815625E0,5.664734253236E-1,
5.792566535818E-2));
#3126=CARTESIAN_POINT('',(3.571423050940E0,5.609319838746E-1,
6.041049494921E-2));
#3127=CARTESIAN_POINT('',(3.576740458784E0,5.554716516568E-1,
6.250134499949E-2));
#3128=CARTESIAN_POINT('',(3.581198917025E0,5.500792490875E-1,
6.424576500277E-2));
#3129=CARTESIAN_POINT('',(3.584936980481E0,5.447095299491E-1,
6.569779566498E-2));
#3130=CARTESIAN_POINT('',(3.588045783565E0,5.393378174268E-1,
6.689492466640E-2));
#3131=CARTESIAN_POINT('',(3.590570872714E0,5.339983970261E-1,
6.785801355806E-2));
#3132=CARTESIAN_POINT('',(3.592544793706E0,5.287816464720E-1,
6.860351651787E-2));
#3133=CARTESIAN_POINT('',(3.594020687394E0,5.237698027322E-1,
6.915558881105E-2));
#3134=CARTESIAN_POINT('',(3.595067779551E0,5.190142167041E-1,
6.954370807083E-2));
#3135=CARTESIAN_POINT('',(3.595762379328E0,5.145085432035E-1,
6.979898853705E-2));
#3136=CARTESIAN_POINT('',(3.596171317477E0,5.101807744898E-1,
6.994806968603E-2));
#3137=CARTESIAN_POINT('',(3.596336723111E0,5.059091433299E-1,
7.000784300106E-2));
#3138=CARTESIAN_POINT('',(3.596269333375E0,5.015612102224E-1,
6.998345307559E-2));
#3139=CARTESIAN_POINT('',(3.595950534554E0,4.970169945864E-1,
6.986943887399E-2));
#3140=CARTESIAN_POINT('',(3.595375493485E0,4.924847942240E-1,
6.966542753450E-2));
#3141=CARTESIAN_POINT('',(3.594831124570E0,4.894842938406E-1,
6.947367819395E-2));
#3142=CARTESIAN_POINT('',(3.594539446585E0,4.880722631044E-1,
6.937132775824E-2));
#3143=CARTESIAN_POINT('',(3.362950254599E0,5.928534171574E-1,
-2.140827292034E-2));
#3144=CARTESIAN_POINT('',(3.362993514270E0,5.928594251304E-1,
-2.140371071210E-2));
#3145=CARTESIAN_POINT('',(3.364345512927E0,5.930453459105E-1,
-2.126261965338E-2));
#3146=CARTESIAN_POINT('',(3.367108633171E0,5.933095168322E-1,
-2.106740515307E-2));
#3147=CARTESIAN_POINT('',(3.371352763287E0,5.933750541708E-1,
-2.102192139441E-2));
#3148=CARTESIAN_POINT('',(3.375810185519E0,5.930836687027E-1,
-2.122805279090E-2));
#3149=CARTESIAN_POINT('',(3.380474411175E0,5.923883666315E-1,
-2.170775680879E-2));
#3150=CARTESIAN_POINT('',(3.385339087201E0,5.912295028365E-1,
-2.249514225375E-2));
#3151=CARTESIAN_POINT('',(3.390381317190E0,5.895339390011E-1,
-2.363854015035E-2));
#3152=CARTESIAN_POINT('',(3.395533556442E0,5.872269222168E-1,
-2.519554410436E-2));
#3153=CARTESIAN_POINT('',(3.400680582263E0,5.842494713762E-1,
-2.722587957356E-2));
#3154=CARTESIAN_POINT('',(3.405689224090E0,5.805571071920E-1,
-2.979722059444E-2));
#3155=CARTESIAN_POINT('',(3.410406699390E0,5.761208075833E-1,
-3.299046479640E-2));
#3156=CARTESIAN_POINT('',(3.414650649391E0,5.709423659509E-1,
-3.689615374906E-2));
#3157=CARTESIAN_POINT('',(3.418217328952E0,5.650692510326E-1,
-4.160891660777E-2));
#3158=CARTESIAN_POINT('',(3.420907979965E0,5.585705089380E-1,
-4.725144688525E-2));
#3159=CARTESIAN_POINT('',(3.422507156935E0,5.515746888622E-1,
-5.395135429361E-2));
#3160=CARTESIAN_POINT('',(3.422808097420E0,5.444041303536E-1,
-6.168974367660E-2));
#3161=CARTESIAN_POINT('',(3.421799062882E0,5.376219155245E-1,
-7.008993008978E-2));
#3162=CARTESIAN_POINT('',(3.419817798348E0,5.317481002401E-1,
-7.848300202154E-2));
#3163=CARTESIAN_POINT('',(3.417366552271E0,5.269622552248E-1,
-8.627854038221E-2));
#3164=CARTESIAN_POINT('',(3.414827406479E0,5.231511310137E-1,
-9.320677179760E-2));
#3165=CARTESIAN_POINT('',(3.412389983027E0,5.200908587017E-1,
-9.927326040842E-2));
#3166=CARTESIAN_POINT('',(3.410151187951E0,5.176039075374E-1,
-1.045243825140E-1));
#3167=CARTESIAN_POINT('',(3.408161361876E0,5.155622986064E-1,
-1.090081510999E-1));
#3168=CARTESIAN_POINT('',(3.406439767105E0,5.138702782474E-1,
-1.127810004765E-1));
#3169=CARTESIAN_POINT('',(3.404974774348E0,5.124455070316E-1,
-1.159287316689E-1));
#3170=CARTESIAN_POINT('',(3.403737756772E0,5.112176193993E-1,
-1.185488588167E-1));
#3171=CARTESIAN_POINT('',(3.402707137213E0,5.101387043508E-1,
-1.207090268335E-1));
#3172=CARTESIAN_POINT('',(3.401871754149E0,5.091812088999E-1,
-1.224468794952E-1));
#3173=CARTESIAN_POINT('',(3.401221839431E0,5.083300783449E-1,
-1.237921076597E-1));
#3174=CARTESIAN_POINT('',(3.400739108688E0,5.075712378301E-1,
-1.247882984736E-1));
#3175=CARTESIAN_POINT('',(3.400399282263E0,5.068901677269E-1,
-1.254886430472E-1));
#3176=CARTESIAN_POINT('',(3.400175762973E0,5.062693464346E-1,
-1.259492857487E-1));
#3177=CARTESIAN_POINT('',(3.400045374380E0,5.056874413060E-1,
-1.262182961859E-1));
#3178=CARTESIAN_POINT('',(3.399993224216E0,5.051203364072E-1,
-1.263261549803E-1));
#3179=CARTESIAN_POINT('',(3.400014522513E0,5.045443808940E-1,
-1.262821428369E-1));
#3180=CARTESIAN_POINT('',(3.400113496985E0,5.039374446841E-1,
-1.260764154223E-1));
#3181=CARTESIAN_POINT('',(3.400289646161E0,5.033201167700E-1,
-1.257082608637E-1));
#3182=CARTESIAN_POINT('',(3.400454090125E0,5.028991548559E-1,
-1.253623153667E-1));
#3183=CARTESIAN_POINT('',(3.400541541290E0,5.026975118153E-1,
-1.251776021548E-1));
#3184=CARTESIAN_POINT('',(3.361810187804E0,6.070608403423E-1,
-6.625184526017E-2));
#3185=CARTESIAN_POINT('',(3.361860719165E0,6.070643847145E-1,
-6.623772694165E-2));
#3186=CARTESIAN_POINT('',(3.363439730936E0,6.071741214155E-1,
-6.580109505065E-2));
#3187=CARTESIAN_POINT('',(3.366651447613E0,6.073332978184E-1,
-6.519696726889E-2));
#3188=CARTESIAN_POINT('',(3.371566133270E0,6.073748919721E-1,
-6.505620961781E-2));
#3189=CARTESIAN_POINT('',(3.376736474749E0,6.071926772228E-1,
-6.569412114474E-2));
#3190=CARTESIAN_POINT('',(3.382186703321E0,6.067462920754E-1,
-6.717865364468E-2));
#3191=CARTESIAN_POINT('',(3.387949710333E0,6.059854892203E-1,
-6.961536299367E-2));
#3192=CARTESIAN_POINT('',(3.394051775244E0,6.048482971756E-1,
-7.315381848609E-2));
#3193=CARTESIAN_POINT('',(3.400482702763E0,6.032675429257E-1,
-7.797225413799E-2));
#3194=CARTESIAN_POINT('',(3.407191089169E0,6.011819254013E-1,
-8.425550138756E-2));
#3195=CARTESIAN_POINT('',(3.414119175859E0,5.985347127792E-1,
-9.221299001030E-2));
#3196=CARTESIAN_POINT('',(3.421203140238E0,5.952730393504E-1,
-1.020950726281E-1));
#3197=CARTESIAN_POINT('',(3.428358793560E0,5.913574521133E-1,
-1.141819468127E-1));
#3198=CARTESIAN_POINT('',(3.435482473760E0,5.867727010336E-1,
-1.287664599230E-1));
#3199=CARTESIAN_POINT('',(3.442491261666E0,5.815084527649E-1,
-1.462283096436E-1));
#3200=CARTESIAN_POINT('',(3.449280006254E0,5.755865794061E-1,
-1.669624077437E-1));
#3201=CARTESIAN_POINT('',(3.455623826216E0,5.691821969241E-1,
-1.909102796806E-1));
#3202=CARTESIAN_POINT('',(3.461195811796E0,5.627155369907E-1,
-2.169062044800E-1));
#3203=CARTESIAN_POINT('',(3.465787362421E0,5.566666016819E-1,
-2.428801122056E-1));
#3204=CARTESIAN_POINT('',(3.469433786898E0,5.512897588890E-1,
-2.670048421850E-1));
#3205=CARTESIAN_POINT('',(3.472314948151E0,5.465754580857E-1,
-2.884455309993E-1));
#3206=CARTESIAN_POINT('',(3.474634958469E0,5.423686480311E-1,
-3.072193979072E-1));
#3207=CARTESIAN_POINT('',(3.476533220097E0,5.385384959857E-1,
-3.234699629130E-1));
#3208=CARTESIAN_POINT('',(3.478098951293E0,5.349976385104E-1,
-3.373458110485E-1));
#3209=CARTESIAN_POINT('',(3.479392704933E0,5.316913591719E-1,
-3.490215886859E-1));
#3210=CARTESIAN_POINT('',(3.480465183681E0,5.285669450445E-1,
-3.587628229087E-1));
#3211=CARTESIAN_POINT('',(3.481359377515E0,5.255647911225E-1,
-3.668712891914E-1));
#3212=CARTESIAN_POINT('',(3.482101992343E0,5.226469394018E-1,
-3.735563271842E-1));
#3213=CARTESIAN_POINT('',(3.482706159043E0,5.198123270979E-1,
-3.789344324883E-1));
#3214=CARTESIAN_POINT('',(3.483180235787E0,5.170910643595E-1,
-3.830974889356E-1));
#3215=CARTESIAN_POINT('',(3.483536535144E0,5.145103341224E-1,
-3.861803849801E-1));
#3216=CARTESIAN_POINT('',(3.483790833053E0,5.120838341914E-1,
-3.883477303263E-1));
#3217=CARTESIAN_POINT('',(3.483960615062E0,5.097988306881E-1,
-3.897732740269E-1));
#3218=CARTESIAN_POINT('',(3.484061261762E0,5.076122829092E-1,
-3.906057764802E-1));
#3219=CARTESIAN_POINT('',(3.484102307547E0,5.054582433283E-1,
-3.909395650910E-1));
#3220=CARTESIAN_POINT('',(3.484085613911E0,5.032664585180E-1,
-3.908033625737E-1));
#3221=CARTESIAN_POINT('',(3.484005623819E0,5.009728814709E-1,
-3.901666964512E-1));
#3222=CARTESIAN_POINT('',(3.483859980202E0,4.986785113587E-1,
-3.890273928761E-1));
#3223=CARTESIAN_POINT('',(3.483720784872E0,4.971525339116E-1,
-3.879567574831E-1));
#3224=CARTESIAN_POINT('',(3.483645825743E0,4.964323883480E-1,
-3.873851480051E-1));
#3225=(BOUNDED_SURFACE()B_SPLINE_SURFACE(3,3,((#3061,#3062,#3063,#3064,#3065,
#3066,#3067,#3068,#3069,#3070,#3071,#3072,#3073,#3074,#3075,#3076,#3077,#3078,
#3079,#3080,#3081,#3082,#3083,#3084,#3085,#3086,#3087,#3088,#3089,#3090,#3091,
#3092,#3093,#3094,#3095,#3096,#3097,#3098,#3099,#3100,#3101),(#3102,#3103,#3104,
#3105,#3106,#3107,#3108,#3109,#3110,#3111,#3112,#3113,#3114,#3115,#3116,#3117,
#3118,#3119,#3120,#3121,#3122,#3123,#3124,#3125,#3126,#3127,#3128,#3129,#3130,
#3131,#3132,#3133,#3134,#3135,#3136,#3137,#3138,#3139,#3140,#3141,#3142),(#3143,
#3144,#3145,#3146,#3147,#3148,#3149,#3150,#3151,#3152,#3153,#3154,#3155,#3156,
#3157,#3158,#3159,#3160,#3161,#3162,#3163,#3164,#3165,#3166,#3167,#3168,#3169,
#3170,#3171,#3172,#3173,#3174,#3175,#3176,#3177,#3178,#3179,#3180,#3181,#3182,
#3183),(#3184,#3185,#3186,#3187,#3188,#3189,#3190,#3191,#3192,#3193,#3194,#3195,
#3196,#3197,#3198,#3199,#3200,#3201,#3202,#3203,#3204,#3205,#3206,#3207,#3208,
#3209,#3210,#3211,#3212,#3213,#3214,#3215,#3216,#3217,#3218,#3219,#3220,#3221,
#3222,#3223,#3224)),.UNSPECIFIED.,.F.,.F.,.F.)B_SPLINE_SURFACE_WITH_KNOTS((4,4),
(4,1,1,1,1,1,1,1,1,1,1,1,1,1,1,1,1,1,1,1,1,1,1,1,1,1,1,1,1,1,1,1,1,1,1,1,1,1,4),
(0.E0,1.E0),(2.154574356751E-2,2.191459700924E-2,3.306638769350E-2,
4.465065110277E-2,5.689439138125E-2,7.004275670848E-2,8.439712427713E-2,
1.003612036754E-1,1.183151241271E-1,1.385217329143E-1,1.612880357004E-1,
1.871636723806E-1,2.166394441626E-1,2.501305884312E-1,2.882015415379E-1,
3.318593155721E-1,3.814845309452E-1,4.348272754566E-1,4.867460411466E-1,
5.333516713891E-1,5.745902879477E-1,6.110189043563E-1,6.432919214257E-1,
6.717643849550E-1,6.967775344116E-1,7.189119173915E-1,7.389270367239E-1,
7.574171618908E-1,7.744457165615E-1,7.900548147679E-1,8.043290429475E-1,
8.173828671237E-1,8.293918937394E-1,8.407281079515E-1,8.518404436411E-1,
8.631538557554E-1,8.750510073839E-1,8.878772677729E-1,8.994790034705E-1),
.UNSPECIFIED.)GEOMETRIC_REPRESENTATION_ITEM()RATIONAL_B_SPLINE_SURFACE(((
1.370144916854E0,1.370144916854E0,1.370144916854E0,1.370144916854E0,
1.370144916854E0,1.370144916854E0,1.370144916854E0,1.370144916854E0,
1.370144916854E0,1.370144916854E0,1.370144916854E0,1.370144916854E0,
1.370144916854E0,1.370144916854E0,1.370144916854E0,1.370144916854E0,
1.370144916854E0,1.370144916854E0,1.370144916854E0,1.370144916854E0,
1.370144916854E0,1.370144916854E0,1.370144916854E0,1.370144916854E0,
1.370144916854E0,1.370144916854E0,1.370144916854E0,1.370144916854E0,
1.370144916854E0,1.370144916854E0,1.370144916854E0,1.370144916854E0,
1.370144916854E0,1.370144916854E0,1.370144916854E0,1.370144916854E0,
1.370144916854E0,1.370144916854E0,1.370144916854E0,1.370144916854E0,
1.370144916854E0),(8.766183610487E-1,8.766183610487E-1,8.766183610487E-1,
8.766183610487E-1,8.766183610487E-1,8.766183610487E-1,8.766183610487E-1,
8.766183610487E-1,8.766183610487E-1,8.766183610487E-1,8.766183610487E-1,
8.766183610487E-1,8.766183610487E-1,8.766183610487E-1,8.766183610487E-1,
8.766183610487E-1,8.766183610487E-1,8.766183610487E-1,8.766183610487E-1,
8.766183610487E-1,8.766183610487E-1,8.766183610487E-1,8.766183610487E-1,
8.766183610487E-1,8.766183610487E-1,8.766183610487E-1,8.766183610487E-1,
8.766183610487E-1,8.766183610487E-1,8.766183610487E-1,8.766183610487E-1,
8.766183610487E-1,8.766183610487E-1,8.766183610487E-1,8.766183610487E-1,
8.766183610487E-1,8.766183610487E-1,8.766183610487E-1,8.766183610487E-1,
8.766183610487E-1,8.766183610487E-1),(8.766183610487E-1,8.766183610487E-1,
8.766183610487E-1,8.766183610487E-1,8.766183610487E-1,8.766183610487E-1,
8.766183610487E-1,8.766183610487E-1,8.766183610487E-1,8.766183610487E-1,
8.766183610487E-1,8.766183610487E-1,8.766183610487E-1,8.766183610487E-1,
8.766183610487E-1,8.766183610487E-1,8.766183610487E-1,8.766183610487E-1,
8.766183610487E-1,8.766183610487E-1,8.766183610487E-1,8.766183610487E-1,
8.766183610487E-1,8.766183610487E-1,8.766183610487E-1,8.766183610487E-1,
8.766183610487E-1,8.766183610487E-1,8.766183610487E-1,8.766183610487E-1,
8.766183610487E-1,8.766183610487E-1,8.766183610487E-1,8.766183610487E-1,
8.766183610487E-1,8.766183610487E-1,8.766183610487E-1,8.766183610487E-1,
8.766183610487E-1,8.766183610487E-1,8.766183610487E-1),(1.370144916854E0,
1.370144916854E0,1.370144916854E0,1.370144916854E0,1.370144916854E0,
1.370144916854E0,1.370144916854E0,1.370144916854E0,1.370144916854E0,
1.370144916854E0,1.370144916854E0,1.370144916854E0,1.370144916854E0,
1.370144916854E0,1.370144916854E0,1.370144916854E0,1.370144916854E0,
1.370144916854E0,1.370144916854E0,1.370144916854E0,1.370144916854E0,
1.370144916854E0,1.370144916854E0,1.370144916854E0,1.370144916854E0,
1.370144916854E0,1.370144916854E0,1.370144916854E0,1.370144916854E0,
1.370144916854E0,1.370144916854E0,1.370144916854E0,1.370144916854E0,
1.370144916854E0,1.370144916854E0,1.370144916854E0,1.370144916854E0,
1.370144916854E0,1.370144916854E0,1.370144916854E0,1.370144916854E0)))REPRESENTATION_ITEM('')SURFACE());
#3226=ORIENTED_EDGE('',*,*,#1863,.T.);
#3227=ORIENTED_EDGE('',*,*,#2527,.F.);
#3228=ORIENTED_EDGE('',*,*,#2475,.F.);
#3229=ORIENTED_EDGE('',*,*,#2447,.F.);
#3230=EDGE_LOOP('',(#3226,#3227,#3228,#3229));
#3231=FACE_OUTER_BOUND('',#3230,.F.);
#3233=CARTESIAN_POINT('',(1.360803792601E1,-1.005E0,-2.E-1));
#3234=DIRECTION('',(-1.E0,0.E0,0.E0));
#3235=DIRECTION('',(0.E0,0.E0,1.E0));
#3236=AXIS2_PLACEMENT_3D('',#3233,#3234,#3235);
#3237=CYLINDRICAL_SURFACE('',#3236,2.E-1);
#3239=ORIENTED_EDGE('',*,*,#3238,.F.);
#3241=ORIENTED_EDGE('',*,*,#3240,.T.);
#3242=ORIENTED_EDGE('',*,*,#1867,.T.);
#3244=ORIENTED_EDGE('',*,*,#3243,.T.);
#3245=EDGE_LOOP('',(#3239,#3241,#3242,#3244));
#3246=FACE_OUTER_BOUND('',#3245,.F.);
#3248=CARTESIAN_POINT('',(-3.47E0,-8.05E-1,0.E0));
#3249=DIRECTION('',(0.E0,-1.E0,0.E0));
#3250=DIRECTION('',(1.E0,0.E0,0.E0));
#3251=AXIS2_PLACEMENT_3D('',#3248,#3249,#3250);
#3252=PLANE('',#3251);
#3254=ORIENTED_EDGE('',*,*,#3253,.T.);
#3256=ORIENTED_EDGE('',*,*,#3255,.F.);
#3258=ORIENTED_EDGE('',*,*,#3257,.F.);
#3259=ORIENTED_EDGE('',*,*,#3238,.T.);
#3260=EDGE_LOOP('',(#3254,#3256,#3258,#3259));
#3261=FACE_OUTER_BOUND('',#3260,.F.);
#3263=CARTESIAN_POINT('',(-3.17E0,-5.05E-1,9.125200220381E0));
#3264=DIRECTION('',(0.E0,0.E0,-1.E0));
#3265=DIRECTION('',(0.E0,-1.E0,0.E0));
#3266=AXIS2_PLACEMENT_3D('',#3263,#3264,#3265);
#3267=CYLINDRICAL_SURFACE('',#3266,3.E-1);
#3269=ORIENTED_EDGE('',*,*,#3268,.T.);
#3270=ORIENTED_EDGE('',*,*,#3253,.F.);
#3272=ORIENTED_EDGE('',*,*,#3271,.T.);
#3274=ORIENTED_EDGE('',*,*,#3273,.T.);
#3275=EDGE_LOOP('',(#3269,#3270,#3272,#3274));
#3276=FACE_OUTER_BOUND('',#3275,.F.);
#3278=CARTESIAN_POINT('',(-5.08E0,0.E0,-4.E-1));
#3279=DIRECTION('',(0.E0,0.E0,1.E0));
#3280=DIRECTION('',(1.E0,0.E0,0.E0));
#3281=AXIS2_PLACEMENT_3D('',#3278,#3279,#3280);
#3282=PLANE('',#3281);
#3283=ORIENTED_EDGE('',*,*,#3268,.F.);
#3285=ORIENTED_EDGE('',*,*,#3284,.T.);
#3287=ORIENTED_EDGE('',*,*,#3286,.F.);
#3289=ORIENTED_EDGE('',*,*,#3288,.T.);
#3291=ORIENTED_EDGE('',*,*,#3290,.F.);
#3293=ORIENTED_EDGE('',*,*,#3292,.T.);
#3295=ORIENTED_EDGE('',*,*,#3294,.F.);
#3296=ORIENTED_EDGE('',*,*,#3255,.T.);
#3297=EDGE_LOOP('',(#3283,#3285,#3287,#3289,#3291,#3293,#3295,#3296));
#3298=FACE_OUTER_BOUND('',#3297,.F.);
#3300=CARTESIAN_POINT('',(-3.47E0,6.05E-1,0.E0));
#3301=DIRECTION('',(-1.E0,0.E0,0.E0));
#3302=DIRECTION('',(0.E0,-1.E0,0.E0));
#3303=AXIS2_PLACEMENT_3D('',#3300,#3301,#3302);
#3304=PLANE('',#3303);
#3305=ORIENTED_EDGE('',*,*,#3273,.F.);
#3307=ORIENTED_EDGE('',*,*,#3306,.T.);
#3309=ORIENTED_EDGE('',*,*,#3308,.T.);
#3310=ORIENTED_EDGE('',*,*,#3284,.F.);
#3311=EDGE_LOOP('',(#3305,#3307,#3309,#3310));
#3312=FACE_OUTER_BOUND('',#3311,.F.);
#3314=CARTESIAN_POINT('',(-3.77E0,-4.545072E0,-3.E-1));
#3315=DIRECTION('',(0.E0,1.E0,0.E0));
#3316=DIRECTION('',(0.E0,0.E0,1.E0));
#3317=AXIS2_PLACEMENT_3D('',#3314,#3315,#3316);
#3318=CYLINDRICAL_SURFACE('',#3317,3.E-1);
#3319=ORIENTED_EDGE('',*,*,#1879,.T.);
#3321=ORIENTED_EDGE('',*,*,#3320,.T.);
#3322=ORIENTED_EDGE('',*,*,#3306,.F.);
#3324=ORIENTED_EDGE('',*,*,#3323,.T.);
#3325=EDGE_LOOP('',(#3319,#3321,#3322,#3324));
#3326=FACE_OUTER_BOUND('',#3325,.F.);
#3328=CARTESIAN_POINT('',(-3.855994630499E0,4.683205873027E-1,
-1.396779804037E-2));
#3329=CARTESIAN_POINT('',(-3.856814386508E0,4.714253988173E-1,
-1.398885561445E-2));
#3330=CARTESIAN_POINT('',(-3.858318413186E0,4.779313983004E-1,
-1.402755617265E-2));
#3331=CARTESIAN_POINT('',(-3.859900275082E0,4.877477258793E-1,
-1.406849988074E-2));
#3332=CARTESIAN_POINT('',(-3.860774873179E0,4.975268164843E-1,
-1.409126527986E-2));
#3333=CARTESIAN_POINT('',(-3.860963710626E0,5.069051598432E-1,
-1.409622644134E-2));
#3334=CARTESIAN_POINT('',(-3.860514072948E0,5.161144706896E-1,
-1.408442729075E-2));
#3335=CARTESIAN_POINT('',(-3.859397885611E0,5.254204138100E-1,
-1.405493136846E-2));
#3336=CARTESIAN_POINT('',(-3.857501191822E0,5.350777741290E-1,
-1.400447761365E-2));
#3337=CARTESIAN_POINT('',(-3.854639879555E0,5.452337772268E-1,
-1.392782112382E-2));
#3338=CARTESIAN_POINT('',(-3.850602685446E0,5.558848261807E-1,
-1.381881366846E-2));
#3339=CARTESIAN_POINT('',(-3.845197710275E0,5.668952738961E-1,
-1.367163141620E-2));
#3340=CARTESIAN_POINT('',(-3.838276181669E0,5.780597868673E-1,
-1.348145091191E-2));
#3341=CARTESIAN_POINT('',(-3.829748183151E0,5.891491460484E-1,
-1.324496920451E-2));
#3342=CARTESIAN_POINT('',(-3.819499995617E0,6.000388144363E-1,
-1.295822987968E-2));
#3343=CARTESIAN_POINT('',(-3.807304303324E0,6.107164065467E-1,
-1.261413960789E-2));
#3344=CARTESIAN_POINT('',(-3.792794789680E0,6.212077707844E-1,
-1.220174946627E-2));
#3345=CARTESIAN_POINT('',(-3.775565632584E0,6.314810104695E-1,
-1.170926952894E-2));
#3346=CARTESIAN_POINT('',(-3.755351459683E0,6.413879919960E-1,
-1.112970015616E-2));
#3347=CARTESIAN_POINT('',(-3.731927999473E0,6.507986609404E-1,
-1.045867364271E-2));
#3348=CARTESIAN_POINT('',(-3.705028422498E0,6.596185271005E-1,
-9.692644559865E-3));
#3349=CARTESIAN_POINT('',(-3.674343471933E0,6.677176500287E-1,
-8.829589134677E-3));
#3350=CARTESIAN_POINT('',(-3.640445799243E0,6.746752642067E-1,
-7.895196900284E-3));
#3351=CARTESIAN_POINT('',(-3.605317697335E0,6.798907678983E-1,
-6.953700866573E-3));
#3352=CARTESIAN_POINT('',(-3.571599310793E0,6.830266510677E-1,
-6.080115057289E-3));
#3353=CARTESIAN_POINT('',(-3.541173735408E0,6.842602182780E-1,
-5.320803040607E-3));
#3354=CARTESIAN_POINT('',(-3.514493128169E0,6.840693651513E-1,
-4.681594937723E-3));
#3355=CARTESIAN_POINT('',(-3.491265475953E0,6.829312947274E-1,
-4.150189287534E-3));
#3356=CARTESIAN_POINT('',(-3.471018799148E0,6.812298888453E-1,
-3.711528956443E-3));
#3357=CARTESIAN_POINT('',(-3.453325811969E0,6.792612406182E-1,
-3.352904395050E-3));
#3358=CARTESIAN_POINT('',(-3.437784604665E0,6.772437246929E-1,
-3.063197277172E-3));
#3359=CARTESIAN_POINT('',(-3.424035852428E0,6.753329367242E-1,
-2.832989072223E-3));
#3360=CARTESIAN_POINT('',(-3.411802421819E0,6.736411007147E-1,
-2.654976919441E-3));
#3361=CARTESIAN_POINT('',(-3.400855585229E0,6.722439952539E-1,
-2.522913690420E-3));
#3362=CARTESIAN_POINT('',(-3.390993685687E0,6.711841754821E-1,
-2.431025954681E-3));
#3363=CARTESIAN_POINT('',(-3.381992412242E0,6.704761022594E-1,
-2.373892121517E-3));
#3364=CARTESIAN_POINT('',(-3.373634739796E0,6.701244023161E-1,
-2.347286865100E-3));
#3365=CARTESIAN_POINT('',(-3.365739584693E0,6.701364553312E-1,
-2.348484597057E-3));
#3366=CARTESIAN_POINT('',(-3.359990519431E0,6.704324508269E-1,
-2.369341199038E-3));
#3367=CARTESIAN_POINT('',(-3.356862126224E0,6.707032006246E-1,
-2.387799906444E-3));
#3368=CARTESIAN_POINT('',(-3.356237809065E0,6.707617187479E-1,
-2.391769383286E-3));
#3369=CARTESIAN_POINT('',(-3.594533078627E0,4.880538422336E-1,
6.937074229875E-2));
#3370=CARTESIAN_POINT('',(-3.594830966964E0,4.894943876945E-1,
6.947527311400E-2));
#3371=CARTESIAN_POINT('',(-3.595376891446E0,4.925081634130E-1,
6.966758232608E-2));
#3372=CARTESIAN_POINT('',(-3.595949880060E0,4.970438137574E-1,
6.987088490721E-2));
#3373=CARTESIAN_POINT('',(-3.596266047719E0,5.015549052893E-1,
6.998395976376E-2));
#3374=CARTESIAN_POINT('',(-3.596334129901E0,5.058781949778E-1,
7.000859652852E-2));
#3375=CARTESIAN_POINT('',(-3.596171964762E0,5.101243103116E-1,
6.994999701769E-2));
#3376=CARTESIAN_POINT('',(-3.595770096823E0,5.144194328044E-1,
6.980350597710E-2));
#3377=CARTESIAN_POINT('',(-3.595088187701E0,5.188858274679E-1,
6.955292857517E-2));
#3378=CARTESIAN_POINT('',(-3.594060833124E0,5.235984716167E-1,
6.917221579565E-2));
#3379=CARTESIAN_POINT('',(-3.592613046713E0,5.285657728693E-1,
6.863083268286E-2));
#3380=CARTESIAN_POINT('',(-3.590676794646E0,5.337380657927E-1,
6.789985527824E-2));
#3381=CARTESIAN_POINT('',(-3.588199180529E0,5.390358012430E-1,
6.695532800725E-2));
#3382=CARTESIAN_POINT('',(-3.585147603147E0,5.443696904248E-1,
6.578084683367E-2));
#3383=CARTESIAN_POINT('',(-3.581479611078E0,5.497015365187E-1,
6.435676231404E-2));
#3384=CARTESIAN_POINT('',(-3.577109976789E0,5.550520606069E-1,
6.264784558372E-2));
#3385=CARTESIAN_POINT('',(-3.571899831210E0,5.604720070979E-1,
6.059971905942E-2));
#3386=CARTESIAN_POINT('',(-3.565688964140E0,5.659987528058E-1,
5.815382833475E-2));
#3387=CARTESIAN_POINT('',(-3.558355569628E0,5.716244537331E-1,
5.527540985359E-2));
#3388=CARTESIAN_POINT('',(-3.549773940699E0,5.773637681108E-1,
5.194277150454E-2));
#3389=CARTESIAN_POINT('',(-3.539774047181E0,5.832715321161E-1,
4.813830499424E-2));
#3390=CARTESIAN_POINT('',(-3.528122632452E0,5.894210720084E-1,
4.385195929901E-2));
#3391=CARTESIAN_POINT('',(-3.514855049142E0,5.957120756582E-1,
3.921132091744E-2));
#3392=CARTESIAN_POINT('',(-3.500525758941E0,6.018009811375E-1,
3.453540167354E-2));
#3393=CARTESIAN_POINT('',(-3.486050102034E0,6.072602243110E-1,
3.019675705843E-2));
#3394=CARTESIAN_POINT('',(-3.472220076587E0,6.118325534612E-1,
2.642565070872E-2));
#3395=CARTESIAN_POINT('',(-3.459344554102E0,6.155164168216E-1,
2.325103779267E-2));
#3396=CARTESIAN_POINT('',(-3.447436008446E0,6.184229904027E-1,
2.061182337503E-2));
#3397=CARTESIAN_POINT('',(-3.436416918469E0,6.206787918469E-1,
1.843322653622E-2));
#3398=CARTESIAN_POINT('',(-3.426218643248E0,6.223950194088E-1,
1.665212557495E-2));
#3399=CARTESIAN_POINT('',(-3.416766577454E0,6.236704642768E-1,
1.521330158568E-2));
#3400=CARTESIAN_POINT('',(-3.407987726004E0,6.245904980448E-1,
1.406997759538E-2));
#3401=CARTESIAN_POINT('',(-3.399837043681E0,6.252259399627E-1,
1.318588426148E-2));
#3402=CARTESIAN_POINT('',(-3.392281406247E0,6.256387435142E-1,
1.252999487294E-2));
#3403=CARTESIAN_POINT('',(-3.385286143136E0,6.258839944871E-1,
1.207363735767E-2));
#3404=CARTESIAN_POINT('',(-3.378777804513E0,6.260094397849E-1,
1.178988053096E-2));
#3405=CARTESIAN_POINT('',(-3.372666899122E0,6.260539514639E-1,
1.165775582015E-2));
#3406=CARTESIAN_POINT('',(-3.366874414708E0,6.260492023546E-1,
1.166367097944E-2));
#3407=CARTESIAN_POINT('',(-3.362673953366E0,6.260291190032E-1,
1.176734407314E-2));
#3408=CARTESIAN_POINT('',(-3.360404767338E0,6.260191310538E-1,
1.185892292111E-2));
#3409=CARTESIAN_POINT('',(-3.359952678810E0,6.260172491088E-1,
1.187861311073E-2));
#3410=CARTESIAN_POINT('',(-3.400539637150E0,5.026950849255E-1,
-1.251775427672E-1));
#3411=CARTESIAN_POINT('',(-3.400450321690E0,5.029008151834E-1,
-1.253661897023E-1));
#3412=CARTESIAN_POINT('',(-3.400285374760E0,5.033235081914E-1,
-1.257131574497E-1));
#3413=CARTESIAN_POINT('',(-3.400109821960E0,5.039411187983E-1,
-1.260800316020E-1));
#3414=CARTESIAN_POINT('',(-3.400011657792E0,5.045435772537E-1,
-1.262840667965E-1));
#3415=CARTESIAN_POINT('',(-3.399990144662E0,5.051162303713E-1,
-1.263285244240E-1));
#3416=CARTESIAN_POINT('',(-3.400041272020E0,5.056798640120E-1,
-1.262227829373E-1));
#3417=CARTESIAN_POINT('',(-3.400169398940E0,5.062571689855E-1,
-1.259584441063E-1));
#3418=CARTESIAN_POINT('',(-3.400388808793E0,5.068720861185E-1,
-1.255062842746E-1));
#3419=CARTESIAN_POINT('',(-3.400722173455E0,5.075459875607E-1,
-1.248192988843E-1));
#3420=CARTESIAN_POINT('',(-3.401195618319E0,5.082961877934E-1,
-1.238423884304E-1));
#3421=CARTESIAN_POINT('',(-3.401833012464E0,5.091368161494E-1,
-1.225233604645E-1));
#3422=CARTESIAN_POINT('',(-3.402652595426E0,5.100816501750E-1,
-1.208189878288E-1));
#3423=CARTESIAN_POINT('',(-3.403664291499E0,5.111452234174E-1,
-1.186996699069E-1));
#3424=CARTESIAN_POINT('',(-3.404878526873E0,5.123533998314E-1,
-1.161299498359E-1));
#3425=CARTESIAN_POINT('',(-3.406315497473E0,5.137514641746E-1,
-1.130462581300E-1));
#3426=CARTESIAN_POINT('',(-3.408005090695E0,5.154086326404E-1,
-1.093504719845E-1));
#3427=CARTESIAN_POINT('',(-3.409969330007E0,5.174136800526E-1,
-1.049369316362E-1));
#3428=CARTESIAN_POINT('',(-3.412192929672E0,5.198628513855E-1,
-9.974290723530E-2));
#3429=CARTESIAN_POINT('',(-3.414623313436E0,5.228781755544E-1,
-9.372925598280E-2));
#3430=CARTESIAN_POINT('',(-3.417162272114E0,5.266252826107E-1,
-8.686420421347E-2));
#3431=CARTESIAN_POINT('',(-3.419632938026E0,5.313283141353E-1,
-7.912961514048E-2));
#3432=CARTESIAN_POINT('',(-3.421672010737E0,5.371247208948E-1,
-7.075571497706E-2));
#3433=CARTESIAN_POINT('',(-3.422774561404E0,5.438616536552E-1,
-6.231815149959E-2));
#3434=CARTESIAN_POINT('',(-3.422576198112E0,5.510447319387E-1,
-5.448919051100E-2));
#3435=CARTESIAN_POINT('',(-3.421059370620E0,5.580942815993E-1,
-4.768433620401E-2));
#3436=CARTESIAN_POINT('',(-3.418426638641E0,5.646530211345E-1,
-4.195583735733E-2));
#3437=CARTESIAN_POINT('',(-3.414916392544E0,5.705605499399E-1,
-3.719344989568E-2));
#3438=CARTESIAN_POINT('',(-3.410743782720E0,5.757524322816E-1,
-3.326223377269E-2));
#3439=CARTESIAN_POINT('',(-3.406106267600E0,5.802026822288E-1,
-3.004828767347E-2));
#3440=CARTESIAN_POINT('',(-3.401172087930E0,5.839213650886E-1,
-2.745197064382E-2));
#3441=CARTESIAN_POINT('',(-3.396080693204E0,5.869417491643E-1,
-2.538887498745E-2));
#3442=CARTESIAN_POINT('',(-3.390959237875E0,5.893039331258E-1,
-2.379355363336E-2));
#3443=CARTESIAN_POINT('',(-3.385919727152E0,5.910596128116E-1,
-2.261001999101E-2));
#3444=CARTESIAN_POINT('',(-3.381051387342E0,5.922731712214E-1,
-2.178653539547E-2));
#3445=CARTESIAN_POINT('',(-3.376392701190E0,5.930170520985E-1,
-2.127450562688E-2));
#3446=CARTESIAN_POINT('',(-3.371948802171E0,5.933555360868E-1,
-2.103608577588E-2));
#3447=CARTESIAN_POINT('',(-3.367716410705E0,5.933383205101E-1,
-2.104677518858E-2));
#3448=CARTESIAN_POINT('',(-3.364664948142E0,5.930837199881E-1,
-2.123380839520E-2));
#3449=CARTESIAN_POINT('',(-3.363033257594E0,5.928654364735E-1,
-2.139910490890E-2));
#3450=CARTESIAN_POINT('',(-3.362708955446E0,5.928187402261E-1,
-2.143464663859E-2));
#3451=CARTESIAN_POINT('',(-3.483646026175E0,4.964228068438E-1,
-3.873813622645E-1));
#3452=CARTESIAN_POINT('',(-3.483722588021E0,4.971575293803E-1,
-3.879651415745E-1));
#3453=CARTESIAN_POINT('',(-3.483862176933E0,4.986902368614E-1,
-3.890389236368E-1));
#3454=CARTESIAN_POINT('',(-3.484007297726E0,5.009863275868E-1,
-3.901742574918E-1));
#3455=CARTESIAN_POINT('',(-3.484086632456E0,5.032632363667E-1,
-3.908056799880E-1));
#3456=CARTESIAN_POINT('',(-3.484103501772E0,5.054426544325E-1,
-3.909432600685E-1));
#3457=CARTESIAN_POINT('',(-3.484063255066E0,5.075838556128E-1,
-3.906160268466E-1));
#3458=CARTESIAN_POINT('',(-3.483964333284E0,5.097538659207E-1,
-3.897979891668E-1));
#3459=CARTESIAN_POINT('',(-3.483797619953E0,5.120187480604E-1,
-3.883987102859E-1));
#3460=CARTESIAN_POINT('',(-3.483548055308E0,5.144228385234E-1,
-3.862727271779E-1));
#3461=CARTESIAN_POINT('',(-3.483198448668E0,5.169796361093E-1,
-3.832495258909E-1));
#3462=CARTESIAN_POINT('',(-3.482733298100E0,5.196759406053E-1,
-3.791675887689E-1));
#3463=CARTESIAN_POINT('',(-3.482140368654E0,5.224855485966E-1,
-3.738931426536E-1));
#3464=CARTESIAN_POINT('',(-3.481411366784E0,5.253785163537E-1,
-3.673345838348E-1));
#3465=CARTESIAN_POINT('',(-3.480534066021E0,5.283532643282E-1,
-3.593821855374E-1));
#3466=CARTESIAN_POINT('',(-3.479483499099E0,5.314445542499E-1,
-3.498392221042E-1));
#3467=CARTESIAN_POINT('',(-3.478217258491E0,5.347136890378E-1,
-3.384020372599E-1));
#3468=CARTESIAN_POINT('',(-3.476679299141E0,5.382274247147E-1,
-3.247436504392E-1));
#3469=CARTESIAN_POINT('',(-3.474808702270E0,5.420374147548E-1,
-3.086699343687E-1));
#3470=CARTESIAN_POINT('',(-3.472521562577E0,5.462196906942E-1,
-2.900597555713E-1));
#3471=CARTESIAN_POINT('',(-3.469688902912E0,5.508924187178E-1,
-2.688147854996E-1));
#3472=CARTESIAN_POINT('',(-3.466109698691E0,5.562151314348E-1,
-2.448788970469E-1));
#3473=CARTESIAN_POINT('',(-3.461591431627E0,5.622234224789E-1,
-2.189645610255E-1));
#3474=CARTESIAN_POINT('',(-3.456083013589E0,5.686827416927E-1,
-1.928532089803E-1));
#3475=CARTESIAN_POINT('',(-3.449768287247E0,5.751273325810E-1,
-1.686252719620E-1));
#3476=CARTESIAN_POINT('',(-3.442976511223E0,5.811156460995E-1,
-1.475665922970E-1));
#3477=CARTESIAN_POINT('',(-3.435955788979E0,5.864427946285E-1,
-1.298388619546E-1));
#3478=CARTESIAN_POINT('',(-3.428847728725E0,5.910647204237E-1,
-1.151009135031E-1));
#3479=CARTESIAN_POINT('',(-3.421742100966E0,5.949987917826E-1,
-1.029351539892E-1));
#3480=CARTESIAN_POINT('',(-3.414722367722E0,5.982777921957E-1,
-9.298909808299E-2));
#3481=CARTESIAN_POINT('',(-3.407852734983E0,6.009497969540E-1,
-8.495439136508E-2));
#3482=CARTESIAN_POINT('',(-3.401181641424E0,6.030703953027E-1,
-7.856982107847E-2));
#3483=CARTESIAN_POINT('',(-3.394762471517E0,6.046928465448E-1,
-7.363285114039E-2));
#3484=CARTESIAN_POINT('',(-3.388645057316E0,6.058732408726E-1,
-6.997022217112E-2));
#3485=CARTESIAN_POINT('',(-3.382865547964E0,6.066719783795E-1,
-6.742182136931E-2));
#3486=CARTESIAN_POINT('',(-3.377414474519E0,6.071509227338E-1,
-6.583726461997E-2));
#3487=CARTESIAN_POINT('',(-3.372256433419E0,6.073634695929E-1,
-6.509944072970E-2));
#3488=CARTESIAN_POINT('',(-3.367355701362E0,6.073515946250E-1,
-6.513250907107E-2));
#3489=CARTESIAN_POINT('',(-3.363812010098E0,6.071974607738E-1,
-6.571134373854E-2));
#3490=CARTESIAN_POINT('',(-3.361907217806E0,6.070684106485E-1,
-6.622284582758E-2));
#3491=CARTESIAN_POINT('',(-3.361528172237E0,6.070409127555E-1,
-6.633282676500E-2));
#3492=(BOUNDED_SURFACE()B_SPLINE_SURFACE(3,3,((#3328,#3329,#3330,#3331,#3332,
#3333,#3334,#3335,#3336,#3337,#3338,#3339,#3340,#3341,#3342,#3343,#3344,#3345,
#3346,#3347,#3348,#3349,#3350,#3351,#3352,#3353,#3354,#3355,#3356,#3357,#3358,
#3359,#3360,#3361,#3362,#3363,#3364,#3365,#3366,#3367,#3368),(#3369,#3370,#3371,
#3372,#3373,#3374,#3375,#3376,#3377,#3378,#3379,#3380,#3381,#3382,#3383,#3384,
#3385,#3386,#3387,#3388,#3389,#3390,#3391,#3392,#3393,#3394,#3395,#3396,#3397,
#3398,#3399,#3400,#3401,#3402,#3403,#3404,#3405,#3406,#3407,#3408,#3409),(#3410,
#3411,#3412,#3413,#3414,#3415,#3416,#3417,#3418,#3419,#3420,#3421,#3422,#3423,
#3424,#3425,#3426,#3427,#3428,#3429,#3430,#3431,#3432,#3433,#3434,#3435,#3436,
#3437,#3438,#3439,#3440,#3441,#3442,#3443,#3444,#3445,#3446,#3447,#3448,#3449,
#3450),(#3451,#3452,#3453,#3454,#3455,#3456,#3457,#3458,#3459,#3460,#3461,#3462,
#3463,#3464,#3465,#3466,#3467,#3468,#3469,#3470,#3471,#3472,#3473,#3474,#3475,
#3476,#3477,#3478,#3479,#3480,#3481,#3482,#3483,#3484,#3485,#3486,#3487,#3488,
#3489,#3490,#3491)),.UNSPECIFIED.,.F.,.F.,.F.)B_SPLINE_SURFACE_WITH_KNOTS((4,4),
(4,1,1,1,1,1,1,1,1,1,1,1,1,1,1,1,1,1,1,1,1,1,1,1,1,1,1,1,1,1,1,1,1,1,1,1,1,1,4),
(0.E0,1.E0),(5.671400184070E-2,6.886008242056E-2,8.188806460161E-2,
9.401206942298E-2,1.055686500654E-1,1.169082960281E-1,1.284478079879E-1,
1.406539333072E-1,1.539166920103E-1,1.684125654059E-1,1.842528980450E-1,
2.015252507753E-1,2.202776037545E-1,2.405595652393E-1,2.629294020119E-1,
2.881492222726E-1,3.169062310508E-1,3.498495244474E-1,3.870013911474E-1,
4.288740082316E-1,4.762587792208E-1,5.292439014251E-1,5.841781063474E-1,
6.356078366946E-1,6.811027362874E-1,7.207022789531E-1,7.552790450723E-1,
7.855051221572E-1,8.120394475931E-1,8.354342019611E-1,8.561866769812E-1,
8.747463567729E-1,8.913033866156E-1,9.061642509657E-1,9.196958311399E-1,
9.322329189865E-1,9.440831955513E-1,9.554795203138E-1,9.583235271046E-1),
.UNSPECIFIED.)GEOMETRIC_REPRESENTATION_ITEM()RATIONAL_B_SPLINE_SURFACE(((
1.370150374073E0,1.370150374073E0,1.370150374073E0,1.370150374073E0,
1.370150374073E0,1.370150374073E0,1.370150374073E0,1.370150374073E0,
1.370150374073E0,1.370150374073E0,1.370150374073E0,1.370150374073E0,
1.370150374073E0,1.370150374073E0,1.370150374073E0,1.370150374073E0,
1.370150374073E0,1.370150374073E0,1.370150374073E0,1.370150374073E0,
1.370150374073E0,1.370150374073E0,1.370150374073E0,1.370150374073E0,
1.370150374073E0,1.370150374073E0,1.370150374073E0,1.370150374073E0,
1.370150374073E0,1.370150374073E0,1.370150374073E0,1.370150374073E0,
1.370150374073E0,1.370150374073E0,1.370150374073E0,1.370150374073E0,
1.370150374073E0,1.370150374073E0,1.370150374073E0,1.370150374073E0,
1.370150374073E0),(8.766165419757E-1,8.766165419757E-1,8.766165419757E-1,
8.766165419757E-1,8.766165419757E-1,8.766165419757E-1,8.766165419757E-1,
8.766165419757E-1,8.766165419757E-1,8.766165419757E-1,8.766165419757E-1,
8.766165419757E-1,8.766165419757E-1,8.766165419757E-1,8.766165419757E-1,
8.766165419757E-1,8.766165419757E-1,8.766165419757E-1,8.766165419757E-1,
8.766165419757E-1,8.766165419757E-1,8.766165419757E-1,8.766165419757E-1,
8.766165419757E-1,8.766165419757E-1,8.766165419757E-1,8.766165419757E-1,
8.766165419757E-1,8.766165419757E-1,8.766165419757E-1,8.766165419757E-1,
8.766165419757E-1,8.766165419757E-1,8.766165419757E-1,8.766165419757E-1,
8.766165419757E-1,8.766165419757E-1,8.766165419757E-1,8.766165419757E-1,
8.766165419757E-1,8.766165419757E-1),(8.766165419757E-1,8.766165419757E-1,
8.766165419757E-1,8.766165419757E-1,8.766165419757E-1,8.766165419757E-1,
8.766165419757E-1,8.766165419757E-1,8.766165419757E-1,8.766165419757E-1,
8.766165419757E-1,8.766165419757E-1,8.766165419757E-1,8.766165419757E-1,
8.766165419757E-1,8.766165419757E-1,8.766165419757E-1,8.766165419757E-1,
8.766165419757E-1,8.766165419757E-1,8.766165419757E-1,8.766165419757E-1,
8.766165419757E-1,8.766165419757E-1,8.766165419757E-1,8.766165419757E-1,
8.766165419757E-1,8.766165419757E-1,8.766165419757E-1,8.766165419757E-1,
8.766165419757E-1,8.766165419757E-1,8.766165419757E-1,8.766165419757E-1,
8.766165419757E-1,8.766165419757E-1,8.766165419757E-1,8.766165419757E-1,
8.766165419757E-1,8.766165419757E-1,8.766165419757E-1),(1.370150374073E0,
1.370150374073E0,1.370150374073E0,1.370150374073E0,1.370150374073E0,
1.370150374073E0,1.370150374073E0,1.370150374073E0,1.370150374073E0,
1.370150374073E0,1.370150374073E0,1.370150374073E0,1.370150374073E0,
1.370150374073E0,1.370150374073E0,1.370150374073E0,1.370150374073E0,
1.370150374073E0,1.370150374073E0,1.370150374073E0,1.370150374073E0,
1.370150374073E0,1.370150374073E0,1.370150374073E0,1.370150374073E0,
1.370150374073E0,1.370150374073E0,1.370150374073E0,1.370150374073E0,
1.370150374073E0,1.370150374073E0,1.370150374073E0,1.370150374073E0,
1.370150374073E0,1.370150374073E0,1.370150374073E0,1.370150374073E0,
1.370150374073E0,1.370150374073E0,1.370150374073E0,1.370150374073E0)))REPRESENTATION_ITEM('')SURFACE());
#3493=ORIENTED_EDGE('',*,*,#1877,.T.);
#3495=ORIENTED_EDGE('',*,*,#3494,.F.);
#3497=ORIENTED_EDGE('',*,*,#3496,.F.);
#3498=ORIENTED_EDGE('',*,*,#3320,.F.);
#3499=EDGE_LOOP('',(#3493,#3495,#3497,#3498));
#3500=FACE_OUTER_BOUND('',#3499,.F.);
#3502=CARTESIAN_POINT('',(-1.3743432E1,6.55E-1,-5.E-2));
#3503=DIRECTION('',(1.E0,0.E0,0.E0));
#3504=DIRECTION('',(0.E0,0.E0,1.E0));
#3505=AXIS2_PLACEMENT_3D('',#3502,#3503,#3504);
#3506=CYLINDRICAL_SURFACE('',#3505,5.E-2);
#3508=ORIENTED_EDGE('',*,*,#3507,.F.);
#3509=ORIENTED_EDGE('',*,*,#3494,.T.);
#3510=ORIENTED_EDGE('',*,*,#1875,.T.);
#3512=ORIENTED_EDGE('',*,*,#3511,.T.);
#3513=EDGE_LOOP('',(#3508,#3509,#3510,#3512));
#3514=FACE_OUTER_BOUND('',#3513,.F.);
#3516=CARTESIAN_POINT('',(-1.61E0,6.05E-1,0.E0));
#3517=DIRECTION('',(0.E0,1.E0,0.E0));
#3518=DIRECTION('',(-1.E0,0.E0,0.E0));
#3519=AXIS2_PLACEMENT_3D('',#3516,#3517,#3518);
#3520=PLANE('',#3519);
#3522=ORIENTED_EDGE('',*,*,#3521,.T.);
#3523=ORIENTED_EDGE('',*,*,#3288,.F.);
#3525=ORIENTED_EDGE('',*,*,#3524,.F.);
#3526=ORIENTED_EDGE('',*,*,#3507,.T.);
#3527=EDGE_LOOP('',(#3522,#3523,#3525,#3526));
#3528=FACE_OUTER_BOUND('',#3527,.F.);
#3530=CARTESIAN_POINT('',(-1.71E0,5.05E-1,9.125200220381E0));
#3531=DIRECTION('',(0.E0,0.E0,-1.E0));
#3532=DIRECTION('',(0.E0,1.E0,0.E0));
#3533=AXIS2_PLACEMENT_3D('',#3530,#3531,#3532);
#3534=CYLINDRICAL_SURFACE('',#3533,1.E-1);
#3535=ORIENTED_EDGE('',*,*,#3290,.T.);
#3536=ORIENTED_EDGE('',*,*,#3521,.F.);
#3538=ORIENTED_EDGE('',*,*,#3537,.T.);
#3540=ORIENTED_EDGE('',*,*,#3539,.T.);
#3541=EDGE_LOOP('',(#3535,#3536,#3538,#3540));
#3542=FACE_OUTER_BOUND('',#3541,.F.);
#3544=CARTESIAN_POINT('',(-1.723298028002E0,6.707190260021E-1,
-2.388865753204E-3));
#3545=CARTESIAN_POINT('',(-1.723214914932E0,6.707115318975E-1,
-2.388356557522E-3));
#3546=CARTESIAN_POINT('',(-1.720618741749E0,6.704799160415E-1,
-2.372612591709E-3));
#3547=CARTESIAN_POINT('',(-1.715397031118E0,6.701686510059E-1,
-2.350829595281E-3));
#3548=CARTESIAN_POINT('',(-1.707477835162E0,6.701029646393E-1,
-2.345754145934E-3));
#3549=CARTESIAN_POINT('',(-1.699113167358E0,6.704099033248E-1,
-2.368755571126E-3));
#3550=CARTESIAN_POINT('',(-1.690141151686E0,6.710788224461E-1,
-2.422283862103E-3));
#3551=CARTESIAN_POINT('',(-1.680353057229E0,6.721015827943E-1,
-2.510145133398E-3));
#3552=CARTESIAN_POINT('',(-1.669502265720E0,6.734662473260E-1,
-2.637732441597E-3));
#3553=CARTESIAN_POINT('',(-1.657342011063E0,6.751396057092E-1,
-2.811472436687E-3));
#3554=CARTESIAN_POINT('',(-1.643637747859E0,6.770499619874E-1,
-3.038029648069E-3));
#3555=CARTESIAN_POINT('',(-1.628109341744E0,6.790856852741E-1,
-3.324955557786E-3));
#3556=CARTESIAN_POINT('',(-1.610422018868E0,6.810870754204E-1,
-3.681277216446E-3));
#3557=CARTESIAN_POINT('',(-1.590220104556E0,6.828298696177E-1,
-4.117097804485E-3));
#3558=CARTESIAN_POINT('',(-1.567158825795E0,6.840177983089E-1,
-4.642976620021E-3));
#3559=CARTESIAN_POINT('',(-1.540802070508E0,6.842848582945E-1,
-5.272604553300E-3));
#3560=CARTESIAN_POINT('',(-1.510760801179E0,6.831749412315E-1,
-6.020221074062E-3));
#3561=CARTESIAN_POINT('',(-1.477341083016E0,6.802035089079E-1,
-6.883717745474E-3));
#3562=CARTESIAN_POINT('',(-1.442281990932E0,6.751507332366E-1,
-7.821061764526E-3));
#3563=CARTESIAN_POINT('',(-1.408240097186E0,6.683171501448E-1,
-8.757611906138E-3));
#3564=CARTESIAN_POINT('',(-1.377272276062E0,6.602922658444E-1,
-9.627485608380E-3));
#3565=CARTESIAN_POINT('',(-1.350104732426E0,6.515311662300E-1,
-1.040057991340E-2));
#3566=CARTESIAN_POINT('',(-1.326468428631E0,6.421871464501E-1,
-1.107751570197E-2));
#3567=CARTESIAN_POINT('',(-1.306033552711E0,6.323386102086E-1,
-1.166346792433E-2));
#3568=CARTESIAN_POINT('',(-1.288536690169E0,6.220801769241E-1,
-1.216379416217E-2));
#3569=CARTESIAN_POINT('',(-1.273732280409E0,6.115410027379E-1,
-1.258479169992E-2));
#3570=CARTESIAN_POINT('',(-1.261290334444E0,6.008011200785E-1,
-1.293603473910E-2));
#3571=CARTESIAN_POINT('',(-1.250846973967E0,5.898491379862E-1,
-1.322840450199E-2));
#3572=CARTESIAN_POINT('',(-1.242159154554E0,5.786916941350E-1,
-1.346944922042E-2));
#3573=CARTESIAN_POINT('',(-1.235104900122E0,5.674464184949E-1,
-1.366336941655E-2));
#3574=CARTESIAN_POINT('',(-1.229594635175E0,5.563457881337E-1,
-1.381347817687E-2));
#3575=CARTESIAN_POINT('',(-1.225478953625E0,5.456018468241E-1,
-1.392463922266E-2));
#3576=CARTESIAN_POINT('',(-1.222562605284E0,5.353547242015E-1,
-1.400278793708E-2));
#3577=CARTESIAN_POINT('',(-1.220630586261E0,5.256131383863E-1,
-1.405418926851E-2));
#3578=CARTESIAN_POINT('',(-1.219494756241E0,5.162367829381E-1,
-1.408420705769E-2));
#3579=CARTESIAN_POINT('',(-1.219036134039E0,5.069722785068E-1,
-1.409624272829E-2));
#3580=CARTESIAN_POINT('',(-1.219223055433E0,4.975405628058E-1,
-1.409133108803E-2));
#3581=CARTESIAN_POINT('',(-1.220104919283E0,4.876897746631E-1,
-1.406837677326E-2));
#3582=CARTESIAN_POINT('',(-1.221692396876E0,4.778812015203E-1,
-1.402728797585E-2));
#3583=CARTESIAN_POINT('',(-1.223192087077E0,4.714040600494E-1,
-1.398870363452E-2));
#3584=CARTESIAN_POINT('',(-1.223994746372E0,4.683606973971E-1,
-1.396808389830E-2));
#3585=CARTESIAN_POINT('',(-1.719711107223E0,6.260190999578E-1,
1.186410672784E-2));
#3586=CARTESIAN_POINT('',(-1.719650872608E0,6.260193569228E-1,
1.186157863383E-2));
#3587=CARTESIAN_POINT('',(-1.717768936567E0,6.260274342635E-1,
1.178338861754E-2));
#3588=CARTESIAN_POINT('',(-1.713958616801E0,6.260465069107E-1,
1.167520360572E-2));
#3589=CARTESIAN_POINT('',(-1.708149147763E0,6.260561514911E-1,
1.164999743026E-2));
#3590=CARTESIAN_POINT('',(-1.702027493151E0,6.260196131819E-1,
1.176423195550E-2));
#3591=CARTESIAN_POINT('',(-1.695528429246E0,6.259053805726E-1,
1.203007591608E-2));
#3592=CARTESIAN_POINT('',(-1.688566697324E0,6.256757467092E-1,
1.246643176143E-2));
#3593=CARTESIAN_POINT('',(-1.681050398076E0,6.252836410350E-1,
1.310008376175E-2));
#3594=CARTESIAN_POINT('',(-1.672913200257E0,6.246720050761E-1,
1.396294932308E-2));
#3595=CARTESIAN_POINT('',(-1.664121348111E0,6.237764420265E-1,
1.508812729801E-2));
#3596=CARTESIAN_POINT('',(-1.654631971195E0,6.225238703873E-1,
1.651312150540E-2));
#3597=CARTESIAN_POINT('',(-1.644390184749E0,6.208296077238E-1,
1.828276405922E-2));
#3598=CARTESIAN_POINT('',(-1.633349180305E0,6.185991622008E-1,
2.044723158359E-2));
#3599=CARTESIAN_POINT('',(-1.621479069961E0,6.157335924091E-1,
2.305896597438E-2));
#3600=CARTESIAN_POINT('',(-1.608708198437E0,6.121166417606E-1,
2.618596192508E-2));
#3601=CARTESIAN_POINT('',(-1.594994540796E0,6.076278333821E-1,
2.989893860469E-2));
#3602=CARTESIAN_POINT('',(-1.580587155999E0,6.022458293984E-1,
3.418742463308E-2));
#3603=CARTESIAN_POINT('',(-1.566233515482E0,5.962002431197E-1,
3.884266751076E-2));
#3604=CARTESIAN_POINT('',(-1.552871258549E0,5.899176292010E-1,
4.349396766067E-2));
#3605=CARTESIAN_POINT('',(-1.541088156514E0,5.837521642097E-1,
4.781412469431E-2));
#3606=CARTESIAN_POINT('',(-1.530974185569E0,5.778326725634E-1,
5.165363471844E-2));
#3607=CARTESIAN_POINT('',(-1.522305897782E0,5.720959327023E-1,
5.501558128698E-2));
#3608=CARTESIAN_POINT('',(-1.514887184346E0,5.664734253E-1,5.792566536965E-2));
#3609=CARTESIAN_POINT('',(-1.508576949032E0,5.609319838480E-1,
6.041049496037E-2));
#3610=CARTESIAN_POINT('',(-1.503259541189E0,5.554716516262E-1,
6.250134501036E-2));
#3611=CARTESIAN_POINT('',(-1.498801082948E0,5.500792490522E-1,
6.424576501335E-2));
#3612=CARTESIAN_POINT('',(-1.495063019494E0,5.447095299083E-1,
6.569779567513E-2));
#3613=CARTESIAN_POINT('',(-1.491954216411E0,5.393378173806E-1,
6.689492467580E-2));
#3614=CARTESIAN_POINT('',(-1.489429127265E0,5.339983969755E-1,
6.785801356630E-2));
#3615=CARTESIAN_POINT('',(-1.487455206276E0,5.287816464188E-1,
6.860351652465E-2));
#3616=CARTESIAN_POINT('',(-1.485979312592E0,5.237698026772E-1,
6.915558881638E-2));
#3617=CARTESIAN_POINT('',(-1.484932220438E0,5.190142166455E-1,
6.954370807496E-2));
#3618=CARTESIAN_POINT('',(-1.484237620664E0,5.145085431369E-1,
6.979898854022E-2));
#3619=CARTESIAN_POINT('',(-1.483828682518E0,5.101807744094E-1,
6.994806968813E-2));
#3620=CARTESIAN_POINT('',(-1.483663276888E0,5.059091432318E-1,
7.000784300164E-2));
#3621=CARTESIAN_POINT('',(-1.483730666630E0,5.015612101046E-1,
6.998345307394E-2));
#3622=CARTESIAN_POINT('',(-1.484049465460E0,4.970169944497E-1,
6.986943886935E-2));
#3623=CARTESIAN_POINT('',(-1.484624506531E0,4.924847941280E-1,
6.966542752890E-2));
#3624=CARTESIAN_POINT('',(-1.485168875440E0,4.894842937904E-1,
6.947367819037E-2));
#3625=CARTESIAN_POINT('',(-1.485460553415E0,4.880722631047E-1,
6.937132775831E-2));
#3626=CARTESIAN_POINT('',(-1.717049745398E0,5.928534171578E-1,
-2.140827292005E-2));
#3627=CARTESIAN_POINT('',(-1.717006485745E0,5.928594251283E-1,
-2.140371071372E-2));
#3628=CARTESIAN_POINT('',(-1.715654487103E0,5.930453459071E-1,
-2.126261965594E-2));
#3629=CARTESIAN_POINT('',(-1.712891366871E0,5.933095168301E-1,
-2.106740515455E-2));
#3630=CARTESIAN_POINT('',(-1.708647236747E0,5.933750541718E-1,
-2.102192139369E-2));
#3631=CARTESIAN_POINT('',(-1.704189814511E0,5.930836687059E-1,
-2.122805278863E-2));
#3632=CARTESIAN_POINT('',(-1.699525588852E0,5.923883666367E-1,
-2.170775680528E-2));
#3633=CARTESIAN_POINT('',(-1.694660912821E0,5.912295028429E-1,
-2.249514224942E-2));
#3634=CARTESIAN_POINT('',(-1.689618682826E0,5.895339390078E-1,
-2.363854014585E-2));
#3635=CARTESIAN_POINT('',(-1.684466443568E0,5.872269222226E-1,
-2.519554410046E-2));
#3636=CARTESIAN_POINT('',(-1.679319417743E0,5.842494713798E-1,
-2.722587957104E-2));
#3637=CARTESIAN_POINT('',(-1.674310775910E0,5.805571071926E-1,
-2.979722059400E-2));
#3638=CARTESIAN_POINT('',(-1.669593300606E0,5.761208075802E-1,
-3.299046479868E-2));
#3639=CARTESIAN_POINT('',(-1.665349350604E0,5.709423659436E-1,
-3.689615375466E-2));
#3640=CARTESIAN_POINT('',(-1.661782671042E0,5.650692510212E-1,
-4.160891661718E-2));
#3641=CARTESIAN_POINT('',(-1.659092020030E0,5.585705089230E-1,
-4.725144689888E-2));
#3642=CARTESIAN_POINT('',(-1.657492843062E0,5.515746888443E-1,
-5.395135431169E-2));
#3643=CARTESIAN_POINT('',(-1.657191902581E0,5.444041303344E-1,
-6.168974369859E-2));
#3644=CARTESIAN_POINT('',(-1.658200937123E0,5.376219155063E-1,
-7.008993011396E-2));
#3645=CARTESIAN_POINT('',(-1.660182201659E0,5.317481002242E-1,
-7.848300204589E-2));
#3646=CARTESIAN_POINT('',(-1.662633447737E0,5.269622552113E-1,
-8.627854040549E-2));
#3647=CARTESIAN_POINT('',(-1.665172593530E0,5.231511310021E-1,
-9.320677181979E-2));
#3648=CARTESIAN_POINT('',(-1.667610016982E0,5.200908586912E-1,
-9.927326042979E-2));
#3649=CARTESIAN_POINT('',(-1.669848812058E0,5.176039075278E-1,
-1.045243825347E-1));
#3650=CARTESIAN_POINT('',(-1.671838638133E0,5.155622985974E-1,
-1.090081511201E-1));
#3651=CARTESIAN_POINT('',(-1.673560232904E0,5.138702782386E-1,
-1.127810004962E-1));
#3652=CARTESIAN_POINT('',(-1.675025225661E0,5.124455070229E-1,
-1.159287316880E-1));
#3653=CARTESIAN_POINT('',(-1.676262243236E0,5.112176193906E-1,
-1.185488588351E-1));
#3654=CARTESIAN_POINT('',(-1.677292862795E0,5.101387043420E-1,
-1.207090268505E-1));
#3655=CARTESIAN_POINT('',(-1.678128245859E0,5.091812088912E-1,
-1.224468795101E-1));
#3656=CARTESIAN_POINT('',(-1.678778160576E0,5.083300783366E-1,
-1.237921076719E-1));
#3657=CARTESIAN_POINT('',(-1.679260891317E0,5.075712378220E-1,
-1.247882984832E-1));
#3658=CARTESIAN_POINT('',(-1.679600717740E0,5.068901677186E-1,
-1.254886430547E-1));
#3659=CARTESIAN_POINT('',(-1.679824237030E0,5.062693464255E-1,
-1.259492857545E-1));
#3660=CARTESIAN_POINT('',(-1.679954625622E0,5.056874412953E-1,
-1.262182961897E-1));
#3661=CARTESIAN_POINT('',(-1.680006775785E0,5.051203363942E-1,
-1.263261549814E-1));
#3662=CARTESIAN_POINT('',(-1.679985477486E0,5.045443808784E-1,
-1.262821428340E-1));
#3663=CARTESIAN_POINT('',(-1.679886503011E0,5.039374446657E-1,
-1.260764154140E-1));
#3664=CARTESIAN_POINT('',(-1.679710353835E0,5.033201167567E-1,
-1.257082608537E-1));
#3665=CARTESIAN_POINT('',(-1.679545909872E0,5.028991548488E-1,
-1.253623153603E-1));
#3666=CARTESIAN_POINT('',(-1.679458458710E0,5.026975118154E-1,
-1.251776021550E-1));
#3667=CARTESIAN_POINT('',(-1.718189812193E0,6.070608403426E-1,
-6.625184525923E-2));
#3668=CARTESIAN_POINT('',(-1.718139280853E0,6.070643847133E-1,
-6.623772694664E-2));
#3669=CARTESIAN_POINT('',(-1.716560269098E0,6.071741214135E-1,
-6.580109505854E-2));
#3670=CARTESIAN_POINT('',(-1.713348552435E0,6.073332978171E-1,
-6.519696727344E-2));
#3671=CARTESIAN_POINT('',(-1.708433866770E0,6.073748919728E-1,
-6.505620961556E-2));
#3672=CARTESIAN_POINT('',(-1.703263525286E0,6.071926772249E-1,
-6.569412113769E-2));
#3673=CARTESIAN_POINT('',(-1.697813296709E0,6.067462920788E-1,
-6.717865363377E-2));
#3674=CARTESIAN_POINT('',(-1.692050289694E0,6.059854892246E-1,
-6.961536298023E-2));
#3675=CARTESIAN_POINT('',(-1.685948224776E0,6.048482971802E-1,
-7.315381847213E-2));
#3676=CARTESIAN_POINT('',(-1.679517297251E0,6.032675429298E-1,
-7.797225412587E-2));
#3677=CARTESIAN_POINT('',(-1.672808910839E0,6.011819254040E-1,
-8.425550137969E-2));
#3678=CARTESIAN_POINT('',(-1.665880824142E0,5.985347127797E-1,
-9.221299000887E-2));
#3679=CARTESIAN_POINT('',(-1.658796859758E0,5.952730393481E-1,
-1.020950726352E-1));
#3680=CARTESIAN_POINT('',(-1.651641206431E0,5.913574521078E-1,
-1.141819468300E-1));
#3681=CARTESIAN_POINT('',(-1.644517526227E0,5.867727010246E-1,
-1.287664599521E-1));
#3682=CARTESIAN_POINT('',(-1.637508738318E0,5.815084527525E-1,
-1.462283096857E-1));
#3683=CARTESIAN_POINT('',(-1.630719993729E0,5.755865793906E-1,
-1.669624077996E-1));
#3684=CARTESIAN_POINT('',(-1.624376173768E0,5.691821969066E-1,
-1.909102797486E-1));
#3685=CARTESIAN_POINT('',(-1.618804188190E0,5.627155369728E-1,
-2.169062045547E-1));
#3686=CARTESIAN_POINT('',(-1.614212637567E0,5.566666016649E-1,
-2.428801122808E-1));
#3687=CARTESIAN_POINT('',(-1.610566213092E0,5.512897588732E-1,
-2.670048422569E-1));
#3688=CARTESIAN_POINT('',(-1.607685051840E0,5.465754580707E-1,
-2.884455310678E-1));
#3689=CARTESIAN_POINT('',(-1.605365041523E0,5.423686480161E-1,
-3.072193979732E-1));
#3690=CARTESIAN_POINT('',(-1.603466779896E0,5.385384959702E-1,
-3.234699629771E-1));
#3691=CARTESIAN_POINT('',(-1.601901048700E0,5.349976384939E-1,
-3.373458111108E-1));
#3692=CARTESIAN_POINT('',(-1.600607295060E0,5.316913591538E-1,
-3.490215887466E-1));
#3693=CARTESIAN_POINT('',(-1.599534816312E0,5.285669450244E-1,
-3.587628229677E-1));
#3694=CARTESIAN_POINT('',(-1.598640622479E0,5.255647911E-1,-3.668712892480E-1));
#3695=CARTESIAN_POINT('',(-1.597898007651E0,5.226469393771E-1,
-3.735563272366E-1));
#3696=CARTESIAN_POINT('',(-1.597293840952E0,5.198123270713E-1,
-3.789344325342E-1));
#3697=CARTESIAN_POINT('',(-1.596819764209E0,5.170910643320E-1,
-3.830974889734E-1));
#3698=CARTESIAN_POINT('',(-1.596463464853E0,5.145103340943E-1,
-3.861803850098E-1));
#3699=CARTESIAN_POINT('',(-1.596209166944E0,5.120838341617E-1,
-3.883477303493E-1));
#3700=CARTESIAN_POINT('',(-1.596039384936E0,5.097988306543E-1,
-3.897732740445E-1));
#3701=CARTESIAN_POINT('',(-1.595938738236E0,5.076122828687E-1,
-3.906057764918E-1));
#3702=CARTESIAN_POINT('',(-1.595897692452E0,5.054582432789E-1,
-3.909395650941E-1));
#3703=CARTESIAN_POINT('',(-1.595914386090E0,5.032664584587E-1,
-3.908033625644E-1));
#3704=CARTESIAN_POINT('',(-1.595994376184E0,5.009728814019E-1,
-3.901666964252E-1));
#3705=CARTESIAN_POINT('',(-1.596140019802E0,4.986785113100E-1,
-3.890273928447E-1));
#3706=CARTESIAN_POINT('',(-1.596279215131E0,4.971525338861E-1,
-3.879567574631E-1));
#3707=CARTESIAN_POINT('',(-1.596354174257E0,4.964323883482E-1,
-3.873851480055E-1));
#3708=(BOUNDED_SURFACE()B_SPLINE_SURFACE(3,3,((#3544,#3545,#3546,#3547,#3548,
#3549,#3550,#3551,#3552,#3553,#3554,#3555,#3556,#3557,#3558,#3559,#3560,#3561,
#3562,#3563,#3564,#3565,#3566,#3567,#3568,#3569,#3570,#3571,#3572,#3573,#3574,
#3575,#3576,#3577,#3578,#3579,#3580,#3581,#3582,#3583,#3584),(#3585,#3586,#3587,
#3588,#3589,#3590,#3591,#3592,#3593,#3594,#3595,#3596,#3597,#3598,#3599,#3600,
#3601,#3602,#3603,#3604,#3605,#3606,#3607,#3608,#3609,#3610,#3611,#3612,#3613,
#3614,#3615,#3616,#3617,#3618,#3619,#3620,#3621,#3622,#3623,#3624,#3625),(#3626,
#3627,#3628,#3629,#3630,#3631,#3632,#3633,#3634,#3635,#3636,#3637,#3638,#3639,
#3640,#3641,#3642,#3643,#3644,#3645,#3646,#3647,#3648,#3649,#3650,#3651,#3652,
#3653,#3654,#3655,#3656,#3657,#3658,#3659,#3660,#3661,#3662,#3663,#3664,#3665,
#3666),(#3667,#3668,#3669,#3670,#3671,#3672,#3673,#3674,#3675,#3676,#3677,#3678,
#3679,#3680,#3681,#3682,#3683,#3684,#3685,#3686,#3687,#3688,#3689,#3690,#3691,
#3692,#3693,#3694,#3695,#3696,#3697,#3698,#3699,#3700,#3701,#3702,#3703,#3704,
#3705,#3706,#3707)),.UNSPECIFIED.,.F.,.F.,.F.)B_SPLINE_SURFACE_WITH_KNOTS((4,4),
(4,1,1,1,1,1,1,1,1,1,1,1,1,1,1,1,1,1,1,1,1,1,1,1,1,1,1,1,1,1,1,1,1,1,1,1,1,1,4),
(0.E0,1.E0),(2.154574381144E-2,2.191459709815E-2,3.306638780487E-2,
4.465065122072E-2,5.689439149259E-2,7.004275680943E-2,8.439712436930E-2,
1.003612037604E-1,1.183151242063E-1,1.385217329878E-1,1.612880357668E-1,
1.871636724381E-1,2.166394442086E-1,2.501305884621E-1,2.882015415491E-1,
3.318593155575E-1,3.814845308965E-1,4.348272753570E-1,4.867460409792E-1,
5.333516711580E-1,5.745902876618E-1,6.110189040247E-1,6.432919210559E-1,
6.717643845529E-1,6.967775339832E-1,7.189119169428E-1,7.389270362603E-1,
7.574171614125E-1,7.744457160660E-1,7.900548142527E-1,8.043290424112E-1,
8.173828665737E-1,8.293918931937E-1,8.407281074283E-1,8.518404431528E-1,
8.631538553075E-1,8.750510069761E-1,8.878772673997E-1,8.994790026688E-1),
.UNSPECIFIED.)GEOMETRIC_REPRESENTATION_ITEM()RATIONAL_B_SPLINE_SURFACE(((
1.370144916854E0,1.370144916854E0,1.370144916854E0,1.370144916854E0,
1.370144916854E0,1.370144916854E0,1.370144916854E0,1.370144916854E0,
1.370144916854E0,1.370144916854E0,1.370144916854E0,1.370144916854E0,
1.370144916854E0,1.370144916854E0,1.370144916854E0,1.370144916854E0,
1.370144916854E0,1.370144916854E0,1.370144916854E0,1.370144916854E0,
1.370144916854E0,1.370144916854E0,1.370144916854E0,1.370144916854E0,
1.370144916854E0,1.370144916854E0,1.370144916854E0,1.370144916854E0,
1.370144916854E0,1.370144916854E0,1.370144916854E0,1.370144916854E0,
1.370144916854E0,1.370144916854E0,1.370144916854E0,1.370144916854E0,
1.370144916854E0,1.370144916854E0,1.370144916854E0,1.370144916854E0,
1.370144916854E0),(8.766183610486E-1,8.766183610486E-1,8.766183610486E-1,
8.766183610486E-1,8.766183610486E-1,8.766183610486E-1,8.766183610486E-1,
8.766183610486E-1,8.766183610486E-1,8.766183610486E-1,8.766183610486E-1,
8.766183610486E-1,8.766183610486E-1,8.766183610486E-1,8.766183610486E-1,
8.766183610486E-1,8.766183610486E-1,8.766183610486E-1,8.766183610486E-1,
8.766183610486E-1,8.766183610486E-1,8.766183610486E-1,8.766183610486E-1,
8.766183610486E-1,8.766183610486E-1,8.766183610486E-1,8.766183610486E-1,
8.766183610486E-1,8.766183610486E-1,8.766183610486E-1,8.766183610486E-1,
8.766183610486E-1,8.766183610486E-1,8.766183610486E-1,8.766183610486E-1,
8.766183610486E-1,8.766183610486E-1,8.766183610486E-1,8.766183610486E-1,
8.766183610486E-1,8.766183610486E-1),(8.766183610486E-1,8.766183610486E-1,
8.766183610486E-1,8.766183610486E-1,8.766183610486E-1,8.766183610486E-1,
8.766183610486E-1,8.766183610486E-1,8.766183610486E-1,8.766183610486E-1,
8.766183610486E-1,8.766183610486E-1,8.766183610486E-1,8.766183610486E-1,
8.766183610486E-1,8.766183610486E-1,8.766183610486E-1,8.766183610486E-1,
8.766183610486E-1,8.766183610486E-1,8.766183610486E-1,8.766183610486E-1,
8.766183610486E-1,8.766183610486E-1,8.766183610486E-1,8.766183610486E-1,
8.766183610486E-1,8.766183610486E-1,8.766183610486E-1,8.766183610486E-1,
8.766183610486E-1,8.766183610486E-1,8.766183610486E-1,8.766183610486E-1,
8.766183610486E-1,8.766183610486E-1,8.766183610486E-1,8.766183610486E-1,
8.766183610486E-1,8.766183610486E-1,8.766183610486E-1),(1.370144916854E0,
1.370144916854E0,1.370144916854E0,1.370144916854E0,1.370144916854E0,
1.370144916854E0,1.370144916854E0,1.370144916854E0,1.370144916854E0,
1.370144916854E0,1.370144916854E0,1.370144916854E0,1.370144916854E0,
1.370144916854E0,1.370144916854E0,1.370144916854E0,1.370144916854E0,
1.370144916854E0,1.370144916854E0,1.370144916854E0,1.370144916854E0,
1.370144916854E0,1.370144916854E0,1.370144916854E0,1.370144916854E0,
1.370144916854E0,1.370144916854E0,1.370144916854E0,1.370144916854E0,
1.370144916854E0,1.370144916854E0,1.370144916854E0,1.370144916854E0,
1.370144916854E0,1.370144916854E0,1.370144916854E0,1.370144916854E0,
1.370144916854E0,1.370144916854E0,1.370144916854E0,1.370144916854E0)))REPRESENTATION_ITEM('')SURFACE());
#3709=ORIENTED_EDGE('',*,*,#1873,.T.);
#3711=ORIENTED_EDGE('',*,*,#3710,.F.);
#3712=ORIENTED_EDGE('',*,*,#3537,.F.);
#3713=ORIENTED_EDGE('',*,*,#3511,.F.);
#3714=EDGE_LOOP('',(#3709,#3711,#3712,#3713));
#3715=FACE_OUTER_BOUND('',#3714,.F.);
#3717=CARTESIAN_POINT('',(-1.31E0,4.545072E0,-3.E-1));
#3718=DIRECTION('',(0.E0,-1.E0,0.E0));
#3719=DIRECTION('',(0.E0,0.E0,1.E0));
#3720=AXIS2_PLACEMENT_3D('',#3717,#3718,#3719);
#3721=CYLINDRICAL_SURFACE('',#3720,3.E-1);
#3723=ORIENTED_EDGE('',*,*,#3722,.F.);
#3724=ORIENTED_EDGE('',*,*,#3710,.T.);
#3725=ORIENTED_EDGE('',*,*,#1871,.T.);
#3727=ORIENTED_EDGE('',*,*,#3726,.T.);
#3728=EDGE_LOOP('',(#3723,#3724,#3725,#3727));
#3729=FACE_OUTER_BOUND('',#3728,.F.);
#3731=CARTESIAN_POINT('',(-1.61E0,-8.05E-1,0.E0));
#3732=DIRECTION('',(1.E0,0.E0,0.E0));
#3733=DIRECTION('',(0.E0,1.E0,0.E0));
#3734=AXIS2_PLACEMENT_3D('',#3731,#3732,#3733);
#3735=PLANE('',#3734);
#3737=ORIENTED_EDGE('',*,*,#3736,.T.);
#3738=ORIENTED_EDGE('',*,*,#3292,.F.);
#3739=ORIENTED_EDGE('',*,*,#3539,.F.);
#3740=ORIENTED_EDGE('',*,*,#3722,.T.);
#3741=EDGE_LOOP('',(#3737,#3738,#3739,#3740));
#3742=FACE_OUTER_BOUND('',#3741,.F.);
#3744=CARTESIAN_POINT('',(-1.91E0,-5.05E-1,9.125200220381E0));
#3745=DIRECTION('',(0.E0,0.E0,-1.E0));
#3746=DIRECTION('',(1.E0,0.E0,0.E0));
#3747=AXIS2_PLACEMENT_3D('',#3744,#3745,#3746);
#3748=CYLINDRICAL_SURFACE('',#3747,3.E-1);
#3749=ORIENTED_EDGE('',*,*,#3294,.T.);
#3750=ORIENTED_EDGE('',*,*,#3736,.F.);
#3752=ORIENTED_EDGE('',*,*,#3751,.T.);
#3753=ORIENTED_EDGE('',*,*,#3257,.T.);
#3754=EDGE_LOOP('',(#3749,#3750,#3752,#3753));
#3755=FACE_OUTER_BOUND('',#3754,.F.);
#3757=CARTESIAN_POINT('',(-1.279374288391E0,-4.922261166500E-1,
-1.587885561441E-3));
#3758=CARTESIAN_POINT('',(-1.279293270949E0,-4.943599055504E-1,
-1.589306637323E-3));
#3759=CARTESIAN_POINT('',(-1.278951304834E0,-5.064207776610E-1,
-1.595563109050E-3));
#3760=CARTESIAN_POINT('',(-1.279519731858E0,-5.286781236030E-1,
-1.584957982887E-3));
#3761=CARTESIAN_POINT('',(-1.282873403497E0,-5.589838094020E-1,
-1.531423650918E-3));
#3762=CARTESIAN_POINT('',(-1.288769583825E0,-5.895894849265E-1,
-1.450213202449E-3));
#3763=CARTESIAN_POINT('',(-1.297136877443E0,-6.203520301048E-1,
-1.353869388409E-3));
#3764=CARTESIAN_POINT('',(-1.307919900892E0,-6.511636092240E-1,
-1.252652315679E-3));
#3765=CARTESIAN_POINT('',(-1.321075977366E0,-6.818872122123E-1,
-1.153953002538E-3));
#3766=CARTESIAN_POINT('',(-1.336552618961E0,-7.123300817749E-1,
-1.062480959440E-3));
#3767=CARTESIAN_POINT('',(-1.354275250607E0,-7.422624559263E-1,
-9.808318281578E-4));
#3768=CARTESIAN_POINT('',(-1.374159268947E0,-7.714627858441E-1,
-9.100747336769E-4));
#3769=CARTESIAN_POINT('',(-1.396116661649E0,-7.997304405103E-1,
-8.503703278192E-4));
#3770=CARTESIAN_POINT('',(-1.420059944689E0,-8.268881317668E-1,
-8.014258466484E-4));
#3771=CARTESIAN_POINT('',(-1.445896750844E0,-8.527731987938E-1,
-7.627951454301E-4));
#3772=CARTESIAN_POINT('',(-1.473534220823E0,-8.772411034683E-1,
-7.340294669349E-4));
#3773=CARTESIAN_POINT('',(-1.502877657354E0,-9.001614415863E-1,
-7.147714445308E-4));
#3774=CARTESIAN_POINT('',(-1.533848363440E0,-9.214285415967E-1,
-7.047965868304E-4));
#3775=CARTESIAN_POINT('',(-1.566396820818E0,-9.409605993805E-1,
-7.040660391674E-4));
#3776=CARTESIAN_POINT('',(-1.600464654642E0,-9.586671871109E-1,
-7.127751698359E-4));
#3777=CARTESIAN_POINT('',(-1.635922131746E0,-9.744298418001E-1,
-7.312981269472E-4));
#3778=CARTESIAN_POINT('',(-1.672508468783E0,-9.881110518146E-1,
-7.600121104834E-4));
#3779=CARTESIAN_POINT('',(-1.709815589067E0,-9.995914245595E-1,
-7.990061245672E-4));
#3780=CARTESIAN_POINT('',(-1.747224830870E0,-1.008795344387E0,
-8.475272735557E-4));
#3781=CARTESIAN_POINT('',(-1.784100456620E0,-1.015778490345E0,
-9.033920289367E-4));
#3782=CARTESIAN_POINT('',(-1.819919157953E0,-1.020720142062E0,
-9.623233696765E-4));
#3783=CARTESIAN_POINT('',(-1.854415063074E0,-1.023870975881E0,
-1.017203763207E-3));
#3784=CARTESIAN_POINT('',(-1.887446276839E0,-1.025473892064E0,
-1.057008303015E-3));
#3785=CARTESIAN_POINT('',(-1.910563238049E0,-1.025660775362E0,
-1.064403070744E-3));
#3786=CARTESIAN_POINT('',(-1.922666723275E0,-1.025477457704E0,
-1.058056964732E-3));
#3787=CARTESIAN_POINT('',(-1.924297000762E0,-1.025447636446E0,
-1.056998005285E-3));
#3788=CARTESIAN_POINT('',(-1.480078407692E0,-4.986287758520E-1,
1.915738167949E-2));
#3789=CARTESIAN_POINT('',(-1.480049538831E0,-4.996892716074E-1,
1.916664301328E-2));
#3790=CARTESIAN_POINT('',(-1.479927518480E0,-5.056935567943E-1,
1.920517019741E-2));
#3791=CARTESIAN_POINT('',(-1.480128292342E0,-5.168996798007E-1,
1.913948546921E-2));
#3792=CARTESIAN_POINT('',(-1.481369346938E0,-5.327018680340E-1,
1.879552370465E-2));
#3793=CARTESIAN_POINT('',(-1.483649462520E0,-5.493746348107E-1,
1.825767134575E-2));
#3794=CARTESIAN_POINT('',(-1.487048307150E0,-5.669584879162E-1,
1.759228563837E-2));
#3795=CARTESIAN_POINT('',(-1.491661497677E0,-5.854418994019E-1,
1.685815871737E-2));
#3796=CARTESIAN_POINT('',(-1.497591337164E0,-6.047494271260E-1,
1.610241954599E-2));
#3797=CARTESIAN_POINT('',(-1.504930281457E0,-6.247348546485E-1,
1.536045823805E-2));
#3798=CARTESIAN_POINT('',(-1.513750061364E0,-6.452028553421E-1,
1.465713725605E-2));
#3799=CARTESIAN_POINT('',(-1.524105009722E0,-6.659473276061E-1,
1.400832358322E-2));
#3800=CARTESIAN_POINT('',(-1.536036000966E0,-6.867679882003E-1,
1.342343815605E-2));
#3801=CARTESIAN_POINT('',(-1.549574293490E0,-7.074765141391E-1,
1.290771569617E-2));
#3802=CARTESIAN_POINT('',(-1.564740083047E0,-7.278915986579E-1,
1.246397082493E-2));
#3803=CARTESIAN_POINT('',(-1.581546047271E0,-7.478415937419E-1,
1.209351163598E-2));
#3804=CARTESIAN_POINT('',(-1.599997502346E0,-7.671610522403E-1,
1.179681634712E-2));
#3805=CARTESIAN_POINT('',(-1.620104653144E0,-7.856993214351E-1,
1.157378575196E-2));
#3806=CARTESIAN_POINT('',(-1.641893863050E0,-8.033208412690E-1,
1.142416458665E-2));
#3807=CARTESIAN_POINT('',(-1.665385720453E0,-8.198762465161E-1,
1.134816556023E-2));
#3808=CARTESIAN_POINT('',(-1.690550638313E0,-8.351785188713E-1,
1.134631976012E-2));
#3809=CARTESIAN_POINT('',(-1.717259350907E0,-8.490014828434E-1,
1.141848380840E-2));
#3810=CARTESIAN_POINT('',(-1.745261010504E0,-8.611072572292E-1,
1.156220002880E-2));
#3811=CARTESIAN_POINT('',(-1.774123718899E0,-8.712661519205E-1,
1.177001690800E-2));
#3812=CARTESIAN_POINT('',(-1.803368052041E0,-8.793529048395E-1,
1.202665617972E-2));
#3813=CARTESIAN_POINT('',(-1.832571246561E0,-8.853630544410E-1,
1.230672208350E-2));
#3814=CARTESIAN_POINT('',(-1.861497251230E0,-8.893835662681E-1,
1.257208598411E-2));
#3815=CARTESIAN_POINT('',(-1.889983760473E0,-8.915221754654E-1,
1.276711147890E-2));
#3816=CARTESIAN_POINT('',(-1.910462801993E0,-8.917869292787E-1,
1.280460947712E-2));
#3817=CARTESIAN_POINT('',(-1.921320838677E0,-8.915325127790E-1,
1.277257445491E-2));
#3818=CARTESIAN_POINT('',(-1.922785716457E0,-8.914910385294E-1,
1.276726647133E-2));
#3819=CARTESIAN_POINT('',(-1.624641227977E0,-5.015158178460E-1,
-1.217211582187E-1));
#3820=CARTESIAN_POINT('',(-1.624638519500E0,-5.020943246209E-1,
-1.217220243922E-1));
#3821=CARTESIAN_POINT('',(-1.624626798851E0,-5.053732736184E-1,
-1.217260907490E-1));
#3822=CARTESIAN_POINT('',(-1.624643561870E0,-5.115433518050E-1,
-1.217209623365E-1));
#3823=CARTESIAN_POINT('',(-1.624817493045E0,-5.205117168174E-1,
-1.216487429142E-1));
#3824=CARTESIAN_POINT('',(-1.625252103929E0,-5.303375510596E-1,
-1.214557701445E-1));
#3825=CARTESIAN_POINT('',(-1.626080891886E0,-5.411189627311E-1,
-1.210877285770E-1));
#3826=CARTESIAN_POINT('',(-1.627449810129E0,-5.528883996923E-1,
-1.205009952949E-1));
#3827=CARTESIAN_POINT('',(-1.629507176055E0,-5.656166160114E-1,
-1.196673621564E-1));
#3828=CARTESIAN_POINT('',(-1.632392681931E0,-5.792120891149E-1,
-1.185756761097E-1));
#3829=CARTESIAN_POINT('',(-1.636229240606E0,-5.935383044809E-1,
-1.172300299289E-1));
#3830=CARTESIAN_POINT('',(-1.641122558057E0,-6.084423255312E-1,
-1.156448898120E-1));
#3831=CARTESIAN_POINT('',(-1.647163497261E0,-6.237688295863E-1,
-1.138405961722E-1));
#3832=CARTESIAN_POINT('',(-1.654431265755E0,-6.393658805089E-1,
-1.118402287378E-1));
#3833=CARTESIAN_POINT('',(-1.662993659827E0,-6.550816616675E-1,
-1.096684482597E-1));
#3834=CARTESIAN_POINT('',(-1.672909524526E0,-6.707663969818E-1,
-1.073504340400E-1));
#3835=CARTESIAN_POINT('',(-1.684229236969E0,-6.862695935661E-1,
-1.049118696790E-1));
#3836=CARTESIAN_POINT('',(-1.697002564855E0,-7.014468726133E-1,
-1.023777425675E-1));
#3837=CARTESIAN_POINT('',(-1.711287149880E0,-7.161607764969E-1,
-9.977195211595E-2));
#3838=CARTESIAN_POINT('',(-1.727135708993E0,-7.302568387839E-1,
-9.712149288062E-2));
#3839=CARTESIAN_POINT('',(-1.744564157678E0,-7.435406472184E-1,
-9.446237465946E-2));
#3840=CARTESIAN_POINT('',(-1.763511279653E0,-7.557720472213E-1,
-9.184439090930E-2));
#3841=CARTESIAN_POINT('',(-1.783815187009E0,-7.666856978289E-1,
-8.933191214587E-2));
#3842=CARTESIAN_POINT('',(-1.805161472452E0,-7.760076825084E-1,
-8.700674873258E-2));
#3843=CARTESIAN_POINT('',(-1.827173334470E0,-7.835469985026E-1,
-8.495320362484E-2));
#3844=CARTESIAN_POINT('',(-1.849493554485E0,-7.892236920090E-1,
-8.325133703007E-2));
#3845=CARTESIAN_POINT('',(-1.871893871994E0,-7.930556276688E-1,
-8.197702903084E-2));
#3846=CARTESIAN_POINT('',(-1.894193895210E0,-7.951020233288E-1,
-8.121547269849E-2));
#3847=CARTESIAN_POINT('',(-1.910358587105E0,-7.953544908460E-1,
-8.110219590922E-2));
#3848=CARTESIAN_POINT('',(-1.918953711052E0,-7.951117325564E-1,
-8.120530164252E-2));
#3849=CARTESIAN_POINT('',(-1.920113680446E0,-7.950721716719E-1,
-8.122223607364E-2));
#3850=CARTESIAN_POINT('',(-1.609176402433E0,-4.988125442740E-1,
-3.229847716364E-1));
#3851=CARTESIAN_POINT('',(-1.609155066658E0,-4.998467351977E-1,
-3.230092973619E-1));
#3852=CARTESIAN_POINT('',(-1.609064735608E0,-5.056900913871E-1,
-3.231127257054E-1));
#3853=CARTESIAN_POINT('',(-1.609213364759E0,-5.164583267492E-1,
-3.229405691965E-1));
#3854=CARTESIAN_POINT('',(-1.610132526890E0,-5.311734939017E-1,
-3.219375691930E-1));
#3855=CARTESIAN_POINT('',(-1.611818417536E0,-5.461587435092E-1,
-3.201890720111E-1));
#3856=CARTESIAN_POINT('',(-1.614322446155E0,-5.614023636890E-1,
-3.177350922621E-1));
#3857=CARTESIAN_POINT('',(-1.617704065458E0,-5.768968440725E-1,
-3.146204967392E-1));
#3858=CARTESIAN_POINT('',(-1.622025574616E0,-5.926105655020E-1,
-3.108958419641E-1));
#3859=CARTESIAN_POINT('',(-1.627342249756E0,-6.084755479432E-1,
-3.066211312931E-1));
#3860=CARTESIAN_POINT('',(-1.633696281277E0,-6.243962019232E-1,
-3.018650181430E-1));
#3861=CARTESIAN_POINT('',(-1.641120267252E0,-6.402722680125E-1,
-2.966977730230E-1));
#3862=CARTESIAN_POINT('',(-1.649640238005E0,-6.560056871270E-1,
-2.911874534066E-1));
#3863=CARTESIAN_POINT('',(-1.659278099516E0,-6.715021831819E-1,
-2.853983624297E-1));
#3864=CARTESIAN_POINT('',(-1.670050079276E0,-6.866663734327E-1,
-2.793927355959E-1));
#3865=CARTESIAN_POINT('',(-1.681968643211E0,-7.014036178569E-1,
-2.732305518507E-1));
#3866=CARTESIAN_POINT('',(-1.695041894974E0,-7.156176285489E-1,
-2.669711387649E-1));
#3867=CARTESIAN_POINT('',(-1.709281395237E0,-7.292170471058E-1,
-2.606710511478E-1));
#3868=CARTESIAN_POINT('',(-1.724708983322E0,-7.421157403403E-1,
-2.543841913277E-1));
#3869=CARTESIAN_POINT('',(-1.741339581698E0,-7.542116426551E-1,
-2.481728246684E-1));
#3870=CARTESIAN_POINT('',(-1.759147265554E0,-7.653694226826E-1,
-2.421206888083E-1));
#3871=CARTESIAN_POINT('',(-1.778026497894E0,-7.754196772368E-1,
-2.363414314338E-1));
#3872=CARTESIAN_POINT('',(-1.797772152804E0,-7.841803676907E-1,
-2.309763880002E-1));
#3873=CARTESIAN_POINT('',(-1.818033609482E0,-7.914749813039E-1,
-2.261944460901E-1));
#3874=CARTESIAN_POINT('',(-1.838409250922E0,-7.972092179313E-1,
-2.221508934276E-1));
#3875=CARTESIAN_POINT('',(-1.858525301058E0,-8.013901309954E-1,
-2.189661631359E-1));
#3876=CARTESIAN_POINT('',(-1.878133661674E0,-8.041107517171E-1,
-2.167192629193E-1));
#3877=CARTESIAN_POINT('',(-1.897051176174E0,-8.055032941723E-1,
-2.154665977388E-1));
#3878=CARTESIAN_POINT('',(-1.910325484731E0,-8.056621478122E-1,
-2.153011126095E-1));
#3879=CARTESIAN_POINT('',(-1.917266415690E0,-8.055054269120E-1,
-2.154569055010E-1));
#3880=CARTESIAN_POINT('',(-1.918201082578E0,-8.054799707584E-1,
-2.154823708372E-1));
#3881=(BOUNDED_SURFACE()B_SPLINE_SURFACE(3,3,((#3757,#3758,#3759,#3760,#3761,
#3762,#3763,#3764,#3765,#3766,#3767,#3768,#3769,#3770,#3771,#3772,#3773,#3774,
#3775,#3776,#3777,#3778,#3779,#3780,#3781,#3782,#3783,#3784,#3785,#3786,#3787),(
#3788,#3789,#3790,#3791,#3792,#3793,#3794,#3795,#3796,#3797,#3798,#3799,#3800,
#3801,#3802,#3803,#3804,#3805,#3806,#3807,#3808,#3809,#3810,#3811,#3812,#3813,
#3814,#3815,#3816,#3817,#3818),(#3819,#3820,#3821,#3822,#3823,#3824,#3825,#3826,
#3827,#3828,#3829,#3830,#3831,#3832,#3833,#3834,#3835,#3836,#3837,#3838,#3839,
#3840,#3841,#3842,#3843,#3844,#3845,#3846,#3847,#3848,#3849),(#3850,#3851,#3852,
#3853,#3854,#3855,#3856,#3857,#3858,#3859,#3860,#3861,#3862,#3863,#3864,#3865,
#3866,#3867,#3868,#3869,#3870,#3871,#3872,#3873,#3874,#3875,#3876,#3877,#3878,
#3879,#3880)),.UNSPECIFIED.,.F.,.F.,.F.)B_SPLINE_SURFACE_WITH_KNOTS((4,4),(4,1,
1,1,1,1,1,1,1,1,1,1,1,1,1,1,1,1,1,1,1,1,1,1,1,1,1,1,4),(0.E0,1.E0),(
2.192772135858E-2,2.812725536621E-2,5.695970366063E-2,8.656171691092E-2,
1.169733803468E-1,1.482702527951E-1,1.805532307852E-1,2.138632982712E-1,
2.481267020462E-1,2.832274308881E-1,3.190476039613E-1,3.555059468796E-1,
3.925310794104E-1,4.300674557374E-1,4.680661287060E-1,5.065041534054E-1,
5.453609433023E-1,5.846842968369E-1,6.245790411433E-1,6.650003545540E-1,
7.057734317004E-1,7.466157972517E-1,7.870704960791E-1,8.263542538218E-1,
8.641881759864E-1,9.004640333595E-1,9.351526583834E-1,9.682852733459E-1,
9.734445471615E-1),.UNSPECIFIED.)GEOMETRIC_REPRESENTATION_ITEM()RATIONAL_B_SPLINE_SURFACE(((1.219000898450E0,1.219000898450E0,1.219000898450E0,1.219000898450E0,
1.219000898450E0,1.219000898450E0,1.219000898450E0,1.219000898450E0,
1.219000898450E0,1.219000898450E0,1.219000898450E0,1.219000898450E0,
1.219000898450E0,1.219000898450E0,1.219000898450E0,1.219000898450E0,
1.219000898450E0,1.219000898450E0,1.219000898450E0,1.219000898450E0,
1.219000898450E0,1.219000898450E0,1.219000898450E0,1.219000898450E0,
1.219000898450E0,1.219000898450E0,1.219000898450E0,1.219000898450E0,
1.219000898450E0,1.219000898450E0,1.219000898450E0),(9.269997005165E-1,
9.269997005165E-1,9.269997005165E-1,9.269997005165E-1,9.269997005165E-1,
9.269997005165E-1,9.269997005165E-1,9.269997005165E-1,9.269997005165E-1,
9.269997005165E-1,9.269997005165E-1,9.269997005165E-1,9.269997005165E-1,
9.269997005165E-1,9.269997005165E-1,9.269997005165E-1,9.269997005165E-1,
9.269997005165E-1,9.269997005165E-1,9.269997005165E-1,9.269997005165E-1,
9.269997005165E-1,9.269997005165E-1,9.269997005165E-1,9.269997005165E-1,
9.269997005165E-1,9.269997005165E-1,9.269997005165E-1,9.269997005165E-1,
9.269997005165E-1,9.269997005165E-1),(9.269997005165E-1,9.269997005165E-1,
9.269997005165E-1,9.269997005165E-1,9.269997005165E-1,9.269997005165E-1,
9.269997005165E-1,9.269997005165E-1,9.269997005165E-1,9.269997005165E-1,
9.269997005165E-1,9.269997005165E-1,9.269997005165E-1,9.269997005165E-1,
9.269997005165E-1,9.269997005165E-1,9.269997005165E-1,9.269997005165E-1,
9.269997005165E-1,9.269997005165E-1,9.269997005165E-1,9.269997005165E-1,
9.269997005165E-1,9.269997005165E-1,9.269997005165E-1,9.269997005165E-1,
9.269997005165E-1,9.269997005165E-1,9.269997005165E-1,9.269997005165E-1,
9.269997005165E-1),(1.219000898450E0,1.219000898450E0,1.219000898450E0,
1.219000898450E0,1.219000898450E0,1.219000898450E0,1.219000898450E0,
1.219000898450E0,1.219000898450E0,1.219000898450E0,1.219000898450E0,
1.219000898450E0,1.219000898450E0,1.219000898450E0,1.219000898450E0,
1.219000898450E0,1.219000898450E0,1.219000898450E0,1.219000898450E0,
1.219000898450E0,1.219000898450E0,1.219000898450E0,1.219000898450E0,
1.219000898450E0,1.219000898450E0,1.219000898450E0,1.219000898450E0,
1.219000898450E0,1.219000898450E0,1.219000898450E0,1.219000898450E0)))REPRESENTATION_ITEM('')SURFACE());
#3882=ORIENTED_EDGE('',*,*,#1869,.T.);
#3883=ORIENTED_EDGE('',*,*,#3240,.F.);
#3884=ORIENTED_EDGE('',*,*,#3751,.F.);
#3885=ORIENTED_EDGE('',*,*,#3726,.F.);
#3886=EDGE_LOOP('',(#3882,#3883,#3884,#3885));
#3887=FACE_OUTER_BOUND('',#3886,.F.);
#3889=CARTESIAN_POINT('',(-3.37E0,5.05E-1,9.125200220381E0));
#3890=DIRECTION('',(0.E0,0.E0,-1.E0));
#3891=DIRECTION('',(-1.E0,0.E0,0.E0));
#3892=AXIS2_PLACEMENT_3D('',#3889,#3890,#3891);
#3893=CYLINDRICAL_SURFACE('',#3892,1.E-1);
#3894=ORIENTED_EDGE('',*,*,#3286,.T.);
#3895=ORIENTED_EDGE('',*,*,#3308,.F.);
#3896=ORIENTED_EDGE('',*,*,#3496,.T.);
#3897=ORIENTED_EDGE('',*,*,#3524,.T.);
#3898=EDGE_LOOP('',(#3894,#3895,#3896,#3897));
#3899=FACE_OUTER_BOUND('',#3898,.F.);
#3901=CARTESIAN_POINT('',(-3.155730203149E0,-1.025448291484E0,
-1.056982090221E-3));
#3902=CARTESIAN_POINT('',(-3.161485518284E0,-1.025553435020E0,
-1.060645078975E-3));
#3903=CARTESIAN_POINT('',(-3.177985630483E0,-1.025671053030E0,
-1.064382873971E-3));
#3904=CARTESIAN_POINT('',(-3.205776175576E0,-1.024998302936E0,
-1.043563294107E-3));
#3905=CARTESIAN_POINT('',(-3.239567974828E0,-1.022780483845E0,
-9.958022268630E-4));
#3906=CARTESIAN_POINT('',(-3.274768429957E0,-1.018907355901E0,
-9.379121575817E-4));
#3907=CARTESIAN_POINT('',(-3.311214348061E0,-1.013122504457E0,
-8.793506984810E-4));
#3908=CARTESIAN_POINT('',(-3.348575251295E0,-1.005182273623E0,
-8.259151721294E-4));
#3909=CARTESIAN_POINT('',(-3.386254192966E0,-9.949447724216E-1,
-7.810012854124E-4));
#3910=CARTESIAN_POINT('',(-3.423552960974E0,-9.824179687383E-1,
-7.462070191350E-4));
#3911=CARTESIAN_POINT('',(-3.459876006940E0,-9.677289749777E-1,
-7.218767607102E-4));
#3912=CARTESIAN_POINT('',(-3.494880687001E0,-9.510214694114E-1,
-7.076994656437E-4));
#3913=CARTESIAN_POINT('',(-3.528400644821E0,-9.324192570464E-1,
-7.032308461823E-4));
#3914=CARTESIAN_POINT('',(-3.560358713441E0,-9.120222586378E-1,
-7.081534312471E-4));
#3915=CARTESIAN_POINT('',(-3.590712651739E0,-8.899099077705E-1,
-7.223796726922E-4));
#3916=CARTESIAN_POINT('',(-3.619400802657E0,-8.661711363310E-1,
-7.460487695856E-4));
#3917=CARTESIAN_POINT('',(-3.646331783610E0,-8.409242717915E-1,
-7.794632283170E-4));
#3918=CARTESIAN_POINT('',(-3.671401237701E0,-8.143156748700E-1,
-8.230271941885E-4));
#3919=CARTESIAN_POINT('',(-3.694511415079E0,-7.865059762752E-1,
-8.771945627808E-4));
#3920=CARTESIAN_POINT('',(-3.715572512196E0,-7.576681598081E-1,
-9.423589978015E-4));
#3921=CARTESIAN_POINT('',(-3.734503954040E0,-7.279830367629E-1,
-1.018662416201E-3));
#3922=CARTESIAN_POINT('',(-3.751221475125E0,-6.976560693862E-1,
-1.105597670277E-3));
#3923=CARTESIAN_POINT('',(-3.765640156940E0,-6.669187428579E-1,
-1.201434729353E-3));
#3924=CARTESIAN_POINT('',(-3.777688645302E0,-6.360028563989E-1,
-1.302529848295E-3));
#3925=CARTESIAN_POINT('',(-3.787321522805E0,-6.050797243940E-1,
-1.402872042833E-3));
#3926=CARTESIAN_POINT('',(-3.794496131048E0,-5.742552613560E-1,
-1.493430145654E-3));
#3927=CARTESIAN_POINT('',(-3.799145683489E0,-5.436362830582E-1,
-1.563005630801E-3));
#3928=CARTESIAN_POINT('',(-3.801005740191E0,-5.162398803379E-1,
-1.593767228994E-3));
#3929=CARTESIAN_POINT('',(-3.800888184628E0,-4.991164059876E-1,
-1.593686935862E-3));
#3930=CARTESIAN_POINT('',(-3.800620876165E0,-4.921172244275E-1,
-1.588401972794E-3));
#3931=CARTESIAN_POINT('',(-3.157240067377E0,-8.914918402941E-1,
1.276746090365E-2));
#3932=CARTESIAN_POINT('',(-3.162411841075E0,-8.916379492468E-1,
1.278621506494E-2));
#3933=CARTESIAN_POINT('',(-3.177152527791E0,-8.917991754734E-1,
1.280376357707E-2));
#3934=CARTESIAN_POINT('',(-3.201516437703E0,-8.908772525370E-1,
1.270099913292E-2));
#3935=CARTESIAN_POINT('',(-3.230327718480E0,-8.879700454069E-1,
1.246814218336E-2));
#3936=CARTESIAN_POINT('',(-3.259503367256E0,-8.831231262410E-1,
1.218993876402E-2));
#3937=CARTESIAN_POINT('',(-3.288876515259E0,-8.762293829429E-1,
1.191472169472E-2));
#3938=CARTESIAN_POINT('',(-3.318165132259E0,-8.672196137169E-1,
1.167491559568E-2));
#3939=CARTESIAN_POINT('',(-3.346897370950E0,-8.561409343669E-1,
1.149187924268E-2));
#3940=CARTESIAN_POINT('',(-3.374559278481E0,-8.431783103486E-1,
1.137785688912E-2));
#3941=CARTESIAN_POINT('',(-3.400751154348E0,-8.285997278382E-1,
1.133785566103E-2));
#3942=CARTESIAN_POINT('',(-3.425281464280E0,-8.126522912122E-1,
1.137276379481E-2));
#3943=CARTESIAN_POINT('',(-3.448094153801E0,-7.955381776496E-1,
1.148211527996E-2));
#3944=CARTESIAN_POINT('',(-3.469197765061E0,-7.774214932727E-1,
1.166545455667E-2));
#3945=CARTESIAN_POINT('',(-3.488623953881E0,-7.584394818837E-1,
1.192286804091E-2));
#3946=CARTESIAN_POINT('',(-3.506392257563E0,-7.387326190417E-1,
1.225468252323E-2));
#3947=CARTESIAN_POINT('',(-3.522507279837E0,-7.184608275838E-1,
1.266082971151E-2));
#3948=CARTESIAN_POINT('',(-3.536972041396E0,-6.978008258873E-1,
1.314038222341E-2));
#3949=CARTESIAN_POINT('',(-3.549800817342E0,-6.769350136358E-1,
1.369127033136E-2));
#3950=CARTESIAN_POINT('',(-3.561020353108E0,-6.560506505611E-1,
1.430957791496E-2));
#3951=CARTESIAN_POINT('',(-3.570671197124E0,-6.353368772761E-1,
1.498843571880E-2));
#3952=CARTESIAN_POINT('',(-3.578802284437E0,-6.149949693009E-1,
1.571573449250E-2));
#3953=CARTESIAN_POINT('',(-3.585474652430E0,-5.952325994448E-1,
1.647135613878E-2));
#3954=CARTESIAN_POINT('',(-3.590768509787E0,-5.762358160411E-1,
1.722480802554E-2));
#3955=CARTESIAN_POINT('',(-3.594784585083E0,-5.581208191451E-1,
1.793442957428E-2));
#3956=CARTESIAN_POINT('',(-3.597626960012E0,-5.409219904072E-1,
1.854697139092E-2));
#3957=CARTESIAN_POINT('',(-3.599384139174E0,-5.246195351280E-1,
1.899765142795E-2));
#3958=CARTESIAN_POINT('',(-3.600058703803E0,-5.106045907326E-1,
1.920006839958E-2));
#3959=CARTESIAN_POINT('',(-3.600014812478E0,-5.020535911462E-1,
1.918601172956E-2));
#3960=CARTESIAN_POINT('',(-3.599919769659E0,-4.985764645547E-1,
1.915608373777E-2));
#3961=CARTESIAN_POINT('',(-3.159906904619E0,-7.950728541924E-1,
-8.122187820983E-2));
#3962=CARTESIAN_POINT('',(-3.164002229542E0,-7.952121730821E-1,
-8.116223983121E-2));
#3963=CARTESIAN_POINT('',(-3.175660774464E0,-7.953665761407E-1,
-8.110043145603E-2));
#3964=CARTESIAN_POINT('',(-3.194834843244E0,-7.944847690100E-1,
-8.145586025815E-2));
#3965=CARTESIAN_POINT('',(-3.217296075872E0,-7.917055138516E-1,
-8.244243124516E-2));
#3966=CARTESIAN_POINT('',(-3.239773903917E0,-7.871005248072E-1,
-8.390845236845E-2));
#3967=CARTESIAN_POINT('',(-3.262087427639E0,-7.806216519317E-1,
-8.577310041715E-2));
#3968=CARTESIAN_POINT('',(-3.283976543008E0,-7.722751815224E-1,
-8.796189411861E-2));
#3969=CARTESIAN_POINT('',(-3.305053768806E0,-7.621836727467E-1,
-9.039230418575E-2));
#3970=CARTESIAN_POINT('',(-3.324927264354E0,-7.505904886416E-1,
-9.297624641381E-2));
#3971=CARTESIAN_POINT('',(-3.343317752230E0,-7.377978010670E-1,
-9.563336565656E-2));
#3972=CARTESIAN_POINT('',(-3.360115045675E0,-7.240719188465E-1,
-9.830459380411E-2));
#3973=CARTESIAN_POINT('',(-3.375314398792E0,-7.096263308952E-1,
-1.009484201227E-1));
#3974=CARTESIAN_POINT('',(-3.388959847146E0,-6.946321899097E-1,
-1.035342730575E-1));
#3975=CARTESIAN_POINT('',(-3.401112216017E0,-6.792315718026E-1,
-1.060374511848E-1));
#3976=CARTESIAN_POINT('',(-3.411825848682E0,-6.635640552010E-1,
-1.084335846815E-1));
#3977=CARTESIAN_POINT('',(-3.421148817159E0,-6.477794009333E-1,
-1.106967778454E-1));
#3978=CARTESIAN_POINT('',(-3.429132614414E0,-6.320346177448E-1,
-1.128004882663E-1));
#3979=CARTESIAN_POINT('',(-3.435840046759E0,-6.164852028893E-1,
-1.147190932151E-1));
#3980=CARTESIAN_POINT('',(-3.441345951992E0,-6.012848560228E-1,
-1.164283979285E-1));
#3981=CARTESIAN_POINT('',(-3.445738149963E0,-5.865836422266E-1,
-1.179067932809E-1));
#3982=CARTESIAN_POINT('',(-3.449115803040E0,-5.725350376873E-1,
-1.191363160075E-1));
#3983=CARTESIAN_POINT('',(-3.451592898757E0,-5.592896371065E-1,
-1.201064191532E-1));
#3984=CARTESIAN_POINT('',(-3.453301546904E0,-5.469722646834E-1,
-1.208195299486E-1));
#3985=CARTESIAN_POINT('',(-3.454389043612E0,-5.356470355385E-1,
-1.212954872589E-1));
#3986=CARTESIAN_POINT('',(-3.455006278809E0,-5.253067885180E-1,
-1.215711052709E-1));
#3987=CARTESIAN_POINT('',(-3.455295608284E0,-5.158851719464E-1,
-1.216970192793E-1));
#3988=CARTESIAN_POINT('',(-3.455373640653E0,-5.080625197769E-1,
-1.217259949122E-1));
#3989=CARTESIAN_POINT('',(-3.455367419776E0,-5.033843297305E-1,
-1.217248909990E-1));
#3990=CARTESIAN_POINT('',(-3.455358609345E0,-5.014882330164E-1,
-1.217216428262E-1));
#3991=CARTESIAN_POINT('',(-3.161814261273E0,-8.054803435517E-1,
-2.154819920204E-1));
#3992=CARTESIAN_POINT('',(-3.165113792151E0,-8.055699964018E-1,
-2.153923827424E-1));
#3993=CARTESIAN_POINT('',(-3.174582380444E0,-8.056720482004E-1,
-2.152951471540E-1));
#3994=CARTESIAN_POINT('',(-3.190532947228E0,-8.050908173382E-1,
-2.158507499427E-1));
#3995=CARTESIAN_POINT('',(-3.209837899884E0,-8.031649047875E-1,
-2.175224938905E-1));
#3996=CARTESIAN_POINT('',(-3.229758108442E0,-7.998437103840E-1,
-2.201744624644E-1));
#3997=CARTESIAN_POINT('',(-3.250098370088E0,-7.950053343096E-1,
-2.237419904826E-1));
#3998=CARTESIAN_POINT('',(-3.270578228878E0,-7.885783373876E-1,
-2.281349282359E-1));
#3999=CARTESIAN_POINT('',(-3.290793208881E0,-7.805929433105E-1,
-2.332171185028E-1));
#4000=CARTESIAN_POINT('',(-3.310323681755E0,-7.711903467952E-1,
-2.388171398296E-1));
#4001=CARTESIAN_POINT('',(-3.328848829436E0,-7.605756506408E-1,
-2.447634394487E-1));
#4002=CARTESIAN_POINT('',(-3.346211592309E0,-7.489363456806E-1,
-2.509229761565E-1));
#4003=CARTESIAN_POINT('',(-3.362362668199E0,-7.364220432434E-1,
-2.571995409337E-1));
#4004=CARTESIAN_POINT('',(-3.377305863957E0,-7.231487399688E-1,
-2.635220317989E-1));
#4005=CARTESIAN_POINT('',(-3.391065484969E0,-7.092068933022E-1,
-2.698342051193E-1));
#4006=CARTESIAN_POINT('',(-3.403659279685E0,-6.946833888906E-1,
-2.760813488997E-1));
#4007=CARTESIAN_POINT('',(-3.415095033024E0,-6.796733708451E-1,
-2.822045320163E-1));
#4008=CARTESIAN_POINT('',(-3.425378971562E0,-6.642782348046E-1,
-2.881414896932E-1));
#4009=CARTESIAN_POINT('',(-3.434524063381E0,-6.485972369240E-1,
-2.938294989229E-1));
#4010=CARTESIAN_POINT('',(-3.442550221695E0,-6.327267978572E-1,
-2.992048218783E-1));
#4011=CARTESIAN_POINT('',(-3.449484715360E0,-6.167585829235E-1,
-3.042026305845E-1));
#4012=CARTESIAN_POINT('',(-3.455357866298E0,-6.007890061240E-1,
-3.087538111837E-1));
#4013=CARTESIAN_POINT('',(-3.460205555191E0,-5.849193360209E-1,
-3.127866751349E-1));
#4014=CARTESIAN_POINT('',(-3.464074833786E0,-5.692416965731E-1,
-3.162335509632E-1));
#4015=CARTESIAN_POINT('',(-3.467026522775E0,-5.538085768524E-1,
-3.190386441542E-1));
#4016=CARTESIAN_POINT('',(-3.469124750936E0,-5.386311166207E-1,
-3.211554286553E-1));
#4017=CARTESIAN_POINT('',(-3.470425586525E0,-5.237099176893E-1,
-3.225404318802E-1));
#4018=CARTESIAN_POINT('',(-3.470924728926E0,-5.104404610093E-1,
-3.230990869819E-1));
#4019=CARTESIAN_POINT('',(-3.470893113814E0,-5.021523208781E-1,
-3.230644197001E-1));
#4020=CARTESIAN_POINT('',(-3.470822533840E0,-4.987600627239E-1,
-3.229834474358E-1));
#4021=(BOUNDED_SURFACE()B_SPLINE_SURFACE(3,3,((#3901,#3902,#3903,#3904,#3905,
#3906,#3907,#3908,#3909,#3910,#3911,#3912,#3913,#3914,#3915,#3916,#3917,#3918,
#3919,#3920,#3921,#3922,#3923,#3924,#3925,#3926,#3927,#3928,#3929,#3930),(#3931,
#3932,#3933,#3934,#3935,#3936,#3937,#3938,#3939,#3940,#3941,#3942,#3943,#3944,
#3945,#3946,#3947,#3948,#3949,#3950,#3951,#3952,#3953,#3954,#3955,#3956,#3957,
#3958,#3959,#3960),(#3961,#3962,#3963,#3964,#3965,#3966,#3967,#3968,#3969,#3970,
#3971,#3972,#3973,#3974,#3975,#3976,#3977,#3978,#3979,#3980,#3981,#3982,#3983,
#3984,#3985,#3986,#3987,#3988,#3989,#3990),(#3991,#3992,#3993,#3994,#3995,#3996,
#3997,#3998,#3999,#4000,#4001,#4002,#4003,#4004,#4005,#4006,#4007,#4008,#4009,
#4010,#4011,#4012,#4013,#4014,#4015,#4016,#4017,#4018,#4019,#4020)),
.UNSPECIFIED.,.F.,.F.,.F.)B_SPLINE_SURFACE_WITH_KNOTS((4,4),(4,1,1,1,1,1,1,1,1,
1,1,1,1,1,1,1,1,1,1,1,1,1,1,1,1,1,1,4),(0.E0,1.E0),(1.421646066138E-2,
3.239220391467E-2,6.626848172520E-2,1.016835802603E-1,1.386628641291E-1,
1.771861749393E-1,2.171130501391E-1,2.580216256500E-1,2.990966236279E-1,
3.398547428941E-1,3.801183076873E-1,4.198104623248E-1,4.589728090798E-1,
4.976957662104E-1,5.360134675337E-1,5.738887473876E-1,6.112739846993E-1,
6.481072896838E-1,6.843259373481E-1,7.198612367997E-1,7.546428204797E-1,
7.885380992825E-1,8.214186148996E-1,8.532550091010E-1,8.841518842554E-1,
9.142305492299E-1,9.435346440284E-1,9.638275058322E-1),.UNSPECIFIED.)GEOMETRIC_REPRESENTATION_ITEM()RATIONAL_B_SPLINE_SURFACE(((1.219000859135E0,
1.219000859135E0,1.219000859135E0,1.219000859135E0,1.219000859135E0,
1.219000859135E0,1.219000859135E0,1.219000859135E0,1.219000859135E0,
1.219000859135E0,1.219000859135E0,1.219000859135E0,1.219000859135E0,
1.219000859135E0,1.219000859135E0,1.219000859135E0,1.219000859135E0,
1.219000859135E0,1.219000859135E0,1.219000859135E0,1.219000859135E0,
1.219000859135E0,1.219000859135E0,1.219000859135E0,1.219000859135E0,
1.219000859135E0,1.219000859135E0,1.219000859135E0,1.219000859135E0,
1.219000859135E0),(9.269997136215E-1,9.269997136215E-1,9.269997136215E-1,
9.269997136215E-1,9.269997136215E-1,9.269997136215E-1,9.269997136215E-1,
9.269997136215E-1,9.269997136215E-1,9.269997136215E-1,9.269997136215E-1,
9.269997136215E-1,9.269997136215E-1,9.269997136215E-1,9.269997136215E-1,
9.269997136215E-1,9.269997136215E-1,9.269997136215E-1,9.269997136215E-1,
9.269997136215E-1,9.269997136215E-1,9.269997136215E-1,9.269997136215E-1,
9.269997136215E-1,9.269997136215E-1,9.269997136215E-1,9.269997136215E-1,
9.269997136215E-1,9.269997136215E-1,9.269997136215E-1),(9.269997136215E-1,
9.269997136215E-1,9.269997136215E-1,9.269997136215E-1,9.269997136215E-1,
9.269997136215E-1,9.269997136215E-1,9.269997136215E-1,9.269997136215E-1,
9.269997136215E-1,9.269997136215E-1,9.269997136215E-1,9.269997136215E-1,
9.269997136215E-1,9.269997136215E-1,9.269997136215E-1,9.269997136215E-1,
9.269997136215E-1,9.269997136215E-1,9.269997136215E-1,9.269997136215E-1,
9.269997136215E-1,9.269997136215E-1,9.269997136215E-1,9.269997136215E-1,
9.269997136215E-1,9.269997136215E-1,9.269997136215E-1,9.269997136215E-1,
9.269997136215E-1),(1.219000859135E0,1.219000859135E0,1.219000859135E0,
1.219000859135E0,1.219000859135E0,1.219000859135E0,1.219000859135E0,
1.219000859135E0,1.219000859135E0,1.219000859135E0,1.219000859135E0,
1.219000859135E0,1.219000859135E0,1.219000859135E0,1.219000859135E0,
1.219000859135E0,1.219000859135E0,1.219000859135E0,1.219000859135E0,
1.219000859135E0,1.219000859135E0,1.219000859135E0,1.219000859135E0,
1.219000859135E0,1.219000859135E0,1.219000859135E0,1.219000859135E0,
1.219000859135E0,1.219000859135E0,1.219000859135E0)))REPRESENTATION_ITEM('')SURFACE());
#4022=ORIENTED_EDGE('',*,*,#1881,.T.);
#4023=ORIENTED_EDGE('',*,*,#3323,.F.);
#4024=ORIENTED_EDGE('',*,*,#3271,.F.);
#4025=ORIENTED_EDGE('',*,*,#3243,.F.);
#4026=EDGE_LOOP('',(#4022,#4023,#4024,#4025));
#4027=FACE_OUTER_BOUND('',#4026,.F.);
#4029=CARTESIAN_POINT('',(1.3743432E1,-6.55E-1,-5.E-2));
#4030=DIRECTION('',(-1.E0,0.E0,0.E0));
#4031=DIRECTION('',(0.E0,0.E0,1.E0));
#4032=AXIS2_PLACEMENT_3D('',#4029,#4030,#4031);
#4033=CYLINDRICAL_SURFACE('',#4032,5.E-2);
#4034=ORIENTED_EDGE('',*,*,#1885,.T.);
#4036=ORIENTED_EDGE('',*,*,#4035,.T.);
#4038=ORIENTED_EDGE('',*,*,#4037,.F.);
#4040=ORIENTED_EDGE('',*,*,#4039,.T.);
#4041=EDGE_LOOP('',(#4034,#4036,#4038,#4040));
#4042=FACE_OUTER_BOUND('',#4041,.F.);
#4044=CARTESIAN_POINT('',(-8.167019719982E-1,-6.707190260021E-1,
-2.388865753204E-3));
#4045=CARTESIAN_POINT('',(-8.167850850682E-1,-6.707115318975E-1,
-2.388356557522E-3));
#4046=CARTESIAN_POINT('',(-8.193812582509E-1,-6.704799160415E-1,
-2.372612591708E-3));
#4047=CARTESIAN_POINT('',(-8.246029688818E-1,-6.701686510059E-1,
-2.350829595281E-3));
#4048=CARTESIAN_POINT('',(-8.325221648379E-1,-6.701029646393E-1,
-2.345754145933E-3));
#4049=CARTESIAN_POINT('',(-8.408868326424E-1,-6.704099033248E-1,
-2.368755571125E-3));
#4050=CARTESIAN_POINT('',(-8.498588483142E-1,-6.710788224461E-1,
-2.422283862103E-3));
#4051=CARTESIAN_POINT('',(-8.596469427705E-1,-6.721015827943E-1,
-2.510145133395E-3));
#4052=CARTESIAN_POINT('',(-8.704977342797E-1,-6.734662473260E-1,
-2.637732441594E-3));
#4053=CARTESIAN_POINT('',(-8.826579889366E-1,-6.751396057092E-1,
-2.811472436684E-3));
#4054=CARTESIAN_POINT('',(-8.963622521404E-1,-6.770499619873E-1,
-3.038029648065E-3));
#4055=CARTESIAN_POINT('',(-9.118906582558E-1,-6.790856852741E-1,
-3.324955557784E-3));
#4056=CARTESIAN_POINT('',(-9.295779811325E-1,-6.810870754204E-1,
-3.681277216446E-3));
#4057=CARTESIAN_POINT('',(-9.497798954444E-1,-6.828298696177E-1,
-4.117097804487E-3));
#4058=CARTESIAN_POINT('',(-9.728411742057E-1,-6.840177983089E-1,
-4.642976620028E-3));
#4059=CARTESIAN_POINT('',(-9.991979294921E-1,-6.842848582945E-1,
-5.272604553312E-3));
#4060=CARTESIAN_POINT('',(-1.029239198821E0,-6.831749412315E-1,
-6.020221074079E-3));
#4061=CARTESIAN_POINT('',(-1.062658916985E0,-6.802035089078E-1,
-6.883717745498E-3));
#4062=CARTESIAN_POINT('',(-1.097718009069E0,-6.751507332364E-1,
-7.821061764552E-3));
#4063=CARTESIAN_POINT('',(-1.131759902815E0,-6.683171501446E-1,
-8.757611906164E-3));
#4064=CARTESIAN_POINT('',(-1.162727723939E0,-6.602922658441E-1,
-9.627485608402E-3));
#4065=CARTESIAN_POINT('',(-1.189895267574E0,-6.515311662297E-1,
-1.040057991342E-2));
#4066=CARTESIAN_POINT('',(-1.213531571370E0,-6.421871464498E-1,
-1.107751570198E-2));
#4067=CARTESIAN_POINT('',(-1.233966447290E0,-6.323386102084E-1,
-1.166346792435E-2));
#4068=CARTESIAN_POINT('',(-1.251463309831E0,-6.220801769239E-1,
-1.216379416218E-2));
#4069=CARTESIAN_POINT('',(-1.266267719592E0,-6.115410027377E-1,
-1.258479169992E-2));
#4070=CARTESIAN_POINT('',(-1.278709665556E0,-6.008011200783E-1,
-1.293603473911E-2));
#4071=CARTESIAN_POINT('',(-1.289153026033E0,-5.898491379860E-1,
-1.322840450200E-2));
#4072=CARTESIAN_POINT('',(-1.297840845446E0,-5.786916941348E-1,
-1.346944922042E-2));
#4073=CARTESIAN_POINT('',(-1.304895099878E0,-5.674464184947E-1,
-1.366336941655E-2));
#4074=CARTESIAN_POINT('',(-1.310405364825E0,-5.563457881336E-1,
-1.381347817687E-2));
#4075=CARTESIAN_POINT('',(-1.314521046375E0,-5.456018468241E-1,
-1.392463922266E-2));
#4076=CARTESIAN_POINT('',(-1.317437394716E0,-5.353547242014E-1,
-1.400278793708E-2));
#4077=CARTESIAN_POINT('',(-1.319369413739E0,-5.256131383863E-1,
-1.405418926850E-2));
#4078=CARTESIAN_POINT('',(-1.320505243759E0,-5.162367829381E-1,
-1.408420705769E-2));
#4079=CARTESIAN_POINT('',(-1.320963865961E0,-5.069722785068E-1,
-1.409624272829E-2));
#4080=CARTESIAN_POINT('',(-1.320776944567E0,-4.975405628059E-1,
-1.409133108803E-2));
#4081=CARTESIAN_POINT('',(-1.319895080717E0,-4.876897746631E-1,
-1.406837677326E-2));
#4082=CARTESIAN_POINT('',(-1.318307603124E0,-4.778812015203E-1,
-1.402728797585E-2));
#4083=CARTESIAN_POINT('',(-1.316807912923E0,-4.714040600494E-1,
-1.398870363451E-2));
#4084=CARTESIAN_POINT('',(-1.316005253628E0,-4.683606973971E-1,
-1.396808389830E-2));
#4085=CARTESIAN_POINT('',(-8.202888927769E-1,-6.260190999578E-1,
1.186410672784E-2));
#4086=CARTESIAN_POINT('',(-8.203491273923E-1,-6.260193569228E-1,
1.186157863384E-2));
#4087=CARTESIAN_POINT('',(-8.222310634327E-1,-6.260274342635E-1,
1.178338861755E-2));
#4088=CARTESIAN_POINT('',(-8.260413831986E-1,-6.260465069107E-1,
1.167520360572E-2));
#4089=CARTESIAN_POINT('',(-8.318508522372E-1,-6.260561514911E-1,
1.164999743026E-2));
#4090=CARTESIAN_POINT('',(-8.379725068488E-1,-6.260196131819E-1,
1.176423195550E-2));
#4091=CARTESIAN_POINT('',(-8.444715707535E-1,-6.259053805726E-1,
1.203007591607E-2));
#4092=CARTESIAN_POINT('',(-8.514333026761E-1,-6.256757467092E-1,
1.246643176143E-2));
#4093=CARTESIAN_POINT('',(-8.589496019237E-1,-6.252836410350E-1,
1.310008376173E-2));
#4094=CARTESIAN_POINT('',(-8.670867997432E-1,-6.246720050761E-1,
1.396294932306E-2));
#4095=CARTESIAN_POINT('',(-8.758786518889E-1,-6.237764420265E-1,
1.508812729799E-2));
#4096=CARTESIAN_POINT('',(-8.853680288047E-1,-6.225238703873E-1,
1.651312150538E-2));
#4097=CARTESIAN_POINT('',(-8.956098152511E-1,-6.208296077239E-1,
1.828276405923E-2));
#4098=CARTESIAN_POINT('',(-9.066508196951E-1,-6.185991622008E-1,
2.044723158361E-2));
#4099=CARTESIAN_POINT('',(-9.185209300393E-1,-6.157335924091E-1,
2.305896597441E-2));
#4100=CARTESIAN_POINT('',(-9.312918015634E-1,-6.121166417605E-1,
2.618596192514E-2));
#4101=CARTESIAN_POINT('',(-9.450054592041E-1,-6.076278333819E-1,
2.989893860478E-2));
#4102=CARTESIAN_POINT('',(-9.594128440018E-1,-6.022458293982E-1,
3.418742463320E-2));
#4103=CARTESIAN_POINT('',(-9.737664845181E-1,-5.962002431195E-1,
3.884266751089E-2));
#4104=CARTESIAN_POINT('',(-9.871287414514E-1,-5.899176292008E-1,
4.349396766080E-2));
#4105=CARTESIAN_POINT('',(-9.989118434860E-1,-5.837521642096E-1,
4.781412469442E-2));
#4106=CARTESIAN_POINT('',(-1.009025814431E0,-5.778326725633E-1,
5.165363471853E-2));
#4107=CARTESIAN_POINT('',(-1.017694102218E0,-5.720959327022E-1,
5.501558128706E-2));
#4108=CARTESIAN_POINT('',(-1.025112815654E0,-5.664734252999E-1,
5.792566536971E-2));
#4109=CARTESIAN_POINT('',(-1.031423050968E0,-5.609319838479E-1,
6.041049496042E-2));
#4110=CARTESIAN_POINT('',(-1.036740458812E0,-5.554716516261E-1,
6.250134501040E-2));
#4111=CARTESIAN_POINT('',(-1.041198917052E0,-5.500792490521E-1,
6.424576501337E-2));
#4112=CARTESIAN_POINT('',(-1.044936980507E0,-5.447095299082E-1,
6.569779567515E-2));
#4113=CARTESIAN_POINT('',(-1.048045783589E0,-5.393378173805E-1,
6.689492467582E-2));
#4114=CARTESIAN_POINT('',(-1.050570872735E0,-5.339983969755E-1,
6.785801356630E-2));
#4115=CARTESIAN_POINT('',(-1.052544793724E0,-5.287816464188E-1,
6.860351652466E-2));
#4116=CARTESIAN_POINT('',(-1.054020687408E0,-5.237698026772E-1,
6.915558881638E-2));
#4117=CARTESIAN_POINT('',(-1.055067779562E0,-5.190142166455E-1,
6.954370807496E-2));
#4118=CARTESIAN_POINT('',(-1.055762379336E0,-5.145085431369E-1,
6.979898854022E-2));
#4119=CARTESIAN_POINT('',(-1.056171317483E0,-5.101807744095E-1,
6.994806968813E-2));
#4120=CARTESIAN_POINT('',(-1.056336723112E0,-5.059091432318E-1,
7.000784300164E-2));
#4121=CARTESIAN_POINT('',(-1.056269333370E0,-5.015612101046E-1,
6.998345307394E-2));
#4122=CARTESIAN_POINT('',(-1.055950534540E0,-4.970169944497E-1,
6.986943886935E-2));
#4123=CARTESIAN_POINT('',(-1.055375493469E0,-4.924847941280E-1,
6.966542752890E-2));
#4124=CARTESIAN_POINT('',(-1.054831124560E0,-4.894842937904E-1,
6.947367819036E-2));
#4125=CARTESIAN_POINT('',(-1.054539446585E0,-4.880722631047E-1,
6.937132775831E-2));
#4126=CARTESIAN_POINT('',(-8.229502546023E-1,-5.928534171578E-1,
-2.140827292005E-2));
#4127=CARTESIAN_POINT('',(-8.229935142553E-1,-5.928594251283E-1,
-2.140371071372E-2));
#4128=CARTESIAN_POINT('',(-8.243455128975E-1,-5.930453459071E-1,
-2.126261965594E-2));
#4129=CARTESIAN_POINT('',(-8.271086331292E-1,-5.933095168301E-1,
-2.106740515455E-2));
#4130=CARTESIAN_POINT('',(-8.313527632527E-1,-5.933750541718E-1,
-2.102192139370E-2));
#4131=CARTESIAN_POINT('',(-8.358101854895E-1,-5.930836687059E-1,
-2.122805278863E-2));
#4132=CARTESIAN_POINT('',(-8.404744111484E-1,-5.923883666367E-1,
-2.170775680527E-2));
#4133=CARTESIAN_POINT('',(-8.453390871793E-1,-5.912295028430E-1,
-2.249514224941E-2));
#4134=CARTESIAN_POINT('',(-8.503813171737E-1,-5.895339390078E-1,
-2.363854014583E-2));
#4135=CARTESIAN_POINT('',(-8.555335564315E-1,-5.872269222226E-1,
-2.519554410043E-2));
#4136=CARTESIAN_POINT('',(-8.606805822574E-1,-5.842494713799E-1,
-2.722587957100E-2));
#4137=CARTESIAN_POINT('',(-8.656892240898E-1,-5.805571071926E-1,
-2.979722059398E-2));
#4138=CARTESIAN_POINT('',(-8.704066993936E-1,-5.761208075802E-1,
-3.299046479868E-2));
#4139=CARTESIAN_POINT('',(-8.746506493964E-1,-5.709423659435E-1,
-3.689615375469E-2));
#4140=CARTESIAN_POINT('',(-8.782173289583E-1,-5.650692510212E-1,
-4.160891661724E-2));
#4141=CARTESIAN_POINT('',(-8.809079799700E-1,-5.585705089228E-1,
-4.725144689899E-2));
#4142=CARTESIAN_POINT('',(-8.825071569377E-1,-5.515746888441E-1,
-5.395135431185E-2));
#4143=CARTESIAN_POINT('',(-8.828080974191E-1,-5.444041303343E-1,
-6.168974369881E-2));
#4144=CARTESIAN_POINT('',(-8.817990628772E-1,-5.376219155061E-1,
-7.008993011420E-2));
#4145=CARTESIAN_POINT('',(-8.798177983410E-1,-5.317481002241E-1,
-7.848300204613E-2));
#4146=CARTESIAN_POINT('',(-8.773665522631E-1,-5.269622552112E-1,
-8.627854040569E-2));
#4147=CARTESIAN_POINT('',(-8.748274064699E-1,-5.231511310020E-1,
-9.320677181996E-2));
#4148=CARTESIAN_POINT('',(-8.723899830176E-1,-5.200908586912E-1,
-9.927326042992E-2));
#4149=CARTESIAN_POINT('',(-8.701511879418E-1,-5.176039075278E-1,
-1.045243825348E-1));
#4150=CARTESIAN_POINT('',(-8.681613618673E-1,-5.155622985973E-1,
-1.090081511202E-1));
#4151=CARTESIAN_POINT('',(-8.664397670959E-1,-5.138702782386E-1,
-1.127810004963E-1));
#4152=CARTESIAN_POINT('',(-8.649747743391E-1,-5.124455070229E-1,
-1.159287316881E-1));
#4153=CARTESIAN_POINT('',(-8.637377567636E-1,-5.112176193905E-1,
-1.185488588351E-1));
#4154=CARTESIAN_POINT('',(-8.627071372046E-1,-5.101387043420E-1,
-1.207090268506E-1));
#4155=CARTESIAN_POINT('',(-8.618717541413E-1,-5.091812088912E-1,
-1.224468795101E-1));
#4156=CARTESIAN_POINT('',(-8.612218394245E-1,-5.083300783366E-1,
-1.237921076719E-1));
#4157=CARTESIAN_POINT('',(-8.607391086827E-1,-5.075712378220E-1,
-1.247882984833E-1));
#4158=CARTESIAN_POINT('',(-8.603992822595E-1,-5.068901677186E-1,
-1.254886430547E-1));
#4159=CARTESIAN_POINT('',(-8.601757629699E-1,-5.062693464255E-1,
-1.259492857545E-1));
#4160=CARTESIAN_POINT('',(-8.600453743778E-1,-5.056874412953E-1,
-1.262182961897E-1));
#4161=CARTESIAN_POINT('',(-8.599932242149E-1,-5.051203363942E-1,
-1.263261549814E-1));
#4162=CARTESIAN_POINT('',(-8.600145225139E-1,-5.045443808784E-1,
-1.262821428340E-1));
#4163=CARTESIAN_POINT('',(-8.601134969893E-1,-5.039374446657E-1,
-1.260764154140E-1));
#4164=CARTESIAN_POINT('',(-8.602896461652E-1,-5.033201167567E-1,
-1.257082608537E-1));
#4165=CARTESIAN_POINT('',(-8.604540901284E-1,-5.028991548488E-1,
-1.253623153603E-1));
#4166=CARTESIAN_POINT('',(-8.605415412900E-1,-5.026975118154E-1,
-1.251776021550E-1));
#4167=CARTESIAN_POINT('',(-8.218101878070E-1,-6.070608403426E-1,
-6.625184525923E-2));
#4168=CARTESIAN_POINT('',(-8.218607191474E-1,-6.070643847133E-1,
-6.623772694664E-2));
#4169=CARTESIAN_POINT('',(-8.234397309020E-1,-6.071741214135E-1,
-6.580109505854E-2));
#4170=CARTESIAN_POINT('',(-8.266514475648E-1,-6.073332978171E-1,
-6.519696727344E-2));
#4171=CARTESIAN_POINT('',(-8.315661332300E-1,-6.073748919728E-1,
-6.505620961556E-2));
#4172=CARTESIAN_POINT('',(-8.367364747143E-1,-6.071926772249E-1,
-6.569412113768E-2));
#4173=CARTESIAN_POINT('',(-8.421867032905E-1,-6.067462920788E-1,
-6.717865363375E-2));
#4174=CARTESIAN_POINT('',(-8.479497103064E-1,-6.059854892246E-1,
-6.961536298018E-2));
#4175=CARTESIAN_POINT('',(-8.540517752235E-1,-6.048482971802E-1,
-7.315381847205E-2));
#4176=CARTESIAN_POINT('',(-8.604827027487E-1,-6.032675429298E-1,
-7.797225412578E-2));
#4177=CARTESIAN_POINT('',(-8.671910891614E-1,-6.011819254040E-1,
-8.425550137960E-2));
#4178=CARTESIAN_POINT('',(-8.741191758578E-1,-5.985347127797E-1,
-9.221299000881E-2));
#4179=CARTESIAN_POINT('',(-8.812031402425E-1,-5.952730393481E-1,
-1.020950726352E-1));
#4180=CARTESIAN_POINT('',(-8.883587935694E-1,-5.913574521078E-1,
-1.141819468301E-1));
#4181=CARTESIAN_POINT('',(-8.954824737733E-1,-5.867727010245E-1,
-1.287664599523E-1));
#4182=CARTESIAN_POINT('',(-9.024912616820E-1,-5.815084527524E-1,
-1.462283096860E-1));
#4183=CARTESIAN_POINT('',(-9.092800062707E-1,-5.755865793905E-1,
-1.669624078001E-1));
#4184=CARTESIAN_POINT('',(-9.156238262321E-1,-5.691821969064E-1,
-1.909102797492E-1));
#4185=CARTESIAN_POINT('',(-9.211958118103E-1,-5.627155369727E-1,
-2.169062045554E-1));
#4186=CARTESIAN_POINT('',(-9.257873624330E-1,-5.566666016648E-1,
-2.428801122815E-1));
#4187=CARTESIAN_POINT('',(-9.294337869086E-1,-5.512897588731E-1,
-2.670048422575E-1));
#4188=CARTESIAN_POINT('',(-9.323149481597E-1,-5.465754580705E-1,
-2.884455310683E-1));
#4189=CARTESIAN_POINT('',(-9.346349584771E-1,-5.423686480160E-1,
-3.072193979736E-1));
#4190=CARTESIAN_POINT('',(-9.365332201042E-1,-5.385384959701E-1,
-3.234699629774E-1));
#4191=CARTESIAN_POINT('',(-9.380989513E-1,-5.349976384938E-1,
-3.373458111111E-1));
#4192=CARTESIAN_POINT('',(-9.393927049401E-1,-5.316913591538E-1,
-3.490215887468E-1));
#4193=CARTESIAN_POINT('',(-9.404651836877E-1,-5.285669450244E-1,
-3.587628229679E-1));
#4194=CARTESIAN_POINT('',(-9.413593775214E-1,-5.255647911E-1,
-3.668712892481E-1));
#4195=CARTESIAN_POINT('',(-9.421019923494E-1,-5.226469393770E-1,
-3.735563272367E-1));
#4196=CARTESIAN_POINT('',(-9.427061590480E-1,-5.198123270713E-1,
-3.789344325343E-1));
#4197=CARTESIAN_POINT('',(-9.431802357914E-1,-5.170910643319E-1,
-3.830974889735E-1));
#4198=CARTESIAN_POINT('',(-9.435365351474E-1,-5.145103340942E-1,
-3.861803850098E-1));
#4199=CARTESIAN_POINT('',(-9.437908330562E-1,-5.120838341616E-1,
-3.883477303493E-1));
#4200=CARTESIAN_POINT('',(-9.439606150641E-1,-5.097988306543E-1,
-3.897732740445E-1));
#4201=CARTESIAN_POINT('',(-9.440612617639E-1,-5.076122828687E-1,
-3.906057764918E-1));
#4202=CARTESIAN_POINT('',(-9.441023075478E-1,-5.054582432789E-1,
-3.909395650941E-1));
#4203=CARTESIAN_POINT('',(-9.440856139100E-1,-5.032664584587E-1,
-3.908033625644E-1));
#4204=CARTESIAN_POINT('',(-9.440056238158E-1,-5.009728814019E-1,
-3.901666964252E-1));
#4205=CARTESIAN_POINT('',(-9.438599801976E-1,-4.986785113100E-1,
-3.890273928447E-1));
#4206=CARTESIAN_POINT('',(-9.437207848692E-1,-4.971525338861E-1,
-3.879567574631E-1));
#4207=CARTESIAN_POINT('',(-9.436458257430E-1,-4.964323883482E-1,
-3.873851480055E-1));
#4208=(BOUNDED_SURFACE()B_SPLINE_SURFACE(3,3,((#4044,#4045,#4046,#4047,#4048,
#4049,#4050,#4051,#4052,#4053,#4054,#4055,#4056,#4057,#4058,#4059,#4060,#4061,
#4062,#4063,#4064,#4065,#4066,#4067,#4068,#4069,#4070,#4071,#4072,#4073,#4074,
#4075,#4076,#4077,#4078,#4079,#4080,#4081,#4082,#4083,#4084),(#4085,#4086,#4087,
#4088,#4089,#4090,#4091,#4092,#4093,#4094,#4095,#4096,#4097,#4098,#4099,#4100,
#4101,#4102,#4103,#4104,#4105,#4106,#4107,#4108,#4109,#4110,#4111,#4112,#4113,
#4114,#4115,#4116,#4117,#4118,#4119,#4120,#4121,#4122,#4123,#4124,#4125),(#4126,
#4127,#4128,#4129,#4130,#4131,#4132,#4133,#4134,#4135,#4136,#4137,#4138,#4139,
#4140,#4141,#4142,#4143,#4144,#4145,#4146,#4147,#4148,#4149,#4150,#4151,#4152,
#4153,#4154,#4155,#4156,#4157,#4158,#4159,#4160,#4161,#4162,#4163,#4164,#4165,
#4166),(#4167,#4168,#4169,#4170,#4171,#4172,#4173,#4174,#4175,#4176,#4177,#4178,
#4179,#4180,#4181,#4182,#4183,#4184,#4185,#4186,#4187,#4188,#4189,#4190,#4191,
#4192,#4193,#4194,#4195,#4196,#4197,#4198,#4199,#4200,#4201,#4202,#4203,#4204,
#4205,#4206,#4207)),.UNSPECIFIED.,.F.,.F.,.F.)B_SPLINE_SURFACE_WITH_KNOTS((4,4),
(4,1,1,1,1,1,1,1,1,1,1,1,1,1,1,1,1,1,1,1,1,1,1,1,1,1,1,1,1,1,1,1,1,1,1,1,1,1,4),
(0.E0,1.E0),(2.154574381142E-2,2.191459709811E-2,3.306638780482E-2,
4.465065122065E-2,5.689439149249E-2,7.004275680928E-2,8.439712436907E-2,
1.003612037600E-1,1.183151242060E-1,1.385217329875E-1,1.612880357666E-1,
1.871636724381E-1,2.166394442088E-1,2.501305884625E-1,2.882015415498E-1,
3.318593155585E-1,3.814845308979E-1,4.348272753586E-1,4.867460409807E-1,
5.333516711592E-1,5.745902876628E-1,6.110189040255E-1,6.432919210566E-1,
6.717643845535E-1,6.967775339837E-1,7.189119169432E-1,7.389270362606E-1,
7.574171614127E-1,7.744457160662E-1,7.900548142528E-1,8.043290424112E-1,
8.173828665737E-1,8.293918931937E-1,8.407281074283E-1,8.518404431527E-1,
8.631538553075E-1,8.750510069761E-1,8.878772673997E-1,8.994790026688E-1),
.UNSPECIFIED.)GEOMETRIC_REPRESENTATION_ITEM()RATIONAL_B_SPLINE_SURFACE(((
1.370144916854E0,1.370144916854E0,1.370144916854E0,1.370144916854E0,
1.370144916854E0,1.370144916854E0,1.370144916854E0,1.370144916854E0,
1.370144916854E0,1.370144916854E0,1.370144916854E0,1.370144916854E0,
1.370144916854E0,1.370144916854E0,1.370144916854E0,1.370144916854E0,
1.370144916854E0,1.370144916854E0,1.370144916854E0,1.370144916854E0,
1.370144916854E0,1.370144916854E0,1.370144916854E0,1.370144916854E0,
1.370144916854E0,1.370144916854E0,1.370144916854E0,1.370144916854E0,
1.370144916854E0,1.370144916854E0,1.370144916854E0,1.370144916854E0,
1.370144916854E0,1.370144916854E0,1.370144916854E0,1.370144916854E0,
1.370144916854E0,1.370144916854E0,1.370144916854E0,1.370144916854E0,
1.370144916854E0),(8.766183610486E-1,8.766183610486E-1,8.766183610486E-1,
8.766183610486E-1,8.766183610486E-1,8.766183610486E-1,8.766183610486E-1,
8.766183610486E-1,8.766183610486E-1,8.766183610486E-1,8.766183610486E-1,
8.766183610486E-1,8.766183610486E-1,8.766183610486E-1,8.766183610486E-1,
8.766183610486E-1,8.766183610486E-1,8.766183610486E-1,8.766183610486E-1,
8.766183610486E-1,8.766183610486E-1,8.766183610486E-1,8.766183610486E-1,
8.766183610486E-1,8.766183610486E-1,8.766183610486E-1,8.766183610486E-1,
8.766183610486E-1,8.766183610486E-1,8.766183610486E-1,8.766183610486E-1,
8.766183610486E-1,8.766183610486E-1,8.766183610486E-1,8.766183610486E-1,
8.766183610486E-1,8.766183610486E-1,8.766183610486E-1,8.766183610486E-1,
8.766183610486E-1,8.766183610486E-1),(8.766183610486E-1,8.766183610486E-1,
8.766183610486E-1,8.766183610486E-1,8.766183610486E-1,8.766183610486E-1,
8.766183610486E-1,8.766183610486E-1,8.766183610486E-1,8.766183610486E-1,
8.766183610486E-1,8.766183610486E-1,8.766183610486E-1,8.766183610486E-1,
8.766183610486E-1,8.766183610486E-1,8.766183610486E-1,8.766183610486E-1,
8.766183610486E-1,8.766183610486E-1,8.766183610486E-1,8.766183610486E-1,
8.766183610486E-1,8.766183610486E-1,8.766183610486E-1,8.766183610486E-1,
8.766183610486E-1,8.766183610486E-1,8.766183610486E-1,8.766183610486E-1,
8.766183610486E-1,8.766183610486E-1,8.766183610486E-1,8.766183610486E-1,
8.766183610486E-1,8.766183610486E-1,8.766183610486E-1,8.766183610486E-1,
8.766183610486E-1,8.766183610486E-1,8.766183610486E-1),(1.370144916854E0,
1.370144916854E0,1.370144916854E0,1.370144916854E0,1.370144916854E0,
1.370144916854E0,1.370144916854E0,1.370144916854E0,1.370144916854E0,
1.370144916854E0,1.370144916854E0,1.370144916854E0,1.370144916854E0,
1.370144916854E0,1.370144916854E0,1.370144916854E0,1.370144916854E0,
1.370144916854E0,1.370144916854E0,1.370144916854E0,1.370144916854E0,
1.370144916854E0,1.370144916854E0,1.370144916854E0,1.370144916854E0,
1.370144916854E0,1.370144916854E0,1.370144916854E0,1.370144916854E0,
1.370144916854E0,1.370144916854E0,1.370144916854E0,1.370144916854E0,
1.370144916854E0,1.370144916854E0,1.370144916854E0,1.370144916854E0,
1.370144916854E0,1.370144916854E0,1.370144916854E0,1.370144916854E0)))REPRESENTATION_ITEM('')SURFACE());
#4209=ORIENTED_EDGE('',*,*,#1899,.T.);
#4211=ORIENTED_EDGE('',*,*,#4210,.F.);
#4213=ORIENTED_EDGE('',*,*,#4212,.F.);
#4214=ORIENTED_EDGE('',*,*,#4035,.F.);
#4215=EDGE_LOOP('',(#4209,#4211,#4213,#4214));
#4216=FACE_OUTER_BOUND('',#4215,.F.);
#4218=CARTESIAN_POINT('',(-1.23E0,-4.545072E0,-3.E-1));
#4219=DIRECTION('',(0.E0,1.E0,0.E0));
#4220=DIRECTION('',(0.E0,0.E0,1.E0));
#4221=AXIS2_PLACEMENT_3D('',#4218,#4219,#4220);
#4222=CYLINDRICAL_SURFACE('',#4221,3.E-1);
#4223=ORIENTED_EDGE('',*,*,#1897,.T.);
#4225=ORIENTED_EDGE('',*,*,#4224,.T.);
#4227=ORIENTED_EDGE('',*,*,#4226,.F.);
#4228=ORIENTED_EDGE('',*,*,#4210,.T.);
#4229=EDGE_LOOP('',(#4223,#4225,#4227,#4228));
#4230=FACE_OUTER_BOUND('',#4229,.F.);
#4232=CARTESIAN_POINT('',(-1.260625711609E0,4.922261166500E-1,
-1.587885561441E-3));
#4233=CARTESIAN_POINT('',(-1.260706729051E0,4.943599055506E-1,
-1.589306637323E-3));
#4234=CARTESIAN_POINT('',(-1.261048695166E0,5.064207776617E-1,
-1.595563109050E-3));
#4235=CARTESIAN_POINT('',(-1.260480268141E0,5.286781236045E-1,
-1.584957982885E-3));
#4236=CARTESIAN_POINT('',(-1.257126596502E0,5.589838094043E-1,
-1.531423650913E-3));
#4237=CARTESIAN_POINT('',(-1.251230416175E0,5.895894849295E-1,
-1.450213202441E-3));
#4238=CARTESIAN_POINT('',(-1.242863122556E0,6.203520301085E-1,
-1.353869388397E-3));
#4239=CARTESIAN_POINT('',(-1.232080099106E0,6.511636092285E-1,
-1.252652315665E-3));
#4240=CARTESIAN_POINT('',(-1.218924022631E0,6.818872122176E-1,
-1.153953002521E-3));
#4241=CARTESIAN_POINT('',(-1.203447381036E0,7.123300817809E-1,
-1.062480959422E-3));
#4242=CARTESIAN_POINT('',(-1.185724749389E0,7.422624559329E-1,
-9.808318281412E-4));
#4243=CARTESIAN_POINT('',(-1.165840731048E0,7.714627858512E-1,
-9.100747336611E-4));
#4244=CARTESIAN_POINT('',(-1.143883338345E0,7.997304405178E-1,
-8.503703278046E-4));
#4245=CARTESIAN_POINT('',(-1.119940055304E0,8.268881317747E-1,
-8.014258466352E-4));
#4246=CARTESIAN_POINT('',(-1.094103249148E0,8.527731988019E-1,
-7.627951454195E-4));
#4247=CARTESIAN_POINT('',(-1.066465779167E0,8.772411034765E-1,
-7.340294669267E-4));
#4248=CARTESIAN_POINT('',(-1.037122342635E0,9.001614415944E-1,
-7.147714445253E-4));
#4249=CARTESIAN_POINT('',(-1.006151636547E0,9.214285416047E-1,
-7.047965868288E-4));
#4250=CARTESIAN_POINT('',(-9.736031791679E-1,9.409605993884E-1,
-7.040660391687E-4));
#4251=CARTESIAN_POINT('',(-9.395353453414E-1,9.586671871188E-1,
-7.127751698423E-4));
#4252=CARTESIAN_POINT('',(-9.040778682376E-1,9.744298418068E-1,
-7.312981269582E-4));
#4253=CARTESIAN_POINT('',(-8.674915312049E-1,9.881110518185E-1,
-7.600121104954E-4));
#4254=CARTESIAN_POINT('',(-8.301844109304E-1,9.995914245601E-1,
-7.990061245717E-4));
#4255=CARTESIAN_POINT('',(-7.927751691345E-1,1.008795344386E0,
-8.475272735503E-4));
#4256=CARTESIAN_POINT('',(-7.558995433857E-1,1.015778490344E0,
-9.033920289274E-4));
#4257=CARTESIAN_POINT('',(-7.200808420503E-1,1.020720142061E0,
-9.623233696711E-4));
#4258=CARTESIAN_POINT('',(-6.855849369281E-1,1.023870975880E0,
-1.017203763204E-3));
#4259=CARTESIAN_POINT('',(-6.525537231624E-1,1.025473892064E0,
-1.057008303015E-3));
#4260=CARTESIAN_POINT('',(-6.294367619517E-1,1.025660775362E0,
-1.064403070743E-3));
#4261=CARTESIAN_POINT('',(-6.173332767257E-1,1.025477457704E0,
-1.058056964733E-3));
#4262=CARTESIAN_POINT('',(-6.157029992377E-1,1.025447636446E0,
-1.056998005286E-3));
#4263=CARTESIAN_POINT('',(-1.059921592308E0,4.986287758520E-1,
1.915738167949E-2));
#4264=CARTESIAN_POINT('',(-1.059950461169E0,4.996892716075E-1,
1.916664301328E-2));
#4265=CARTESIAN_POINT('',(-1.060072481520E0,5.056935567946E-1,
1.920517019741E-2));
#4266=CARTESIAN_POINT('',(-1.059871707658E0,5.168996798015E-1,
1.913948546920E-2));
#4267=CARTESIAN_POINT('',(-1.058630653062E0,5.327018680352E-1,
1.879552370462E-2));
#4268=CARTESIAN_POINT('',(-1.056350537480E0,5.493746348124E-1,
1.825767134569E-2));
#4269=CARTESIAN_POINT('',(-1.052951692849E0,5.669584879184E-1,
1.759228563828E-2));
#4270=CARTESIAN_POINT('',(-1.048338502323E0,5.854418994047E-1,
1.685815871726E-2));
#4271=CARTESIAN_POINT('',(-1.042408662835E0,6.047494271293E-1,
1.610241954586E-2));
#4272=CARTESIAN_POINT('',(-1.035069718541E0,6.247348546525E-1,
1.536045823790E-2));
#4273=CARTESIAN_POINT('',(-1.026249938634E0,6.452028553467E-1,
1.465713725590E-2));
#4274=CARTESIAN_POINT('',(-1.015894990275E0,6.659473276112E-1,
1.400832358307E-2));
#4275=CARTESIAN_POINT('',(-1.003963999031E0,6.867679882059E-1,
1.342343815591E-2));
#4276=CARTESIAN_POINT('',(-9.904257065056E-1,7.074765141451E-1,
1.290771569602E-2));
#4277=CARTESIAN_POINT('',(-9.752599169479E-1,7.278915986643E-1,
1.246397082480E-2));
#4278=CARTESIAN_POINT('',(-9.584539527227E-1,7.478415937487E-1,
1.209351163586E-2));
#4279=CARTESIAN_POINT('',(-9.400024976466E-1,7.671610522473E-1,
1.179681634703E-2));
#4280=CARTESIAN_POINT('',(-9.198953468479E-1,7.856993214422E-1,
1.157378575189E-2));
#4281=CARTESIAN_POINT('',(-8.981061369408E-1,8.033208412763E-1,
1.142416458660E-2));
#4282=CARTESIAN_POINT('',(-8.746142795357E-1,8.198762465237E-1,
1.134816556021E-2));
#4283=CARTESIAN_POINT('',(-8.494493616749E-1,8.351785188780E-1,
1.134631976014E-2));
#4284=CARTESIAN_POINT('',(-8.227406490845E-1,8.490014828475E-1,
1.141848380844E-2));
#4285=CARTESIAN_POINT('',(-7.947389894935E-1,8.611072572299E-1,
1.156220002882E-2));
#4286=CARTESIAN_POINT('',(-7.658762811043E-1,8.712661519194E-1,
1.177001690797E-2));
#4287=CARTESIAN_POINT('',(-7.366319479639E-1,8.793529048384E-1,
1.202665617968E-2));
#4288=CARTESIAN_POINT('',(-7.074287534414E-1,8.853630544406E-1,
1.230672208347E-2));
#4289=CARTESIAN_POINT('',(-6.785027487714E-1,8.893835662680E-1,
1.257208598410E-2));
#4290=CARTESIAN_POINT('',(-6.500162395277E-1,8.915221754653E-1,
1.276711147889E-2));
#4291=CARTESIAN_POINT('',(-6.295371980081E-1,8.917869292787E-1,
1.280460947712E-2));
#4292=CARTESIAN_POINT('',(-6.186791613236E-1,8.915325127790E-1,
1.277257445491E-2));
#4293=CARTESIAN_POINT('',(-6.172142835435E-1,8.914910385294E-1,
1.276726647133E-2));
#4294=CARTESIAN_POINT('',(-9.153587720231E-1,5.015158178460E-1,
-1.217211582187E-1));
#4295=CARTESIAN_POINT('',(-9.153614804998E-1,5.020943246210E-1,
-1.217220243922E-1));
#4296=CARTESIAN_POINT('',(-9.153732011495E-1,5.053732736186E-1,
-1.217260907490E-1));
#4297=CARTESIAN_POINT('',(-9.153564381301E-1,5.115433518054E-1,
-1.217209623365E-1));
#4298=CARTESIAN_POINT('',(-9.151825069555E-1,5.205117168181E-1,
-1.216487429142E-1));
#4299=CARTESIAN_POINT('',(-9.147478960705E-1,5.303375510606E-1,
-1.214557701445E-1));
#4300=CARTESIAN_POINT('',(-9.139191081142E-1,5.411189627325E-1,
-1.210877285770E-1));
#4301=CARTESIAN_POINT('',(-9.125501898703E-1,5.528883996941E-1,
-1.205009952948E-1));
#4302=CARTESIAN_POINT('',(-9.104928239446E-1,5.656166160137E-1,
-1.196673621562E-1));
#4303=CARTESIAN_POINT('',(-9.076073180686E-1,5.792120891177E-1,
-1.185756761094E-1));
#4304=CARTESIAN_POINT('',(-9.037707593929E-1,5.935383044842E-1,
-1.172300299286E-1));
#4305=CARTESIAN_POINT('',(-8.988774419417E-1,6.084423255349E-1,
-1.156448898116E-1));
#4306=CARTESIAN_POINT('',(-8.928365027369E-1,6.237688295905E-1,
-1.138405961717E-1));
#4307=CARTESIAN_POINT('',(-8.855687342428E-1,6.393658805135E-1,
-1.118402287372E-1));
#4308=CARTESIAN_POINT('',(-8.770063401701E-1,6.550816616725E-1,
-1.096684482590E-1));
#4309=CARTESIAN_POINT('',(-8.670904754707E-1,6.707663969872E-1,
-1.073504340392E-1));
#4310=CARTESIAN_POINT('',(-8.557707630264E-1,6.862695935717E-1,
-1.049118696781E-1));
#4311=CARTESIAN_POINT('',(-8.429974351401E-1,7.014468726191E-1,
-1.023777425665E-1));
#4312=CARTESIAN_POINT('',(-8.287128501139E-1,7.161607765031E-1,
-9.977195211483E-2));
#4313=CARTESIAN_POINT('',(-8.128642909995E-1,7.302568387903E-1,
-9.712149287937E-2));
#4314=CARTESIAN_POINT('',(-7.954358423141E-1,7.435406472243E-1,
-9.446237465824E-2));
#4315=CARTESIAN_POINT('',(-7.764887203403E-1,7.557720472250E-1,
-9.184439090847E-2));
#4316=CARTESIAN_POINT('',(-7.561848129895E-1,7.666856978296E-1,
-8.933191214569E-2));
#4317=CARTESIAN_POINT('',(-7.348385275500E-1,7.760076825074E-1,
-8.700674873283E-2));
#4318=CARTESIAN_POINT('',(-7.128266655337E-1,7.835469985016E-1,
-8.495320362513E-2));
#4319=CARTESIAN_POINT('',(-6.905064455174E-1,7.892236920086E-1,
-8.325133703021E-2));
#4320=CARTESIAN_POINT('',(-6.681061280070E-1,7.930556276687E-1,
-8.197702903089E-2));
#4321=CARTESIAN_POINT('',(-6.458061047909E-1,7.951020233288E-1,
-8.121547269850E-2));
#4322=CARTESIAN_POINT('',(-6.296414128952E-1,7.953544908460E-1,
-8.110219590921E-2));
#4323=CARTESIAN_POINT('',(-6.210462889483E-1,7.951117325564E-1,
-8.120530164251E-2));
#4324=CARTESIAN_POINT('',(-6.198863195537E-1,7.950721716719E-1,
-8.122223607364E-2));
#4325=CARTESIAN_POINT('',(-9.308235975665E-1,4.988125442740E-1,
-3.229847716364E-1));
#4326=CARTESIAN_POINT('',(-9.308449333416E-1,4.998467351978E-1,
-3.230092973619E-1));
#4327=CARTESIAN_POINT('',(-9.309352643916E-1,5.056900913874E-1,
-3.231127257054E-1));
#4328=CARTESIAN_POINT('',(-9.307866352414E-1,5.164583267499E-1,
-3.229405691965E-1));
#4329=CARTESIAN_POINT('',(-9.298674731103E-1,5.311734939028E-1,
-3.219375691929E-1));
#4330=CARTESIAN_POINT('',(-9.281815824637E-1,5.461587435107E-1,
-3.201890720110E-1));
#4331=CARTESIAN_POINT('',(-9.256775538445E-1,5.614023636909E-1,
-3.177350922618E-1));
#4332=CARTESIAN_POINT('',(-9.222959345414E-1,5.768968440748E-1,
-3.146204967387E-1));
#4333=CARTESIAN_POINT('',(-9.179744253834E-1,5.926105655047E-1,
-3.108958419634E-1));
#4334=CARTESIAN_POINT('',(-9.126577502431E-1,6.084755479464E-1,
-3.066211312922E-1));
#4335=CARTESIAN_POINT('',(-9.063037187219E-1,6.243962019267E-1,
-3.018650181419E-1));
#4336=CARTESIAN_POINT('',(-8.988797327458E-1,6.402722680164E-1,
-2.966977730217E-1));
#4337=CARTESIAN_POINT('',(-8.903597619929E-1,6.560056871312E-1,
-2.911874534051E-1));
#4338=CARTESIAN_POINT('',(-8.807219004814E-1,6.715021831864E-1,
-2.853983624280E-1));
#4339=CARTESIAN_POINT('',(-8.699499207206E-1,6.866663734374E-1,
-2.793927355940E-1));
#4340=CARTESIAN_POINT('',(-8.580313567850E-1,7.014036178619E-1,
-2.732305518485E-1));
#4341=CARTESIAN_POINT('',(-8.449581050212E-1,7.156176285540E-1,
-2.669711387626E-1));
#4342=CARTESIAN_POINT('',(-8.307186047570E-1,7.292170471110E-1,
-2.606710511454E-1));
#4343=CARTESIAN_POINT('',(-8.152910166710E-1,7.421157403457E-1,
-2.543841913250E-1));
#4344=CARTESIAN_POINT('',(-7.986604182940E-1,7.542116426605E-1,
-2.481728246655E-1));
#4345=CARTESIAN_POINT('',(-7.808527344375E-1,7.653694226875E-1,
-2.421206888056E-1));
#4346=CARTESIAN_POINT('',(-7.619735020993E-1,7.754196772397E-1,
-2.363414314320E-1));
#4347=CARTESIAN_POINT('',(-7.422278471943E-1,7.841803676912E-1,
-2.309763879999E-1));
#4348=CARTESIAN_POINT('',(-7.219663905205E-1,7.914749813031E-1,
-2.261944460906E-1));
#4349=CARTESIAN_POINT('',(-7.015907490816E-1,7.972092179306E-1,
-2.221508934282E-1));
#4350=CARTESIAN_POINT('',(-6.814746989436E-1,8.013901309951E-1,
-2.189661631361E-1));
#4351=CARTESIAN_POINT('',(-6.618663383269E-1,8.041107517170E-1,
-2.167192629194E-1));
#4352=CARTESIAN_POINT('',(-6.429488238262E-1,8.055032941723E-1,
-2.154665977388E-1));
#4353=CARTESIAN_POINT('',(-6.296745152690E-1,8.056621478122E-1,
-2.153011126095E-1));
#4354=CARTESIAN_POINT('',(-6.227335843102E-1,8.055054269120E-1,
-2.154569055010E-1));
#4355=CARTESIAN_POINT('',(-6.217989174221E-1,8.054799707584E-1,
-2.154823708372E-1));
#4356=(BOUNDED_SURFACE()B_SPLINE_SURFACE(3,3,((#4232,#4233,#4234,#4235,#4236,
#4237,#4238,#4239,#4240,#4241,#4242,#4243,#4244,#4245,#4246,#4247,#4248,#4249,
#4250,#4251,#4252,#4253,#4254,#4255,#4256,#4257,#4258,#4259,#4260,#4261,#4262),(
#4263,#4264,#4265,#4266,#4267,#4268,#4269,#4270,#4271,#4272,#4273,#4274,#4275,
#4276,#4277,#4278,#4279,#4280,#4281,#4282,#4283,#4284,#4285,#4286,#4287,#4288,
#4289,#4290,#4291,#4292,#4293),(#4294,#4295,#4296,#4297,#4298,#4299,#4300,#4301,
#4302,#4303,#4304,#4305,#4306,#4307,#4308,#4309,#4310,#4311,#4312,#4313,#4314,
#4315,#4316,#4317,#4318,#4319,#4320,#4321,#4322,#4323,#4324),(#4325,#4326,#4327,
#4328,#4329,#4330,#4331,#4332,#4333,#4334,#4335,#4336,#4337,#4338,#4339,#4340,
#4341,#4342,#4343,#4344,#4345,#4346,#4347,#4348,#4349,#4350,#4351,#4352,#4353,
#4354,#4355)),.UNSPECIFIED.,.F.,.F.,.F.)B_SPLINE_SURFACE_WITH_KNOTS((4,4),(4,1,
1,1,1,1,1,1,1,1,1,1,1,1,1,1,1,1,1,1,1,1,1,1,1,1,1,1,4),(0.E0,1.E0),(
2.192772135859E-2,2.812725536690E-2,5.695970366204E-2,8.656171691309E-2,
1.169733803497E-1,1.482702527990E-1,1.805532307899E-1,2.138632982770E-1,
2.481267020531E-1,2.832274308960E-1,3.190476039702E-1,3.555059468895E-1,
3.925310794213E-1,4.300674557494E-1,4.680661287191E-1,5.065041534196E-1,
5.453609433174E-1,5.846842968530E-1,6.245790411624E-1,6.650003545753E-1,
7.057734317162E-1,7.466157972542E-1,7.870704960704E-1,8.263542538148E-1,
8.641881759840E-1,9.004640333582E-1,9.351526583820E-1,9.682852733451E-1,
9.734445471615E-1),.UNSPECIFIED.)GEOMETRIC_REPRESENTATION_ITEM()RATIONAL_B_SPLINE_SURFACE(((1.219000898450E0,1.219000898450E0,1.219000898450E0,1.219000898450E0,
1.219000898450E0,1.219000898450E0,1.219000898450E0,1.219000898450E0,
1.219000898450E0,1.219000898450E0,1.219000898450E0,1.219000898450E0,
1.219000898450E0,1.219000898450E0,1.219000898450E0,1.219000898450E0,
1.219000898450E0,1.219000898450E0,1.219000898450E0,1.219000898450E0,
1.219000898450E0,1.219000898450E0,1.219000898450E0,1.219000898450E0,
1.219000898450E0,1.219000898450E0,1.219000898450E0,1.219000898450E0,
1.219000898450E0,1.219000898450E0,1.219000898450E0),(9.269997005165E-1,
9.269997005165E-1,9.269997005165E-1,9.269997005165E-1,9.269997005165E-1,
9.269997005165E-1,9.269997005165E-1,9.269997005165E-1,9.269997005165E-1,
9.269997005165E-1,9.269997005165E-1,9.269997005165E-1,9.269997005165E-1,
9.269997005165E-1,9.269997005165E-1,9.269997005165E-1,9.269997005165E-1,
9.269997005165E-1,9.269997005165E-1,9.269997005165E-1,9.269997005165E-1,
9.269997005165E-1,9.269997005165E-1,9.269997005165E-1,9.269997005165E-1,
9.269997005165E-1,9.269997005165E-1,9.269997005165E-1,9.269997005165E-1,
9.269997005165E-1,9.269997005165E-1),(9.269997005165E-1,9.269997005165E-1,
9.269997005165E-1,9.269997005165E-1,9.269997005165E-1,9.269997005165E-1,
9.269997005165E-1,9.269997005165E-1,9.269997005165E-1,9.269997005165E-1,
9.269997005165E-1,9.269997005165E-1,9.269997005165E-1,9.269997005165E-1,
9.269997005165E-1,9.269997005165E-1,9.269997005165E-1,9.269997005165E-1,
9.269997005165E-1,9.269997005165E-1,9.269997005165E-1,9.269997005165E-1,
9.269997005165E-1,9.269997005165E-1,9.269997005165E-1,9.269997005165E-1,
9.269997005165E-1,9.269997005165E-1,9.269997005165E-1,9.269997005165E-1,
9.269997005165E-1),(1.219000898450E0,1.219000898450E0,1.219000898450E0,
1.219000898450E0,1.219000898450E0,1.219000898450E0,1.219000898450E0,
1.219000898450E0,1.219000898450E0,1.219000898450E0,1.219000898450E0,
1.219000898450E0,1.219000898450E0,1.219000898450E0,1.219000898450E0,
1.219000898450E0,1.219000898450E0,1.219000898450E0,1.219000898450E0,
1.219000898450E0,1.219000898450E0,1.219000898450E0,1.219000898450E0,
1.219000898450E0,1.219000898450E0,1.219000898450E0,1.219000898450E0,
1.219000898450E0,1.219000898450E0,1.219000898450E0,1.219000898450E0)))REPRESENTATION_ITEM('')SURFACE());
#4357=ORIENTED_EDGE('',*,*,#1895,.T.);
#4359=ORIENTED_EDGE('',*,*,#4358,.F.);
#4361=ORIENTED_EDGE('',*,*,#4360,.F.);
#4362=ORIENTED_EDGE('',*,*,#4224,.F.);
#4363=EDGE_LOOP('',(#4357,#4359,#4361,#4362));
#4364=FACE_OUTER_BOUND('',#4363,.F.);
#4366=CARTESIAN_POINT('',(-1.3743432E1,1.005E0,-2.E-1));
#4367=DIRECTION('',(1.E0,0.E0,0.E0));
#4368=DIRECTION('',(0.E0,0.E0,1.E0));
#4369=AXIS2_PLACEMENT_3D('',#4366,#4367,#4368);
#4370=CYLINDRICAL_SURFACE('',#4369,2.E-1);
#4371=ORIENTED_EDGE('',*,*,#1893,.T.);
#4373=ORIENTED_EDGE('',*,*,#4372,.T.);
#4375=ORIENTED_EDGE('',*,*,#4374,.F.);
#4376=ORIENTED_EDGE('',*,*,#4358,.T.);
#4377=EDGE_LOOP('',(#4371,#4373,#4375,#4376));
#4378=FACE_OUTER_BOUND('',#4377,.F.);
#4380=CARTESIAN_POINT('',(6.157302031489E-1,1.025448291484E0,
-1.056982090221E-3));
#4381=CARTESIAN_POINT('',(6.214855182839E-1,1.025553435020E0,
-1.060645078975E-3));
#4382=CARTESIAN_POINT('',(6.379856304832E-1,1.025671053030E0,
-1.064382873971E-3));
#4383=CARTESIAN_POINT('',(6.657761755755E-1,1.024998302936E0,
-1.043563294108E-3));
#4384=CARTESIAN_POINT('',(6.995679748277E-1,1.022780483845E0,
-9.958022268633E-4));
#4385=CARTESIAN_POINT('',(7.347684299561E-1,1.018907355901E0,
-9.379121575828E-4));
#4386=CARTESIAN_POINT('',(7.712143480601E-1,1.013122504457E0,
-8.793506984821E-4));
#4387=CARTESIAN_POINT('',(8.085752512934E-1,1.005182273623E0,
-8.259151721312E-4));
#4388=CARTESIAN_POINT('',(8.462541929644E-1,9.949447724221E-1,
-7.810012854138E-4));
#4389=CARTESIAN_POINT('',(8.835529609718E-1,9.824179687389E-1,
-7.462070191361E-4));
#4390=CARTESIAN_POINT('',(9.198760069378E-1,9.677289749786E-1,
-7.218767607111E-4));
#4391=CARTESIAN_POINT('',(9.548806869993E-1,9.510214694123E-1,
-7.076994656438E-4));
#4392=CARTESIAN_POINT('',(9.884006448200E-1,9.324192570468E-1,
-7.032308461824E-4));
#4393=CARTESIAN_POINT('',(1.020358713441E0,9.120222586375E-1,
-7.081534312464E-4));
#4394=CARTESIAN_POINT('',(1.050712651740E0,8.899099077697E-1,
-7.223796726929E-4));
#4395=CARTESIAN_POINT('',(1.079400802658E0,8.661711363302E-1,
-7.460487695870E-4));
#4396=CARTESIAN_POINT('',(1.106331783610E0,8.409242717910E-1,
-7.794632283174E-4));
#4397=CARTESIAN_POINT('',(1.131401237701E0,8.143156748696E-1,
-8.230271941893E-4));
#4398=CARTESIAN_POINT('',(1.154511415080E0,7.865059762747E-1,
-8.771945627814E-4));
#4399=CARTESIAN_POINT('',(1.175572512196E0,7.576681598073E-1,
-9.423589978032E-4));
#4400=CARTESIAN_POINT('',(1.194503954041E0,7.279830367619E-1,
-1.018662416203E-3));
#4401=CARTESIAN_POINT('',(1.211221475126E0,6.976560693850E-1,
-1.105597670280E-3));
#4402=CARTESIAN_POINT('',(1.225640156940E0,6.669187428569E-1,
-1.201434729356E-3));
#4403=CARTESIAN_POINT('',(1.237688645303E0,6.360028563981E-1,
-1.302529848299E-3));
#4404=CARTESIAN_POINT('',(1.247321522805E0,6.050797243934E-1,
-1.402872042833E-3));
#4405=CARTESIAN_POINT('',(1.254496131048E0,5.742552613555E-1,
-1.493430145656E-3));
#4406=CARTESIAN_POINT('',(1.259145683489E0,5.436362830578E-1,
-1.563005630801E-3));
#4407=CARTESIAN_POINT('',(1.261005740191E0,5.162398803377E-1,
-1.593767228995E-3));
#4408=CARTESIAN_POINT('',(1.260888184628E0,4.991164059876E-1,
-1.593686935861E-3));
#4409=CARTESIAN_POINT('',(1.260620876165E0,4.921172244275E-1,
-1.588401972794E-3));
#4410=CARTESIAN_POINT('',(6.172400673767E-1,8.914918402941E-1,
1.276746090365E-2));
#4411=CARTESIAN_POINT('',(6.224118410745E-1,8.916379492468E-1,
1.278621506494E-2));
#4412=CARTESIAN_POINT('',(6.371525277909E-1,8.917991754734E-1,
1.280376357707E-2));
#4413=CARTESIAN_POINT('',(6.615164377029E-1,8.908772525370E-1,
1.270099913292E-2));
#4414=CARTESIAN_POINT('',(6.903277184799E-1,8.879700454070E-1,
1.246814218337E-2));
#4415=CARTESIAN_POINT('',(7.195033672560E-1,8.831231262411E-1,
1.218993876403E-2));
#4416=CARTESIAN_POINT('',(7.488765152582E-1,8.762293829431E-1,
1.191472169473E-2));
#4417=CARTESIAN_POINT('',(7.781651322583E-1,8.672196137172E-1,
1.167491559569E-2));
#4418=CARTESIAN_POINT('',(8.068973709492E-1,8.561409343673E-1,
1.149187924268E-2));
#4419=CARTESIAN_POINT('',(8.345592784801E-1,8.431783103492E-1,
1.137785688913E-2));
#4420=CARTESIAN_POINT('',(8.607511543471E-1,8.285997278390E-1,
1.133785566103E-2));
#4421=CARTESIAN_POINT('',(8.852814642794E-1,8.126522912130E-1,
1.137276379481E-2));
#4422=CARTESIAN_POINT('',(9.080941538001E-1,7.955381776500E-1,
1.148211527996E-2));
#4423=CARTESIAN_POINT('',(9.291977650616E-1,7.774214932725E-1,
1.166545455667E-2));
#4424=CARTESIAN_POINT('',(9.486239538818E-1,7.584394818830E-1,
1.192286804092E-2));
#4425=CARTESIAN_POINT('',(9.663922575638E-1,7.387326190410E-1,
1.225468252324E-2));
#4426=CARTESIAN_POINT('',(9.825072798372E-1,7.184608275834E-1,
1.266082971151E-2));
#4427=CARTESIAN_POINT('',(9.969720413966E-1,6.978008258870E-1,
1.314038222341E-2));
#4428=CARTESIAN_POINT('',(1.009800817343E0,6.769350136354E-1,
1.369127033137E-2));
#4429=CARTESIAN_POINT('',(1.021020353108E0,6.560506505605E-1,
1.430957791498E-2));
#4430=CARTESIAN_POINT('',(1.030671197125E0,6.353368772754E-1,
1.498843571882E-2));
#4431=CARTESIAN_POINT('',(1.038802284437E0,6.149949693002E-1,
1.571573449253E-2));
#4432=CARTESIAN_POINT('',(1.045474652430E0,5.952325994442E-1,
1.647135613880E-2));
#4433=CARTESIAN_POINT('',(1.050768509788E0,5.762358160406E-1,
1.722480802556E-2));
#4434=CARTESIAN_POINT('',(1.054784585083E0,5.581208191447E-1,
1.793442957430E-2));
#4435=CARTESIAN_POINT('',(1.057626960012E0,5.409219904069E-1,
1.854697139092E-2));
#4436=CARTESIAN_POINT('',(1.059384139174E0,5.246195351278E-1,
1.899765142796E-2));
#4437=CARTESIAN_POINT('',(1.060058703803E0,5.106045907325E-1,
1.920006839958E-2));
#4438=CARTESIAN_POINT('',(1.060014812478E0,5.020535911461E-1,
1.918601172956E-2));
#4439=CARTESIAN_POINT('',(1.059919769659E0,4.985764645547E-1,
1.915608373777E-2));
#4440=CARTESIAN_POINT('',(6.199069046193E-1,7.950728541924E-1,
-8.122187820983E-2));
#4441=CARTESIAN_POINT('',(6.240022295418E-1,7.952121730821E-1,
-8.116223983121E-2));
#4442=CARTESIAN_POINT('',(6.356607744635E-1,7.953665761407E-1,
-8.110043145603E-2));
#4443=CARTESIAN_POINT('',(6.548348432434E-1,7.944847690101E-1,
-8.145586025814E-2));
#4444=CARTESIAN_POINT('',(6.772960758714E-1,7.917055138516E-1,
-8.244243124515E-2));
#4445=CARTESIAN_POINT('',(6.997739039168E-1,7.871005248073E-1,
-8.390845236842E-2));
#4446=CARTESIAN_POINT('',(7.220874276384E-1,7.806216519319E-1,
-8.577310041710E-2));
#4447=CARTESIAN_POINT('',(7.439765430072E-1,7.722751815227E-1,
-8.796189411853E-2));
#4448=CARTESIAN_POINT('',(7.650537688056E-1,7.621836727471E-1,
-9.039230418565E-2));
#4449=CARTESIAN_POINT('',(7.849272643532E-1,7.505904886421E-1,
-9.297624641369E-2));
#4450=CARTESIAN_POINT('',(8.033177522295E-1,7.377978010677E-1,
-9.563336565641E-2));
#4451=CARTESIAN_POINT('',(8.201150456739E-1,7.240719188472E-1,
-9.830459380399E-2));
#4452=CARTESIAN_POINT('',(8.353143987919E-1,7.096263308955E-1,
-1.009484201226E-1));
#4453=CARTESIAN_POINT('',(8.489598471462E-1,6.946321899095E-1,
-1.035342730575E-1));
#4454=CARTESIAN_POINT('',(8.611122160171E-1,6.792315718020E-1,
-1.060374511849E-1));
#4455=CARTESIAN_POINT('',(8.718258486822E-1,6.635640552005E-1,
-1.084335846816E-1));
#4456=CARTESIAN_POINT('',(8.811488171587E-1,6.477794009330E-1,
-1.106967778454E-1));
#4457=CARTESIAN_POINT('',(8.891326144144E-1,6.320346177446E-1,
-1.128004882664E-1));
#4458=CARTESIAN_POINT('',(8.958400467592E-1,6.164852028890E-1,
-1.147190932151E-1));
#4459=CARTESIAN_POINT('',(9.013459519926E-1,6.012848560224E-1,
-1.164283979286E-1));
#4460=CARTESIAN_POINT('',(9.057381499633E-1,5.865836422261E-1,
-1.179067932810E-1));
#4461=CARTESIAN_POINT('',(9.091158030401E-1,5.725350376868E-1,
-1.191363160076E-1));
#4462=CARTESIAN_POINT('',(9.115928987571E-1,5.592896371061E-1,
-1.201064191533E-1));
#4463=CARTESIAN_POINT('',(9.133015469043E-1,5.469722646831E-1,
-1.208195299487E-1));
#4464=CARTESIAN_POINT('',(9.143890436118E-1,5.356470355382E-1,
-1.212954872589E-1));
#4465=CARTESIAN_POINT('',(9.150062788089E-1,5.253067885178E-1,
-1.215711052709E-1));
#4466=CARTESIAN_POINT('',(9.152956082845E-1,5.158851719463E-1,
-1.216970192793E-1));
#4467=CARTESIAN_POINT('',(9.153736406530E-1,5.080625197768E-1,
-1.217259949122E-1));
#4468=CARTESIAN_POINT('',(9.153674197763E-1,5.033843297305E-1,
-1.217248909990E-1));
#4469=CARTESIAN_POINT('',(9.153586093446E-1,5.014882330164E-1,
-1.217216428262E-1));
#4470=CARTESIAN_POINT('',(6.218142612733E-1,8.054803435517E-1,
-2.154819920204E-1));
#4471=CARTESIAN_POINT('',(6.251137921511E-1,8.055699964018E-1,
-2.153923827424E-1));
#4472=CARTESIAN_POINT('',(6.345823804439E-1,8.056720482004E-1,
-2.152951471540E-1));
#4473=CARTESIAN_POINT('',(6.505329472282E-1,8.050908173382E-1,
-2.158507499427E-1));
#4474=CARTESIAN_POINT('',(6.698378998842E-1,8.031649047875E-1,
-2.175224938905E-1));
#4475=CARTESIAN_POINT('',(6.897581084416E-1,7.998437103841E-1,
-2.201744624643E-1));
#4476=CARTESIAN_POINT('',(7.100983700877E-1,7.950053343098E-1,
-2.237419904825E-1));
#4477=CARTESIAN_POINT('',(7.305782288778E-1,7.885783373878E-1,
-2.281349282357E-1));
#4478=CARTESIAN_POINT('',(7.507932088807E-1,7.805929433108E-1,
-2.332171185026E-1));
#4479=CARTESIAN_POINT('',(7.703236817538E-1,7.711903467957E-1,
-2.388171398294E-1));
#4480=CARTESIAN_POINT('',(7.888488294349E-1,7.605756506414E-1,
-2.447634394484E-1));
#4481=CARTESIAN_POINT('',(8.062115923084E-1,7.489363456812E-1,
-2.509229761562E-1));
#4482=CARTESIAN_POINT('',(8.223626681989E-1,7.364220432436E-1,
-2.571995409336E-1));
#4483=CARTESIAN_POINT('',(8.373058639575E-1,7.231487399686E-1,
-2.635220317990E-1));
#4484=CARTESIAN_POINT('',(8.510654849695E-1,7.092068933017E-1,
-2.698342051196E-1));
#4485=CARTESIAN_POINT('',(8.636592796856E-1,6.946833888901E-1,
-2.760813488999E-1));
#4486=CARTESIAN_POINT('',(8.750950330243E-1,6.796733708448E-1,
-2.822045320164E-1));
#4487=CARTESIAN_POINT('',(8.853789715626E-1,6.642782348044E-1,
-2.881414896933E-1));
#4488=CARTESIAN_POINT('',(8.945240633814E-1,6.485972369237E-1,
-2.938294989230E-1));
#4489=CARTESIAN_POINT('',(9.025502216947E-1,6.327267978568E-1,
-2.992048218784E-1));
#4490=CARTESIAN_POINT('',(9.094847153601E-1,6.167585829230E-1,
-3.042026305846E-1));
#4491=CARTESIAN_POINT('',(9.153578662983E-1,6.007890061234E-1,
-3.087538111839E-1));
#4492=CARTESIAN_POINT('',(9.202055551910E-1,5.849193360204E-1,
-3.127866751351E-1));
#4493=CARTESIAN_POINT('',(9.240748337859E-1,5.692416965728E-1,
-3.162335509633E-1));
#4494=CARTESIAN_POINT('',(9.270265227747E-1,5.538085768521E-1,
-3.190386441542E-1));
#4495=CARTESIAN_POINT('',(9.291247509363E-1,5.386311166205E-1,
-3.211554286553E-1));
#4496=CARTESIAN_POINT('',(9.304255865255E-1,5.237099176891E-1,
-3.225404318802E-1));
#4497=CARTESIAN_POINT('',(9.309247289263E-1,5.104404610092E-1,
-3.230990869819E-1));
#4498=CARTESIAN_POINT('',(9.308931138144E-1,5.021523208781E-1,
-3.230644197001E-1));
#4499=CARTESIAN_POINT('',(9.308225338401E-1,4.987600627239E-1,
-3.229834474358E-1));
#4500=(BOUNDED_SURFACE()B_SPLINE_SURFACE(3,3,((#4380,#4381,#4382,#4383,#4384,
#4385,#4386,#4387,#4388,#4389,#4390,#4391,#4392,#4393,#4394,#4395,#4396,#4397,
#4398,#4399,#4400,#4401,#4402,#4403,#4404,#4405,#4406,#4407,#4408,#4409),(#4410,
#4411,#4412,#4413,#4414,#4415,#4416,#4417,#4418,#4419,#4420,#4421,#4422,#4423,
#4424,#4425,#4426,#4427,#4428,#4429,#4430,#4431,#4432,#4433,#4434,#4435,#4436,
#4437,#4438,#4439),(#4440,#4441,#4442,#4443,#4444,#4445,#4446,#4447,#4448,#4449,
#4450,#4451,#4452,#4453,#4454,#4455,#4456,#4457,#4458,#4459,#4460,#4461,#4462,
#4463,#4464,#4465,#4466,#4467,#4468,#4469),(#4470,#4471,#4472,#4473,#4474,#4475,
#4476,#4477,#4478,#4479,#4480,#4481,#4482,#4483,#4484,#4485,#4486,#4487,#4488,
#4489,#4490,#4491,#4492,#4493,#4494,#4495,#4496,#4497,#4498,#4499)),
.UNSPECIFIED.,.F.,.F.,.F.)B_SPLINE_SURFACE_WITH_KNOTS((4,4),(4,1,1,1,1,1,1,1,1,
1,1,1,1,1,1,1,1,1,1,1,1,1,1,1,1,1,1,4),(0.E0,1.E0),(1.421646066138E-2,
3.239220391452E-2,6.626848172494E-2,1.016835802600E-1,1.386628641285E-1,
1.771861749384E-1,2.171130501377E-1,2.580216256483E-1,2.990966236261E-1,
3.398547428918E-1,3.801183076849E-1,4.198104623238E-1,4.589728090806E-1,
4.976957662123E-1,5.360134675351E-1,5.738887473881E-1,6.112739846996E-1,
6.481072896843E-1,6.843259373490E-1,7.198612368010E-1,7.546428204811E-1,
7.885380992836E-1,8.214186149003E-1,8.532550091016E-1,8.841518842560E-1,
9.142305492303E-1,9.435346440287E-1,9.638275058322E-1),.UNSPECIFIED.)GEOMETRIC_REPRESENTATION_ITEM()RATIONAL_B_SPLINE_SURFACE(((1.219000859135E0,
1.219000859135E0,1.219000859135E0,1.219000859135E0,1.219000859135E0,
1.219000859135E0,1.219000859135E0,1.219000859135E0,1.219000859135E0,
1.219000859135E0,1.219000859135E0,1.219000859135E0,1.219000859135E0,
1.219000859135E0,1.219000859135E0,1.219000859135E0,1.219000859135E0,
1.219000859135E0,1.219000859135E0,1.219000859135E0,1.219000859135E0,
1.219000859135E0,1.219000859135E0,1.219000859135E0,1.219000859135E0,
1.219000859135E0,1.219000859135E0,1.219000859135E0,1.219000859135E0,
1.219000859135E0),(9.269997136215E-1,9.269997136215E-1,9.269997136215E-1,
9.269997136215E-1,9.269997136215E-1,9.269997136215E-1,9.269997136215E-1,
9.269997136215E-1,9.269997136215E-1,9.269997136215E-1,9.269997136215E-1,
9.269997136215E-1,9.269997136215E-1,9.269997136215E-1,9.269997136215E-1,
9.269997136215E-1,9.269997136215E-1,9.269997136215E-1,9.269997136215E-1,
9.269997136215E-1,9.269997136215E-1,9.269997136215E-1,9.269997136215E-1,
9.269997136215E-1,9.269997136215E-1,9.269997136215E-1,9.269997136215E-1,
9.269997136215E-1,9.269997136215E-1,9.269997136215E-1),(9.269997136215E-1,
9.269997136215E-1,9.269997136215E-1,9.269997136215E-1,9.269997136215E-1,
9.269997136215E-1,9.269997136215E-1,9.269997136215E-1,9.269997136215E-1,
9.269997136215E-1,9.269997136215E-1,9.269997136215E-1,9.269997136215E-1,
9.269997136215E-1,9.269997136215E-1,9.269997136215E-1,9.269997136215E-1,
9.269997136215E-1,9.269997136215E-1,9.269997136215E-1,9.269997136215E-1,
9.269997136215E-1,9.269997136215E-1,9.269997136215E-1,9.269997136215E-1,
9.269997136215E-1,9.269997136215E-1,9.269997136215E-1,9.269997136215E-1,
9.269997136215E-1),(1.219000859135E0,1.219000859135E0,1.219000859135E0,
1.219000859135E0,1.219000859135E0,1.219000859135E0,1.219000859135E0,
1.219000859135E0,1.219000859135E0,1.219000859135E0,1.219000859135E0,
1.219000859135E0,1.219000859135E0,1.219000859135E0,1.219000859135E0,
1.219000859135E0,1.219000859135E0,1.219000859135E0,1.219000859135E0,
1.219000859135E0,1.219000859135E0,1.219000859135E0,1.219000859135E0,
1.219000859135E0,1.219000859135E0,1.219000859135E0,1.219000859135E0,
1.219000859135E0,1.219000859135E0,1.219000859135E0)))REPRESENTATION_ITEM('')SURFACE());
#4501=ORIENTED_EDGE('',*,*,#1891,.T.);
#4503=ORIENTED_EDGE('',*,*,#4502,.F.);
#4505=ORIENTED_EDGE('',*,*,#4504,.F.);
#4506=ORIENTED_EDGE('',*,*,#4372,.F.);
#4507=EDGE_LOOP('',(#4501,#4503,#4505,#4506));
#4508=FACE_OUTER_BOUND('',#4507,.F.);
#4510=CARTESIAN_POINT('',(1.23E0,4.545072E0,-3.E-1));
#4511=DIRECTION('',(0.E0,-1.E0,0.E0));
#4512=DIRECTION('',(0.E0,0.E0,1.E0));
#4513=AXIS2_PLACEMENT_3D('',#4510,#4511,#4512);
#4514=CYLINDRICAL_SURFACE('',#4513,3.E-1);
#4516=ORIENTED_EDGE('',*,*,#4515,.F.);
#4517=ORIENTED_EDGE('',*,*,#4502,.T.);
#4518=ORIENTED_EDGE('',*,*,#1889,.T.);
#4520=ORIENTED_EDGE('',*,*,#4519,.T.);
#4521=EDGE_LOOP('',(#4516,#4517,#4518,#4520));
#4522=FACE_OUTER_BOUND('',#4521,.F.);
#4524=CARTESIAN_POINT('',(9.3E-1,-6.05E-1,0.E0));
#4525=DIRECTION('',(1.E0,0.E0,0.E0));
#4526=DIRECTION('',(0.E0,1.E0,0.E0));
#4527=AXIS2_PLACEMENT_3D('',#4524,#4525,#4526);
#4528=PLANE('',#4527);
#4530=ORIENTED_EDGE('',*,*,#4529,.T.);
#4532=ORIENTED_EDGE('',*,*,#4531,.T.);
#4534=ORIENTED_EDGE('',*,*,#4533,.F.);
#4535=ORIENTED_EDGE('',*,*,#4515,.T.);
#4536=EDGE_LOOP('',(#4530,#4532,#4534,#4535));
#4537=FACE_OUTER_BOUND('',#4536,.F.);
#4539=CARTESIAN_POINT('',(8.3E-1,-5.05E-1,9.125200220381E0));
#4540=DIRECTION('',(0.E0,0.E0,-1.E0));
#4541=DIRECTION('',(1.E0,0.E0,0.E0));
#4542=AXIS2_PLACEMENT_3D('',#4539,#4540,#4541);
#4543=CYLINDRICAL_SURFACE('',#4542,1.E-1);
#4545=ORIENTED_EDGE('',*,*,#4544,.T.);
#4546=ORIENTED_EDGE('',*,*,#4529,.F.);
#4548=ORIENTED_EDGE('',*,*,#4547,.T.);
#4550=ORIENTED_EDGE('',*,*,#4549,.T.);
#4551=EDGE_LOOP('',(#4545,#4546,#4548,#4550));
#4552=FACE_OUTER_BOUND('',#4551,.F.);
#4554=CARTESIAN_POINT('',(0.E0,0.E0,-4.E-1));
#4555=DIRECTION('',(0.E0,0.E0,1.E0));
#4556=DIRECTION('',(1.E0,0.E0,0.E0));
#4557=AXIS2_PLACEMENT_3D('',#4554,#4555,#4556);
#4558=PLANE('',#4557);
#4559=ORIENTED_EDGE('',*,*,#4544,.F.);
#4561=ORIENTED_EDGE('',*,*,#4560,.F.);
#4563=ORIENTED_EDGE('',*,*,#4562,.F.);
#4565=ORIENTED_EDGE('',*,*,#4564,.F.);
#4567=ORIENTED_EDGE('',*,*,#4566,.F.);
#4569=ORIENTED_EDGE('',*,*,#4568,.F.);
#4571=ORIENTED_EDGE('',*,*,#4570,.F.);
#4572=ORIENTED_EDGE('',*,*,#4531,.F.);
#4573=EDGE_LOOP('',(#4559,#4561,#4563,#4565,#4567,#4569,#4571,#4572));
#4574=FACE_OUTER_BOUND('',#4573,.F.);
#4576=CARTESIAN_POINT('',(-9.3E-1,-6.05E-1,0.E0));
#4577=DIRECTION('',(0.E0,-1.E0,0.E0));
#4578=DIRECTION('',(1.E0,0.E0,0.E0));
#4579=AXIS2_PLACEMENT_3D('',#4576,#4577,#4578);
#4580=PLANE('',#4579);
#4581=ORIENTED_EDGE('',*,*,#4549,.F.);
#4582=ORIENTED_EDGE('',*,*,#4037,.T.);
#4584=ORIENTED_EDGE('',*,*,#4583,.T.);
#4585=ORIENTED_EDGE('',*,*,#4560,.T.);
#4586=EDGE_LOOP('',(#4581,#4582,#4584,#4585));
#4587=FACE_OUTER_BOUND('',#4586,.F.);
#4589=CARTESIAN_POINT('',(-8.3E-1,-5.05E-1,9.125200220381E0));
#4590=DIRECTION('',(0.E0,0.E0,-1.E0));
#4591=DIRECTION('',(0.E0,-1.E0,0.E0));
#4592=AXIS2_PLACEMENT_3D('',#4589,#4590,#4591);
#4593=CYLINDRICAL_SURFACE('',#4592,1.E-1);
#4594=ORIENTED_EDGE('',*,*,#4562,.T.);
#4595=ORIENTED_EDGE('',*,*,#4583,.F.);
#4596=ORIENTED_EDGE('',*,*,#4212,.T.);
#4598=ORIENTED_EDGE('',*,*,#4597,.T.);
#4599=EDGE_LOOP('',(#4594,#4595,#4596,#4598));
#4600=FACE_OUTER_BOUND('',#4599,.F.);
#4602=CARTESIAN_POINT('',(-9.3E-1,8.05E-1,0.E0));
#4603=DIRECTION('',(-1.E0,0.E0,0.E0));
#4604=DIRECTION('',(0.E0,-1.E0,0.E0));
#4605=AXIS2_PLACEMENT_3D('',#4602,#4603,#4604);
#4606=PLANE('',#4605);
#4607=ORIENTED_EDGE('',*,*,#4597,.F.);
#4608=ORIENTED_EDGE('',*,*,#4226,.T.);
#4610=ORIENTED_EDGE('',*,*,#4609,.T.);
#4611=ORIENTED_EDGE('',*,*,#4564,.T.);
#4612=EDGE_LOOP('',(#4607,#4608,#4610,#4611));
#4613=FACE_OUTER_BOUND('',#4612,.F.);
#4615=CARTESIAN_POINT('',(-6.3E-1,5.05E-1,9.125200220381E0));
#4616=DIRECTION('',(0.E0,0.E0,-1.E0));
#4617=DIRECTION('',(-1.E0,0.E0,0.E0));
#4618=AXIS2_PLACEMENT_3D('',#4615,#4616,#4617);
#4619=CYLINDRICAL_SURFACE('',#4618,3.E-1);
#4620=ORIENTED_EDGE('',*,*,#4566,.T.);
#4621=ORIENTED_EDGE('',*,*,#4609,.F.);
#4622=ORIENTED_EDGE('',*,*,#4360,.T.);
#4624=ORIENTED_EDGE('',*,*,#4623,.T.);
#4625=EDGE_LOOP('',(#4620,#4621,#4622,#4624));
#4626=FACE_OUTER_BOUND('',#4625,.F.);
#4628=CARTESIAN_POINT('',(9.3E-1,8.05E-1,0.E0));
#4629=DIRECTION('',(0.E0,1.E0,0.E0));
#4630=DIRECTION('',(-1.E0,0.E0,0.E0));
#4631=AXIS2_PLACEMENT_3D('',#4628,#4629,#4630);
#4632=PLANE('',#4631);
#4633=ORIENTED_EDGE('',*,*,#4374,.T.);
#4635=ORIENTED_EDGE('',*,*,#4634,.T.);
#4636=ORIENTED_EDGE('',*,*,#4568,.T.);
#4637=ORIENTED_EDGE('',*,*,#4623,.F.);
#4638=EDGE_LOOP('',(#4633,#4635,#4636,#4637));
#4639=FACE_OUTER_BOUND('',#4638,.F.);
#4641=CARTESIAN_POINT('',(6.3E-1,5.05E-1,9.125200220381E0));
#4642=DIRECTION('',(0.E0,0.E0,-1.E0));
#4643=DIRECTION('',(0.E0,1.E0,0.E0));
#4644=AXIS2_PLACEMENT_3D('',#4641,#4642,#4643);
#4645=CYLINDRICAL_SURFACE('',#4644,3.E-1);
#4646=ORIENTED_EDGE('',*,*,#4570,.T.);
#4647=ORIENTED_EDGE('',*,*,#4634,.F.);
#4648=ORIENTED_EDGE('',*,*,#4504,.T.);
#4649=ORIENTED_EDGE('',*,*,#4533,.T.);
#4650=EDGE_LOOP('',(#4646,#4647,#4648,#4649));
#4651=FACE_OUTER_BOUND('',#4650,.F.);
#4653=CARTESIAN_POINT('',(1.315994630499E0,-4.683205873027E-1,
-1.396779804037E-2));
#4654=CARTESIAN_POINT('',(1.316814386508E0,-4.714253988173E-1,
-1.398885561446E-2));
#4655=CARTESIAN_POINT('',(1.318318413186E0,-4.779313983003E-1,
-1.402755617265E-2));
#4656=CARTESIAN_POINT('',(1.319900275082E0,-4.877477258791E-1,
-1.406849988074E-2));
#4657=CARTESIAN_POINT('',(1.320774873179E0,-4.975268164841E-1,
-1.409126527986E-2));
#4658=CARTESIAN_POINT('',(1.320963710626E0,-5.069051598429E-1,
-1.409622644134E-2));
#4659=CARTESIAN_POINT('',(1.320514072948E0,-5.161144706894E-1,
-1.408442729075E-2));
#4660=CARTESIAN_POINT('',(1.319397885611E0,-5.254204138097E-1,
-1.405493136846E-2));
#4661=CARTESIAN_POINT('',(1.317501191822E0,-5.350777741287E-1,
-1.400447761365E-2));
#4662=CARTESIAN_POINT('',(1.314639879555E0,-5.452337772265E-1,
-1.392782112383E-2));
#4663=CARTESIAN_POINT('',(1.310602685446E0,-5.558848261804E-1,
-1.381881366846E-2));
#4664=CARTESIAN_POINT('',(1.305197710275E0,-5.668952738957E-1,
-1.367163141620E-2));
#4665=CARTESIAN_POINT('',(1.298276181669E0,-5.780597868669E-1,
-1.348145091192E-2));
#4666=CARTESIAN_POINT('',(1.289748183152E0,-5.891491460480E-1,
-1.324496920452E-2));
#4667=CARTESIAN_POINT('',(1.279499995617E0,-6.000388144358E-1,
-1.295822987970E-2));
#4668=CARTESIAN_POINT('',(1.267304303325E0,-6.107164065462E-1,
-1.261413960790E-2));
#4669=CARTESIAN_POINT('',(1.252794789681E0,-6.212077707839E-1,
-1.220174946629E-2));
#4670=CARTESIAN_POINT('',(1.235565632585E0,-6.314810104690E-1,
-1.170926952897E-2));
#4671=CARTESIAN_POINT('',(1.215351459684E0,-6.413879919955E-1,
-1.112970015619E-2));
#4672=CARTESIAN_POINT('',(1.191927999475E0,-6.507986609399E-1,
-1.045867364275E-2));
#4673=CARTESIAN_POINT('',(1.165028422500E0,-6.596185271E-1,-9.692644559915E-3));
#4674=CARTESIAN_POINT('',(1.134343471935E0,-6.677176500282E-1,
-8.829589134735E-3));
#4675=CARTESIAN_POINT('',(1.100445799245E0,-6.746752642063E-1,
-7.895196900345E-3));
#4676=CARTESIAN_POINT('',(1.065317697337E0,-6.798907678981E-1,
-6.953700866629E-3));
#4677=CARTESIAN_POINT('',(1.031599310795E0,-6.830266510676E-1,
-6.080115057334E-3));
#4678=CARTESIAN_POINT('',(1.001173735410E0,-6.842602182779E-1,
-5.320803040639E-3));
#4679=CARTESIAN_POINT('',(9.744931281695E-1,-6.840693651514E-1,
-4.681594937744E-3));
#4680=CARTESIAN_POINT('',(9.512654759539E-1,-6.829312947275E-1,
-4.150189287548E-3));
#4681=CARTESIAN_POINT('',(9.310187991481E-1,-6.812298888453E-1,
-3.711528956448E-3));
#4682=CARTESIAN_POINT('',(9.133258119687E-1,-6.792612406182E-1,
-3.352904395051E-3));
#4683=CARTESIAN_POINT('',(8.977846046648E-1,-6.772437246928E-1,
-3.063197277169E-3));
#4684=CARTESIAN_POINT('',(8.840358524278E-1,-6.753329367242E-1,
-2.832989072218E-3));
#4685=CARTESIAN_POINT('',(8.718024218182E-1,-6.736411007147E-1,
-2.654976919436E-3));
#4686=CARTESIAN_POINT('',(8.608555852290E-1,-6.722439952539E-1,
-2.522913690417E-3));
#4687=CARTESIAN_POINT('',(8.509936856865E-1,-6.711841754820E-1,
-2.431025954679E-3));
#4688=CARTESIAN_POINT('',(8.419924122418E-1,-6.704761022594E-1,
-2.373892121515E-3));
#4689=CARTESIAN_POINT('',(8.336347397957E-1,-6.701244023161E-1,
-2.347286865100E-3));
#4690=CARTESIAN_POINT('',(8.257395846924E-1,-6.701364553312E-1,
-2.348484597058E-3));
#4691=CARTESIAN_POINT('',(8.199905194313E-1,-6.704324508269E-1,
-2.369341199038E-3));
#4692=CARTESIAN_POINT('',(8.168621262235E-1,-6.707032006246E-1,
-2.387799906444E-3));
#4693=CARTESIAN_POINT('',(8.162378090646E-1,-6.707617187479E-1,
-2.391769383286E-3));
#4694=CARTESIAN_POINT('',(1.054533078627E0,-4.880538422336E-1,
6.937074229875E-2));
#4695=CARTESIAN_POINT('',(1.054830966964E0,-4.894943876945E-1,
6.947527311401E-2));
#4696=CARTESIAN_POINT('',(1.055376891446E0,-4.925081634129E-1,
6.966758232608E-2));
#4697=CARTESIAN_POINT('',(1.055949880060E0,-4.970438137573E-1,
6.987088490721E-2));
#4698=CARTESIAN_POINT('',(1.056266047719E0,-5.015549052892E-1,
6.998395976376E-2));
#4699=CARTESIAN_POINT('',(1.056334129901E0,-5.058781949777E-1,
7.000859652852E-2));
#4700=CARTESIAN_POINT('',(1.056171964762E0,-5.101243103115E-1,
6.994999701770E-2));
#4701=CARTESIAN_POINT('',(1.055770096823E0,-5.144194328043E-1,
6.980350597711E-2));
#4702=CARTESIAN_POINT('',(1.055088187701E0,-5.188858274678E-1,
6.955292857518E-2));
#4703=CARTESIAN_POINT('',(1.054060833124E0,-5.235984716166E-1,
6.917221579567E-2));
#4704=CARTESIAN_POINT('',(1.052613046713E0,-5.285657728692E-1,
6.863083268288E-2));
#4705=CARTESIAN_POINT('',(1.050676794646E0,-5.337380657926E-1,
6.789985527827E-2));
#4706=CARTESIAN_POINT('',(1.048199180529E0,-5.390358012428E-1,
6.695532800729E-2));
#4707=CARTESIAN_POINT('',(1.045147603147E0,-5.443696904246E-1,
6.578084683372E-2));
#4708=CARTESIAN_POINT('',(1.041479611078E0,-5.497015365185E-1,
6.435676231411E-2));
#4709=CARTESIAN_POINT('',(1.037109976789E0,-5.550520606066E-1,
6.264784558380E-2));
#4710=CARTESIAN_POINT('',(1.031899831210E0,-5.604720070977E-1,
6.059971905952E-2));
#4711=CARTESIAN_POINT('',(1.025688964140E0,-5.659987528055E-1,
5.815382833488E-2));
#4712=CARTESIAN_POINT('',(1.018355569628E0,-5.716244537329E-1,
5.527540985375E-2));
#4713=CARTESIAN_POINT('',(1.009773940699E0,-5.773637681105E-1,
5.194277150474E-2));
#4714=CARTESIAN_POINT('',(9.997740471817E-1,-5.832715321158E-1,
4.813830499449E-2));
#4715=CARTESIAN_POINT('',(9.881226324525E-1,-5.894210720080E-1,
4.385195929929E-2));
#4716=CARTESIAN_POINT('',(9.748550491431E-1,-5.957120756578E-1,
3.921132091773E-2));
#4717=CARTESIAN_POINT('',(9.605257589423E-1,-6.018009811371E-1,
3.453540167382E-2));
#4718=CARTESIAN_POINT('',(9.460501020349E-1,-6.072602243108E-1,
3.019675705865E-2));
#4719=CARTESIAN_POINT('',(9.322200765878E-1,-6.118325534610E-1,
2.642565070888E-2));
#4720=CARTESIAN_POINT('',(9.193445541020E-1,-6.155164168215E-1,
2.325103779278E-2));
#4721=CARTESIAN_POINT('',(9.074360084460E-1,-6.184229904026E-1,
2.061182337510E-2));
#4722=CARTESIAN_POINT('',(8.964169184692E-1,-6.206787918469E-1,
1.843322653625E-2));
#4723=CARTESIAN_POINT('',(8.862186432479E-1,-6.223950194088E-1,
1.665212557495E-2));
#4724=CARTESIAN_POINT('',(8.767665774540E-1,-6.236704642768E-1,
1.521330158566E-2));
#4725=CARTESIAN_POINT('',(8.679877260040E-1,-6.245904980448E-1,
1.406997759535E-2));
#4726=CARTESIAN_POINT('',(8.598370436811E-1,-6.252259399627E-1,
1.318588426146E-2));
#4727=CARTESIAN_POINT('',(8.522814062466E-1,-6.256387435142E-1,
1.252999487292E-2));
#4728=CARTESIAN_POINT('',(8.452861431362E-1,-6.258839944871E-1,
1.207363735765E-2));
#4729=CARTESIAN_POINT('',(8.387778045129E-1,-6.260094397849E-1,
1.178988053095E-2));
#4730=CARTESIAN_POINT('',(8.326668991215E-1,-6.260539514639E-1,
1.165775582015E-2));
#4731=CARTESIAN_POINT('',(8.268744147078E-1,-6.260492023546E-1,
1.166367097944E-2));
#4732=CARTESIAN_POINT('',(8.226739533656E-1,-6.260291190032E-1,
1.176734407314E-2));
#4733=CARTESIAN_POINT('',(8.204047673375E-1,-6.260191310538E-1,
1.185892292111E-2));
#4734=CARTESIAN_POINT('',(8.199526788102E-1,-6.260172491088E-1,
1.187861311073E-2));
#4735=CARTESIAN_POINT('',(8.605396371497E-1,-5.026950849255E-1,
-1.251775427672E-1));
#4736=CARTESIAN_POINT('',(8.604503216903E-1,-5.029008151834E-1,
-1.253661897023E-1));
#4737=CARTESIAN_POINT('',(8.602853747605E-1,-5.033235081914E-1,
-1.257131574497E-1));
#4738=CARTESIAN_POINT('',(8.601098219597E-1,-5.039411187983E-1,
-1.260800316020E-1));
#4739=CARTESIAN_POINT('',(8.600116577924E-1,-5.045435772537E-1,
-1.262840667965E-1));
#4740=CARTESIAN_POINT('',(8.599901446620E-1,-5.051162303713E-1,
-1.263285244239E-1));
#4741=CARTESIAN_POINT('',(8.600412720201E-1,-5.056798640119E-1,
-1.262227829373E-1));
#4742=CARTESIAN_POINT('',(8.601693989399E-1,-5.062571689855E-1,
-1.259584441063E-1));
#4743=CARTESIAN_POINT('',(8.603888087932E-1,-5.068720861185E-1,
-1.255062842746E-1));
#4744=CARTESIAN_POINT('',(8.607221734550E-1,-5.075459875606E-1,
-1.248192988843E-1));
#4745=CARTESIAN_POINT('',(8.611956183186E-1,-5.082961877933E-1,
-1.238423884304E-1));
#4746=CARTESIAN_POINT('',(8.618330124640E-1,-5.091368161494E-1,
-1.225233604646E-1));
#4747=CARTESIAN_POINT('',(8.626525954263E-1,-5.100816501749E-1,
-1.208189878289E-1));
#4748=CARTESIAN_POINT('',(8.636642914987E-1,-5.111452234174E-1,
-1.186996699070E-1));
#4749=CARTESIAN_POINT('',(8.648785268733E-1,-5.123533998314E-1,
-1.161299498360E-1));
#4750=CARTESIAN_POINT('',(8.663154974732E-1,-5.137514641746E-1,
-1.130462581301E-1));
#4751=CARTESIAN_POINT('',(8.680050906950E-1,-5.154086326403E-1,
-1.093504719847E-1));
#4752=CARTESIAN_POINT('',(8.699693300072E-1,-5.174136800525E-1,
-1.049369316364E-1));
#4753=CARTESIAN_POINT('',(8.721929296719E-1,-5.198628513853E-1,
-9.974290723558E-2));
#4754=CARTESIAN_POINT('',(8.746233134358E-1,-5.228781755542E-1,
-9.372925598315E-2));
#4755=CARTESIAN_POINT('',(8.771622721137E-1,-5.266252826104E-1,
-8.686420421389E-2));
#4756=CARTESIAN_POINT('',(8.796329380263E-1,-5.313283141350E-1,
-7.912961514099E-2));
#4757=CARTESIAN_POINT('',(8.816720107366E-1,-5.371247208944E-1,
-7.075571497760E-2));
#4758=CARTESIAN_POINT('',(8.827745614041E-1,-5.438616536548E-1,
-6.231815150008E-2));
#4759=CARTESIAN_POINT('',(8.825761981125E-1,-5.510447319383E-1,
-5.448919051139E-2));
#4760=CARTESIAN_POINT('',(8.810593706199E-1,-5.580942815990E-1,
-4.768433620429E-2));
#4761=CARTESIAN_POINT('',(8.784266386406E-1,-5.646530211342E-1,
-4.195583735751E-2));
#4762=CARTESIAN_POINT('',(8.749163925442E-1,-5.705605499397E-1,
-3.719344989578E-2));
#4763=CARTESIAN_POINT('',(8.707437827197E-1,-5.757524322815E-1,
-3.326223377274E-2));
#4764=CARTESIAN_POINT('',(8.661062675995E-1,-5.802026822288E-1,
-3.004828767347E-2));
#4765=CARTESIAN_POINT('',(8.611720879297E-1,-5.839213650887E-1,
-2.745197064379E-2));
#4766=CARTESIAN_POINT('',(8.560806932035E-1,-5.869417491643E-1,
-2.538887498740E-2));
#4767=CARTESIAN_POINT('',(8.509592378746E-1,-5.893039331259E-1,
-2.379355363331E-2));
#4768=CARTESIAN_POINT('',(8.459197271519E-1,-5.910596128117E-1,
-2.261001999098E-2));
#4769=CARTESIAN_POINT('',(8.410513873422E-1,-5.922731712215E-1,
-2.178653539545E-2));
#4770=CARTESIAN_POINT('',(8.363927011894E-1,-5.930170520986E-1,
-2.127450562687E-2));
#4771=CARTESIAN_POINT('',(8.319488021706E-1,-5.933555360868E-1,
-2.103608577588E-2));
#4772=CARTESIAN_POINT('',(8.277164107054E-1,-5.933383205101E-1,
-2.104677518859E-2));
#4773=CARTESIAN_POINT('',(8.246649481416E-1,-5.930837199881E-1,
-2.123380839520E-2));
#4774=CARTESIAN_POINT('',(8.230332575944E-1,-5.928654364735E-1,
-2.139910490890E-2));
#4775=CARTESIAN_POINT('',(8.227089554461E-1,-5.928187402261E-1,
-2.143464663859E-2));
#4776=CARTESIAN_POINT('',(9.436460261746E-1,-4.964228068438E-1,
-3.873813622645E-1));
#4777=CARTESIAN_POINT('',(9.437225880207E-1,-4.971575293803E-1,
-3.879651415744E-1));
#4778=CARTESIAN_POINT('',(9.438621769330E-1,-4.986902368614E-1,
-3.890389236368E-1));
#4779=CARTESIAN_POINT('',(9.440072977259E-1,-5.009863275868E-1,
-3.901742574918E-1));
#4780=CARTESIAN_POINT('',(9.440866324562E-1,-5.032632363666E-1,
-3.908056799880E-1));
#4781=CARTESIAN_POINT('',(9.441035017722E-1,-5.054426544324E-1,
-3.909432600685E-1));
#4782=CARTESIAN_POINT('',(9.440632550659E-1,-5.075838556127E-1,
-3.906160268466E-1));
#4783=CARTESIAN_POINT('',(9.439643332844E-1,-5.097538659207E-1,
-3.897979891668E-1));
#4784=CARTESIAN_POINT('',(9.437976199531E-1,-5.120187480604E-1,
-3.883987102859E-1));
#4785=CARTESIAN_POINT('',(9.435480553079E-1,-5.144228385233E-1,
-3.862727271780E-1));
#4786=CARTESIAN_POINT('',(9.431984486677E-1,-5.169796361092E-1,
-3.832495258910E-1));
#4787=CARTESIAN_POINT('',(9.427332980998E-1,-5.196759406053E-1,
-3.791675887691E-1));
#4788=CARTESIAN_POINT('',(9.421403686539E-1,-5.224855485965E-1,
-3.738931426538E-1));
#4789=CARTESIAN_POINT('',(9.414113667839E-1,-5.253785163536E-1,
-3.673345838351E-1));
#4790=CARTESIAN_POINT('',(9.405340660214E-1,-5.283532643281E-1,
-3.593821855377E-1));
#4791=CARTESIAN_POINT('',(9.394834990988E-1,-5.314445542498E-1,
-3.498392221046E-1));
#4792=CARTESIAN_POINT('',(9.382172584913E-1,-5.347136890377E-1,
-3.384020372605E-1));
#4793=CARTESIAN_POINT('',(9.366792991409E-1,-5.382274247146E-1,
-3.247436504399E-1));
#4794=CARTESIAN_POINT('',(9.348087022704E-1,-5.420374147546E-1,
-3.086699343696E-1));
#4795=CARTESIAN_POINT('',(9.325215625767E-1,-5.462196906939E-1,
-2.900597555724E-1));
#4796=CARTESIAN_POINT('',(9.296889029124E-1,-5.508924187175E-1,
-2.688147855009E-1));
#4797=CARTESIAN_POINT('',(9.261096986917E-1,-5.562151314344E-1,
-2.448788970485E-1));
#4798=CARTESIAN_POINT('',(9.215914316272E-1,-5.622234224785E-1,
-2.189645610271E-1));
#4799=CARTESIAN_POINT('',(9.160830135897E-1,-5.686827416923E-1,
-1.928532089819E-1));
#4800=CARTESIAN_POINT('',(9.097682872478E-1,-5.751273325807E-1,
-1.686252719632E-1));
#4801=CARTESIAN_POINT('',(9.029765112231E-1,-5.811156460992E-1,
-1.475665922978E-1));
#4802=CARTESIAN_POINT('',(8.959557889796E-1,-5.864427946283E-1,
-1.298388619552E-1));
#4803=CARTESIAN_POINT('',(8.888477287249E-1,-5.910647204236E-1,
-1.151009135034E-1));
#4804=CARTESIAN_POINT('',(8.817421009662E-1,-5.949987917826E-1,
-1.029351539894E-1));
#4805=CARTESIAN_POINT('',(8.747223677219E-1,-5.982777921957E-1,
-9.298909808299E-2));
#4806=CARTESIAN_POINT('',(8.678527349825E-1,-6.009497969540E-1,
-8.495439136498E-2));
#4807=CARTESIAN_POINT('',(8.611816414238E-1,-6.030703953028E-1,
-7.856982107833E-2));
#4808=CARTESIAN_POINT('',(8.547624715171E-1,-6.046928465448E-1,
-7.363285114025E-2));
#4809=CARTESIAN_POINT('',(8.486450573160E-1,-6.058732408726E-1,
-6.997022217102E-2));
#4810=CARTESIAN_POINT('',(8.428655479641E-1,-6.066719783796E-1,
-6.742182136925E-2));
#4811=CARTESIAN_POINT('',(8.374144745193E-1,-6.071509227338E-1,
-6.583726461995E-2));
#4812=CARTESIAN_POINT('',(8.322564334189E-1,-6.073634695929E-1,
-6.509944072969E-2));
#4813=CARTESIAN_POINT('',(8.273557013618E-1,-6.073515946250E-1,
-6.513250907108E-2));
#4814=CARTESIAN_POINT('',(8.238120100982E-1,-6.071974607738E-1,
-6.571134373855E-2));
#4815=CARTESIAN_POINT('',(8.219072178058E-1,-6.070684106484E-1,
-6.622284582759E-2));
#4816=CARTESIAN_POINT('',(8.215281722370E-1,-6.070409127555E-1,
-6.633282676500E-2));
#4817=(BOUNDED_SURFACE()B_SPLINE_SURFACE(3,3,((#4653,#4654,#4655,#4656,#4657,
#4658,#4659,#4660,#4661,#4662,#4663,#4664,#4665,#4666,#4667,#4668,#4669,#4670,
#4671,#4672,#4673,#4674,#4675,#4676,#4677,#4678,#4679,#4680,#4681,#4682,#4683,
#4684,#4685,#4686,#4687,#4688,#4689,#4690,#4691,#4692,#4693),(#4694,#4695,#4696,
#4697,#4698,#4699,#4700,#4701,#4702,#4703,#4704,#4705,#4706,#4707,#4708,#4709,
#4710,#4711,#4712,#4713,#4714,#4715,#4716,#4717,#4718,#4719,#4720,#4721,#4722,
#4723,#4724,#4725,#4726,#4727,#4728,#4729,#4730,#4731,#4732,#4733,#4734),(#4735,
#4736,#4737,#4738,#4739,#4740,#4741,#4742,#4743,#4744,#4745,#4746,#4747,#4748,
#4749,#4750,#4751,#4752,#4753,#4754,#4755,#4756,#4757,#4758,#4759,#4760,#4761,
#4762,#4763,#4764,#4765,#4766,#4767,#4768,#4769,#4770,#4771,#4772,#4773,#4774,
#4775),(#4776,#4777,#4778,#4779,#4780,#4781,#4782,#4783,#4784,#4785,#4786,#4787,
#4788,#4789,#4790,#4791,#4792,#4793,#4794,#4795,#4796,#4797,#4798,#4799,#4800,
#4801,#4802,#4803,#4804,#4805,#4806,#4807,#4808,#4809,#4810,#4811,#4812,#4813,
#4814,#4815,#4816)),.UNSPECIFIED.,.F.,.F.,.F.)B_SPLINE_SURFACE_WITH_KNOTS((4,4),
(4,1,1,1,1,1,1,1,1,1,1,1,1,1,1,1,1,1,1,1,1,1,1,1,1,1,1,1,1,1,1,1,1,1,1,1,1,1,4),
(0.E0,1.E0),(5.671400184070E-2,6.886008242038E-2,8.188806460140E-2,
9.401206942274E-2,1.055686500651E-1,1.169082960278E-1,1.284478079875E-1,
1.406539333068E-1,1.539166920099E-1,1.684125654054E-1,1.842528980444E-1,
2.015252507747E-1,2.202776037538E-1,2.405595652385E-1,2.629294020109E-1,
2.881492222715E-1,3.169062310494E-1,3.498495244457E-1,3.870013911452E-1,
4.288740082289E-1,4.762587792177E-1,5.292439014215E-1,5.841781063441E-1,
6.356078366920E-1,6.811027362855E-1,7.207022789518E-1,7.552790450715E-1,
7.855051221568E-1,8.120394475931E-1,8.354342019615E-1,8.561866769817E-1,
8.747463567735E-1,8.913033866162E-1,9.061642509662E-1,9.196958311403E-1,
9.322329189868E-1,9.440831955515E-1,9.554795203139E-1,9.583235271046E-1),
.UNSPECIFIED.)GEOMETRIC_REPRESENTATION_ITEM()RATIONAL_B_SPLINE_SURFACE(((
1.370150374073E0,1.370150374073E0,1.370150374073E0,1.370150374073E0,
1.370150374073E0,1.370150374073E0,1.370150374073E0,1.370150374073E0,
1.370150374073E0,1.370150374073E0,1.370150374073E0,1.370150374073E0,
1.370150374073E0,1.370150374073E0,1.370150374073E0,1.370150374073E0,
1.370150374073E0,1.370150374073E0,1.370150374073E0,1.370150374073E0,
1.370150374073E0,1.370150374073E0,1.370150374073E0,1.370150374073E0,
1.370150374073E0,1.370150374073E0,1.370150374073E0,1.370150374073E0,
1.370150374073E0,1.370150374073E0,1.370150374073E0,1.370150374073E0,
1.370150374073E0,1.370150374073E0,1.370150374073E0,1.370150374073E0,
1.370150374073E0,1.370150374073E0,1.370150374073E0,1.370150374073E0,
1.370150374073E0),(8.766165419757E-1,8.766165419757E-1,8.766165419757E-1,
8.766165419757E-1,8.766165419757E-1,8.766165419757E-1,8.766165419757E-1,
8.766165419757E-1,8.766165419757E-1,8.766165419757E-1,8.766165419757E-1,
8.766165419757E-1,8.766165419757E-1,8.766165419757E-1,8.766165419757E-1,
8.766165419757E-1,8.766165419757E-1,8.766165419757E-1,8.766165419757E-1,
8.766165419757E-1,8.766165419757E-1,8.766165419757E-1,8.766165419757E-1,
8.766165419757E-1,8.766165419757E-1,8.766165419757E-1,8.766165419757E-1,
8.766165419757E-1,8.766165419757E-1,8.766165419757E-1,8.766165419757E-1,
8.766165419757E-1,8.766165419757E-1,8.766165419757E-1,8.766165419757E-1,
8.766165419757E-1,8.766165419757E-1,8.766165419757E-1,8.766165419757E-1,
8.766165419757E-1,8.766165419757E-1),(8.766165419757E-1,8.766165419757E-1,
8.766165419757E-1,8.766165419757E-1,8.766165419757E-1,8.766165419757E-1,
8.766165419757E-1,8.766165419757E-1,8.766165419757E-1,8.766165419757E-1,
8.766165419757E-1,8.766165419757E-1,8.766165419757E-1,8.766165419757E-1,
8.766165419757E-1,8.766165419757E-1,8.766165419757E-1,8.766165419757E-1,
8.766165419757E-1,8.766165419757E-1,8.766165419757E-1,8.766165419757E-1,
8.766165419757E-1,8.766165419757E-1,8.766165419757E-1,8.766165419757E-1,
8.766165419757E-1,8.766165419757E-1,8.766165419757E-1,8.766165419757E-1,
8.766165419757E-1,8.766165419757E-1,8.766165419757E-1,8.766165419757E-1,
8.766165419757E-1,8.766165419757E-1,8.766165419757E-1,8.766165419757E-1,
8.766165419757E-1,8.766165419757E-1,8.766165419757E-1),(1.370150374073E0,
1.370150374073E0,1.370150374073E0,1.370150374073E0,1.370150374073E0,
1.370150374073E0,1.370150374073E0,1.370150374073E0,1.370150374073E0,
1.370150374073E0,1.370150374073E0,1.370150374073E0,1.370150374073E0,
1.370150374073E0,1.370150374073E0,1.370150374073E0,1.370150374073E0,
1.370150374073E0,1.370150374073E0,1.370150374073E0,1.370150374073E0,
1.370150374073E0,1.370150374073E0,1.370150374073E0,1.370150374073E0,
1.370150374073E0,1.370150374073E0,1.370150374073E0,1.370150374073E0,
1.370150374073E0,1.370150374073E0,1.370150374073E0,1.370150374073E0,
1.370150374073E0,1.370150374073E0,1.370150374073E0,1.370150374073E0,
1.370150374073E0,1.370150374073E0,1.370150374073E0,1.370150374073E0)))REPRESENTATION_ITEM('')SURFACE());
#4818=ORIENTED_EDGE('',*,*,#1887,.T.);
#4819=ORIENTED_EDGE('',*,*,#4039,.F.);
#4820=ORIENTED_EDGE('',*,*,#4547,.F.);
#4821=ORIENTED_EDGE('',*,*,#4519,.F.);
#4822=EDGE_LOOP('',(#4818,#4819,#4820,#4821));
#4823=FACE_OUTER_BOUND('',#4822,.F.);
#4825=CLOSED_SHELL('',(#1903,#1918,#1932,#1946,#1959,#2017,#2032,#2046,#2060,
#2074,#2088,#2102,#2115,#2130,#2149,#2163,#2181,#2194,#2207,#2220,#2232,#2251,
#2265,#2283,#2296,#2309,#2322,#2334,#2353,#2367,#2385,#2398,#2411,#2424,#2436,
#2451,#2466,#2481,#2503,#2517,#2531,#2665,#2679,#2809,#2823,#2837,#2850,#3022,
#3035,#3048,#3060,#3232,#3247,#3262,#3277,#3299,#3313,#3327,#3501,#3515,#3529,
#3543,#3716,#3730,#3743,#3756,#3888,#3900,#4028,#4043,#4217,#4231,#4365,#4379,
#4509,#4523,#4538,#4553,#4575,#4588,#4601,#4614,#4627,#4640,#4652,#4824));
#4826=MANIFOLD_SOLID_BREP('',#4825);
#4829=PLANE_ANGLE_MEASURE_WITH_UNIT(PLANE_ANGLE_MEASURE(1.745329251994E-2),
#4828);
#4830=(CONVERSION_BASED_UNIT('DEGREE',#4829)NAMED_UNIT(*)PLANE_ANGLE_UNIT());
#4832=UNCERTAINTY_MEASURE_WITH_UNIT(LENGTH_MEASURE(1.282192064366E-3),#4827,
'distance_accuracy_value',
'Maximum model space distance between geometric entities at asserted connectivities');
#4835=APPLICATION_CONTEXT('automotive_design');
#4836=APPLICATION_PROTOCOL_DEFINITION('international standard',
'automotive_design',2001,#4835);
#4837=PRODUCT_DEFINITION_CONTEXT('part definition',#4835,'design');
#4838=PRODUCT_CONTEXT('',#4835,'mechanical');
#4839=PRODUCT('C-215297-3','C-215297-3','NOT SPECIFIED',(#4838));
#4840=PRODUCT_DEFINITION_FORMATION('1','LAST_VERSION',#4839);
#4848=DERIVED_UNIT_ELEMENT(#4847,2.E0);
#4849=DERIVED_UNIT((#4848));
#4850=MEASURE_REPRESENTATION_ITEM('surface area measure',AREA_MEASURE(
2.032471859640E2),#4849);
#4855=DERIVED_UNIT_ELEMENT(#4854,3.E0);
#4856=DERIVED_UNIT((#4855));
#4857=MEASURE_REPRESENTATION_ITEM('volume measure',VOLUME_MEASURE(
1.323542577396E2),#4856);
#4861=CARTESIAN_POINT('centre point',(-3.900051257263E-4,1.509708715513E-3,
-3.629586010713E0));
#4866=DERIVED_UNIT_ELEMENT(#4865,2.E0);
#4867=DERIVED_UNIT((#4866));
#4868=MEASURE_REPRESENTATION_ITEM('surface area measure',AREA_MEASURE(
2.032471859640E2),#4867);
#4873=DERIVED_UNIT_ELEMENT(#4872,3.E0);
#4874=DERIVED_UNIT((#4873));
#4875=MEASURE_REPRESENTATION_ITEM('volume measure',VOLUME_MEASURE(
1.323542577396E2),#4874);
#4879=CARTESIAN_POINT('centre point',(-3.900051257263E-4,1.509708715513E-3,
-3.629586010713E0));
#4884=PRODUCT_RELATED_PRODUCT_CATEGORY('part','',(#4839));
#1=COLOUR_RGB('',8.784E-1,9.49E-1,1.E0);
#57=B_SPLINE_CURVE_WITH_KNOTS('',3,(#22,#23,#24,#25,#26,#27,#28,#29,#30,#31,#32,
#33,#34,#35,#36,#37,#38,#39,#40,#41,#42,#43,#44,#45,#46,#47,#48,#49,#50,#51,#52,
#53,#54,#55,#56),.UNSPECIFIED.,.F.,.F.,(4,1,1,1,1,1,1,1,1,1,1,1,1,1,1,1,1,1,1,1,
1,1,1,1,1,1,1,1,1,1,1,1,4),(0.E0,3.125E-2,6.25E-2,9.375E-2,1.25E-1,1.5625E-1,
1.875E-1,2.1875E-1,2.5E-1,2.8125E-1,3.125E-1,3.4375E-1,3.75E-1,4.0625E-1,
4.375E-1,4.6875E-1,5.E-1,5.3125E-1,5.625E-1,5.9375E-1,6.25E-1,6.5625E-1,
6.875E-1,7.1875E-1,7.5E-1,7.8125E-1,8.125E-1,8.4375E-1,8.75E-1,9.0625E-1,
9.375E-1,9.6875E-1,1.E0),.UNSPECIFIED.);
#91=B_SPLINE_CURVE_WITH_KNOTS('',3,(#62,#63,#64,#65,#66,#67,#68,#69,#70,#71,#72,
#73,#74,#75,#76,#77,#78,#79,#80,#81,#82,#83,#84,#85,#86,#87,#88,#89,#90),
.UNSPECIFIED.,.F.,.F.,(4,1,1,1,1,1,1,1,1,1,1,1,1,1,1,1,1,1,1,1,1,1,1,1,1,1,4),(
0.E0,3.846153846154E-2,7.692307692308E-2,1.153846153846E-1,1.538461538462E-1,
1.923076923077E-1,2.307692307692E-1,2.692307692308E-1,3.076923076923E-1,
3.461538461538E-1,3.846153846154E-1,4.230769230769E-1,4.615384615385E-1,5.E-1,
5.384615384615E-1,5.769230769231E-1,6.153846153846E-1,6.538461538462E-1,
6.923076923077E-1,7.307692307692E-1,7.692307692308E-1,8.076923076923E-1,
8.461538461538E-1,8.846153846154E-1,9.230769230769E-1,9.615384615385E-1,1.E0),
.UNSPECIFIED.);
#125=B_SPLINE_CURVE_WITH_KNOTS('',3,(#96,#97,#98,#99,#100,#101,#102,#103,#104,
#105,#106,#107,#108,#109,#110,#111,#112,#113,#114,#115,#116,#117,#118,#119,#120,
#121,#122,#123,#124),.UNSPECIFIED.,.F.,.F.,(4,1,1,1,1,1,1,1,1,1,1,1,1,1,1,1,1,1,
1,1,1,1,1,1,1,1,4),(0.E0,3.846153846154E-2,7.692307692308E-2,1.153846153846E-1,
1.538461538462E-1,1.923076923077E-1,2.307692307692E-1,2.692307692308E-1,
3.076923076923E-1,3.461538461538E-1,3.846153846154E-1,4.230769230769E-1,
4.615384615385E-1,5.E-1,5.384615384615E-1,5.769230769231E-1,6.153846153846E-1,
6.538461538462E-1,6.923076923077E-1,7.307692307692E-1,7.692307692308E-1,
8.076923076923E-1,8.461538461538E-1,8.846153846154E-1,9.230769230769E-1,
9.615384615385E-1,1.E0),.UNSPECIFIED.);
#165=B_SPLINE_CURVE_WITH_KNOTS('',3,(#130,#131,#132,#133,#134,#135,#136,#137,
#138,#139,#140,#141,#142,#143,#144,#145,#146,#147,#148,#149,#150,#151,#152,#153,
#154,#155,#156,#157,#158,#159,#160,#161,#162,#163,#164),.UNSPECIFIED.,.F.,.F.,
(4,1,1,1,1,1,1,1,1,1,1,1,1,1,1,1,1,1,1,1,1,1,1,1,1,1,1,1,1,1,1,1,4),(0.E0,
3.125E-2,6.25E-2,9.375E-2,1.25E-1,1.5625E-1,1.875E-1,2.1875E-1,2.5E-1,2.8125E-1,
3.125E-1,3.4375E-1,3.75E-1,4.0625E-1,4.375E-1,4.6875E-1,5.E-1,5.3125E-1,
5.625E-1,5.9375E-1,6.25E-1,6.5625E-1,6.875E-1,7.1875E-1,7.5E-1,7.8125E-1,
8.125E-1,8.4375E-1,8.75E-1,9.0625E-1,9.375E-1,9.6875E-1,1.E0),.UNSPECIFIED.);
#199=B_SPLINE_CURVE_WITH_KNOTS('',3,(#170,#171,#172,#173,#174,#175,#176,#177,
#178,#179,#180,#181,#182,#183,#184,#185,#186,#187,#188,#189,#190,#191,#192,#193,
#194,#195,#196,#197,#198),.UNSPECIFIED.,.F.,.F.,(4,1,1,1,1,1,1,1,1,1,1,1,1,1,1,
1,1,1,1,1,1,1,1,1,1,1,4),(0.E0,3.846153846154E-2,7.692307692308E-2,
1.153846153846E-1,1.538461538462E-1,1.923076923077E-1,2.307692307692E-1,
2.692307692308E-1,3.076923076923E-1,3.461538461538E-1,3.846153846154E-1,
4.230769230769E-1,4.615384615385E-1,5.E-1,5.384615384615E-1,5.769230769231E-1,
6.153846153846E-1,6.538461538462E-1,6.923076923077E-1,7.307692307692E-1,
7.692307692308E-1,8.076923076923E-1,8.461538461538E-1,8.846153846154E-1,
9.230769230769E-1,9.615384615385E-1,1.E0),.UNSPECIFIED.);
#239=B_SPLINE_CURVE_WITH_KNOTS('',3,(#204,#205,#206,#207,#208,#209,#210,#211,
#212,#213,#214,#215,#216,#217,#218,#219,#220,#221,#222,#223,#224,#225,#226,#227,
#228,#229,#230,#231,#232,#233,#234,#235,#236,#237,#238),.UNSPECIFIED.,.F.,.F.,
(4,1,1,1,1,1,1,1,1,1,1,1,1,1,1,1,1,1,1,1,1,1,1,1,1,1,1,1,1,1,1,1,4),(0.E0,
3.125E-2,6.25E-2,9.375E-2,1.25E-1,1.5625E-1,1.875E-1,2.1875E-1,2.5E-1,2.8125E-1,
3.125E-1,3.4375E-1,3.75E-1,4.0625E-1,4.375E-1,4.6875E-1,5.E-1,5.3125E-1,
5.625E-1,5.9375E-1,6.25E-1,6.5625E-1,6.875E-1,7.1875E-1,7.5E-1,7.8125E-1,
8.125E-1,8.4375E-1,8.75E-1,9.0625E-1,9.375E-1,9.6875E-1,1.E0),.UNSPECIFIED.);
#279=B_SPLINE_CURVE_WITH_KNOTS('',3,(#244,#245,#246,#247,#248,#249,#250,#251,
#252,#253,#254,#255,#256,#257,#258,#259,#260,#261,#262,#263,#264,#265,#266,#267,
#268,#269,#270,#271,#272,#273,#274,#275,#276,#277,#278),.UNSPECIFIED.,.F.,.F.,
(4,1,1,1,1,1,1,1,1,1,1,1,1,1,1,1,1,1,1,1,1,1,1,1,1,1,1,1,1,1,1,1,4),(0.E0,
3.125E-2,6.25E-2,9.375E-2,1.25E-1,1.5625E-1,1.875E-1,2.1875E-1,2.5E-1,2.8125E-1,
3.125E-1,3.4375E-1,3.75E-1,4.0625E-1,4.375E-1,4.6875E-1,5.E-1,5.3125E-1,
5.625E-1,5.9375E-1,6.25E-1,6.5625E-1,6.875E-1,7.1875E-1,7.5E-1,7.8125E-1,
8.125E-1,8.4375E-1,8.75E-1,9.0625E-1,9.375E-1,9.6875E-1,1.E0),.UNSPECIFIED.);
#313=B_SPLINE_CURVE_WITH_KNOTS('',3,(#284,#285,#286,#287,#288,#289,#290,#291,
#292,#293,#294,#295,#296,#297,#298,#299,#300,#301,#302,#303,#304,#305,#306,#307,
#308,#309,#310,#311,#312),.UNSPECIFIED.,.F.,.F.,(4,1,1,1,1,1,1,1,1,1,1,1,1,1,1,
1,1,1,1,1,1,1,1,1,1,1,4),(0.E0,3.846153846154E-2,7.692307692308E-2,
1.153846153846E-1,1.538461538462E-1,1.923076923077E-1,2.307692307692E-1,
2.692307692308E-1,3.076923076923E-1,3.461538461538E-1,3.846153846154E-1,
4.230769230769E-1,4.615384615385E-1,5.E-1,5.384615384615E-1,5.769230769231E-1,
6.153846153846E-1,6.538461538462E-1,6.923076923077E-1,7.307692307692E-1,
7.692307692308E-1,8.076923076923E-1,8.461538461538E-1,8.846153846154E-1,
9.230769230769E-1,9.615384615385E-1,1.E0),.UNSPECIFIED.);
#353=B_SPLINE_CURVE_WITH_KNOTS('',3,(#318,#319,#320,#321,#322,#323,#324,#325,
#326,#327,#328,#329,#330,#331,#332,#333,#334,#335,#336,#337,#338,#339,#340,#341,
#342,#343,#344,#345,#346,#347,#348,#349,#350,#351,#352),.UNSPECIFIED.,.F.,.F.,
(4,1,1,1,1,1,1,1,1,1,1,1,1,1,1,1,1,1,1,1,1,1,1,1,1,1,1,1,1,1,1,1,4),(0.E0,
3.125E-2,6.25E-2,9.375E-2,1.25E-1,1.5625E-1,1.875E-1,2.1875E-1,2.5E-1,2.8125E-1,
3.125E-1,3.4375E-1,3.75E-1,4.0625E-1,4.375E-1,4.6875E-1,5.E-1,5.3125E-1,
5.625E-1,5.9375E-1,6.25E-1,6.5625E-1,6.875E-1,7.1875E-1,7.5E-1,7.8125E-1,
8.125E-1,8.4375E-1,8.75E-1,9.0625E-1,9.375E-1,9.6875E-1,1.E0),.UNSPECIFIED.);
#387=B_SPLINE_CURVE_WITH_KNOTS('',3,(#358,#359,#360,#361,#362,#363,#364,#365,
#366,#367,#368,#369,#370,#371,#372,#373,#374,#375,#376,#377,#378,#379,#380,#381,
#382,#383,#384,#385,#386),.UNSPECIFIED.,.F.,.F.,(4,1,1,1,1,1,1,1,1,1,1,1,1,1,1,
1,1,1,1,1,1,1,1,1,1,1,4),(0.E0,3.846153846154E-2,7.692307692308E-2,
1.153846153846E-1,1.538461538462E-1,1.923076923077E-1,2.307692307692E-1,
2.692307692308E-1,3.076923076923E-1,3.461538461538E-1,3.846153846154E-1,
4.230769230769E-1,4.615384615385E-1,5.E-1,5.384615384615E-1,5.769230769231E-1,
6.153846153846E-1,6.538461538462E-1,6.923076923077E-1,7.307692307692E-1,
7.692307692308E-1,8.076923076923E-1,8.461538461538E-1,8.846153846154E-1,
9.230769230769E-1,9.615384615385E-1,1.E0),.UNSPECIFIED.);
#421=B_SPLINE_CURVE_WITH_KNOTS('',3,(#392,#393,#394,#395,#396,#397,#398,#399,
#400,#401,#402,#403,#404,#405,#406,#407,#408,#409,#410,#411,#412,#413,#414,#415,
#416,#417,#418,#419,#420),.UNSPECIFIED.,.F.,.F.,(4,1,1,1,1,1,1,1,1,1,1,1,1,1,1,
1,1,1,1,1,1,1,1,1,1,1,4),(0.E0,3.846153846154E-2,7.692307692308E-2,
1.153846153846E-1,1.538461538462E-1,1.923076923077E-1,2.307692307692E-1,
2.692307692308E-1,3.076923076923E-1,3.461538461538E-1,3.846153846154E-1,
4.230769230769E-1,4.615384615385E-1,5.E-1,5.384615384615E-1,5.769230769231E-1,
6.153846153846E-1,6.538461538462E-1,6.923076923077E-1,7.307692307692E-1,
7.692307692308E-1,8.076923076923E-1,8.461538461538E-1,8.846153846154E-1,
9.230769230769E-1,9.615384615385E-1,1.E0),.UNSPECIFIED.);
#461=B_SPLINE_CURVE_WITH_KNOTS('',3,(#426,#427,#428,#429,#430,#431,#432,#433,
#434,#435,#436,#437,#438,#439,#440,#441,#442,#443,#444,#445,#446,#447,#448,#449,
#450,#451,#452,#453,#454,#455,#456,#457,#458,#459,#460),.UNSPECIFIED.,.F.,.F.,
(4,1,1,1,1,1,1,1,1,1,1,1,1,1,1,1,1,1,1,1,1,1,1,1,1,1,1,1,1,1,1,1,4),(0.E0,
3.125E-2,6.25E-2,9.375E-2,1.25E-1,1.5625E-1,1.875E-1,2.1875E-1,2.5E-1,2.8125E-1,
3.125E-1,3.4375E-1,3.75E-1,4.0625E-1,4.375E-1,4.6875E-1,5.E-1,5.3125E-1,
5.625E-1,5.9375E-1,6.25E-1,6.5625E-1,6.875E-1,7.1875E-1,7.5E-1,7.8125E-1,
8.125E-1,8.4375E-1,8.75E-1,9.0625E-1,9.375E-1,9.6875E-1,1.E0),.UNSPECIFIED.);
#634=CIRCLE('',#633,2.6E0);
#643=CIRCLE('',#642,2.6E0);
#656=CIRCLE('',#655,2.6E0);
#665=CIRCLE('',#664,2.6E0);
#694=CIRCLE('',#693,2.6E0);
#703=CIRCLE('',#702,2.6E0);
#716=CIRCLE('',#715,2.6E0);
#725=CIRCLE('',#724,2.6E0);
#754=CIRCLE('',#753,2.6E0);
#763=CIRCLE('',#762,2.6E0);
#776=CIRCLE('',#775,2.6E0);
#785=CIRCLE('',#784,2.6E0);
#810=CIRCLE('',#809,5.E-2);
#827=CIRCLE('',#826,1.E-1);
#836=CIRCLE('',#835,3.E-1);
#845=CIRCLE('',#844,3.E-1);
#854=CIRCLE('',#853,1.E-1);
#875=CIRCLE('',#874,3.E-1);
#905=B_SPLINE_CURVE_WITH_KNOTS('',3,(#876,#877,#878,#879,#880,#881,#882,#883,
#884,#885,#886,#887,#888,#889,#890,#891,#892,#893,#894,#895,#896,#897,#898,#899,
#900,#901,#902,#903,#904),.UNSPECIFIED.,.F.,.F.,(4,1,1,1,1,1,1,1,1,1,1,1,1,1,1,
1,1,1,1,1,1,1,1,1,1,1,4),(0.E0,3.846153846154E-2,7.692307692308E-2,
1.153846153846E-1,1.538461538462E-1,1.923076923077E-1,2.307692307692E-1,
2.692307692308E-1,3.076923076923E-1,3.461538461538E-1,3.846153846154E-1,
4.230769230769E-1,4.615384615385E-1,5.E-1,5.384615384615E-1,5.769230769231E-1,
6.153846153846E-1,6.538461538462E-1,6.923076923077E-1,7.307692307692E-1,
7.692307692308E-1,8.076923076923E-1,8.461538461538E-1,8.846153846154E-1,
9.230769230769E-1,9.615384615385E-1,1.E0),.UNSPECIFIED.);
#910=CIRCLE('',#909,2.999997237544E-1);
#915=CIRCLE('',#914,2.E-1);
#945=B_SPLINE_CURVE_WITH_KNOTS('',3,(#916,#917,#918,#919,#920,#921,#922,#923,
#924,#925,#926,#927,#928,#929,#930,#931,#932,#933,#934,#935,#936,#937,#938,#939,
#940,#941,#942,#943,#944),.UNSPECIFIED.,.F.,.F.,(4,1,1,1,1,1,1,1,1,1,1,1,1,1,1,
1,1,1,1,1,1,1,1,1,1,1,4),(0.E0,3.846153846154E-2,7.692307692308E-2,
1.153846153846E-1,1.538461538462E-1,1.923076923077E-1,2.307692307692E-1,
2.692307692308E-1,3.076923076923E-1,3.461538461538E-1,3.846153846154E-1,
4.230769230769E-1,4.615384615385E-1,5.E-1,5.384615384615E-1,5.769230769231E-1,
6.153846153846E-1,6.538461538462E-1,6.923076923077E-1,7.307692307692E-1,
7.692307692308E-1,8.076923076923E-1,8.461538461538E-1,8.846153846154E-1,
9.230769230769E-1,9.615384615385E-1,1.E0),.UNSPECIFIED.);
#950=CIRCLE('',#949,2.000000302815E-1);
#955=CIRCLE('',#954,3.E-1);
#1003=B_SPLINE_CURVE_WITH_KNOTS('',3,(#968,#969,#970,#971,#972,#973,#974,#975,
#976,#977,#978,#979,#980,#981,#982,#983,#984,#985,#986,#987,#988,#989,#990,#991,
#992,#993,#994,#995,#996,#997,#998,#999,#1000,#1001,#1002),.UNSPECIFIED.,.F.,
.F.,(4,1,1,1,1,1,1,1,1,1,1,1,1,1,1,1,1,1,1,1,1,1,1,1,1,1,1,1,1,1,1,1,4),(0.E0,
3.125E-2,6.25E-2,9.375E-2,1.25E-1,1.5625E-1,1.875E-1,2.1875E-1,2.5E-1,2.8125E-1,
3.125E-1,3.4375E-1,3.75E-1,4.0625E-1,4.375E-1,4.6875E-1,5.E-1,5.3125E-1,
5.625E-1,5.9375E-1,6.25E-1,6.5625E-1,6.875E-1,7.1875E-1,7.5E-1,7.8125E-1,
8.125E-1,8.4375E-1,8.75E-1,9.0625E-1,9.375E-1,9.6875E-1,1.E0),.UNSPECIFIED.);
#1008=CIRCLE('',#1007,2.999999926065E-1);
#1056=B_SPLINE_CURVE_WITH_KNOTS('',3,(#1021,#1022,#1023,#1024,#1025,#1026,#1027,
#1028,#1029,#1030,#1031,#1032,#1033,#1034,#1035,#1036,#1037,#1038,#1039,#1040,
#1041,#1042,#1043,#1044,#1045,#1046,#1047,#1048,#1049,#1050,#1051,#1052,#1053,
#1054,#1055),.UNSPECIFIED.,.F.,.F.,(4,1,1,1,1,1,1,1,1,1,1,1,1,1,1,1,1,1,1,1,1,1,
1,1,1,1,1,1,1,1,1,1,4),(0.E0,3.125E-2,6.25E-2,9.375E-2,1.25E-1,1.5625E-1,
1.875E-1,2.1875E-1,2.5E-1,2.8125E-1,3.125E-1,3.4375E-1,3.75E-1,4.0625E-1,
4.375E-1,4.6875E-1,5.E-1,5.3125E-1,5.625E-1,5.9375E-1,6.25E-1,6.5625E-1,
6.875E-1,7.1875E-1,7.5E-1,7.8125E-1,8.125E-1,8.4375E-1,8.75E-1,9.0625E-1,
9.375E-1,9.6875E-1,1.E0),.UNSPECIFIED.);
#1061=CIRCLE('',#1060,5.000003196903E-2);
#1066=CIRCLE('',#1065,2.E-1);
#1083=CIRCLE('',#1082,3.E-1);
#1092=CIRCLE('',#1091,1.E-1);
#1101=CIRCLE('',#1100,1.E-1);
#1110=CIRCLE('',#1109,3.E-1);
#1131=CIRCLE('',#1130,3.E-1);
#1167=B_SPLINE_CURVE_WITH_KNOTS('',3,(#1132,#1133,#1134,#1135,#1136,#1137,#1138,
#1139,#1140,#1141,#1142,#1143,#1144,#1145,#1146,#1147,#1148,#1149,#1150,#1151,
#1152,#1153,#1154,#1155,#1156,#1157,#1158,#1159,#1160,#1161,#1162,#1163,#1164,
#1165,#1166),.UNSPECIFIED.,.F.,.F.,(4,1,1,1,1,1,1,1,1,1,1,1,1,1,1,1,1,1,1,1,1,1,
1,1,1,1,1,1,1,1,1,1,4),(0.E0,3.125E-2,6.25E-2,9.375E-2,1.25E-1,1.5625E-1,
1.875E-1,2.1875E-1,2.5E-1,2.8125E-1,3.125E-1,3.4375E-1,3.75E-1,4.0625E-1,
4.375E-1,4.6875E-1,5.E-1,5.3125E-1,5.625E-1,5.9375E-1,6.25E-1,6.5625E-1,
6.875E-1,7.1875E-1,7.5E-1,7.8125E-1,8.125E-1,8.4375E-1,8.75E-1,9.0625E-1,
9.375E-1,9.6875E-1,1.E0),.UNSPECIFIED.);
#1172=CIRCLE('',#1171,2.999999926065E-1);
#1177=CIRCLE('',#1176,5.E-2);
#1225=B_SPLINE_CURVE_WITH_KNOTS('',3,(#1190,#1191,#1192,#1193,#1194,#1195,#1196,
#1197,#1198,#1199,#1200,#1201,#1202,#1203,#1204,#1205,#1206,#1207,#1208,#1209,
#1210,#1211,#1212,#1213,#1214,#1215,#1216,#1217,#1218,#1219,#1220,#1221,#1222,
#1223,#1224),.UNSPECIFIED.,.F.,.F.,(4,1,1,1,1,1,1,1,1,1,1,1,1,1,1,1,1,1,1,1,1,1,
1,1,1,1,1,1,1,1,1,1,4),(0.E0,3.125E-2,6.25E-2,9.375E-2,1.25E-1,1.5625E-1,
1.875E-1,2.1875E-1,2.5E-1,2.8125E-1,3.125E-1,3.4375E-1,3.75E-1,4.0625E-1,
4.375E-1,4.6875E-1,5.E-1,5.3125E-1,5.625E-1,5.9375E-1,6.25E-1,6.5625E-1,
6.875E-1,7.1875E-1,7.5E-1,7.8125E-1,8.125E-1,8.4375E-1,8.75E-1,9.0625E-1,
9.375E-1,9.6875E-1,1.E0),.UNSPECIFIED.);
#1230=CIRCLE('',#1229,5.000003196903E-2);
#1235=CIRCLE('',#1234,3.E-1);
#1277=B_SPLINE_CURVE_WITH_KNOTS('',3,(#1248,#1249,#1250,#1251,#1252,#1253,#1254,
#1255,#1256,#1257,#1258,#1259,#1260,#1261,#1262,#1263,#1264,#1265,#1266,#1267,
#1268,#1269,#1270,#1271,#1272,#1273,#1274,#1275,#1276),.UNSPECIFIED.,.F.,.F.,(4,
1,1,1,1,1,1,1,1,1,1,1,1,1,1,1,1,1,1,1,1,1,1,1,1,1,4),(0.E0,3.846153846154E-2,
7.692307692308E-2,1.153846153846E-1,1.538461538462E-1,1.923076923077E-1,
2.307692307692E-1,2.692307692308E-1,3.076923076923E-1,3.461538461538E-1,
3.846153846154E-1,4.230769230769E-1,4.615384615385E-1,5.E-1,5.384615384615E-1,
5.769230769231E-1,6.153846153846E-1,6.538461538462E-1,6.923076923077E-1,
7.307692307692E-1,7.692307692308E-1,8.076923076923E-1,8.461538461538E-1,
8.846153846154E-1,9.230769230769E-1,9.615384615385E-1,1.E0),.UNSPECIFIED.);
#1282=CIRCLE('',#1281,2.999997237544E-1);
#1312=B_SPLINE_CURVE_WITH_KNOTS('',3,(#1283,#1284,#1285,#1286,#1287,#1288,#1289,
#1290,#1291,#1292,#1293,#1294,#1295,#1296,#1297,#1298,#1299,#1300,#1301,#1302,
#1303,#1304,#1305,#1306,#1307,#1308,#1309,#1310,#1311),.UNSPECIFIED.,.F.,.F.,(4,
1,1,1,1,1,1,1,1,1,1,1,1,1,1,1,1,1,1,1,1,1,1,1,1,1,4),(0.E0,3.846153846154E-2,
7.692307692308E-2,1.153846153846E-1,1.538461538462E-1,1.923076923077E-1,
2.307692307692E-1,2.692307692308E-1,3.076923076923E-1,3.461538461538E-1,
3.846153846154E-1,4.230769230769E-1,4.615384615385E-1,5.E-1,5.384615384615E-1,
5.769230769231E-1,6.153846153846E-1,6.538461538462E-1,6.923076923077E-1,
7.307692307692E-1,7.692307692308E-1,8.076923076923E-1,8.461538461538E-1,
8.846153846154E-1,9.230769230769E-1,9.615384615385E-1,1.E0),.UNSPECIFIED.);
#1317=CIRCLE('',#1316,2.000000302815E-1);
#1322=CIRCLE('',#1321,5.E-2);
#1358=B_SPLINE_CURVE_WITH_KNOTS('',3,(#1323,#1324,#1325,#1326,#1327,#1328,#1329,
#1330,#1331,#1332,#1333,#1334,#1335,#1336,#1337,#1338,#1339,#1340,#1341,#1342,
#1343,#1344,#1345,#1346,#1347,#1348,#1349,#1350,#1351,#1352,#1353,#1354,#1355,
#1356,#1357),.UNSPECIFIED.,.F.,.F.,(4,1,1,1,1,1,1,1,1,1,1,1,1,1,1,1,1,1,1,1,1,1,
1,1,1,1,1,1,1,1,1,1,4),(0.E0,3.125E-2,6.25E-2,9.375E-2,1.25E-1,1.5625E-1,
1.875E-1,2.1875E-1,2.5E-1,2.8125E-1,3.125E-1,3.4375E-1,3.75E-1,4.0625E-1,
4.375E-1,4.6875E-1,5.E-1,5.3125E-1,5.625E-1,5.9375E-1,6.25E-1,6.5625E-1,
6.875E-1,7.1875E-1,7.5E-1,7.8125E-1,8.125E-1,8.4375E-1,8.75E-1,9.0625E-1,
9.375E-1,9.6875E-1,1.E0),.UNSPECIFIED.);
#1363=CIRCLE('',#1362,5.000003196903E-2);
#1368=CIRCLE('',#1367,3.E-1);
#1398=B_SPLINE_CURVE_WITH_KNOTS('',3,(#1369,#1370,#1371,#1372,#1373,#1374,#1375,
#1376,#1377,#1378,#1379,#1380,#1381,#1382,#1383,#1384,#1385,#1386,#1387,#1388,
#1389,#1390,#1391,#1392,#1393,#1394,#1395,#1396,#1397),.UNSPECIFIED.,.F.,.F.,(4,
1,1,1,1,1,1,1,1,1,1,1,1,1,1,1,1,1,1,1,1,1,1,1,1,1,4),(0.E0,3.846153846154E-2,
7.692307692308E-2,1.153846153846E-1,1.538461538462E-1,1.923076923077E-1,
2.307692307692E-1,2.692307692308E-1,3.076923076923E-1,3.461538461538E-1,
3.846153846154E-1,4.230769230769E-1,4.615384615385E-1,5.E-1,5.384615384615E-1,
5.769230769231E-1,6.153846153846E-1,6.538461538462E-1,6.923076923077E-1,
7.307692307692E-1,7.692307692308E-1,8.076923076923E-1,8.461538461538E-1,
8.846153846154E-1,9.230769230769E-1,9.615384615385E-1,1.E0),.UNSPECIFIED.);
#1403=CIRCLE('',#1402,2.999997237544E-1);
#1408=CIRCLE('',#1407,2.E-1);
#1438=B_SPLINE_CURVE_WITH_KNOTS('',3,(#1409,#1410,#1411,#1412,#1413,#1414,#1415,
#1416,#1417,#1418,#1419,#1420,#1421,#1422,#1423,#1424,#1425,#1426,#1427,#1428,
#1429,#1430,#1431,#1432,#1433,#1434,#1435,#1436,#1437),.UNSPECIFIED.,.F.,.F.,(4,
1,1,1,1,1,1,1,1,1,1,1,1,1,1,1,1,1,1,1,1,1,1,1,1,1,4),(0.E0,3.846153846154E-2,
7.692307692308E-2,1.153846153846E-1,1.538461538462E-1,1.923076923077E-1,
2.307692307692E-1,2.692307692308E-1,3.076923076923E-1,3.461538461538E-1,
3.846153846154E-1,4.230769230769E-1,4.615384615385E-1,5.E-1,5.384615384615E-1,
5.769230769231E-1,6.153846153846E-1,6.538461538462E-1,6.923076923077E-1,
7.307692307692E-1,7.692307692308E-1,8.076923076923E-1,8.461538461538E-1,
8.846153846154E-1,9.230769230769E-1,9.615384615385E-1,1.E0),.UNSPECIFIED.);
#1443=CIRCLE('',#1442,2.000000302815E-1);
#1448=CIRCLE('',#1447,3.E-1);
#1465=CIRCLE('',#1464,1.E-1);
#1474=CIRCLE('',#1473,1.E-1);
#1483=CIRCLE('',#1482,3.E-1);
#1492=CIRCLE('',#1491,3.E-1);
#1568=B_SPLINE_CURVE_WITH_KNOTS('',3,(#1533,#1534,#1535,#1536,#1537,#1538,#1539,
#1540,#1541,#1542,#1543,#1544,#1545,#1546,#1547,#1548,#1549,#1550,#1551,#1552,
#1553,#1554,#1555,#1556,#1557,#1558,#1559,#1560,#1561,#1562,#1563,#1564,#1565,
#1566,#1567),.UNSPECIFIED.,.F.,.F.,(4,1,1,1,1,1,1,1,1,1,1,1,1,1,1,1,1,1,1,1,1,1,
1,1,1,1,1,1,1,1,1,1,4),(0.E0,3.125E-2,6.25E-2,9.375E-2,1.25E-1,1.5625E-1,
1.875E-1,2.1875E-1,2.5E-1,2.8125E-1,3.125E-1,3.4375E-1,3.75E-1,4.0625E-1,
4.375E-1,4.6875E-1,5.E-1,5.3125E-1,5.625E-1,5.9375E-1,6.25E-1,6.5625E-1,
6.875E-1,7.1875E-1,7.5E-1,7.8125E-1,8.125E-1,8.4375E-1,8.75E-1,9.0625E-1,
9.375E-1,9.6875E-1,1.E0),.UNSPECIFIED.);
#1573=CIRCLE('',#1572,2.999999926065E-1);
#1839=EDGE_CURVE('',#1576,#1577,#5,.T.);
#1841=EDGE_CURVE('',#1581,#1576,#9,.T.);
#1843=EDGE_CURVE('',#1579,#1581,#13,.T.);
#1845=EDGE_CURVE('',#1577,#1579,#17,.T.);
#1849=EDGE_CURVE('',#1722,#1723,#21,.T.);
#1851=EDGE_CURVE('',#1749,#1722,#57,.T.);
#1853=EDGE_CURVE('',#1748,#1749,#61,.T.);
#1855=EDGE_CURVE('',#1739,#1748,#91,.T.);
#1857=EDGE_CURVE('',#1738,#1739,#95,.T.);
#1859=EDGE_CURVE('',#1733,#1738,#125,.T.);
#1861=EDGE_CURVE('',#1732,#1733,#129,.T.);
#1863=EDGE_CURVE('',#1723,#1732,#165,.T.);
#1867=EDGE_CURVE('',#1798,#1799,#169,.T.);
#1869=EDGE_CURVE('',#1811,#1798,#199,.T.);
#1871=EDGE_CURVE('',#1810,#1811,#203,.T.);
#1873=EDGE_CURVE('',#1823,#1810,#239,.T.);
#1875=EDGE_CURVE('',#1822,#1823,#243,.T.);
#1877=EDGE_CURVE('',#1833,#1822,#279,.T.);
#1879=EDGE_CURVE('',#1832,#1833,#283,.T.);
#1881=EDGE_CURVE('',#1799,#1832,#313,.T.);
#1885=EDGE_CURVE('',#1684,#1685,#317,.T.);
#1887=EDGE_CURVE('',#1691,#1684,#353,.T.);
#1889=EDGE_CURVE('',#1690,#1691,#357,.T.);
#1891=EDGE_CURVE('',#1695,#1690,#387,.T.);
#1893=EDGE_CURVE('',#1694,#1695,#391,.T.);
#1895=EDGE_CURVE('',#1703,#1694,#421,.T.);
#1897=EDGE_CURVE('',#1702,#1703,#425,.T.);
#1899=EDGE_CURVE('',#1685,#1702,#461,.T.);
#1903=ADVANCED_FACE('',(#1848,#1866,#1884,#1902),#1838,.T.);
#1910=EDGE_CURVE('',#1577,#1585,#469,.T.);
#1912=EDGE_CURVE('',#1584,#1585,#481,.T.);
#1914=EDGE_CURVE('',#1576,#1584,#465,.T.);
#1918=ADVANCED_FACE('',(#1917),#1908,.T.);
#1925=EDGE_CURVE('',#1579,#1587,#473,.T.);
#1927=EDGE_CURVE('',#1585,#1587,#485,.T.);
#1932=ADVANCED_FACE('',(#1931),#1923,.T.);
#1939=EDGE_CURVE('',#1581,#1589,#477,.T.);
#1941=EDGE_CURVE('',#1587,#1589,#489,.T.);
#1946=ADVANCED_FACE('',(#1945),#1937,.T.);
#1954=EDGE_CURVE('',#1589,#1584,#493,.T.);
#1959=ADVANCED_FACE('',(#1958),#1951,.T.);
#1971=EDGE_CURVE('',#1654,#1655,#497,.T.);
#1973=EDGE_CURVE('',#1655,#1657,#501,.T.);
#1975=EDGE_CURVE('',#1657,#1659,#505,.T.);
#1977=EDGE_CURVE('',#1659,#1661,#509,.T.);
#1979=EDGE_CURVE('',#1661,#1663,#513,.T.);
#1981=EDGE_CURVE('',#1663,#1665,#517,.T.);
#1983=EDGE_CURVE('',#1665,#1654,#521,.T.);
#1987=EDGE_CURVE('',#1608,#1609,#525,.T.);
#1989=EDGE_CURVE('',#1609,#1613,#529,.T.);
#1991=EDGE_CURVE('',#1612,#1613,#533,.T.);
#1993=EDGE_CURVE('',#1608,#1612,#537,.T.);
#1997=EDGE_CURVE('',#1780,#1781,#541,.T.);
#1999=EDGE_CURVE('',#1781,#1785,#545,.T.);
#2001=EDGE_CURVE('',#1784,#1785,#549,.T.);
#2003=EDGE_CURVE('',#1780,#1784,#553,.T.);
#2007=EDGE_CURVE('',#1632,#1633,#557,.T.);
#2009=EDGE_CURVE('',#1633,#1637,#561,.T.);
#2011=EDGE_CURVE('',#1636,#1637,#565,.T.);
#2013=EDGE_CURVE('',#1632,#1636,#569,.T.);
#2017=ADVANCED_FACE('',(#1970,#1986,#1996,#2006,#2016),#1964,.F.);
#2024=EDGE_CURVE('',#1654,#1641,#573,.T.);
#2026=EDGE_CURVE('',#1641,#1643,#625,.T.);
#2028=EDGE_CURVE('',#1655,#1643,#597,.T.);
#2032=ADVANCED_FACE('',(#2031),#2022,.F.);
#2038=EDGE_CURVE('',#1665,#1640,#577,.T.);
#2040=EDGE_CURVE('',#1640,#1641,#601,.T.);
#2046=ADVANCED_FACE('',(#2045),#2037,.F.);
#2053=EDGE_CURVE('',#1663,#1651,#581,.T.);
#2055=EDGE_CURVE('',#1651,#1640,#605,.T.);
#2060=ADVANCED_FACE('',(#2059),#2051,.F.);
#2067=EDGE_CURVE('',#1661,#1649,#585,.T.);
#2069=EDGE_CURVE('',#1649,#1651,#609,.T.);
#2074=ADVANCED_FACE('',(#2073),#2065,.F.);
#2081=EDGE_CURVE('',#1659,#1647,#589,.T.);
#2083=EDGE_CURVE('',#1647,#1649,#613,.T.);
#2088=ADVANCED_FACE('',(#2087),#2079,.F.);
#2095=EDGE_CURVE('',#1657,#1645,#593,.T.);
#2097=EDGE_CURVE('',#1645,#1647,#617,.T.);
#2102=ADVANCED_FACE('',(#2101),#2093,.F.);
#2110=EDGE_CURVE('',#1643,#1645,#621,.T.);
#2115=ADVANCED_FACE('',(#2114),#2107,.F.);
#2130=ADVANCED_FACE('',(#2129),#2120,.T.);
#2137=EDGE_CURVE('',#1608,#1592,#629,.T.);
#2139=EDGE_CURVE('',#1592,#1593,#634,.T.);
#2141=EDGE_CURVE('',#1593,#1595,#638,.T.);
#2143=EDGE_CURVE('',#1595,#1597,#643,.T.);
#2145=EDGE_CURVE('',#1597,#1609,#647,.T.);
#2149=ADVANCED_FACE('',(#2148),#2135,.F.);
#2157=EDGE_CURVE('',#1612,#1600,#669,.T.);
#2159=EDGE_CURVE('',#1592,#1600,#685,.T.);
#2163=ADVANCED_FACE('',(#2162),#2154,.T.);
#2170=EDGE_CURVE('',#1605,#1613,#651,.T.);
#2172=EDGE_CURVE('',#1603,#1605,#656,.T.);
#2174=EDGE_CURVE('',#1601,#1603,#660,.T.);
#2176=EDGE_CURVE('',#1600,#1601,#665,.T.);
#2181=ADVANCED_FACE('',(#2180),#2168,.T.);
#2188=EDGE_CURVE('',#1597,#1605,#673,.T.);
#2194=ADVANCED_FACE('',(#2193),#2186,.T.);
#2201=EDGE_CURVE('',#1595,#1603,#677,.T.);
#2207=ADVANCED_FACE('',(#2206),#2199,.T.);
#2214=EDGE_CURVE('',#1593,#1601,#681,.T.);
#2220=ADVANCED_FACE('',(#2219),#2212,.T.);
#2232=ADVANCED_FACE('',(#2231),#2225,.F.);
#2239=EDGE_CURVE('',#1780,#1768,#689,.T.);
#2241=EDGE_CURVE('',#1768,#1769,#694,.T.);
#2243=EDGE_CURVE('',#1769,#1764,#698,.T.);
#2245=EDGE_CURVE('',#1764,#1765,#703,.T.);
#2247=EDGE_CURVE('',#1765,#1781,#707,.T.);
#2251=ADVANCED_FACE('',(#2250),#2237,.F.);
#2258=EDGE_CURVE('',#1784,#1776,#729,.T.);
#2260=EDGE_CURVE('',#1768,#1776,#745,.T.);
#2265=ADVANCED_FACE('',(#2264),#2256,.T.);
#2272=EDGE_CURVE('',#1773,#1785,#711,.T.);
#2274=EDGE_CURVE('',#1772,#1773,#716,.T.);
#2276=EDGE_CURVE('',#1777,#1772,#720,.T.);
#2278=EDGE_CURVE('',#1776,#1777,#725,.T.);
#2283=ADVANCED_FACE('',(#2282),#2270,.T.);
#2291=EDGE_CURVE('',#1765,#1773,#733,.T.);
#2296=ADVANCED_FACE('',(#2295),#2288,.T.);
#2303=EDGE_CURVE('',#1764,#1772,#737,.T.);
#2309=ADVANCED_FACE('',(#2308),#2301,.T.);
#2316=EDGE_CURVE('',#1769,#1777,#741,.T.);
#2322=ADVANCED_FACE('',(#2321),#2314,.T.);
#2334=ADVANCED_FACE('',(#2333),#2327,.F.);
#2341=EDGE_CURVE('',#1632,#1616,#749,.T.);
#2343=EDGE_CURVE('',#1616,#1617,#754,.T.);
#2345=EDGE_CURVE('',#1617,#1619,#758,.T.);
#2347=EDGE_CURVE('',#1619,#1621,#763,.T.);
#2349=EDGE_CURVE('',#1621,#1633,#767,.T.);
#2353=ADVANCED_FACE('',(#2352),#2339,.F.);
#2361=EDGE_CURVE('',#1636,#1624,#789,.T.);
#2363=EDGE_CURVE('',#1616,#1624,#805,.T.);
#2367=ADVANCED_FACE('',(#2366),#2358,.T.);
#2374=EDGE_CURVE('',#1629,#1637,#771,.T.);
#2376=EDGE_CURVE('',#1627,#1629,#776,.T.);
#2378=EDGE_CURVE('',#1625,#1627,#780,.T.);
#2380=EDGE_CURVE('',#1624,#1625,#785,.T.);
#2385=ADVANCED_FACE('',(#2384),#2372,.T.);
#2392=EDGE_CURVE('',#1621,#1629,#793,.T.);
#2398=ADVANCED_FACE('',(#2397),#2390,.T.);
#2405=EDGE_CURVE('',#1619,#1627,#797,.T.);
#2411=ADVANCED_FACE('',(#2410),#2403,.F.);
#2418=EDGE_CURVE('',#1617,#1625,#801,.T.);
#2424=ADVANCED_FACE('',(#2423),#2416,.T.);
#2436=ADVANCED_FACE('',(#2435),#2429,.T.);
#2442=EDGE_CURVE('',#1719,#1715,#822,.T.);
#2444=EDGE_CURVE('',#1719,#1722,#810,.T.);
#2447=EDGE_CURVE('',#1723,#1715,#1061,.T.);
#2451=ADVANCED_FACE('',(#2450),#2441,.T.);
#2457=EDGE_CURVE('',#1715,#1713,#814,.T.);
#2459=EDGE_CURVE('',#1726,#1713,#858,.T.);
#2461=EDGE_CURVE('',#1719,#1726,#818,.T.);
#2466=ADVANCED_FACE('',(#2465),#2456,.F.);
#2472=EDGE_CURVE('',#1712,#1713,#827,.T.);
#2475=EDGE_CURVE('',#1715,#1717,#1056,.T.);
#2477=EDGE_CURVE('',#1717,#1712,#862,.T.);
#2481=ADVANCED_FACE('',(#2480),#2471,.F.);
#2488=EDGE_CURVE('',#1712,#1751,#831,.T.);
#2490=EDGE_CURVE('',#1761,#1751,#836,.T.);
#2492=EDGE_CURVE('',#1761,#1759,#840,.T.);
#2494=EDGE_CURVE('',#1753,#1759,#845,.T.);
#2496=EDGE_CURVE('',#1753,#1727,#849,.T.);
#2498=EDGE_CURVE('',#1726,#1727,#854,.T.);
#2503=ADVANCED_FACE('',(#2502),#2486,.T.);
#2510=EDGE_CURVE('',#1717,#1735,#866,.T.);
#2512=EDGE_CURVE('',#1735,#1751,#870,.T.);
#2517=ADVANCED_FACE('',(#2516),#2508,.F.);
#2524=EDGE_CURVE('',#1733,#1735,#910,.T.);
#2527=EDGE_CURVE('',#1717,#1732,#875,.T.);
#2531=ADVANCED_FACE('',(#2530),#2522,.T.);
#2658=EDGE_CURVE('',#1742,#1738,#915,.T.);
#2660=EDGE_CURVE('',#1735,#1742,#905,.T.);
#2665=ADVANCED_FACE('',(#2664),#2656,.T.);
#2672=EDGE_CURVE('',#1739,#1743,#950,.T.);
#2674=EDGE_CURVE('',#1742,#1743,#1012,.T.);
#2679=ADVANCED_FACE('',(#2678),#2670,.T.);
#2802=EDGE_CURVE('',#1745,#1748,#955,.T.);
#2804=EDGE_CURVE('',#1743,#1745,#945,.T.);
#2809=ADVANCED_FACE('',(#2808),#2800,.T.);
#2815=EDGE_CURVE('',#1745,#1729,#967,.T.);
#2819=EDGE_CURVE('',#1749,#1729,#1008,.T.);
#2823=ADVANCED_FACE('',(#2822),#2814,.T.);
#2829=EDGE_CURVE('',#1729,#1727,#959,.T.);
#2832=EDGE_CURVE('',#1745,#1753,#963,.T.);
#2837=ADVANCED_FACE('',(#2836),#2828,.F.);
#2845=EDGE_CURVE('',#1729,#1719,#1003,.T.);
#2850=ADVANCED_FACE('',(#2849),#2842,.F.);
#3022=ADVANCED_FACE('',(#3021),#3015,.T.);
#3029=EDGE_CURVE('',#1743,#1759,#1016,.T.);
#3035=ADVANCED_FACE('',(#3034),#3027,.F.);
#3044=EDGE_CURVE('',#1742,#1761,#1020,.T.);
#3048=ADVANCED_FACE('',(#3047),#3040,.F.);
#3060=ADVANCED_FACE('',(#3059),#3053,.F.);
#3232=ADVANCED_FACE('',(#3231),#3225,.T.);
#3238=EDGE_CURVE('',#1795,#1791,#1078,.T.);
#3240=EDGE_CURVE('',#1795,#1798,#1066,.T.);
#3243=EDGE_CURVE('',#1799,#1791,#1317,.T.);
#3247=ADVANCED_FACE('',(#3246),#3237,.T.);
#3253=EDGE_CURVE('',#1791,#1789,#1070,.T.);
#3255=EDGE_CURVE('',#1802,#1789,#1114,.T.);
#3257=EDGE_CURVE('',#1795,#1802,#1074,.T.);
#3262=ADVANCED_FACE('',(#3261),#3252,.F.);
#3268=EDGE_CURVE('',#1788,#1789,#1083,.T.);
#3271=EDGE_CURVE('',#1791,#1793,#1312,.T.);
#3273=EDGE_CURVE('',#1793,#1788,#1118,.T.);
#3277=ADVANCED_FACE('',(#3276),#3267,.F.);
#3284=EDGE_CURVE('',#1788,#1827,#1087,.T.);
#3286=EDGE_CURVE('',#1826,#1827,#1092,.T.);
#3288=EDGE_CURVE('',#1826,#1815,#1096,.T.);
#3290=EDGE_CURVE('',#1814,#1815,#1101,.T.);
#3292=EDGE_CURVE('',#1814,#1803,#1105,.T.);
#3294=EDGE_CURVE('',#1802,#1803,#1110,.T.);
#3299=ADVANCED_FACE('',(#3298),#3282,.T.);
#3306=EDGE_CURVE('',#1793,#1829,#1122,.T.);
#3308=EDGE_CURVE('',#1829,#1827,#1126,.T.);
#3313=ADVANCED_FACE('',(#3312),#3304,.F.);
#3320=EDGE_CURVE('',#1833,#1829,#1172,.T.);
#3323=EDGE_CURVE('',#1793,#1832,#1131,.T.);
#3327=ADVANCED_FACE('',(#3326),#3318,.T.);
#3494=EDGE_CURVE('',#1819,#1822,#1177,.T.);
#3496=EDGE_CURVE('',#1829,#1819,#1167,.T.);
#3501=ADVANCED_FACE('',(#3500),#3492,.T.);
#3507=EDGE_CURVE('',#1819,#1817,#1189,.T.);
#3511=EDGE_CURVE('',#1823,#1817,#1230,.T.);
#3515=ADVANCED_FACE('',(#3514),#3506,.T.);
#3521=EDGE_CURVE('',#1817,#1815,#1181,.T.);
#3524=EDGE_CURVE('',#1819,#1826,#1185,.T.);
#3529=ADVANCED_FACE('',(#3528),#3520,.F.);
#3537=EDGE_CURVE('',#1817,#1807,#1225,.T.);
#3539=EDGE_CURVE('',#1807,#1814,#1243,.T.);
#3543=ADVANCED_FACE('',(#3542),#3534,.F.);
#3710=EDGE_CURVE('',#1807,#1810,#1235,.T.);
#3716=ADVANCED_FACE('',(#3715),#3708,.T.);
#3722=EDGE_CURVE('',#1807,#1805,#1247,.T.);
#3726=EDGE_CURVE('',#1811,#1805,#1282,.T.);
#3730=ADVANCED_FACE('',(#3729),#3721,.T.);
#3736=EDGE_CURVE('',#1805,#1803,#1239,.T.);
#3743=ADVANCED_FACE('',(#3742),#3735,.F.);
#3751=EDGE_CURVE('',#1805,#1795,#1277,.T.);
#3756=ADVANCED_FACE('',(#3755),#3748,.F.);
#3888=ADVANCED_FACE('',(#3887),#3881,.T.);
#3900=ADVANCED_FACE('',(#3899),#3893,.F.);
#4028=ADVANCED_FACE('',(#4027),#4021,.T.);
#4035=EDGE_CURVE('',#1685,#1679,#1363,.T.);
#4037=EDGE_CURVE('',#1673,#1679,#1504,.T.);
#4039=EDGE_CURVE('',#1673,#1684,#1322,.T.);
#4043=ADVANCED_FACE('',(#4042),#4033,.T.);
#4210=EDGE_CURVE('',#1681,#1702,#1368,.T.);
#4212=EDGE_CURVE('',#1679,#1681,#1358,.T.);
#4217=ADVANCED_FACE('',(#4216),#4208,.T.);
#4224=EDGE_CURVE('',#1703,#1705,#1403,.T.);
#4226=EDGE_CURVE('',#1681,#1705,#1516,.T.);
#4231=ADVANCED_FACE('',(#4230),#4222,.T.);
#4358=EDGE_CURVE('',#1698,#1694,#1408,.T.);
#4360=EDGE_CURVE('',#1705,#1698,#1398,.T.);
#4365=ADVANCED_FACE('',(#4364),#4356,.T.);
#4372=EDGE_CURVE('',#1695,#1699,#1443,.T.);
#4374=EDGE_CURVE('',#1698,#1699,#1524,.T.);
#4379=ADVANCED_FACE('',(#4378),#4370,.T.);
#4502=EDGE_CURVE('',#1687,#1690,#1448,.T.);
#4504=EDGE_CURVE('',#1699,#1687,#1438,.T.);
#4509=ADVANCED_FACE('',(#4508),#4500,.T.);
#4515=EDGE_CURVE('',#1687,#1671,#1460,.T.);
#4519=EDGE_CURVE('',#1691,#1671,#1573,.T.);
#4523=ADVANCED_FACE('',(#4522),#4514,.T.);
#4529=EDGE_CURVE('',#1671,#1669,#1452,.T.);
#4531=EDGE_CURVE('',#1669,#1709,#1496,.T.);
#4533=EDGE_CURVE('',#1687,#1709,#1456,.T.);
#4538=ADVANCED_FACE('',(#4537),#4528,.F.);
#4544=EDGE_CURVE('',#1668,#1669,#1465,.T.);
#4547=EDGE_CURVE('',#1671,#1673,#1568,.T.);
#4549=EDGE_CURVE('',#1673,#1668,#1500,.T.);
#4553=ADVANCED_FACE('',(#4552),#4543,.F.);
#4560=EDGE_CURVE('',#1677,#1668,#1469,.T.);
#4562=EDGE_CURVE('',#1676,#1677,#1474,.T.);
#4564=EDGE_CURVE('',#1707,#1676,#1478,.T.);
#4566=EDGE_CURVE('',#1757,#1707,#1483,.T.);
#4568=EDGE_CURVE('',#1755,#1757,#1487,.T.);
#4570=EDGE_CURVE('',#1709,#1755,#1492,.T.);
#4575=ADVANCED_FACE('',(#4574),#4558,.T.);
#4583=EDGE_CURVE('',#1679,#1677,#1508,.T.);
#4588=ADVANCED_FACE('',(#4587),#4580,.F.);
#4597=EDGE_CURVE('',#1681,#1676,#1512,.T.);
#4601=ADVANCED_FACE('',(#4600),#4593,.F.);
#4609=EDGE_CURVE('',#1705,#1707,#1520,.T.);
#4614=ADVANCED_FACE('',(#4613),#4606,.F.);
#4623=EDGE_CURVE('',#1698,#1757,#1532,.T.);
#4627=ADVANCED_FACE('',(#4626),#4619,.F.);
#4634=EDGE_CURVE('',#1699,#1755,#1528,.T.);
#4640=ADVANCED_FACE('',(#4639),#4632,.F.);
#4652=ADVANCED_FACE('',(#4651),#4645,.F.);
#4824=ADVANCED_FACE('',(#4823),#4817,.T.);
#4827=(LENGTH_UNIT()NAMED_UNIT(*)SI_UNIT(.MILLI.,.METRE.));
#4828=(NAMED_UNIT(*)PLANE_ANGLE_UNIT()SI_UNIT($,.RADIAN.));
#4831=(NAMED_UNIT(*)SI_UNIT($,.STERADIAN.)SOLID_ANGLE_UNIT());
#4833=(GEOMETRIC_REPRESENTATION_CONTEXT(3)GLOBAL_UNCERTAINTY_ASSIGNED_CONTEXT((
#4832))GLOBAL_UNIT_ASSIGNED_CONTEXT((#4827,#4830,#4831))REPRESENTATION_CONTEXT(
'ID1','3'));
#4834=ADVANCED_BREP_SHAPE_REPRESENTATION('',(#4826),#4833);
#4841=PRODUCT_DEFINITION('part definition','',#4840,#4837);
#4842=PRODUCT_DEFINITION_SHAPE('','SHAPE FOR C-215297-3.',#4841);
#4843=SHAPE_ASPECT('','solid data associated with C-215297-3',#4842,.F.);
#4844=PROPERTY_DEFINITION('',
'shape for solid data with which properties are associated',#4843);
#4845=SHAPE_REPRESENTATION('',(#4826),#4833);
#4846=SHAPE_DEFINITION_REPRESENTATION(#4844,#4845);
#4847=(LENGTH_UNIT()NAMED_UNIT(*)SI_UNIT(.MILLI.,.METRE.));
#4851=PROPERTY_DEFINITION('geometric validation property','area of C-215297-3',
#4843);
#4852=REPRESENTATION('surface area',(#4850),#4833);
#4853=PROPERTY_DEFINITION_REPRESENTATION(#4851,#4852);
#4854=(LENGTH_UNIT()NAMED_UNIT(*)SI_UNIT(.MILLI.,.METRE.));
#4858=PROPERTY_DEFINITION('geometric validation property',
'volume of C-215297-3',#4843);
#4859=REPRESENTATION('volume',(#4857),#4833);
#4860=PROPERTY_DEFINITION_REPRESENTATION(#4858,#4859);
#4862=PROPERTY_DEFINITION('geometric validation property',
'centroid of C-215297-3',#4843);
#4863=REPRESENTATION('centroid',(#4861),#4833);
#4864=PROPERTY_DEFINITION_REPRESENTATION(#4862,#4863);
#4865=(LENGTH_UNIT()NAMED_UNIT(*)SI_UNIT(.MILLI.,.METRE.));
#4869=PROPERTY_DEFINITION('geometric validation property','area of C-215297-3',
#4842);
#4870=REPRESENTATION('surface area',(#4868),#4833);
#4871=PROPERTY_DEFINITION_REPRESENTATION(#4869,#4870);
#4872=(LENGTH_UNIT()NAMED_UNIT(*)SI_UNIT(.MILLI.,.METRE.));
#4876=PROPERTY_DEFINITION('geometric validation property',
'volume of C-215297-3',#4842);
#4877=REPRESENTATION('volume',(#4875),#4833);
#4878=PROPERTY_DEFINITION_REPRESENTATION(#4876,#4877);
#4880=PROPERTY_DEFINITION('geometric validation property',
'centroid of C-215297-3',#4842);
#4881=REPRESENTATION('centroid',(#4879),#4833);
#4882=PROPERTY_DEFINITION_REPRESENTATION(#4880,#4881);
#4883=SHAPE_DEFINITION_REPRESENTATION(#4842,#4834);
ENDSEC;
END-ISO-10303-21;
