ISO-10303-21;
HEADER;
/* Generated by software containing ST-Developer
 * from STEP Tools, Inc. (www.steptools.com) 
 */

FILE_DESCRIPTION(
/* description */ (''),
/* implementation_level */ '2;1');

FILE_NAME(
/* name */ 'RPiAIHATPlus.stp',
/* time_stamp */ '2025-05-16T19:43:30+02:00',
/* author */ ('pizag'),
/* organization */ (''),
/* preprocessor_version */ 'ST-DEVELOPER v20',
/* originating_system */ 'Autodesk Inventor 2025',
/* authorisation */ '');

FILE_SCHEMA (('AUTOMOTIVE_DESIGN { 1 0 10303 214 3 1 1 }'));
ENDSEC;

DATA;
#10=MECHANICAL_DESIGN_GEOMETRIC_PRESENTATION_REPRESENTATION('',(#7715,#7716,
#7717,#7718,#7719,#7720,#7721,#7722,#7723,#7724,#7725,#7726,#7727,#7728,
#7729,#7730,#7731,#7732,#7733,#7734,#7735,#7736,#7737,#7738,#7739,#7740,
#7741,#7742,#7743,#7744,#7745,#7746,#7747,#7748,#7749,#7750,#7751,#7752,
#7753,#7754,#7755,#7756,#7757,#7758,#7759,#7760,#7761,#7762,#7763,#7764,
#7765,#7766,#7767,#7768,#7769,#7770,#7771,#7772,#7773,#7774,#7775,#7776,
#7777,#7778,#7779,#7780,#7781,#7782,#7783,#7784,#7785,#7786,#7787,#7788,
#7789,#7790,#7791,#7792,#7793,#7794,#7795,#7796,#7797,#7798,#7799,#7800,
#7801,#7802,#7803,#7804,#7805,#7806,#7807,#7808,#7809,#7810,#7811,#7812,
#7813,#7814,#7815,#7816,#7817,#7818,#7819,#7820,#7821,#7822,#7823,#7824,
#7825,#7826,#7827,#7828,#7829,#7830,#7831,#7832,#7833,#7834,#7835,#7836,
#7837,#7838,#7839,#7840,#7841,#7842,#7843,#7844,#7845,#7846,#7847,#7848,
#7849,#7850),#13758);
#11=ITEM_DEFINED_TRANSFORMATION($,$,#8417,#8965);
#12=ITEM_DEFINED_TRANSFORMATION($,$,#8916,#8966);
#13=ITEM_DEFINED_TRANSFORMATION($,$,#8936,#8967);
#14=ITEM_DEFINED_TRANSFORMATION($,$,#8916,#8968);
#15=ITEM_DEFINED_TRANSFORMATION($,$,#8936,#8969);
#16=ITEM_DEFINED_TRANSFORMATION($,$,#8916,#8970);
#17=ITEM_DEFINED_TRANSFORMATION($,$,#8936,#8971);
#18=ITEM_DEFINED_TRANSFORMATION($,$,#8916,#8972);
#19=ITEM_DEFINED_TRANSFORMATION($,$,#8936,#8973);
#20=(
REPRESENTATION_RELATIONSHIP($,$,#13781,#13780)
REPRESENTATION_RELATIONSHIP_WITH_TRANSFORMATION(#11)
SHAPE_REPRESENTATION_RELATIONSHIP()
);
#21=(
REPRESENTATION_RELATIONSHIP($,$,#13782,#13780)
REPRESENTATION_RELATIONSHIP_WITH_TRANSFORMATION(#12)
SHAPE_REPRESENTATION_RELATIONSHIP()
);
#22=(
REPRESENTATION_RELATIONSHIP($,$,#13783,#13780)
REPRESENTATION_RELATIONSHIP_WITH_TRANSFORMATION(#13)
SHAPE_REPRESENTATION_RELATIONSHIP()
);
#23=(
REPRESENTATION_RELATIONSHIP($,$,#13782,#13780)
REPRESENTATION_RELATIONSHIP_WITH_TRANSFORMATION(#14)
SHAPE_REPRESENTATION_RELATIONSHIP()
);
#24=(
REPRESENTATION_RELATIONSHIP($,$,#13783,#13780)
REPRESENTATION_RELATIONSHIP_WITH_TRANSFORMATION(#15)
SHAPE_REPRESENTATION_RELATIONSHIP()
);
#25=(
REPRESENTATION_RELATIONSHIP($,$,#13782,#13780)
REPRESENTATION_RELATIONSHIP_WITH_TRANSFORMATION(#16)
SHAPE_REPRESENTATION_RELATIONSHIP()
);
#26=(
REPRESENTATION_RELATIONSHIP($,$,#13783,#13780)
REPRESENTATION_RELATIONSHIP_WITH_TRANSFORMATION(#17)
SHAPE_REPRESENTATION_RELATIONSHIP()
);
#27=(
REPRESENTATION_RELATIONSHIP($,$,#13782,#13780)
REPRESENTATION_RELATIONSHIP_WITH_TRANSFORMATION(#18)
SHAPE_REPRESENTATION_RELATIONSHIP()
);
#28=(
REPRESENTATION_RELATIONSHIP($,$,#13783,#13780)
REPRESENTATION_RELATIONSHIP_WITH_TRANSFORMATION(#19)
SHAPE_REPRESENTATION_RELATIONSHIP()
);
#29=CONTEXT_DEPENDENT_SHAPE_REPRESENTATION(#20,#13771);
#30=CONTEXT_DEPENDENT_SHAPE_REPRESENTATION(#21,#13772);
#31=CONTEXT_DEPENDENT_SHAPE_REPRESENTATION(#22,#13773);
#32=CONTEXT_DEPENDENT_SHAPE_REPRESENTATION(#23,#13774);
#33=CONTEXT_DEPENDENT_SHAPE_REPRESENTATION(#24,#13775);
#34=CONTEXT_DEPENDENT_SHAPE_REPRESENTATION(#25,#13776);
#35=CONTEXT_DEPENDENT_SHAPE_REPRESENTATION(#26,#13777);
#36=CONTEXT_DEPENDENT_SHAPE_REPRESENTATION(#27,#13778);
#37=CONTEXT_DEPENDENT_SHAPE_REPRESENTATION(#28,#13779);
#38=NEXT_ASSEMBLY_USAGE_OCCURRENCE('RPiAIHATPlusBoard:1',
'RPiAIHATPlusBoard:1','RPiAIHATPlusBoard:1',#13785,#13786,
'RPiAIHATPlusBoard:1');
#39=NEXT_ASSEMBLY_USAGE_OCCURRENCE('RPiAIHATPlusLeg:1',
'RPiAIHATPlusLeg:1','RPiAIHATPlusLeg:1',#13785,#13787,
'RPiAIHATPlusLeg:1');
#40=NEXT_ASSEMBLY_USAGE_OCCURRENCE('RPiAIHATPlusScrew:1',
'RPiAIHATPlusScrew:1','RPiAIHATPlusScrew:1',#13785,#13788,
'RPiAIHATPlusScrew:1');
#41=NEXT_ASSEMBLY_USAGE_OCCURRENCE('RPiAIHATPlusLeg:2',
'RPiAIHATPlusLeg:2','RPiAIHATPlusLeg:2',#13785,#13787,
'RPiAIHATPlusLeg:2');
#42=NEXT_ASSEMBLY_USAGE_OCCURRENCE('RPiAIHATPlusScrew:2',
'RPiAIHATPlusScrew:2','RPiAIHATPlusScrew:2',#13785,#13788,
'RPiAIHATPlusScrew:2');
#43=NEXT_ASSEMBLY_USAGE_OCCURRENCE('RPiAIHATPlusLeg:3',
'RPiAIHATPlusLeg:3','RPiAIHATPlusLeg:3',#13785,#13787,
'RPiAIHATPlusLeg:3');
#44=NEXT_ASSEMBLY_USAGE_OCCURRENCE('RPiAIHATPlusScrew:3',
'RPiAIHATPlusScrew:3','RPiAIHATPlusScrew:3',#13785,#13788,
'RPiAIHATPlusScrew:3');
#45=NEXT_ASSEMBLY_USAGE_OCCURRENCE('RPiAIHATPlusLeg:4',
'RPiAIHATPlusLeg:4','RPiAIHATPlusLeg:4',#13785,#13787,
'RPiAIHATPlusLeg:4');
#46=NEXT_ASSEMBLY_USAGE_OCCURRENCE('RPiAIHATPlusScrew:4',
'RPiAIHATPlusScrew:4','RPiAIHATPlusScrew:4',#13785,#13788,
'RPiAIHATPlusScrew:4');
#47=(
BOUNDED_SURFACE()
B_SPLINE_SURFACE(2,2,((#13703,#13704,#13705,#13706,#13707,#13708,#13709,
#13710,#13711),(#13712,#13713,#13714,#13715,#13716,#13717,#13718,#13719,
#13720),(#13721,#13722,#13723,#13724,#13725,#13726,#13727,#13728,#13729)),
 .UNSPECIFIED.,.F.,.T.,.F.)
B_SPLINE_SURFACE_WITH_KNOTS((3,3),(3,2,2,2,3),(-0.927295218001609,2.22044604925031E-16),
(-3.14159265358979,-1.5707963267949,0.,1.5707963267949,3.14159265358979),
 .UNSPECIFIED.)
GEOMETRIC_REPRESENTATION_ITEM()
RATIONAL_B_SPLINE_SURFACE(((1.,0.707106781186548,1.,0.707106781186548,1.,
0.707106781186548,1.,0.707106781186548,1.),(0.894427190999915,0.632455532033675,
0.894427190999915,0.632455532033675,0.894427190999915,0.632455532033675,
0.894427190999915,0.632455532033675,0.894427190999915),(1.,0.707106781186548,
1.,0.707106781186548,1.,0.707106781186548,1.,0.707106781186548,1.)))
REPRESENTATION_ITEM('')
SURFACE()
);
#48=SHAPE_REPRESENTATION_RELATIONSHIP('SRR','None',#13781,#51);
#49=SHAPE_REPRESENTATION_RELATIONSHIP('SRR','None',#13782,#52);
#50=SHAPE_REPRESENTATION_RELATIONSHIP('SRR','None',#13783,#53);
#51=ADVANCED_BREP_SHAPE_REPRESENTATION('',(#158,#159,#160,#161,#162,#163),
#13755);
#52=ADVANCED_BREP_SHAPE_REPRESENTATION('',(#164),#13756);
#53=ADVANCED_BREP_SHAPE_REPRESENTATION('',(#165),#13757);
#54=CONICAL_SURFACE('',#8848,1.285,0.523598775598299);
#55=CONICAL_SURFACE('',#8851,1.285,0.523598775598299);
#56=CONICAL_SURFACE('',#8854,1.285,0.523598775598299);
#57=CONICAL_SURFACE('',#8857,1.285,0.523598775598299);
#58=CONICAL_SURFACE('',#8937,0.875000000000001,0.785398163397449);
#59=B_SPLINE_CURVE_WITH_KNOTS('',2,(#12465,#12466,#12467,#12468,#12469),
 .UNSPECIFIED.,.F.,.F.,(3,1,1,3),(0.,1.,2.,3.),.UNSPECIFIED.);
#60=B_SPLINE_CURVE_WITH_KNOTS('',2,(#12473,#12474,#12475,#12476,#12477),
 .UNSPECIFIED.,.F.,.F.,(3,1,1,3),(-3.,-2.,-1.,0.),.UNSPECIFIED.);
#61=B_SPLINE_CURVE_WITH_KNOTS('',2,(#12492,#12493,#12494,#12495,#12496,
#12497),.UNSPECIFIED.,.F.,.F.,(3,1,1,1,3),(0.,1.,2.,3.,4.),
 .UNSPECIFIED.);
#62=B_SPLINE_CURVE_WITH_KNOTS('',2,(#12499,#12500,#12501,#12502,#12503,
#12504),.UNSPECIFIED.,.F.,.F.,(3,1,1,1,3),(-4.,-3.,-2.,-1.,0.),
 .UNSPECIFIED.);
#63=B_SPLINE_CURVE_WITH_KNOTS('',2,(#12519,#12520,#12521,#12522,#12523,
#12524),.UNSPECIFIED.,.F.,.F.,(3,1,1,1,3),(0.,1.,2.,3.,4.),
 .UNSPECIFIED.);
#64=B_SPLINE_CURVE_WITH_KNOTS('',2,(#12526,#12527,#12528,#12529,#12530,
#12531),.UNSPECIFIED.,.F.,.F.,(3,1,1,1,3),(-4.,-3.,-2.,-1.,0.),
 .UNSPECIFIED.);
#65=B_SPLINE_CURVE_WITH_KNOTS('',2,(#12543,#12544,#12545,#12546,#12547),
 .UNSPECIFIED.,.F.,.F.,(3,1,1,3),(0.,1.,2.,3.),.UNSPECIFIED.);
#66=B_SPLINE_CURVE_WITH_KNOTS('',2,(#12548,#12549,#12550,#12551,#12552),
 .UNSPECIFIED.,.F.,.F.,(3,1,1,3),(-3.,-2.,-1.,0.),.UNSPECIFIED.);
#67=B_SPLINE_CURVE_WITH_KNOTS('',2,(#12556,#12557,#12558,#12559,#12560),
 .UNSPECIFIED.,.F.,.F.,(3,1,1,3),(0.,1.,2.,3.),.UNSPECIFIED.);
#68=B_SPLINE_CURVE_WITH_KNOTS('',2,(#12562,#12563,#12564,#12565,#12566,
#12567),.UNSPECIFIED.,.F.,.F.,(3,1,1,1,3),(0.,1.,2.,3.,4.),
 .UNSPECIFIED.);
#69=B_SPLINE_CURVE_WITH_KNOTS('',2,(#12569,#12570,#12571,#12572,#12573,
#12574),.UNSPECIFIED.,.F.,.F.,(3,1,1,1,3),(0.,1.,2.,3.,4.),
 .UNSPECIFIED.);
#70=B_SPLINE_CURVE_WITH_KNOTS('',2,(#12575,#12576,#12577,#12578,#12579,
#12580),.UNSPECIFIED.,.F.,.F.,(3,1,1,1,3),(0.,1.,2.,3.,4.),
 .UNSPECIFIED.);
#71=B_SPLINE_CURVE_WITH_KNOTS('',2,(#12593,#12594,#12595,#12596,#12597),
 .UNSPECIFIED.,.F.,.F.,(3,1,1,3),(0.,1.,2.,3.),.UNSPECIFIED.);
#72=B_SPLINE_CURVE_WITH_KNOTS('',2,(#12613,#12614,#12615,#12616,#12617,
#12618),.UNSPECIFIED.,.F.,.F.,(3,1,1,1,3),(0.,1.,2.,3.,4.),
 .UNSPECIFIED.);
#73=B_SPLINE_CURVE_WITH_KNOTS('',2,(#12633,#12634,#12635,#12636,#12637,
#12638),.UNSPECIFIED.,.F.,.F.,(3,1,1,1,3),(0.,1.,2.,3.,4.),
 .UNSPECIFIED.);
#74=B_SPLINE_CURVE_WITH_KNOTS('',2,(#12652,#12653,#12654,#12655,#12656,
#12657),.UNSPECIFIED.,.F.,.F.,(3,1,1,1,3),(0.,1.,2.,3.,4.),
 .UNSPECIFIED.);
#75=B_SPLINE_CURVE_WITH_KNOTS('',2,(#12663,#12664,#12665,#12666),
 .UNSPECIFIED.,.F.,.F.,(3,1,3),(0.,1.,2.),.UNSPECIFIED.);
#76=B_SPLINE_CURVE_WITH_KNOTS('',2,(#12668,#12669,#12670,#12671),
 .UNSPECIFIED.,.F.,.F.,(3,1,3),(0.,1.,2.),.UNSPECIFIED.);
#77=B_SPLINE_CURVE_WITH_KNOTS('',2,(#12675,#12676,#12677,#12678),
 .UNSPECIFIED.,.F.,.F.,(3,1,3),(0.,1.,2.),.UNSPECIFIED.);
#78=B_SPLINE_CURVE_WITH_KNOTS('',2,(#12679,#12680,#12681,#12682),
 .UNSPECIFIED.,.F.,.F.,(3,1,3),(0.,1.,2.),.UNSPECIFIED.);
#79=B_SPLINE_CURVE_WITH_KNOTS('',2,(#12698,#12699,#12700,#12701),
 .UNSPECIFIED.,.F.,.F.,(3,1,3),(0.,1.,2.),.UNSPECIFIED.);
#80=B_SPLINE_CURVE_WITH_KNOTS('',2,(#12712,#12713,#12714,#12715),
 .UNSPECIFIED.,.F.,.F.,(3,1,3),(0.,1.,2.),.UNSPECIFIED.);
#81=B_SPLINE_CURVE_WITH_KNOTS('',2,(#12730,#12731,#12732,#12733),
 .UNSPECIFIED.,.F.,.F.,(3,1,3),(0.,1.,2.),.UNSPECIFIED.);
#82=B_SPLINE_CURVE_WITH_KNOTS('',2,(#12743,#12744,#12745,#12746),
 .UNSPECIFIED.,.F.,.F.,(3,1,3),(0.,1.,2.),.UNSPECIFIED.);
#83=B_SPLINE_CURVE_WITH_KNOTS('',2,(#12770,#12771,#12772,#12773,#12774,
#12775),.UNSPECIFIED.,.F.,.F.,(3,1,1,1,3),(0.,1.,2.,3.,4.),
 .UNSPECIFIED.);
#84=B_SPLINE_CURVE_WITH_KNOTS('',2,(#12777,#12778,#12779,#12780),
 .UNSPECIFIED.,.F.,.F.,(3,1,3),(0.,1.,2.),.UNSPECIFIED.);
#85=B_SPLINE_CURVE_WITH_KNOTS('',2,(#12782,#12783,#12784),.UNSPECIFIED.,
 .F.,.F.,(3,3),(0.,1.),.UNSPECIFIED.);
#86=B_SPLINE_CURVE_WITH_KNOTS('',2,(#12788,#12789,#12790,#12791,#12792,
#12793),.UNSPECIFIED.,.F.,.F.,(3,1,1,1,3),(0.,1.,2.,3.,4.),
 .UNSPECIFIED.);
#87=B_SPLINE_CURVE_WITH_KNOTS('',2,(#12795,#12796,#12797,#12798,#12799,
#12800),.UNSPECIFIED.,.F.,.F.,(3,1,1,1,3),(0.,1.,2.,3.,4.),
 .UNSPECIFIED.);
#88=B_SPLINE_CURVE_WITH_KNOTS('',2,(#12804,#12805,#12806,#12807),
 .UNSPECIFIED.,.F.,.F.,(3,1,3),(0.,1.,2.),.UNSPECIFIED.);
#89=B_SPLINE_CURVE_WITH_KNOTS('',2,(#12809,#12810,#12811,#12812),
 .UNSPECIFIED.,.F.,.F.,(3,1,3),(0.,1.,2.),.UNSPECIFIED.);
#90=B_SPLINE_CURVE_WITH_KNOTS('',2,(#12814,#12815,#12816,#12817),
 .UNSPECIFIED.,.F.,.F.,(3,1,3),(0.,1.,2.),.UNSPECIFIED.);
#91=B_SPLINE_CURVE_WITH_KNOTS('',2,(#12840,#12841,#12842,#12843,#12844,
#12845),.UNSPECIFIED.,.F.,.F.,(3,1,1,1,3),(0.,1.,2.,3.,4.),
 .UNSPECIFIED.);
#92=B_SPLINE_CURVE_WITH_KNOTS('',2,(#12856,#12857,#12858,#12859),
 .UNSPECIFIED.,.F.,.F.,(3,1,3),(0.,1.,2.),.UNSPECIFIED.);
#93=B_SPLINE_CURVE_WITH_KNOTS('',2,(#12868,#12869,#12870),.UNSPECIFIED.,
 .F.,.F.,(3,3),(0.,1.),.UNSPECIFIED.);
#94=B_SPLINE_CURVE_WITH_KNOTS('',2,(#12889,#12890,#12891,#12892,#12893,
#12894),.UNSPECIFIED.,.F.,.F.,(3,1,1,1,3),(0.,1.,2.,3.,4.),
 .UNSPECIFIED.);
#95=B_SPLINE_CURVE_WITH_KNOTS('',2,(#12909,#12910,#12911,#12912,#12913,
#12914),.UNSPECIFIED.,.F.,.F.,(3,1,1,1,3),(0.,1.,2.,3.,4.),
 .UNSPECIFIED.);
#96=B_SPLINE_CURVE_WITH_KNOTS('',2,(#12929,#12930,#12931,#12932),
 .UNSPECIFIED.,.F.,.F.,(3,1,3),(0.,1.,2.),.UNSPECIFIED.);
#97=B_SPLINE_CURVE_WITH_KNOTS('',2,(#12943,#12944,#12945,#12946),
 .UNSPECIFIED.,.F.,.F.,(3,1,3),(0.,1.,2.),.UNSPECIFIED.);
#98=B_SPLINE_CURVE_WITH_KNOTS('',2,(#12957,#12958,#12959,#12960),
 .UNSPECIFIED.,.F.,.F.,(3,1,3),(0.,1.,2.),.UNSPECIFIED.);
#99=B_SPLINE_CURVE_WITH_KNOTS('',2,(#12973,#12974,#12975,#12976),
 .UNSPECIFIED.,.F.,.F.,(3,1,3),(0.,1.,2.),.UNSPECIFIED.);
#100=B_SPLINE_CURVE_WITH_KNOTS('',2,(#12978,#12979,#12980,#12981),
 .UNSPECIFIED.,.F.,.F.,(3,1,3),(0.,1.,2.),.UNSPECIFIED.);
#101=B_SPLINE_CURVE_WITH_KNOTS('',2,(#12985,#12986,#12987,#12988),
 .UNSPECIFIED.,.F.,.F.,(3,1,3),(0.,1.,2.),.UNSPECIFIED.);
#102=B_SPLINE_CURVE_WITH_KNOTS('',2,(#12990,#12991,#12992,#12993),
 .UNSPECIFIED.,.F.,.F.,(3,1,3),(0.,1.,2.),.UNSPECIFIED.);
#103=B_SPLINE_CURVE_WITH_KNOTS('',2,(#13001,#13002,#13003,#13004),
 .UNSPECIFIED.,.F.,.F.,(3,1,3),(0.,1.,2.),.UNSPECIFIED.);
#104=B_SPLINE_CURVE_WITH_KNOTS('',2,(#13006,#13007,#13008,#13009),
 .UNSPECIFIED.,.F.,.F.,(3,1,3),(0.,1.,2.),.UNSPECIFIED.);
#105=B_SPLINE_CURVE_WITH_KNOTS('',2,(#13013,#13014,#13015,#13016),
 .UNSPECIFIED.,.F.,.F.,(3,1,3),(0.,1.,2.),.UNSPECIFIED.);
#106=B_SPLINE_CURVE_WITH_KNOTS('',2,(#13018,#13019,#13020,#13021),
 .UNSPECIFIED.,.F.,.F.,(3,1,3),(0.,1.,2.),.UNSPECIFIED.);
#107=B_SPLINE_CURVE_WITH_KNOTS('',2,(#13040,#13041,#13042,#13043),
 .UNSPECIFIED.,.F.,.F.,(3,1,3),(0.,1.,2.),.UNSPECIFIED.);
#108=B_SPLINE_CURVE_WITH_KNOTS('',2,(#13054,#13055,#13056,#13057),
 .UNSPECIFIED.,.F.,.F.,(3,1,3),(0.,1.,2.),.UNSPECIFIED.);
#109=B_SPLINE_CURVE_WITH_KNOTS('',2,(#13072,#13073,#13074,#13075),
 .UNSPECIFIED.,.F.,.F.,(3,1,3),(0.,1.,2.),.UNSPECIFIED.);
#110=B_SPLINE_CURVE_WITH_KNOTS('',2,(#13086,#13087,#13088,#13089),
 .UNSPECIFIED.,.F.,.F.,(3,1,3),(0.,1.,2.),.UNSPECIFIED.);
#111=B_SPLINE_CURVE_WITH_KNOTS('',2,(#13112,#13113,#13114,#13115),
 .UNSPECIFIED.,.F.,.F.,(3,1,3),(0.,1.,2.),.UNSPECIFIED.);
#112=B_SPLINE_CURVE_WITH_KNOTS('',2,(#13126,#13127,#13128,#13129),
 .UNSPECIFIED.,.F.,.F.,(3,1,3),(0.,1.,2.),.UNSPECIFIED.);
#113=B_SPLINE_CURVE_WITH_KNOTS('',2,(#13144,#13145,#13146,#13147),
 .UNSPECIFIED.,.F.,.F.,(3,1,3),(0.,1.,2.),.UNSPECIFIED.);
#114=B_SPLINE_CURVE_WITH_KNOTS('',2,(#13158,#13159,#13160,#13161),
 .UNSPECIFIED.,.F.,.F.,(3,1,3),(0.,1.,2.),.UNSPECIFIED.);
#115=B_SPLINE_CURVE_WITH_KNOTS('',2,(#13174,#13175,#13176,#13177),
 .UNSPECIFIED.,.F.,.F.,(3,1,3),(0.,1.,2.),.UNSPECIFIED.);
#116=B_SPLINE_CURVE_WITH_KNOTS('',2,(#13179,#13180,#13181,#13182),
 .UNSPECIFIED.,.F.,.F.,(3,1,3),(0.,1.,2.),.UNSPECIFIED.);
#117=B_SPLINE_CURVE_WITH_KNOTS('',2,(#13186,#13187,#13188,#13189),
 .UNSPECIFIED.,.F.,.F.,(3,1,3),(0.,1.,2.),.UNSPECIFIED.);
#118=B_SPLINE_CURVE_WITH_KNOTS('',2,(#13193,#13194,#13195,#13196),
 .UNSPECIFIED.,.F.,.F.,(3,1,3),(0.,1.,2.),.UNSPECIFIED.);
#119=B_SPLINE_CURVE_WITH_KNOTS('',2,(#13198,#13199,#13200,#13201),
 .UNSPECIFIED.,.F.,.F.,(3,1,3),(0.,1.,2.),.UNSPECIFIED.);
#120=B_SPLINE_CURVE_WITH_KNOTS('',2,(#13218,#13219,#13220,#13221),
 .UNSPECIFIED.,.F.,.F.,(3,1,3),(0.,1.,2.),.UNSPECIFIED.);
#121=B_SPLINE_CURVE_WITH_KNOTS('',2,(#13232,#13233,#13234,#13235),
 .UNSPECIFIED.,.F.,.F.,(3,1,3),(0.,1.,2.),.UNSPECIFIED.);
#122=B_SPLINE_CURVE_WITH_KNOTS('',2,(#13250,#13251,#13252,#13253),
 .UNSPECIFIED.,.F.,.F.,(3,1,3),(0.,1.,2.),.UNSPECIFIED.);
#123=B_SPLINE_CURVE_WITH_KNOTS('',2,(#13268,#13269,#13270,#13271),
 .UNSPECIFIED.,.F.,.F.,(3,1,3),(0.,1.,2.),.UNSPECIFIED.);
#124=B_SPLINE_CURVE_WITH_KNOTS('',2,(#13282,#13283,#13284,#13285),
 .UNSPECIFIED.,.F.,.F.,(3,1,3),(0.,1.,2.),.UNSPECIFIED.);
#125=B_SPLINE_SURFACE_WITH_KNOTS('',2,1,((#12453,#12454),(#12455,#12456),
(#12457,#12458),(#12459,#12460),(#12461,#12462)),.UNSPECIFIED.,.F.,.F.,
 .F.,(3,1,1,3),(2,2),(0.,1.,2.,3.),(0.,0.001),.UNSPECIFIED.);
#126=B_SPLINE_SURFACE_WITH_KNOTS('',2,1,((#12479,#12480),(#12481,#12482),
(#12483,#12484),(#12485,#12486),(#12487,#12488),(#12489,#12490)),
 .UNSPECIFIED.,.F.,.F.,.F.,(3,1,1,1,3),(2,2),(0.,1.,2.,3.,4.),(0.,0.001),
 .UNSPECIFIED.);
#127=B_SPLINE_SURFACE_WITH_KNOTS('',2,1,((#12506,#12507),(#12508,#12509),
(#12510,#12511),(#12512,#12513),(#12514,#12515),(#12516,#12517)),
 .UNSPECIFIED.,.F.,.F.,.F.,(3,1,1,1,3),(2,2),(0.,1.,2.,3.,4.),(0.,0.001),
 .UNSPECIFIED.);
#128=B_SPLINE_SURFACE_WITH_KNOTS('',2,1,((#12533,#12534),(#12535,#12536),
(#12537,#12538),(#12539,#12540),(#12541,#12542)),.UNSPECIFIED.,.F.,.F.,
 .F.,(3,1,1,3),(2,2),(0.,1.,2.,3.),(0.,0.001),.UNSPECIFIED.);
#129=B_SPLINE_SURFACE_WITH_KNOTS('',2,1,((#12581,#12582),(#12583,#12584),
(#12585,#12586),(#12587,#12588),(#12589,#12590)),.UNSPECIFIED.,.F.,.F.,
 .F.,(3,1,1,3),(2,2),(0.,1.,2.,3.),(0.,0.001),.UNSPECIFIED.);
#130=B_SPLINE_SURFACE_WITH_KNOTS('',2,1,((#12600,#12601),(#12602,#12603),
(#12604,#12605),(#12606,#12607),(#12608,#12609),(#12610,#12611)),
 .UNSPECIFIED.,.F.,.F.,.F.,(3,1,1,1,3),(2,2),(0.,1.,2.,3.,4.),(0.,0.001),
 .UNSPECIFIED.);
#131=B_SPLINE_SURFACE_WITH_KNOTS('',2,1,((#12620,#12621),(#12622,#12623),
(#12624,#12625),(#12626,#12627),(#12628,#12629),(#12630,#12631)),
 .UNSPECIFIED.,.F.,.F.,.F.,(3,1,1,1,3),(2,2),(0.,1.,2.,3.,4.),(0.,0.001),
 .UNSPECIFIED.);
#132=B_SPLINE_SURFACE_WITH_KNOTS('',2,1,((#12640,#12641),(#12642,#12643),
(#12644,#12645),(#12646,#12647),(#12648,#12649),(#12650,#12651)),
 .UNSPECIFIED.,.F.,.F.,.F.,(3,1,1,1,3),(2,2),(0.,1.,2.,3.,4.),(0.,0.001),
 .UNSPECIFIED.);
#133=B_SPLINE_SURFACE_WITH_KNOTS('',2,1,((#12689,#12690),(#12691,#12692),
(#12693,#12694),(#12695,#12696)),.UNSPECIFIED.,.F.,.F.,.F.,(3,1,3),(2,2),
(0.,1.,2.),(0.,0.001),.UNSPECIFIED.);
#134=B_SPLINE_SURFACE_WITH_KNOTS('',2,1,((#12703,#12704),(#12705,#12706),
(#12707,#12708),(#12709,#12710)),.UNSPECIFIED.,.F.,.F.,.F.,(3,1,3),(2,2),
(0.,1.,2.),(0.,0.001),.UNSPECIFIED.);
#135=B_SPLINE_SURFACE_WITH_KNOTS('',2,1,((#12721,#12722),(#12723,#12724),
(#12725,#12726),(#12727,#12728)),.UNSPECIFIED.,.F.,.F.,.F.,(3,1,3),(2,2),
(0.,1.,2.),(0.,0.001),.UNSPECIFIED.);
#136=B_SPLINE_SURFACE_WITH_KNOTS('',2,1,((#12735,#12736),(#12737,#12738),
(#12739,#12740),(#12741,#12742)),.UNSPECIFIED.,.F.,.F.,.F.,(3,1,3),(2,2),
(0.,1.,2.),(0.,0.001),.UNSPECIFIED.);
#137=B_SPLINE_SURFACE_WITH_KNOTS('',2,1,((#12827,#12828),(#12829,#12830),
(#12831,#12832),(#12833,#12834),(#12835,#12836),(#12837,#12838)),
 .UNSPECIFIED.,.F.,.F.,.F.,(3,1,1,1,3),(2,2),(0.,1.,2.,3.,4.),(0.,0.001),
 .UNSPECIFIED.);
#138=B_SPLINE_SURFACE_WITH_KNOTS('',2,1,((#12847,#12848),(#12849,#12850),
(#12851,#12852),(#12853,#12854)),.UNSPECIFIED.,.F.,.F.,.F.,(3,1,3),(2,2),
(0.,1.,2.),(0.,0.001),.UNSPECIFIED.);
#139=B_SPLINE_SURFACE_WITH_KNOTS('',2,1,((#12861,#12862),(#12863,#12864),
(#12865,#12866)),.UNSPECIFIED.,.F.,.F.,.F.,(3,3),(2,2),(0.,1.),(0.,0.001),
 .UNSPECIFIED.);
#140=B_SPLINE_SURFACE_WITH_KNOTS('',2,1,((#12876,#12877),(#12878,#12879),
(#12880,#12881),(#12882,#12883),(#12884,#12885),(#12886,#12887)),
 .UNSPECIFIED.,.F.,.F.,.F.,(3,1,1,1,3),(2,2),(0.,1.,2.,3.,4.),(0.,0.001),
 .UNSPECIFIED.);
#141=B_SPLINE_SURFACE_WITH_KNOTS('',2,1,((#12896,#12897),(#12898,#12899),
(#12900,#12901),(#12902,#12903),(#12904,#12905),(#12906,#12907)),
 .UNSPECIFIED.,.F.,.F.,.F.,(3,1,1,1,3),(2,2),(0.,1.,2.,3.,4.),(0.,0.001),
 .UNSPECIFIED.);
#142=B_SPLINE_SURFACE_WITH_KNOTS('',2,1,((#12920,#12921),(#12922,#12923),
(#12924,#12925),(#12926,#12927)),.UNSPECIFIED.,.F.,.F.,.F.,(3,1,3),(2,2),
(0.,1.,2.),(0.,0.001),.UNSPECIFIED.);
#143=B_SPLINE_SURFACE_WITH_KNOTS('',2,1,((#12934,#12935),(#12936,#12937),
(#12938,#12939),(#12940,#12941)),.UNSPECIFIED.,.F.,.F.,.F.,(3,1,3),(2,2),
(0.,1.,2.),(0.,0.001),.UNSPECIFIED.);
#144=B_SPLINE_SURFACE_WITH_KNOTS('',2,1,((#12948,#12949),(#12950,#12951),
(#12952,#12953),(#12954,#12955)),.UNSPECIFIED.,.F.,.F.,.F.,(3,1,3),(2,2),
(0.,1.,2.),(0.,0.001),.UNSPECIFIED.);
#145=B_SPLINE_SURFACE_WITH_KNOTS('',2,1,((#13031,#13032),(#13033,#13034),
(#13035,#13036),(#13037,#13038)),.UNSPECIFIED.,.F.,.F.,.F.,(3,1,3),(2,2),
(0.,1.,2.),(0.,0.001),.UNSPECIFIED.);
#146=B_SPLINE_SURFACE_WITH_KNOTS('',2,1,((#13045,#13046),(#13047,#13048),
(#13049,#13050),(#13051,#13052)),.UNSPECIFIED.,.F.,.F.,.F.,(3,1,3),(2,2),
(0.,1.,2.),(0.,0.001),.UNSPECIFIED.);
#147=B_SPLINE_SURFACE_WITH_KNOTS('',2,1,((#13063,#13064),(#13065,#13066),
(#13067,#13068),(#13069,#13070)),.UNSPECIFIED.,.F.,.F.,.F.,(3,1,3),(2,2),
(0.,1.,2.),(0.,0.001),.UNSPECIFIED.);
#148=B_SPLINE_SURFACE_WITH_KNOTS('',2,1,((#13077,#13078),(#13079,#13080),
(#13081,#13082),(#13083,#13084)),.UNSPECIFIED.,.F.,.F.,.F.,(3,1,3),(2,2),
(0.,1.,2.),(0.,0.001),.UNSPECIFIED.);
#149=B_SPLINE_SURFACE_WITH_KNOTS('',2,1,((#13103,#13104),(#13105,#13106),
(#13107,#13108),(#13109,#13110)),.UNSPECIFIED.,.F.,.F.,.F.,(3,1,3),(2,2),
(0.,1.,2.),(0.,0.001),.UNSPECIFIED.);
#150=B_SPLINE_SURFACE_WITH_KNOTS('',2,1,((#13117,#13118),(#13119,#13120),
(#13121,#13122),(#13123,#13124)),.UNSPECIFIED.,.F.,.F.,.F.,(3,1,3),(2,2),
(0.,1.,2.),(0.,0.001),.UNSPECIFIED.);
#151=B_SPLINE_SURFACE_WITH_KNOTS('',2,1,((#13135,#13136),(#13137,#13138),
(#13139,#13140),(#13141,#13142)),.UNSPECIFIED.,.F.,.F.,.F.,(3,1,3),(2,2),
(0.,1.,2.),(0.,0.001),.UNSPECIFIED.);
#152=B_SPLINE_SURFACE_WITH_KNOTS('',2,1,((#13149,#13150),(#13151,#13152),
(#13153,#13154),(#13155,#13156)),.UNSPECIFIED.,.F.,.F.,.F.,(3,1,3),(2,2),
(0.,1.,2.),(0.,0.001),.UNSPECIFIED.);
#153=B_SPLINE_SURFACE_WITH_KNOTS('',2,1,((#13209,#13210),(#13211,#13212),
(#13213,#13214),(#13215,#13216)),.UNSPECIFIED.,.F.,.F.,.F.,(3,1,3),(2,2),
(0.,1.,2.),(0.,0.001),.UNSPECIFIED.);
#154=B_SPLINE_SURFACE_WITH_KNOTS('',2,1,((#13223,#13224),(#13225,#13226),
(#13227,#13228),(#13229,#13230)),.UNSPECIFIED.,.F.,.F.,.F.,(3,1,3),(2,2),
(0.,1.,2.),(0.,0.001),.UNSPECIFIED.);
#155=B_SPLINE_SURFACE_WITH_KNOTS('',2,1,((#13241,#13242),(#13243,#13244),
(#13245,#13246),(#13247,#13248)),.UNSPECIFIED.,.F.,.F.,.F.,(3,1,3),(2,2),
(0.,1.,2.),(0.,0.001),.UNSPECIFIED.);
#156=B_SPLINE_SURFACE_WITH_KNOTS('',2,1,((#13259,#13260),(#13261,#13262),
(#13263,#13264),(#13265,#13266)),.UNSPECIFIED.,.F.,.F.,.F.,(3,1,3),(2,2),
(0.,1.,2.),(0.,0.001),.UNSPECIFIED.);
#157=B_SPLINE_SURFACE_WITH_KNOTS('',2,1,((#13273,#13274),(#13275,#13276),
(#13277,#13278),(#13279,#13280)),.UNSPECIFIED.,.F.,.F.,.F.,(3,1,3),(2,2),
(0.,1.,2.),(0.,0.001),.UNSPECIFIED.);
#158=MANIFOLD_SOLID_BREP('Solid1',#8257);
#159=MANIFOLD_SOLID_BREP('Solid2',#8258);
#160=MANIFOLD_SOLID_BREP('Solid4',#8259);
#161=MANIFOLD_SOLID_BREP('Solid5',#8260);
#162=MANIFOLD_SOLID_BREP('Solid6',#8261);
#163=MANIFOLD_SOLID_BREP('Solid7',#8262);
#164=MANIFOLD_SOLID_BREP('Solid1',#8263);
#165=MANIFOLD_SOLID_BREP('Solid1',#8264);
#166=FACE_BOUND('',#1112,.T.);
#167=FACE_BOUND('',#1114,.T.);
#168=FACE_BOUND('',#1116,.T.);
#169=FACE_BOUND('',#1118,.T.);
#170=FACE_BOUND('',#1120,.T.);
#171=FACE_BOUND('',#1122,.T.);
#172=FACE_BOUND('',#1124,.T.);
#173=FACE_BOUND('',#1126,.T.);
#174=FACE_BOUND('',#1132,.T.);
#175=FACE_BOUND('',#1133,.T.);
#176=FACE_BOUND('',#1134,.T.);
#177=FACE_BOUND('',#1135,.T.);
#178=FACE_BOUND('',#1136,.T.);
#179=FACE_BOUND('',#1137,.T.);
#180=FACE_BOUND('',#1138,.T.);
#181=FACE_BOUND('',#1139,.T.);
#182=FACE_BOUND('',#1140,.T.);
#183=FACE_BOUND('',#1141,.T.);
#184=FACE_BOUND('',#1142,.T.);
#185=FACE_BOUND('',#1143,.T.);
#186=FACE_BOUND('',#1144,.T.);
#187=FACE_BOUND('',#1145,.T.);
#188=FACE_BOUND('',#1146,.T.);
#189=FACE_BOUND('',#1147,.T.);
#190=FACE_BOUND('',#1148,.T.);
#191=FACE_BOUND('',#1149,.T.);
#192=FACE_BOUND('',#1150,.T.);
#193=FACE_BOUND('',#1151,.T.);
#194=FACE_BOUND('',#1152,.T.);
#195=FACE_BOUND('',#1153,.T.);
#196=FACE_BOUND('',#1154,.T.);
#197=FACE_BOUND('',#1155,.T.);
#198=FACE_BOUND('',#1156,.T.);
#199=FACE_BOUND('',#1157,.T.);
#200=FACE_BOUND('',#1158,.T.);
#201=FACE_BOUND('',#1159,.T.);
#202=FACE_BOUND('',#1160,.T.);
#203=FACE_BOUND('',#1161,.T.);
#204=FACE_BOUND('',#1162,.T.);
#205=FACE_BOUND('',#1163,.T.);
#206=FACE_BOUND('',#1164,.T.);
#207=FACE_BOUND('',#1165,.T.);
#208=FACE_BOUND('',#1166,.T.);
#209=FACE_BOUND('',#1167,.T.);
#210=FACE_BOUND('',#1168,.T.);
#211=FACE_BOUND('',#1169,.T.);
#212=FACE_BOUND('',#1170,.T.);
#213=FACE_BOUND('',#1171,.T.);
#214=FACE_BOUND('',#1172,.T.);
#215=FACE_BOUND('',#1173,.T.);
#216=FACE_BOUND('',#1174,.T.);
#217=FACE_BOUND('',#1175,.T.);
#218=FACE_BOUND('',#1176,.T.);
#219=FACE_BOUND('',#1177,.T.);
#220=FACE_BOUND('',#1178,.T.);
#221=FACE_BOUND('',#1179,.T.);
#222=FACE_BOUND('',#1209,.T.);
#223=FACE_BOUND('',#1210,.T.);
#224=FACE_BOUND('',#1211,.T.);
#225=FACE_BOUND('',#1212,.T.);
#226=FACE_BOUND('',#1213,.T.);
#227=FACE_BOUND('',#1214,.T.);
#228=FACE_BOUND('',#1215,.T.);
#229=FACE_BOUND('',#1216,.T.);
#230=FACE_BOUND('',#1217,.T.);
#231=FACE_BOUND('',#1218,.T.);
#232=FACE_BOUND('',#1219,.T.);
#233=FACE_BOUND('',#1220,.T.);
#234=FACE_BOUND('',#1221,.T.);
#235=FACE_BOUND('',#1222,.T.);
#236=FACE_BOUND('',#1223,.T.);
#237=FACE_BOUND('',#1224,.T.);
#238=FACE_BOUND('',#1225,.T.);
#239=FACE_BOUND('',#1226,.T.);
#240=FACE_BOUND('',#1227,.T.);
#241=FACE_BOUND('',#1228,.T.);
#242=FACE_BOUND('',#1229,.T.);
#243=FACE_BOUND('',#1230,.T.);
#244=FACE_BOUND('',#1231,.T.);
#245=FACE_BOUND('',#1232,.T.);
#246=FACE_BOUND('',#1233,.T.);
#247=FACE_BOUND('',#1234,.T.);
#248=FACE_BOUND('',#1235,.T.);
#249=FACE_BOUND('',#1236,.T.);
#250=FACE_BOUND('',#1237,.T.);
#251=FACE_BOUND('',#1238,.T.);
#252=FACE_BOUND('',#1239,.T.);
#253=FACE_BOUND('',#1240,.T.);
#254=FACE_BOUND('',#1241,.T.);
#255=FACE_BOUND('',#1242,.T.);
#256=FACE_BOUND('',#1243,.T.);
#257=FACE_BOUND('',#1244,.T.);
#258=FACE_BOUND('',#1245,.T.);
#259=FACE_BOUND('',#1246,.T.);
#260=FACE_BOUND('',#1247,.T.);
#261=FACE_BOUND('',#1248,.T.);
#262=FACE_BOUND('',#1249,.T.);
#263=FACE_BOUND('',#1250,.T.);
#264=FACE_BOUND('',#1251,.T.);
#265=FACE_BOUND('',#1252,.T.);
#266=FACE_BOUND('',#1253,.T.);
#267=FACE_BOUND('',#1254,.T.);
#268=FACE_BOUND('',#1255,.T.);
#269=FACE_BOUND('',#1256,.T.);
#270=FACE_BOUND('',#1257,.T.);
#271=FACE_BOUND('',#1423,.T.);
#272=FACE_BOUND('',#1424,.T.);
#273=FACE_BOUND('',#1425,.T.);
#274=FACE_BOUND('',#1426,.T.);
#275=FACE_BOUND('',#1427,.T.);
#276=FACE_BOUND('',#1428,.T.);
#277=FACE_BOUND('',#1429,.T.);
#278=FACE_BOUND('',#1430,.T.);
#279=FACE_BOUND('',#1431,.T.);
#280=FACE_BOUND('',#1432,.T.);
#281=FACE_BOUND('',#1433,.T.);
#282=FACE_BOUND('',#1434,.T.);
#283=FACE_BOUND('',#1435,.T.);
#284=FACE_BOUND('',#1436,.T.);
#285=FACE_BOUND('',#1437,.T.);
#286=FACE_BOUND('',#1438,.T.);
#287=FACE_BOUND('',#1439,.T.);
#288=FACE_BOUND('',#1440,.T.);
#289=FACE_BOUND('',#1441,.T.);
#290=FACE_BOUND('',#1442,.T.);
#291=FACE_BOUND('',#1443,.T.);
#292=FACE_BOUND('',#1444,.T.);
#293=FACE_BOUND('',#1445,.T.);
#294=FACE_BOUND('',#1446,.T.);
#295=FACE_BOUND('',#1447,.T.);
#296=FACE_BOUND('',#1448,.T.);
#297=FACE_BOUND('',#1449,.T.);
#298=FACE_BOUND('',#1450,.T.);
#299=FACE_BOUND('',#1451,.T.);
#300=FACE_BOUND('',#1452,.T.);
#301=FACE_BOUND('',#1453,.T.);
#302=FACE_BOUND('',#1454,.T.);
#303=FACE_BOUND('',#1455,.T.);
#304=FACE_BOUND('',#1456,.T.);
#305=FACE_BOUND('',#1457,.T.);
#306=FACE_BOUND('',#1458,.T.);
#307=FACE_BOUND('',#1459,.T.);
#308=FACE_BOUND('',#1460,.T.);
#309=FACE_BOUND('',#1461,.T.);
#310=FACE_BOUND('',#1462,.T.);
#311=FACE_BOUND('',#1464,.T.);
#312=FACE_BOUND('',#1465,.T.);
#313=FACE_BOUND('',#1466,.T.);
#314=FACE_BOUND('',#1467,.T.);
#315=FACE_BOUND('',#1468,.T.);
#316=FACE_BOUND('',#1469,.T.);
#317=FACE_BOUND('',#1470,.T.);
#318=FACE_BOUND('',#1471,.T.);
#319=FACE_BOUND('',#1472,.T.);
#320=FACE_BOUND('',#1473,.T.);
#321=FACE_BOUND('',#1474,.T.);
#322=FACE_BOUND('',#1475,.T.);
#323=FACE_BOUND('',#1476,.T.);
#324=FACE_BOUND('',#1477,.T.);
#325=FACE_BOUND('',#1478,.T.);
#326=FACE_BOUND('',#1479,.T.);
#327=FACE_BOUND('',#1480,.T.);
#328=FACE_BOUND('',#1481,.T.);
#329=FACE_BOUND('',#1482,.T.);
#330=FACE_BOUND('',#1483,.T.);
#331=FACE_BOUND('',#1484,.T.);
#332=FACE_BOUND('',#1485,.T.);
#333=FACE_BOUND('',#1486,.T.);
#334=FACE_BOUND('',#1487,.T.);
#335=FACE_BOUND('',#1488,.T.);
#336=FACE_BOUND('',#1489,.T.);
#337=FACE_BOUND('',#1490,.T.);
#338=FACE_BOUND('',#1491,.T.);
#339=FACE_BOUND('',#1492,.T.);
#340=FACE_BOUND('',#1493,.T.);
#341=FACE_BOUND('',#1494,.T.);
#342=FACE_BOUND('',#1495,.T.);
#343=FACE_BOUND('',#1496,.T.);
#344=FACE_BOUND('',#1497,.T.);
#345=FACE_BOUND('',#1498,.T.);
#346=FACE_BOUND('',#1499,.T.);
#347=FACE_BOUND('',#1500,.T.);
#348=FACE_BOUND('',#1501,.T.);
#349=FACE_BOUND('',#1502,.T.);
#350=FACE_BOUND('',#1503,.T.);
#351=FACE_BOUND('',#1509,.T.);
#352=FACE_BOUND('',#1525,.T.);
#353=FACE_BOUND('',#1567,.T.);
#354=FACE_BOUND('',#1568,.T.);
#355=FACE_BOUND('',#1569,.T.);
#356=FACE_BOUND('',#1570,.T.);
#357=FACE_BOUND('',#1571,.T.);
#358=FACE_BOUND('',#1589,.T.);
#359=FACE_BOUND('',#1590,.T.);
#360=FACE_BOUND('',#1603,.T.);
#361=FACE_BOUND('',#1632,.T.);
#362=FACE_BOUND('',#1635,.T.);
#363=FACE_BOUND('',#1637,.T.);
#364=FACE_BOUND('',#1646,.T.);
#365=FACE_BOUND('',#1664,.T.);
#366=FACE_BOUND('',#1668,.T.);
#367=PLANE('',#8421);
#368=PLANE('',#8422);
#369=PLANE('',#8428);
#370=PLANE('',#8433);
#371=PLANE('',#8434);
#372=PLANE('',#8555);
#373=PLANE('',#8558);
#374=PLANE('',#8561);
#375=PLANE('',#8564);
#376=PLANE('',#8567);
#377=PLANE('',#8570);
#378=PLANE('',#8573);
#379=PLANE('',#8576);
#380=PLANE('',#8582);
#381=PLANE('',#8586);
#382=PLANE('',#8587);
#383=PLANE('',#8604);
#384=PLANE('',#8609);
#385=PLANE('',#8612);
#386=PLANE('',#8615);
#387=PLANE('',#8618);
#388=PLANE('',#8621);
#389=PLANE('',#8626);
#390=PLANE('',#8641);
#391=PLANE('',#8642);
#392=PLANE('',#8643);
#393=PLANE('',#8644);
#394=PLANE('',#8645);
#395=PLANE('',#8646);
#396=PLANE('',#8647);
#397=PLANE('',#8648);
#398=PLANE('',#8649);
#399=PLANE('',#8650);
#400=PLANE('',#8651);
#401=PLANE('',#8652);
#402=PLANE('',#8653);
#403=PLANE('',#8654);
#404=PLANE('',#8655);
#405=PLANE('',#8656);
#406=PLANE('',#8657);
#407=PLANE('',#8658);
#408=PLANE('',#8659);
#409=PLANE('',#8660);
#410=PLANE('',#8661);
#411=PLANE('',#8662);
#412=PLANE('',#8663);
#413=PLANE('',#8664);
#414=PLANE('',#8665);
#415=PLANE('',#8666);
#416=PLANE('',#8667);
#417=PLANE('',#8668);
#418=PLANE('',#8669);
#419=PLANE('',#8670);
#420=PLANE('',#8671);
#421=PLANE('',#8672);
#422=PLANE('',#8673);
#423=PLANE('',#8674);
#424=PLANE('',#8675);
#425=PLANE('',#8676);
#426=PLANE('',#8677);
#427=PLANE('',#8678);
#428=PLANE('',#8679);
#429=PLANE('',#8680);
#430=PLANE('',#8681);
#431=PLANE('',#8682);
#432=PLANE('',#8683);
#433=PLANE('',#8684);
#434=PLANE('',#8685);
#435=PLANE('',#8686);
#436=PLANE('',#8687);
#437=PLANE('',#8688);
#438=PLANE('',#8689);
#439=PLANE('',#8690);
#440=PLANE('',#8691);
#441=PLANE('',#8692);
#442=PLANE('',#8693);
#443=PLANE('',#8694);
#444=PLANE('',#8695);
#445=PLANE('',#8696);
#446=PLANE('',#8697);
#447=PLANE('',#8698);
#448=PLANE('',#8699);
#449=PLANE('',#8700);
#450=PLANE('',#8701);
#451=PLANE('',#8702);
#452=PLANE('',#8703);
#453=PLANE('',#8704);
#454=PLANE('',#8705);
#455=PLANE('',#8706);
#456=PLANE('',#8707);
#457=PLANE('',#8708);
#458=PLANE('',#8709);
#459=PLANE('',#8710);
#460=PLANE('',#8711);
#461=PLANE('',#8712);
#462=PLANE('',#8713);
#463=PLANE('',#8714);
#464=PLANE('',#8715);
#465=PLANE('',#8716);
#466=PLANE('',#8717);
#467=PLANE('',#8718);
#468=PLANE('',#8719);
#469=PLANE('',#8720);
#470=PLANE('',#8721);
#471=PLANE('',#8722);
#472=PLANE('',#8723);
#473=PLANE('',#8724);
#474=PLANE('',#8725);
#475=PLANE('',#8726);
#476=PLANE('',#8727);
#477=PLANE('',#8728);
#478=PLANE('',#8729);
#479=PLANE('',#8730);
#480=PLANE('',#8731);
#481=PLANE('',#8732);
#482=PLANE('',#8733);
#483=PLANE('',#8734);
#484=PLANE('',#8735);
#485=PLANE('',#8736);
#486=PLANE('',#8737);
#487=PLANE('',#8738);
#488=PLANE('',#8739);
#489=PLANE('',#8740);
#490=PLANE('',#8741);
#491=PLANE('',#8742);
#492=PLANE('',#8743);
#493=PLANE('',#8744);
#494=PLANE('',#8745);
#495=PLANE('',#8746);
#496=PLANE('',#8747);
#497=PLANE('',#8748);
#498=PLANE('',#8749);
#499=PLANE('',#8750);
#500=PLANE('',#8751);
#501=PLANE('',#8752);
#502=PLANE('',#8753);
#503=PLANE('',#8754);
#504=PLANE('',#8755);
#505=PLANE('',#8756);
#506=PLANE('',#8757);
#507=PLANE('',#8758);
#508=PLANE('',#8759);
#509=PLANE('',#8760);
#510=PLANE('',#8761);
#511=PLANE('',#8762);
#512=PLANE('',#8763);
#513=PLANE('',#8764);
#514=PLANE('',#8765);
#515=PLANE('',#8766);
#516=PLANE('',#8767);
#517=PLANE('',#8768);
#518=PLANE('',#8769);
#519=PLANE('',#8770);
#520=PLANE('',#8771);
#521=PLANE('',#8772);
#522=PLANE('',#8773);
#523=PLANE('',#8774);
#524=PLANE('',#8775);
#525=PLANE('',#8776);
#526=PLANE('',#8777);
#527=PLANE('',#8778);
#528=PLANE('',#8779);
#529=PLANE('',#8780);
#530=PLANE('',#8781);
#531=PLANE('',#8782);
#532=PLANE('',#8783);
#533=PLANE('',#8784);
#534=PLANE('',#8785);
#535=PLANE('',#8786);
#536=PLANE('',#8787);
#537=PLANE('',#8788);
#538=PLANE('',#8789);
#539=PLANE('',#8790);
#540=PLANE('',#8791);
#541=PLANE('',#8792);
#542=PLANE('',#8793);
#543=PLANE('',#8794);
#544=PLANE('',#8795);
#545=PLANE('',#8796);
#546=PLANE('',#8797);
#547=PLANE('',#8798);
#548=PLANE('',#8799);
#549=PLANE('',#8800);
#550=PLANE('',#8801);
#551=PLANE('',#8802);
#552=PLANE('',#8803);
#553=PLANE('',#8804);
#554=PLANE('',#8805);
#555=PLANE('',#8806);
#556=PLANE('',#8807);
#557=PLANE('',#8808);
#558=PLANE('',#8809);
#559=PLANE('',#8810);
#560=PLANE('',#8811);
#561=PLANE('',#8812);
#562=PLANE('',#8813);
#563=PLANE('',#8814);
#564=PLANE('',#8815);
#565=PLANE('',#8816);
#566=PLANE('',#8817);
#567=PLANE('',#8818);
#568=PLANE('',#8819);
#569=PLANE('',#8820);
#570=PLANE('',#8821);
#571=PLANE('',#8822);
#572=PLANE('',#8823);
#573=PLANE('',#8824);
#574=PLANE('',#8825);
#575=PLANE('',#8826);
#576=PLANE('',#8827);
#577=PLANE('',#8828);
#578=PLANE('',#8829);
#579=PLANE('',#8830);
#580=PLANE('',#8831);
#581=PLANE('',#8832);
#582=PLANE('',#8833);
#583=PLANE('',#8834);
#584=PLANE('',#8835);
#585=PLANE('',#8836);
#586=PLANE('',#8837);
#587=PLANE('',#8838);
#588=PLANE('',#8843);
#589=PLANE('',#8847);
#590=PLANE('',#8850);
#591=PLANE('',#8853);
#592=PLANE('',#8856);
#593=PLANE('',#8861);
#594=PLANE('',#8864);
#595=PLANE('',#8865);
#596=PLANE('',#8869);
#597=PLANE('',#8875);
#598=PLANE('',#8876);
#599=PLANE('',#8881);
#600=PLANE('',#8884);
#601=PLANE('',#8887);
#602=PLANE('',#8888);
#603=PLANE('',#8889);
#604=PLANE('',#8890);
#605=PLANE('',#8891);
#606=PLANE('',#8892);
#607=PLANE('',#8893);
#608=PLANE('',#8894);
#609=PLANE('',#8895);
#610=PLANE('',#8896);
#611=PLANE('',#8897);
#612=PLANE('',#8898);
#613=PLANE('',#8899);
#614=PLANE('',#8900);
#615=PLANE('',#8901);
#616=PLANE('',#8902);
#617=PLANE('',#8903);
#618=PLANE('',#8904);
#619=PLANE('',#8905);
#620=PLANE('',#8906);
#621=PLANE('',#8907);
#622=PLANE('',#8908);
#623=PLANE('',#8909);
#624=PLANE('',#8910);
#625=PLANE('',#8911);
#626=PLANE('',#8912);
#627=PLANE('',#8913);
#628=PLANE('',#8914);
#629=PLANE('',#8915);
#630=PLANE('',#8920);
#631=PLANE('',#8925);
#632=PLANE('',#8927);
#633=PLANE('',#8929);
#634=PLANE('',#8930);
#635=PLANE('',#8931);
#636=PLANE('',#8932);
#637=PLANE('',#8933);
#638=PLANE('',#8934);
#639=PLANE('',#8935);
#640=PLANE('',#8941);
#641=PLANE('',#8944);
#642=PLANE('',#8945);
#643=PLANE('',#8946);
#644=PLANE('',#8947);
#645=PLANE('',#8948);
#646=PLANE('',#8949);
#647=PLANE('',#8950);
#648=PLANE('',#8951);
#649=PLANE('',#8952);
#650=PLANE('',#8953);
#651=PLANE('',#8954);
#652=PLANE('',#8955);
#653=PLANE('',#8956);
#654=PLANE('',#8957);
#655=PLANE('',#8964);
#656=FACE_OUTER_BOUND('',#1062,.T.);
#657=FACE_OUTER_BOUND('',#1063,.T.);
#658=FACE_OUTER_BOUND('',#1064,.T.);
#659=FACE_OUTER_BOUND('',#1065,.T.);
#660=FACE_OUTER_BOUND('',#1066,.T.);
#661=FACE_OUTER_BOUND('',#1067,.T.);
#662=FACE_OUTER_BOUND('',#1068,.T.);
#663=FACE_OUTER_BOUND('',#1069,.T.);
#664=FACE_OUTER_BOUND('',#1070,.T.);
#665=FACE_OUTER_BOUND('',#1071,.T.);
#666=FACE_OUTER_BOUND('',#1072,.T.);
#667=FACE_OUTER_BOUND('',#1073,.T.);
#668=FACE_OUTER_BOUND('',#1074,.T.);
#669=FACE_OUTER_BOUND('',#1075,.T.);
#670=FACE_OUTER_BOUND('',#1076,.T.);
#671=FACE_OUTER_BOUND('',#1077,.T.);
#672=FACE_OUTER_BOUND('',#1078,.T.);
#673=FACE_OUTER_BOUND('',#1079,.T.);
#674=FACE_OUTER_BOUND('',#1080,.T.);
#675=FACE_OUTER_BOUND('',#1081,.T.);
#676=FACE_OUTER_BOUND('',#1082,.T.);
#677=FACE_OUTER_BOUND('',#1083,.T.);
#678=FACE_OUTER_BOUND('',#1084,.T.);
#679=FACE_OUTER_BOUND('',#1085,.T.);
#680=FACE_OUTER_BOUND('',#1086,.T.);
#681=FACE_OUTER_BOUND('',#1087,.T.);
#682=FACE_OUTER_BOUND('',#1088,.T.);
#683=FACE_OUTER_BOUND('',#1089,.T.);
#684=FACE_OUTER_BOUND('',#1090,.T.);
#685=FACE_OUTER_BOUND('',#1091,.T.);
#686=FACE_OUTER_BOUND('',#1092,.T.);
#687=FACE_OUTER_BOUND('',#1093,.T.);
#688=FACE_OUTER_BOUND('',#1094,.T.);
#689=FACE_OUTER_BOUND('',#1095,.T.);
#690=FACE_OUTER_BOUND('',#1096,.T.);
#691=FACE_OUTER_BOUND('',#1097,.T.);
#692=FACE_OUTER_BOUND('',#1098,.T.);
#693=FACE_OUTER_BOUND('',#1099,.T.);
#694=FACE_OUTER_BOUND('',#1100,.T.);
#695=FACE_OUTER_BOUND('',#1101,.T.);
#696=FACE_OUTER_BOUND('',#1102,.T.);
#697=FACE_OUTER_BOUND('',#1103,.T.);
#698=FACE_OUTER_BOUND('',#1104,.T.);
#699=FACE_OUTER_BOUND('',#1105,.T.);
#700=FACE_OUTER_BOUND('',#1106,.T.);
#701=FACE_OUTER_BOUND('',#1107,.T.);
#702=FACE_OUTER_BOUND('',#1108,.T.);
#703=FACE_OUTER_BOUND('',#1109,.T.);
#704=FACE_OUTER_BOUND('',#1110,.T.);
#705=FACE_OUTER_BOUND('',#1111,.T.);
#706=FACE_OUTER_BOUND('',#1113,.T.);
#707=FACE_OUTER_BOUND('',#1115,.T.);
#708=FACE_OUTER_BOUND('',#1117,.T.);
#709=FACE_OUTER_BOUND('',#1119,.T.);
#710=FACE_OUTER_BOUND('',#1121,.T.);
#711=FACE_OUTER_BOUND('',#1123,.T.);
#712=FACE_OUTER_BOUND('',#1125,.T.);
#713=FACE_OUTER_BOUND('',#1127,.T.);
#714=FACE_OUTER_BOUND('',#1128,.T.);
#715=FACE_OUTER_BOUND('',#1129,.T.);
#716=FACE_OUTER_BOUND('',#1130,.T.);
#717=FACE_OUTER_BOUND('',#1131,.T.);
#718=FACE_OUTER_BOUND('',#1180,.T.);
#719=FACE_OUTER_BOUND('',#1181,.T.);
#720=FACE_OUTER_BOUND('',#1182,.T.);
#721=FACE_OUTER_BOUND('',#1183,.T.);
#722=FACE_OUTER_BOUND('',#1184,.T.);
#723=FACE_OUTER_BOUND('',#1185,.T.);
#724=FACE_OUTER_BOUND('',#1186,.T.);
#725=FACE_OUTER_BOUND('',#1187,.T.);
#726=FACE_OUTER_BOUND('',#1188,.T.);
#727=FACE_OUTER_BOUND('',#1189,.T.);
#728=FACE_OUTER_BOUND('',#1190,.T.);
#729=FACE_OUTER_BOUND('',#1191,.T.);
#730=FACE_OUTER_BOUND('',#1192,.T.);
#731=FACE_OUTER_BOUND('',#1193,.T.);
#732=FACE_OUTER_BOUND('',#1194,.T.);
#733=FACE_OUTER_BOUND('',#1195,.T.);
#734=FACE_OUTER_BOUND('',#1196,.T.);
#735=FACE_OUTER_BOUND('',#1197,.T.);
#736=FACE_OUTER_BOUND('',#1198,.T.);
#737=FACE_OUTER_BOUND('',#1199,.T.);
#738=FACE_OUTER_BOUND('',#1200,.T.);
#739=FACE_OUTER_BOUND('',#1201,.T.);
#740=FACE_OUTER_BOUND('',#1202,.T.);
#741=FACE_OUTER_BOUND('',#1203,.T.);
#742=FACE_OUTER_BOUND('',#1204,.T.);
#743=FACE_OUTER_BOUND('',#1205,.T.);
#744=FACE_OUTER_BOUND('',#1206,.T.);
#745=FACE_OUTER_BOUND('',#1207,.T.);
#746=FACE_OUTER_BOUND('',#1208,.T.);
#747=FACE_OUTER_BOUND('',#1258,.T.);
#748=FACE_OUTER_BOUND('',#1259,.T.);
#749=FACE_OUTER_BOUND('',#1260,.T.);
#750=FACE_OUTER_BOUND('',#1261,.T.);
#751=FACE_OUTER_BOUND('',#1262,.T.);
#752=FACE_OUTER_BOUND('',#1263,.T.);
#753=FACE_OUTER_BOUND('',#1264,.T.);
#754=FACE_OUTER_BOUND('',#1265,.T.);
#755=FACE_OUTER_BOUND('',#1266,.T.);
#756=FACE_OUTER_BOUND('',#1267,.T.);
#757=FACE_OUTER_BOUND('',#1268,.T.);
#758=FACE_OUTER_BOUND('',#1269,.T.);
#759=FACE_OUTER_BOUND('',#1270,.T.);
#760=FACE_OUTER_BOUND('',#1271,.T.);
#761=FACE_OUTER_BOUND('',#1272,.T.);
#762=FACE_OUTER_BOUND('',#1273,.T.);
#763=FACE_OUTER_BOUND('',#1274,.T.);
#764=FACE_OUTER_BOUND('',#1275,.T.);
#765=FACE_OUTER_BOUND('',#1276,.T.);
#766=FACE_OUTER_BOUND('',#1277,.T.);
#767=FACE_OUTER_BOUND('',#1278,.T.);
#768=FACE_OUTER_BOUND('',#1279,.T.);
#769=FACE_OUTER_BOUND('',#1280,.T.);
#770=FACE_OUTER_BOUND('',#1281,.T.);
#771=FACE_OUTER_BOUND('',#1282,.T.);
#772=FACE_OUTER_BOUND('',#1283,.T.);
#773=FACE_OUTER_BOUND('',#1284,.T.);
#774=FACE_OUTER_BOUND('',#1285,.T.);
#775=FACE_OUTER_BOUND('',#1286,.T.);
#776=FACE_OUTER_BOUND('',#1287,.T.);
#777=FACE_OUTER_BOUND('',#1288,.T.);
#778=FACE_OUTER_BOUND('',#1289,.T.);
#779=FACE_OUTER_BOUND('',#1290,.T.);
#780=FACE_OUTER_BOUND('',#1291,.T.);
#781=FACE_OUTER_BOUND('',#1292,.T.);
#782=FACE_OUTER_BOUND('',#1293,.T.);
#783=FACE_OUTER_BOUND('',#1294,.T.);
#784=FACE_OUTER_BOUND('',#1295,.T.);
#785=FACE_OUTER_BOUND('',#1296,.T.);
#786=FACE_OUTER_BOUND('',#1297,.T.);
#787=FACE_OUTER_BOUND('',#1298,.T.);
#788=FACE_OUTER_BOUND('',#1299,.T.);
#789=FACE_OUTER_BOUND('',#1300,.T.);
#790=FACE_OUTER_BOUND('',#1301,.T.);
#791=FACE_OUTER_BOUND('',#1302,.T.);
#792=FACE_OUTER_BOUND('',#1303,.T.);
#793=FACE_OUTER_BOUND('',#1304,.T.);
#794=FACE_OUTER_BOUND('',#1305,.T.);
#795=FACE_OUTER_BOUND('',#1306,.T.);
#796=FACE_OUTER_BOUND('',#1307,.T.);
#797=FACE_OUTER_BOUND('',#1308,.T.);
#798=FACE_OUTER_BOUND('',#1309,.T.);
#799=FACE_OUTER_BOUND('',#1310,.T.);
#800=FACE_OUTER_BOUND('',#1311,.T.);
#801=FACE_OUTER_BOUND('',#1312,.T.);
#802=FACE_OUTER_BOUND('',#1313,.T.);
#803=FACE_OUTER_BOUND('',#1314,.T.);
#804=FACE_OUTER_BOUND('',#1315,.T.);
#805=FACE_OUTER_BOUND('',#1316,.T.);
#806=FACE_OUTER_BOUND('',#1317,.T.);
#807=FACE_OUTER_BOUND('',#1318,.T.);
#808=FACE_OUTER_BOUND('',#1319,.T.);
#809=FACE_OUTER_BOUND('',#1320,.T.);
#810=FACE_OUTER_BOUND('',#1321,.T.);
#811=FACE_OUTER_BOUND('',#1322,.T.);
#812=FACE_OUTER_BOUND('',#1323,.T.);
#813=FACE_OUTER_BOUND('',#1324,.T.);
#814=FACE_OUTER_BOUND('',#1325,.T.);
#815=FACE_OUTER_BOUND('',#1326,.T.);
#816=FACE_OUTER_BOUND('',#1327,.T.);
#817=FACE_OUTER_BOUND('',#1328,.T.);
#818=FACE_OUTER_BOUND('',#1329,.T.);
#819=FACE_OUTER_BOUND('',#1330,.T.);
#820=FACE_OUTER_BOUND('',#1331,.T.);
#821=FACE_OUTER_BOUND('',#1332,.T.);
#822=FACE_OUTER_BOUND('',#1333,.T.);
#823=FACE_OUTER_BOUND('',#1334,.T.);
#824=FACE_OUTER_BOUND('',#1335,.T.);
#825=FACE_OUTER_BOUND('',#1336,.T.);
#826=FACE_OUTER_BOUND('',#1337,.T.);
#827=FACE_OUTER_BOUND('',#1338,.T.);
#828=FACE_OUTER_BOUND('',#1339,.T.);
#829=FACE_OUTER_BOUND('',#1340,.T.);
#830=FACE_OUTER_BOUND('',#1341,.T.);
#831=FACE_OUTER_BOUND('',#1342,.T.);
#832=FACE_OUTER_BOUND('',#1343,.T.);
#833=FACE_OUTER_BOUND('',#1344,.T.);
#834=FACE_OUTER_BOUND('',#1345,.T.);
#835=FACE_OUTER_BOUND('',#1346,.T.);
#836=FACE_OUTER_BOUND('',#1347,.T.);
#837=FACE_OUTER_BOUND('',#1348,.T.);
#838=FACE_OUTER_BOUND('',#1349,.T.);
#839=FACE_OUTER_BOUND('',#1350,.T.);
#840=FACE_OUTER_BOUND('',#1351,.T.);
#841=FACE_OUTER_BOUND('',#1352,.T.);
#842=FACE_OUTER_BOUND('',#1353,.T.);
#843=FACE_OUTER_BOUND('',#1354,.T.);
#844=FACE_OUTER_BOUND('',#1355,.T.);
#845=FACE_OUTER_BOUND('',#1356,.T.);
#846=FACE_OUTER_BOUND('',#1357,.T.);
#847=FACE_OUTER_BOUND('',#1358,.T.);
#848=FACE_OUTER_BOUND('',#1359,.T.);
#849=FACE_OUTER_BOUND('',#1360,.T.);
#850=FACE_OUTER_BOUND('',#1361,.T.);
#851=FACE_OUTER_BOUND('',#1362,.T.);
#852=FACE_OUTER_BOUND('',#1363,.T.);
#853=FACE_OUTER_BOUND('',#1364,.T.);
#854=FACE_OUTER_BOUND('',#1365,.T.);
#855=FACE_OUTER_BOUND('',#1366,.T.);
#856=FACE_OUTER_BOUND('',#1367,.T.);
#857=FACE_OUTER_BOUND('',#1368,.T.);
#858=FACE_OUTER_BOUND('',#1369,.T.);
#859=FACE_OUTER_BOUND('',#1370,.T.);
#860=FACE_OUTER_BOUND('',#1371,.T.);
#861=FACE_OUTER_BOUND('',#1372,.T.);
#862=FACE_OUTER_BOUND('',#1373,.T.);
#863=FACE_OUTER_BOUND('',#1374,.T.);
#864=FACE_OUTER_BOUND('',#1375,.T.);
#865=FACE_OUTER_BOUND('',#1376,.T.);
#866=FACE_OUTER_BOUND('',#1377,.T.);
#867=FACE_OUTER_BOUND('',#1378,.T.);
#868=FACE_OUTER_BOUND('',#1379,.T.);
#869=FACE_OUTER_BOUND('',#1380,.T.);
#870=FACE_OUTER_BOUND('',#1381,.T.);
#871=FACE_OUTER_BOUND('',#1382,.T.);
#872=FACE_OUTER_BOUND('',#1383,.T.);
#873=FACE_OUTER_BOUND('',#1384,.T.);
#874=FACE_OUTER_BOUND('',#1385,.T.);
#875=FACE_OUTER_BOUND('',#1386,.T.);
#876=FACE_OUTER_BOUND('',#1387,.T.);
#877=FACE_OUTER_BOUND('',#1388,.T.);
#878=FACE_OUTER_BOUND('',#1389,.T.);
#879=FACE_OUTER_BOUND('',#1390,.T.);
#880=FACE_OUTER_BOUND('',#1391,.T.);
#881=FACE_OUTER_BOUND('',#1392,.T.);
#882=FACE_OUTER_BOUND('',#1393,.T.);
#883=FACE_OUTER_BOUND('',#1394,.T.);
#884=FACE_OUTER_BOUND('',#1395,.T.);
#885=FACE_OUTER_BOUND('',#1396,.T.);
#886=FACE_OUTER_BOUND('',#1397,.T.);
#887=FACE_OUTER_BOUND('',#1398,.T.);
#888=FACE_OUTER_BOUND('',#1399,.T.);
#889=FACE_OUTER_BOUND('',#1400,.T.);
#890=FACE_OUTER_BOUND('',#1401,.T.);
#891=FACE_OUTER_BOUND('',#1402,.T.);
#892=FACE_OUTER_BOUND('',#1403,.T.);
#893=FACE_OUTER_BOUND('',#1404,.T.);
#894=FACE_OUTER_BOUND('',#1405,.T.);
#895=FACE_OUTER_BOUND('',#1406,.T.);
#896=FACE_OUTER_BOUND('',#1407,.T.);
#897=FACE_OUTER_BOUND('',#1408,.T.);
#898=FACE_OUTER_BOUND('',#1409,.T.);
#899=FACE_OUTER_BOUND('',#1410,.T.);
#900=FACE_OUTER_BOUND('',#1411,.T.);
#901=FACE_OUTER_BOUND('',#1412,.T.);
#902=FACE_OUTER_BOUND('',#1413,.T.);
#903=FACE_OUTER_BOUND('',#1414,.T.);
#904=FACE_OUTER_BOUND('',#1415,.T.);
#905=FACE_OUTER_BOUND('',#1416,.T.);
#906=FACE_OUTER_BOUND('',#1417,.T.);
#907=FACE_OUTER_BOUND('',#1418,.T.);
#908=FACE_OUTER_BOUND('',#1419,.T.);
#909=FACE_OUTER_BOUND('',#1420,.T.);
#910=FACE_OUTER_BOUND('',#1421,.T.);
#911=FACE_OUTER_BOUND('',#1422,.T.);
#912=FACE_OUTER_BOUND('',#1463,.T.);
#913=FACE_OUTER_BOUND('',#1504,.T.);
#914=FACE_OUTER_BOUND('',#1505,.T.);
#915=FACE_OUTER_BOUND('',#1506,.T.);
#916=FACE_OUTER_BOUND('',#1507,.T.);
#917=FACE_OUTER_BOUND('',#1508,.T.);
#918=FACE_OUTER_BOUND('',#1510,.T.);
#919=FACE_OUTER_BOUND('',#1511,.T.);
#920=FACE_OUTER_BOUND('',#1512,.T.);
#921=FACE_OUTER_BOUND('',#1513,.T.);
#922=FACE_OUTER_BOUND('',#1514,.T.);
#923=FACE_OUTER_BOUND('',#1515,.T.);
#924=FACE_OUTER_BOUND('',#1516,.T.);
#925=FACE_OUTER_BOUND('',#1517,.T.);
#926=FACE_OUTER_BOUND('',#1518,.T.);
#927=FACE_OUTER_BOUND('',#1519,.T.);
#928=FACE_OUTER_BOUND('',#1520,.T.);
#929=FACE_OUTER_BOUND('',#1521,.T.);
#930=FACE_OUTER_BOUND('',#1522,.T.);
#931=FACE_OUTER_BOUND('',#1523,.T.);
#932=FACE_OUTER_BOUND('',#1524,.T.);
#933=FACE_OUTER_BOUND('',#1526,.T.);
#934=FACE_OUTER_BOUND('',#1527,.T.);
#935=FACE_OUTER_BOUND('',#1528,.T.);
#936=FACE_OUTER_BOUND('',#1529,.T.);
#937=FACE_OUTER_BOUND('',#1530,.T.);
#938=FACE_OUTER_BOUND('',#1531,.T.);
#939=FACE_OUTER_BOUND('',#1532,.T.);
#940=FACE_OUTER_BOUND('',#1533,.T.);
#941=FACE_OUTER_BOUND('',#1534,.T.);
#942=FACE_OUTER_BOUND('',#1535,.T.);
#943=FACE_OUTER_BOUND('',#1536,.T.);
#944=FACE_OUTER_BOUND('',#1537,.T.);
#945=FACE_OUTER_BOUND('',#1538,.T.);
#946=FACE_OUTER_BOUND('',#1539,.T.);
#947=FACE_OUTER_BOUND('',#1540,.T.);
#948=FACE_OUTER_BOUND('',#1541,.T.);
#949=FACE_OUTER_BOUND('',#1542,.T.);
#950=FACE_OUTER_BOUND('',#1543,.T.);
#951=FACE_OUTER_BOUND('',#1544,.T.);
#952=FACE_OUTER_BOUND('',#1545,.T.);
#953=FACE_OUTER_BOUND('',#1546,.T.);
#954=FACE_OUTER_BOUND('',#1547,.T.);
#955=FACE_OUTER_BOUND('',#1548,.T.);
#956=FACE_OUTER_BOUND('',#1549,.T.);
#957=FACE_OUTER_BOUND('',#1550,.T.);
#958=FACE_OUTER_BOUND('',#1551,.T.);
#959=FACE_OUTER_BOUND('',#1552,.T.);
#960=FACE_OUTER_BOUND('',#1553,.T.);
#961=FACE_OUTER_BOUND('',#1554,.T.);
#962=FACE_OUTER_BOUND('',#1555,.T.);
#963=FACE_OUTER_BOUND('',#1556,.T.);
#964=FACE_OUTER_BOUND('',#1557,.T.);
#965=FACE_OUTER_BOUND('',#1558,.T.);
#966=FACE_OUTER_BOUND('',#1559,.T.);
#967=FACE_OUTER_BOUND('',#1560,.T.);
#968=FACE_OUTER_BOUND('',#1561,.T.);
#969=FACE_OUTER_BOUND('',#1562,.T.);
#970=FACE_OUTER_BOUND('',#1563,.T.);
#971=FACE_OUTER_BOUND('',#1564,.T.);
#972=FACE_OUTER_BOUND('',#1565,.T.);
#973=FACE_OUTER_BOUND('',#1566,.T.);
#974=FACE_OUTER_BOUND('',#1572,.T.);
#975=FACE_OUTER_BOUND('',#1573,.T.);
#976=FACE_OUTER_BOUND('',#1574,.T.);
#977=FACE_OUTER_BOUND('',#1575,.T.);
#978=FACE_OUTER_BOUND('',#1576,.T.);
#979=FACE_OUTER_BOUND('',#1577,.T.);
#980=FACE_OUTER_BOUND('',#1578,.T.);
#981=FACE_OUTER_BOUND('',#1579,.T.);
#982=FACE_OUTER_BOUND('',#1580,.T.);
#983=FACE_OUTER_BOUND('',#1581,.T.);
#984=FACE_OUTER_BOUND('',#1582,.T.);
#985=FACE_OUTER_BOUND('',#1583,.T.);
#986=FACE_OUTER_BOUND('',#1584,.T.);
#987=FACE_OUTER_BOUND('',#1585,.T.);
#988=FACE_OUTER_BOUND('',#1586,.T.);
#989=FACE_OUTER_BOUND('',#1587,.T.);
#990=FACE_OUTER_BOUND('',#1588,.T.);
#991=FACE_OUTER_BOUND('',#1591,.T.);
#992=FACE_OUTER_BOUND('',#1592,.T.);
#993=FACE_OUTER_BOUND('',#1593,.T.);
#994=FACE_OUTER_BOUND('',#1594,.T.);
#995=FACE_OUTER_BOUND('',#1595,.T.);
#996=FACE_OUTER_BOUND('',#1596,.T.);
#997=FACE_OUTER_BOUND('',#1597,.T.);
#998=FACE_OUTER_BOUND('',#1598,.T.);
#999=FACE_OUTER_BOUND('',#1599,.T.);
#1000=FACE_OUTER_BOUND('',#1600,.T.);
#1001=FACE_OUTER_BOUND('',#1601,.T.);
#1002=FACE_OUTER_BOUND('',#1602,.T.);
#1003=FACE_OUTER_BOUND('',#1604,.T.);
#1004=FACE_OUTER_BOUND('',#1605,.T.);
#1005=FACE_OUTER_BOUND('',#1606,.T.);
#1006=FACE_OUTER_BOUND('',#1607,.T.);
#1007=FACE_OUTER_BOUND('',#1608,.T.);
#1008=FACE_OUTER_BOUND('',#1609,.T.);
#1009=FACE_OUTER_BOUND('',#1610,.T.);
#1010=FACE_OUTER_BOUND('',#1611,.T.);
#1011=FACE_OUTER_BOUND('',#1612,.T.);
#1012=FACE_OUTER_BOUND('',#1613,.T.);
#1013=FACE_OUTER_BOUND('',#1614,.T.);
#1014=FACE_OUTER_BOUND('',#1615,.T.);
#1015=FACE_OUTER_BOUND('',#1616,.T.);
#1016=FACE_OUTER_BOUND('',#1617,.T.);
#1017=FACE_OUTER_BOUND('',#1618,.T.);
#1018=FACE_OUTER_BOUND('',#1619,.T.);
#1019=FACE_OUTER_BOUND('',#1620,.T.);
#1020=FACE_OUTER_BOUND('',#1621,.T.);
#1021=FACE_OUTER_BOUND('',#1622,.T.);
#1022=FACE_OUTER_BOUND('',#1623,.T.);
#1023=FACE_OUTER_BOUND('',#1624,.T.);
#1024=FACE_OUTER_BOUND('',#1625,.T.);
#1025=FACE_OUTER_BOUND('',#1626,.T.);
#1026=FACE_OUTER_BOUND('',#1627,.T.);
#1027=FACE_OUTER_BOUND('',#1628,.T.);
#1028=FACE_OUTER_BOUND('',#1629,.T.);
#1029=FACE_OUTER_BOUND('',#1630,.T.);
#1030=FACE_OUTER_BOUND('',#1631,.T.);
#1031=FACE_OUTER_BOUND('',#1633,.T.);
#1032=FACE_OUTER_BOUND('',#1634,.T.);
#1033=FACE_OUTER_BOUND('',#1636,.T.);
#1034=FACE_OUTER_BOUND('',#1638,.T.);
#1035=FACE_OUTER_BOUND('',#1639,.T.);
#1036=FACE_OUTER_BOUND('',#1640,.T.);
#1037=FACE_OUTER_BOUND('',#1641,.T.);
#1038=FACE_OUTER_BOUND('',#1642,.T.);
#1039=FACE_OUTER_BOUND('',#1643,.T.);
#1040=FACE_OUTER_BOUND('',#1644,.T.);
#1041=FACE_OUTER_BOUND('',#1645,.T.);
#1042=FACE_OUTER_BOUND('',#1647,.T.);
#1043=FACE_OUTER_BOUND('',#1648,.T.);
#1044=FACE_OUTER_BOUND('',#1649,.T.);
#1045=FACE_OUTER_BOUND('',#1650,.T.);
#1046=FACE_OUTER_BOUND('',#1651,.T.);
#1047=FACE_OUTER_BOUND('',#1652,.T.);
#1048=FACE_OUTER_BOUND('',#1653,.T.);
#1049=FACE_OUTER_BOUND('',#1654,.T.);
#1050=FACE_OUTER_BOUND('',#1655,.T.);
#1051=FACE_OUTER_BOUND('',#1656,.T.);
#1052=FACE_OUTER_BOUND('',#1657,.T.);
#1053=FACE_OUTER_BOUND('',#1658,.T.);
#1054=FACE_OUTER_BOUND('',#1659,.T.);
#1055=FACE_OUTER_BOUND('',#1660,.T.);
#1056=FACE_OUTER_BOUND('',#1661,.T.);
#1057=FACE_OUTER_BOUND('',#1662,.T.);
#1058=FACE_OUTER_BOUND('',#1663,.T.);
#1059=FACE_OUTER_BOUND('',#1665,.T.);
#1060=FACE_OUTER_BOUND('',#1666,.T.);
#1061=FACE_OUTER_BOUND('',#1667,.T.);
#1062=EDGE_LOOP('',(#5423,#5424,#5425,#5426));
#1063=EDGE_LOOP('',(#5427,#5428,#5429,#5430));
#1064=EDGE_LOOP('',(#5431,#5432,#5433,#5434,#5435,#5436,#5437,#5438));
#1065=EDGE_LOOP('',(#5439,#5440,#5441,#5442));
#1066=EDGE_LOOP('',(#5443,#5444,#5445,#5446));
#1067=EDGE_LOOP('',(#5447,#5448,#5449,#5450));
#1068=EDGE_LOOP('',(#5451,#5452,#5453,#5454));
#1069=EDGE_LOOP('',(#5455,#5456,#5457,#5458));
#1070=EDGE_LOOP('',(#5459,#5460,#5461,#5462));
#1071=EDGE_LOOP('',(#5463,#5464,#5465,#5466));
#1072=EDGE_LOOP('',(#5467,#5468,#5469,#5470));
#1073=EDGE_LOOP('',(#5471,#5472,#5473,#5474));
#1074=EDGE_LOOP('',(#5475,#5476,#5477,#5478));
#1075=EDGE_LOOP('',(#5479,#5480,#5481,#5482));
#1076=EDGE_LOOP('',(#5483,#5484,#5485,#5486));
#1077=EDGE_LOOP('',(#5487,#5488,#5489,#5490));
#1078=EDGE_LOOP('',(#5491,#5492,#5493,#5494));
#1079=EDGE_LOOP('',(#5495,#5496,#5497,#5498));
#1080=EDGE_LOOP('',(#5499,#5500,#5501,#5502));
#1081=EDGE_LOOP('',(#5503,#5504,#5505,#5506));
#1082=EDGE_LOOP('',(#5507,#5508,#5509,#5510));
#1083=EDGE_LOOP('',(#5511,#5512,#5513,#5514));
#1084=EDGE_LOOP('',(#5515,#5516,#5517,#5518));
#1085=EDGE_LOOP('',(#5519,#5520,#5521,#5522));
#1086=EDGE_LOOP('',(#5523,#5524,#5525,#5526));
#1087=EDGE_LOOP('',(#5527,#5528,#5529,#5530));
#1088=EDGE_LOOP('',(#5531,#5532,#5533,#5534));
#1089=EDGE_LOOP('',(#5535,#5536,#5537,#5538));
#1090=EDGE_LOOP('',(#5539,#5540,#5541,#5542));
#1091=EDGE_LOOP('',(#5543,#5544,#5545,#5546));
#1092=EDGE_LOOP('',(#5547,#5548,#5549,#5550));
#1093=EDGE_LOOP('',(#5551,#5552,#5553,#5554));
#1094=EDGE_LOOP('',(#5555,#5556,#5557,#5558));
#1095=EDGE_LOOP('',(#5559,#5560,#5561,#5562));
#1096=EDGE_LOOP('',(#5563,#5564,#5565,#5566));
#1097=EDGE_LOOP('',(#5567,#5568,#5569,#5570));
#1098=EDGE_LOOP('',(#5571,#5572,#5573,#5574));
#1099=EDGE_LOOP('',(#5575,#5576,#5577,#5578));
#1100=EDGE_LOOP('',(#5579,#5580,#5581,#5582));
#1101=EDGE_LOOP('',(#5583,#5584,#5585,#5586));
#1102=EDGE_LOOP('',(#5587,#5588,#5589,#5590));
#1103=EDGE_LOOP('',(#5591,#5592,#5593,#5594));
#1104=EDGE_LOOP('',(#5595,#5596,#5597,#5598));
#1105=EDGE_LOOP('',(#5599,#5600,#5601,#5602));
#1106=EDGE_LOOP('',(#5603,#5604,#5605,#5606));
#1107=EDGE_LOOP('',(#5607,#5608,#5609,#5610));
#1108=EDGE_LOOP('',(#5611,#5612,#5613,#5614));
#1109=EDGE_LOOP('',(#5615,#5616,#5617,#5618));
#1110=EDGE_LOOP('',(#5619,#5620,#5621,#5622));
#1111=EDGE_LOOP('',(#5623));
#1112=EDGE_LOOP('',(#5624));
#1113=EDGE_LOOP('',(#5625));
#1114=EDGE_LOOP('',(#5626));
#1115=EDGE_LOOP('',(#5627));
#1116=EDGE_LOOP('',(#5628));
#1117=EDGE_LOOP('',(#5629));
#1118=EDGE_LOOP('',(#5630));
#1119=EDGE_LOOP('',(#5631));
#1120=EDGE_LOOP('',(#5632));
#1121=EDGE_LOOP('',(#5633));
#1122=EDGE_LOOP('',(#5634));
#1123=EDGE_LOOP('',(#5635));
#1124=EDGE_LOOP('',(#5636));
#1125=EDGE_LOOP('',(#5637));
#1126=EDGE_LOOP('',(#5638));
#1127=EDGE_LOOP('',(#5639,#5640,#5641,#5642));
#1128=EDGE_LOOP('',(#5643,#5644,#5645,#5646));
#1129=EDGE_LOOP('',(#5647,#5648,#5649,#5650));
#1130=EDGE_LOOP('',(#5651,#5652,#5653,#5654));
#1131=EDGE_LOOP('',(#5655,#5656,#5657,#5658,#5659,#5660,#5661,#5662,#5663,
#5664,#5665,#5666,#5667,#5668,#5669,#5670,#5671,#5672,#5673,#5674,#5675,
#5676,#5677,#5678));
#1132=EDGE_LOOP('',(#5679));
#1133=EDGE_LOOP('',(#5680));
#1134=EDGE_LOOP('',(#5681));
#1135=EDGE_LOOP('',(#5682));
#1136=EDGE_LOOP('',(#5683));
#1137=EDGE_LOOP('',(#5684));
#1138=EDGE_LOOP('',(#5685));
#1139=EDGE_LOOP('',(#5686));
#1140=EDGE_LOOP('',(#5687));
#1141=EDGE_LOOP('',(#5688));
#1142=EDGE_LOOP('',(#5689));
#1143=EDGE_LOOP('',(#5690));
#1144=EDGE_LOOP('',(#5691));
#1145=EDGE_LOOP('',(#5692));
#1146=EDGE_LOOP('',(#5693));
#1147=EDGE_LOOP('',(#5694));
#1148=EDGE_LOOP('',(#5695));
#1149=EDGE_LOOP('',(#5696));
#1150=EDGE_LOOP('',(#5697));
#1151=EDGE_LOOP('',(#5698));
#1152=EDGE_LOOP('',(#5699));
#1153=EDGE_LOOP('',(#5700));
#1154=EDGE_LOOP('',(#5701));
#1155=EDGE_LOOP('',(#5702));
#1156=EDGE_LOOP('',(#5703));
#1157=EDGE_LOOP('',(#5704));
#1158=EDGE_LOOP('',(#5705));
#1159=EDGE_LOOP('',(#5706));
#1160=EDGE_LOOP('',(#5707));
#1161=EDGE_LOOP('',(#5708));
#1162=EDGE_LOOP('',(#5709));
#1163=EDGE_LOOP('',(#5710));
#1164=EDGE_LOOP('',(#5711));
#1165=EDGE_LOOP('',(#5712));
#1166=EDGE_LOOP('',(#5713));
#1167=EDGE_LOOP('',(#5714));
#1168=EDGE_LOOP('',(#5715));
#1169=EDGE_LOOP('',(#5716));
#1170=EDGE_LOOP('',(#5717));
#1171=EDGE_LOOP('',(#5718));
#1172=EDGE_LOOP('',(#5719));
#1173=EDGE_LOOP('',(#5720));
#1174=EDGE_LOOP('',(#5721));
#1175=EDGE_LOOP('',(#5722));
#1176=EDGE_LOOP('',(#5723));
#1177=EDGE_LOOP('',(#5724));
#1178=EDGE_LOOP('',(#5725));
#1179=EDGE_LOOP('',(#5726));
#1180=EDGE_LOOP('',(#5727,#5728,#5729,#5730));
#1181=EDGE_LOOP('',(#5731,#5732,#5733,#5734));
#1182=EDGE_LOOP('',(#5735,#5736,#5737,#5738));
#1183=EDGE_LOOP('',(#5739,#5740,#5741,#5742));
#1184=EDGE_LOOP('',(#5743,#5744,#5745,#5746));
#1185=EDGE_LOOP('',(#5747,#5748,#5749,#5750));
#1186=EDGE_LOOP('',(#5751,#5752,#5753,#5754));
#1187=EDGE_LOOP('',(#5755,#5756,#5757,#5758));
#1188=EDGE_LOOP('',(#5759,#5760,#5761,#5762));
#1189=EDGE_LOOP('',(#5763,#5764,#5765,#5766));
#1190=EDGE_LOOP('',(#5767,#5768,#5769,#5770));
#1191=EDGE_LOOP('',(#5771,#5772,#5773,#5774));
#1192=EDGE_LOOP('',(#5775,#5776,#5777,#5778));
#1193=EDGE_LOOP('',(#5779,#5780,#5781,#5782));
#1194=EDGE_LOOP('',(#5783,#5784,#5785,#5786));
#1195=EDGE_LOOP('',(#5787,#5788,#5789,#5790));
#1196=EDGE_LOOP('',(#5791,#5792,#5793,#5794));
#1197=EDGE_LOOP('',(#5795,#5796,#5797,#5798));
#1198=EDGE_LOOP('',(#5799,#5800,#5801,#5802));
#1199=EDGE_LOOP('',(#5803,#5804,#5805,#5806));
#1200=EDGE_LOOP('',(#5807,#5808,#5809,#5810));
#1201=EDGE_LOOP('',(#5811,#5812,#5813,#5814));
#1202=EDGE_LOOP('',(#5815,#5816,#5817,#5818));
#1203=EDGE_LOOP('',(#5819,#5820,#5821,#5822));
#1204=EDGE_LOOP('',(#5823,#5824,#5825,#5826));
#1205=EDGE_LOOP('',(#5827,#5828,#5829,#5830));
#1206=EDGE_LOOP('',(#5831,#5832,#5833,#5834));
#1207=EDGE_LOOP('',(#5835,#5836,#5837,#5838));
#1208=EDGE_LOOP('',(#5839,#5840,#5841,#5842,#5843,#5844,#5845,#5846,#5847,
#5848,#5849,#5850,#5851,#5852,#5853,#5854,#5855,#5856,#5857,#5858,#5859,
#5860,#5861,#5862));
#1209=EDGE_LOOP('',(#5863,#5864,#5865,#5866,#5867,#5868,#5869,#5870));
#1210=EDGE_LOOP('',(#5871));
#1211=EDGE_LOOP('',(#5872));
#1212=EDGE_LOOP('',(#5873));
#1213=EDGE_LOOP('',(#5874));
#1214=EDGE_LOOP('',(#5875));
#1215=EDGE_LOOP('',(#5876));
#1216=EDGE_LOOP('',(#5877));
#1217=EDGE_LOOP('',(#5878));
#1218=EDGE_LOOP('',(#5879));
#1219=EDGE_LOOP('',(#5880));
#1220=EDGE_LOOP('',(#5881));
#1221=EDGE_LOOP('',(#5882));
#1222=EDGE_LOOP('',(#5883));
#1223=EDGE_LOOP('',(#5884));
#1224=EDGE_LOOP('',(#5885));
#1225=EDGE_LOOP('',(#5886));
#1226=EDGE_LOOP('',(#5887));
#1227=EDGE_LOOP('',(#5888));
#1228=EDGE_LOOP('',(#5889));
#1229=EDGE_LOOP('',(#5890));
#1230=EDGE_LOOP('',(#5891));
#1231=EDGE_LOOP('',(#5892));
#1232=EDGE_LOOP('',(#5893));
#1233=EDGE_LOOP('',(#5894));
#1234=EDGE_LOOP('',(#5895));
#1235=EDGE_LOOP('',(#5896));
#1236=EDGE_LOOP('',(#5897));
#1237=EDGE_LOOP('',(#5898));
#1238=EDGE_LOOP('',(#5899));
#1239=EDGE_LOOP('',(#5900));
#1240=EDGE_LOOP('',(#5901));
#1241=EDGE_LOOP('',(#5902));
#1242=EDGE_LOOP('',(#5903));
#1243=EDGE_LOOP('',(#5904));
#1244=EDGE_LOOP('',(#5905));
#1245=EDGE_LOOP('',(#5906));
#1246=EDGE_LOOP('',(#5907));
#1247=EDGE_LOOP('',(#5908));
#1248=EDGE_LOOP('',(#5909));
#1249=EDGE_LOOP('',(#5910));
#1250=EDGE_LOOP('',(#5911));
#1251=EDGE_LOOP('',(#5912));
#1252=EDGE_LOOP('',(#5913));
#1253=EDGE_LOOP('',(#5914));
#1254=EDGE_LOOP('',(#5915));
#1255=EDGE_LOOP('',(#5916));
#1256=EDGE_LOOP('',(#5917));
#1257=EDGE_LOOP('',(#5918));
#1258=EDGE_LOOP('',(#5919,#5920,#5921,#5922));
#1259=EDGE_LOOP('',(#5923,#5924,#5925,#5926));
#1260=EDGE_LOOP('',(#5927,#5928,#5929,#5930));
#1261=EDGE_LOOP('',(#5931,#5932,#5933,#5934));
#1262=EDGE_LOOP('',(#5935,#5936,#5937,#5938));
#1263=EDGE_LOOP('',(#5939,#5940,#5941,#5942));
#1264=EDGE_LOOP('',(#5943,#5944,#5945,#5946));
#1265=EDGE_LOOP('',(#5947,#5948,#5949,#5950));
#1266=EDGE_LOOP('',(#5951,#5952,#5953,#5954));
#1267=EDGE_LOOP('',(#5955,#5956,#5957,#5958));
#1268=EDGE_LOOP('',(#5959,#5960,#5961,#5962));
#1269=EDGE_LOOP('',(#5963,#5964,#5965,#5966));
#1270=EDGE_LOOP('',(#5967,#5968,#5969,#5970));
#1271=EDGE_LOOP('',(#5971,#5972,#5973,#5974));
#1272=EDGE_LOOP('',(#5975,#5976,#5977,#5978));
#1273=EDGE_LOOP('',(#5979,#5980,#5981,#5982));
#1274=EDGE_LOOP('',(#5983,#5984,#5985,#5986));
#1275=EDGE_LOOP('',(#5987,#5988,#5989,#5990));
#1276=EDGE_LOOP('',(#5991,#5992,#5993,#5994));
#1277=EDGE_LOOP('',(#5995,#5996,#5997,#5998));
#1278=EDGE_LOOP('',(#5999,#6000,#6001,#6002));
#1279=EDGE_LOOP('',(#6003,#6004,#6005,#6006));
#1280=EDGE_LOOP('',(#6007,#6008,#6009,#6010));
#1281=EDGE_LOOP('',(#6011,#6012,#6013,#6014));
#1282=EDGE_LOOP('',(#6015,#6016,#6017,#6018));
#1283=EDGE_LOOP('',(#6019,#6020,#6021,#6022));
#1284=EDGE_LOOP('',(#6023,#6024,#6025,#6026));
#1285=EDGE_LOOP('',(#6027,#6028,#6029,#6030));
#1286=EDGE_LOOP('',(#6031,#6032,#6033,#6034));
#1287=EDGE_LOOP('',(#6035,#6036,#6037,#6038));
#1288=EDGE_LOOP('',(#6039,#6040,#6041,#6042));
#1289=EDGE_LOOP('',(#6043,#6044,#6045,#6046));
#1290=EDGE_LOOP('',(#6047,#6048,#6049,#6050));
#1291=EDGE_LOOP('',(#6051,#6052,#6053,#6054));
#1292=EDGE_LOOP('',(#6055,#6056,#6057,#6058));
#1293=EDGE_LOOP('',(#6059,#6060,#6061,#6062));
#1294=EDGE_LOOP('',(#6063,#6064,#6065,#6066));
#1295=EDGE_LOOP('',(#6067,#6068,#6069,#6070));
#1296=EDGE_LOOP('',(#6071,#6072,#6073,#6074));
#1297=EDGE_LOOP('',(#6075,#6076,#6077,#6078));
#1298=EDGE_LOOP('',(#6079,#6080,#6081,#6082));
#1299=EDGE_LOOP('',(#6083,#6084,#6085,#6086));
#1300=EDGE_LOOP('',(#6087,#6088,#6089,#6090));
#1301=EDGE_LOOP('',(#6091,#6092,#6093,#6094));
#1302=EDGE_LOOP('',(#6095,#6096,#6097,#6098));
#1303=EDGE_LOOP('',(#6099,#6100,#6101,#6102));
#1304=EDGE_LOOP('',(#6103,#6104,#6105,#6106));
#1305=EDGE_LOOP('',(#6107,#6108,#6109,#6110));
#1306=EDGE_LOOP('',(#6111,#6112,#6113,#6114));
#1307=EDGE_LOOP('',(#6115,#6116,#6117,#6118));
#1308=EDGE_LOOP('',(#6119,#6120,#6121,#6122));
#1309=EDGE_LOOP('',(#6123,#6124,#6125,#6126));
#1310=EDGE_LOOP('',(#6127,#6128,#6129,#6130));
#1311=EDGE_LOOP('',(#6131,#6132,#6133,#6134));
#1312=EDGE_LOOP('',(#6135,#6136,#6137,#6138));
#1313=EDGE_LOOP('',(#6139,#6140,#6141,#6142));
#1314=EDGE_LOOP('',(#6143,#6144,#6145,#6146));
#1315=EDGE_LOOP('',(#6147,#6148,#6149,#6150));
#1316=EDGE_LOOP('',(#6151,#6152,#6153,#6154));
#1317=EDGE_LOOP('',(#6155,#6156,#6157,#6158));
#1318=EDGE_LOOP('',(#6159,#6160,#6161,#6162));
#1319=EDGE_LOOP('',(#6163,#6164,#6165,#6166));
#1320=EDGE_LOOP('',(#6167,#6168,#6169,#6170));
#1321=EDGE_LOOP('',(#6171,#6172,#6173,#6174));
#1322=EDGE_LOOP('',(#6175,#6176,#6177,#6178));
#1323=EDGE_LOOP('',(#6179,#6180,#6181,#6182));
#1324=EDGE_LOOP('',(#6183,#6184,#6185,#6186));
#1325=EDGE_LOOP('',(#6187,#6188,#6189,#6190));
#1326=EDGE_LOOP('',(#6191,#6192,#6193,#6194));
#1327=EDGE_LOOP('',(#6195,#6196,#6197,#6198));
#1328=EDGE_LOOP('',(#6199,#6200,#6201,#6202));
#1329=EDGE_LOOP('',(#6203,#6204,#6205,#6206));
#1330=EDGE_LOOP('',(#6207,#6208,#6209,#6210));
#1331=EDGE_LOOP('',(#6211,#6212,#6213,#6214));
#1332=EDGE_LOOP('',(#6215,#6216,#6217,#6218));
#1333=EDGE_LOOP('',(#6219,#6220,#6221,#6222));
#1334=EDGE_LOOP('',(#6223,#6224,#6225,#6226));
#1335=EDGE_LOOP('',(#6227,#6228,#6229,#6230));
#1336=EDGE_LOOP('',(#6231,#6232,#6233,#6234));
#1337=EDGE_LOOP('',(#6235,#6236,#6237,#6238));
#1338=EDGE_LOOP('',(#6239,#6240,#6241,#6242));
#1339=EDGE_LOOP('',(#6243,#6244,#6245,#6246));
#1340=EDGE_LOOP('',(#6247,#6248,#6249,#6250));
#1341=EDGE_LOOP('',(#6251,#6252,#6253,#6254));
#1342=EDGE_LOOP('',(#6255,#6256,#6257,#6258));
#1343=EDGE_LOOP('',(#6259,#6260,#6261,#6262));
#1344=EDGE_LOOP('',(#6263,#6264,#6265,#6266));
#1345=EDGE_LOOP('',(#6267,#6268,#6269,#6270));
#1346=EDGE_LOOP('',(#6271,#6272,#6273,#6274));
#1347=EDGE_LOOP('',(#6275,#6276,#6277,#6278));
#1348=EDGE_LOOP('',(#6279,#6280,#6281,#6282));
#1349=EDGE_LOOP('',(#6283,#6284,#6285,#6286));
#1350=EDGE_LOOP('',(#6287,#6288,#6289,#6290));
#1351=EDGE_LOOP('',(#6291,#6292,#6293,#6294));
#1352=EDGE_LOOP('',(#6295,#6296,#6297,#6298));
#1353=EDGE_LOOP('',(#6299,#6300,#6301,#6302));
#1354=EDGE_LOOP('',(#6303,#6304,#6305,#6306));
#1355=EDGE_LOOP('',(#6307,#6308,#6309,#6310));
#1356=EDGE_LOOP('',(#6311,#6312,#6313,#6314));
#1357=EDGE_LOOP('',(#6315,#6316,#6317,#6318));
#1358=EDGE_LOOP('',(#6319,#6320,#6321,#6322));
#1359=EDGE_LOOP('',(#6323,#6324,#6325,#6326));
#1360=EDGE_LOOP('',(#6327,#6328,#6329,#6330));
#1361=EDGE_LOOP('',(#6331,#6332,#6333,#6334));
#1362=EDGE_LOOP('',(#6335,#6336,#6337,#6338));
#1363=EDGE_LOOP('',(#6339,#6340,#6341,#6342));
#1364=EDGE_LOOP('',(#6343,#6344,#6345,#6346));
#1365=EDGE_LOOP('',(#6347,#6348,#6349,#6350));
#1366=EDGE_LOOP('',(#6351,#6352,#6353,#6354));
#1367=EDGE_LOOP('',(#6355,#6356,#6357,#6358));
#1368=EDGE_LOOP('',(#6359,#6360,#6361,#6362));
#1369=EDGE_LOOP('',(#6363,#6364,#6365,#6366));
#1370=EDGE_LOOP('',(#6367,#6368,#6369,#6370));
#1371=EDGE_LOOP('',(#6371,#6372,#6373,#6374));
#1372=EDGE_LOOP('',(#6375,#6376,#6377,#6378));
#1373=EDGE_LOOP('',(#6379,#6380,#6381,#6382));
#1374=EDGE_LOOP('',(#6383,#6384,#6385,#6386));
#1375=EDGE_LOOP('',(#6387,#6388,#6389,#6390));
#1376=EDGE_LOOP('',(#6391,#6392,#6393,#6394));
#1377=EDGE_LOOP('',(#6395,#6396,#6397,#6398));
#1378=EDGE_LOOP('',(#6399,#6400,#6401,#6402));
#1379=EDGE_LOOP('',(#6403,#6404,#6405,#6406));
#1380=EDGE_LOOP('',(#6407,#6408,#6409,#6410));
#1381=EDGE_LOOP('',(#6411,#6412,#6413,#6414));
#1382=EDGE_LOOP('',(#6415,#6416,#6417,#6418));
#1383=EDGE_LOOP('',(#6419,#6420,#6421,#6422));
#1384=EDGE_LOOP('',(#6423,#6424,#6425,#6426));
#1385=EDGE_LOOP('',(#6427,#6428,#6429,#6430));
#1386=EDGE_LOOP('',(#6431,#6432,#6433,#6434));
#1387=EDGE_LOOP('',(#6435,#6436,#6437,#6438));
#1388=EDGE_LOOP('',(#6439,#6440,#6441,#6442));
#1389=EDGE_LOOP('',(#6443,#6444,#6445,#6446));
#1390=EDGE_LOOP('',(#6447,#6448,#6449,#6450));
#1391=EDGE_LOOP('',(#6451,#6452,#6453,#6454));
#1392=EDGE_LOOP('',(#6455,#6456,#6457,#6458));
#1393=EDGE_LOOP('',(#6459,#6460,#6461,#6462));
#1394=EDGE_LOOP('',(#6463,#6464,#6465,#6466));
#1395=EDGE_LOOP('',(#6467,#6468,#6469,#6470));
#1396=EDGE_LOOP('',(#6471,#6472,#6473,#6474));
#1397=EDGE_LOOP('',(#6475,#6476,#6477,#6478));
#1398=EDGE_LOOP('',(#6479,#6480,#6481,#6482));
#1399=EDGE_LOOP('',(#6483,#6484,#6485,#6486));
#1400=EDGE_LOOP('',(#6487,#6488,#6489,#6490));
#1401=EDGE_LOOP('',(#6491,#6492,#6493,#6494));
#1402=EDGE_LOOP('',(#6495,#6496,#6497,#6498));
#1403=EDGE_LOOP('',(#6499,#6500,#6501,#6502));
#1404=EDGE_LOOP('',(#6503,#6504,#6505,#6506));
#1405=EDGE_LOOP('',(#6507,#6508,#6509,#6510));
#1406=EDGE_LOOP('',(#6511,#6512,#6513,#6514));
#1407=EDGE_LOOP('',(#6515,#6516,#6517,#6518));
#1408=EDGE_LOOP('',(#6519,#6520,#6521,#6522));
#1409=EDGE_LOOP('',(#6523,#6524,#6525,#6526));
#1410=EDGE_LOOP('',(#6527,#6528,#6529,#6530));
#1411=EDGE_LOOP('',(#6531,#6532,#6533,#6534));
#1412=EDGE_LOOP('',(#6535,#6536,#6537,#6538));
#1413=EDGE_LOOP('',(#6539,#6540,#6541,#6542));
#1414=EDGE_LOOP('',(#6543,#6544,#6545,#6546));
#1415=EDGE_LOOP('',(#6547,#6548,#6549,#6550));
#1416=EDGE_LOOP('',(#6551,#6552,#6553,#6554));
#1417=EDGE_LOOP('',(#6555,#6556,#6557,#6558));
#1418=EDGE_LOOP('',(#6559,#6560,#6561,#6562));
#1419=EDGE_LOOP('',(#6563,#6564,#6565,#6566));
#1420=EDGE_LOOP('',(#6567,#6568,#6569,#6570));
#1421=EDGE_LOOP('',(#6571,#6572,#6573,#6574));
#1422=EDGE_LOOP('',(#6575,#6576,#6577,#6578));
#1423=EDGE_LOOP('',(#6579,#6580,#6581,#6582));
#1424=EDGE_LOOP('',(#6583,#6584,#6585,#6586));
#1425=EDGE_LOOP('',(#6587,#6588,#6589,#6590));
#1426=EDGE_LOOP('',(#6591,#6592,#6593,#6594));
#1427=EDGE_LOOP('',(#6595,#6596,#6597,#6598));
#1428=EDGE_LOOP('',(#6599,#6600,#6601,#6602));
#1429=EDGE_LOOP('',(#6603,#6604,#6605,#6606));
#1430=EDGE_LOOP('',(#6607,#6608,#6609,#6610));
#1431=EDGE_LOOP('',(#6611,#6612,#6613,#6614));
#1432=EDGE_LOOP('',(#6615,#6616,#6617,#6618));
#1433=EDGE_LOOP('',(#6619,#6620,#6621,#6622));
#1434=EDGE_LOOP('',(#6623,#6624,#6625,#6626));
#1435=EDGE_LOOP('',(#6627,#6628,#6629,#6630));
#1436=EDGE_LOOP('',(#6631,#6632,#6633,#6634));
#1437=EDGE_LOOP('',(#6635,#6636,#6637,#6638));
#1438=EDGE_LOOP('',(#6639,#6640,#6641,#6642));
#1439=EDGE_LOOP('',(#6643,#6644,#6645,#6646));
#1440=EDGE_LOOP('',(#6647,#6648,#6649,#6650));
#1441=EDGE_LOOP('',(#6651,#6652,#6653,#6654));
#1442=EDGE_LOOP('',(#6655,#6656,#6657,#6658));
#1443=EDGE_LOOP('',(#6659,#6660,#6661,#6662));
#1444=EDGE_LOOP('',(#6663,#6664,#6665,#6666));
#1445=EDGE_LOOP('',(#6667,#6668,#6669,#6670));
#1446=EDGE_LOOP('',(#6671,#6672,#6673,#6674));
#1447=EDGE_LOOP('',(#6675,#6676,#6677,#6678));
#1448=EDGE_LOOP('',(#6679,#6680,#6681,#6682));
#1449=EDGE_LOOP('',(#6683,#6684,#6685,#6686));
#1450=EDGE_LOOP('',(#6687,#6688,#6689,#6690));
#1451=EDGE_LOOP('',(#6691,#6692,#6693,#6694));
#1452=EDGE_LOOP('',(#6695,#6696,#6697,#6698));
#1453=EDGE_LOOP('',(#6699,#6700,#6701,#6702));
#1454=EDGE_LOOP('',(#6703,#6704,#6705,#6706));
#1455=EDGE_LOOP('',(#6707,#6708,#6709,#6710));
#1456=EDGE_LOOP('',(#6711,#6712,#6713,#6714));
#1457=EDGE_LOOP('',(#6715,#6716,#6717,#6718));
#1458=EDGE_LOOP('',(#6719,#6720,#6721,#6722));
#1459=EDGE_LOOP('',(#6723,#6724,#6725,#6726));
#1460=EDGE_LOOP('',(#6727,#6728,#6729,#6730));
#1461=EDGE_LOOP('',(#6731,#6732,#6733,#6734));
#1462=EDGE_LOOP('',(#6735,#6736,#6737,#6738));
#1463=EDGE_LOOP('',(#6739,#6740,#6741,#6742));
#1464=EDGE_LOOP('',(#6743,#6744,#6745,#6746));
#1465=EDGE_LOOP('',(#6747,#6748,#6749,#6750));
#1466=EDGE_LOOP('',(#6751,#6752,#6753,#6754));
#1467=EDGE_LOOP('',(#6755,#6756,#6757,#6758));
#1468=EDGE_LOOP('',(#6759,#6760,#6761,#6762));
#1469=EDGE_LOOP('',(#6763,#6764,#6765,#6766));
#1470=EDGE_LOOP('',(#6767,#6768,#6769,#6770));
#1471=EDGE_LOOP('',(#6771,#6772,#6773,#6774));
#1472=EDGE_LOOP('',(#6775,#6776,#6777,#6778));
#1473=EDGE_LOOP('',(#6779,#6780,#6781,#6782));
#1474=EDGE_LOOP('',(#6783,#6784,#6785,#6786));
#1475=EDGE_LOOP('',(#6787,#6788,#6789,#6790));
#1476=EDGE_LOOP('',(#6791,#6792,#6793,#6794));
#1477=EDGE_LOOP('',(#6795,#6796,#6797,#6798));
#1478=EDGE_LOOP('',(#6799,#6800,#6801,#6802));
#1479=EDGE_LOOP('',(#6803,#6804,#6805,#6806));
#1480=EDGE_LOOP('',(#6807,#6808,#6809,#6810));
#1481=EDGE_LOOP('',(#6811,#6812,#6813,#6814));
#1482=EDGE_LOOP('',(#6815,#6816,#6817,#6818));
#1483=EDGE_LOOP('',(#6819,#6820,#6821,#6822));
#1484=EDGE_LOOP('',(#6823,#6824,#6825,#6826));
#1485=EDGE_LOOP('',(#6827,#6828,#6829,#6830));
#1486=EDGE_LOOP('',(#6831,#6832,#6833,#6834));
#1487=EDGE_LOOP('',(#6835,#6836,#6837,#6838));
#1488=EDGE_LOOP('',(#6839,#6840,#6841,#6842));
#1489=EDGE_LOOP('',(#6843,#6844,#6845,#6846));
#1490=EDGE_LOOP('',(#6847,#6848,#6849,#6850));
#1491=EDGE_LOOP('',(#6851,#6852,#6853,#6854));
#1492=EDGE_LOOP('',(#6855,#6856,#6857,#6858));
#1493=EDGE_LOOP('',(#6859,#6860,#6861,#6862));
#1494=EDGE_LOOP('',(#6863,#6864,#6865,#6866));
#1495=EDGE_LOOP('',(#6867,#6868,#6869,#6870));
#1496=EDGE_LOOP('',(#6871,#6872,#6873,#6874));
#1497=EDGE_LOOP('',(#6875,#6876,#6877,#6878));
#1498=EDGE_LOOP('',(#6879,#6880,#6881,#6882));
#1499=EDGE_LOOP('',(#6883,#6884,#6885,#6886));
#1500=EDGE_LOOP('',(#6887,#6888,#6889,#6890));
#1501=EDGE_LOOP('',(#6891,#6892,#6893,#6894));
#1502=EDGE_LOOP('',(#6895,#6896,#6897,#6898));
#1503=EDGE_LOOP('',(#6899,#6900,#6901,#6902));
#1504=EDGE_LOOP('',(#6903,#6904,#6905,#6906));
#1505=EDGE_LOOP('',(#6907,#6908,#6909,#6910));
#1506=EDGE_LOOP('',(#6911,#6912,#6913,#6914));
#1507=EDGE_LOOP('',(#6915,#6916,#6917,#6918));
#1508=EDGE_LOOP('',(#6919,#6920,#6921,#6922));
#1509=EDGE_LOOP('',(#6923,#6924,#6925,#6926));
#1510=EDGE_LOOP('',(#6927,#6928,#6929,#6930));
#1511=EDGE_LOOP('',(#6931,#6932,#6933,#6934));
#1512=EDGE_LOOP('',(#6935,#6936,#6937,#6938));
#1513=EDGE_LOOP('',(#6939,#6940,#6941,#6942));
#1514=EDGE_LOOP('',(#6943,#6944,#6945,#6946,#6947,#6948));
#1515=EDGE_LOOP('',(#6949,#6950,#6951,#6952));
#1516=EDGE_LOOP('',(#6953,#6954,#6955,#6956));
#1517=EDGE_LOOP('',(#6957,#6958,#6959,#6960));
#1518=EDGE_LOOP('',(#6961,#6962,#6963,#6964));
#1519=EDGE_LOOP('',(#6965,#6966,#6967,#6968));
#1520=EDGE_LOOP('',(#6969,#6970,#6971,#6972));
#1521=EDGE_LOOP('',(#6973,#6974,#6975,#6976));
#1522=EDGE_LOOP('',(#6977,#6978,#6979,#6980));
#1523=EDGE_LOOP('',(#6981,#6982,#6983,#6984));
#1524=EDGE_LOOP('',(#6985,#6986,#6987,#6988,#6989,#6990,#6991,#6992,#6993,
#6994,#6995,#6996,#6997));
#1525=EDGE_LOOP('',(#6998,#6999,#7000));
#1526=EDGE_LOOP('',(#7001,#7002,#7003,#7004));
#1527=EDGE_LOOP('',(#7005,#7006,#7007,#7008));
#1528=EDGE_LOOP('',(#7009,#7010,#7011,#7012));
#1529=EDGE_LOOP('',(#7013,#7014,#7015,#7016));
#1530=EDGE_LOOP('',(#7017,#7018,#7019,#7020));
#1531=EDGE_LOOP('',(#7021,#7022,#7023,#7024));
#1532=EDGE_LOOP('',(#7025,#7026,#7027,#7028));
#1533=EDGE_LOOP('',(#7029,#7030,#7031,#7032));
#1534=EDGE_LOOP('',(#7033,#7034,#7035,#7036));
#1535=EDGE_LOOP('',(#7037,#7038,#7039,#7040));
#1536=EDGE_LOOP('',(#7041,#7042,#7043,#7044));
#1537=EDGE_LOOP('',(#7045,#7046,#7047,#7048));
#1538=EDGE_LOOP('',(#7049,#7050,#7051,#7052));
#1539=EDGE_LOOP('',(#7053,#7054,#7055,#7056,#7057,#7058,#7059,#7060,#7061,
#7062,#7063,#7064,#7065,#7066,#7067,#7068));
#1540=EDGE_LOOP('',(#7069,#7070,#7071,#7072));
#1541=EDGE_LOOP('',(#7073,#7074,#7075,#7076));
#1542=EDGE_LOOP('',(#7077,#7078,#7079,#7080));
#1543=EDGE_LOOP('',(#7081,#7082,#7083,#7084));
#1544=EDGE_LOOP('',(#7085,#7086,#7087,#7088));
#1545=EDGE_LOOP('',(#7089,#7090,#7091,#7092));
#1546=EDGE_LOOP('',(#7093,#7094,#7095,#7096));
#1547=EDGE_LOOP('',(#7097,#7098,#7099,#7100));
#1548=EDGE_LOOP('',(#7101,#7102,#7103,#7104));
#1549=EDGE_LOOP('',(#7105,#7106,#7107,#7108));
#1550=EDGE_LOOP('',(#7109,#7110,#7111,#7112));
#1551=EDGE_LOOP('',(#7113,#7114,#7115,#7116));
#1552=EDGE_LOOP('',(#7117,#7118,#7119,#7120));
#1553=EDGE_LOOP('',(#7121,#7122,#7123,#7124));
#1554=EDGE_LOOP('',(#7125,#7126,#7127,#7128));
#1555=EDGE_LOOP('',(#7129,#7130,#7131,#7132));
#1556=EDGE_LOOP('',(#7133,#7134,#7135,#7136,#7137,#7138,#7139,#7140,#7141));
#1557=EDGE_LOOP('',(#7142,#7143,#7144,#7145));
#1558=EDGE_LOOP('',(#7146,#7147,#7148,#7149));
#1559=EDGE_LOOP('',(#7150,#7151,#7152,#7153));
#1560=EDGE_LOOP('',(#7154,#7155,#7156,#7157));
#1561=EDGE_LOOP('',(#7158,#7159,#7160,#7161));
#1562=EDGE_LOOP('',(#7162,#7163,#7164,#7165));
#1563=EDGE_LOOP('',(#7166,#7167,#7168,#7169));
#1564=EDGE_LOOP('',(#7170,#7171,#7172,#7173));
#1565=EDGE_LOOP('',(#7174,#7175,#7176,#7177));
#1566=EDGE_LOOP('',(#7178,#7179,#7180,#7181,#7182,#7183,#7184,#7185));
#1567=EDGE_LOOP('',(#7186,#7187,#7188,#7189));
#1568=EDGE_LOOP('',(#7190,#7191,#7192,#7193,#7194,#7195));
#1569=EDGE_LOOP('',(#7196,#7197,#7198,#7199,#7200,#7201,#7202,#7203,#7204,
#7205,#7206,#7207,#7208));
#1570=EDGE_LOOP('',(#7209,#7210,#7211,#7212,#7213,#7214,#7215,#7216,#7217,
#7218,#7219,#7220,#7221,#7222,#7223,#7224));
#1571=EDGE_LOOP('',(#7225,#7226,#7227,#7228,#7229,#7230,#7231,#7232,#7233));
#1572=EDGE_LOOP('',(#7234,#7235,#7236));
#1573=EDGE_LOOP('',(#7237,#7238,#7239,#7240));
#1574=EDGE_LOOP('',(#7241,#7242,#7243,#7244));
#1575=EDGE_LOOP('',(#7245,#7246,#7247,#7248));
#1576=EDGE_LOOP('',(#7249,#7250,#7251,#7252));
#1577=EDGE_LOOP('',(#7253,#7254,#7255,#7256));
#1578=EDGE_LOOP('',(#7257,#7258,#7259,#7260));
#1579=EDGE_LOOP('',(#7261,#7262,#7263,#7264));
#1580=EDGE_LOOP('',(#7265,#7266,#7267,#7268));
#1581=EDGE_LOOP('',(#7269,#7270,#7271,#7272));
#1582=EDGE_LOOP('',(#7273,#7274,#7275,#7276));
#1583=EDGE_LOOP('',(#7277,#7278,#7279,#7280));
#1584=EDGE_LOOP('',(#7281,#7282,#7283,#7284));
#1585=EDGE_LOOP('',(#7285,#7286,#7287,#7288));
#1586=EDGE_LOOP('',(#7289,#7290,#7291,#7292));
#1587=EDGE_LOOP('',(#7293,#7294,#7295,#7296));
#1588=EDGE_LOOP('',(#7297,#7298,#7299,#7300,#7301,#7302,#7303,#7304));
#1589=EDGE_LOOP('',(#7305));
#1590=EDGE_LOOP('',(#7306,#7307,#7308,#7309,#7310,#7311,#7312,#7313));
#1591=EDGE_LOOP('',(#7314,#7315,#7316,#7317));
#1592=EDGE_LOOP('',(#7318,#7319,#7320,#7321));
#1593=EDGE_LOOP('',(#7322,#7323,#7324,#7325));
#1594=EDGE_LOOP('',(#7326,#7327,#7328,#7329));
#1595=EDGE_LOOP('',(#7330,#7331,#7332,#7333));
#1596=EDGE_LOOP('',(#7334,#7335,#7336,#7337));
#1597=EDGE_LOOP('',(#7338,#7339,#7340,#7341));
#1598=EDGE_LOOP('',(#7342,#7343,#7344,#7345));
#1599=EDGE_LOOP('',(#7346,#7347,#7348,#7349));
#1600=EDGE_LOOP('',(#7350,#7351,#7352,#7353));
#1601=EDGE_LOOP('',(#7354,#7355,#7356,#7357));
#1602=EDGE_LOOP('',(#7358,#7359,#7360,#7361,#7362,#7363,#7364,#7365));
#1603=EDGE_LOOP('',(#7366));
#1604=EDGE_LOOP('',(#7367,#7368,#7369,#7370));
#1605=EDGE_LOOP('',(#7371,#7372,#7373,#7374));
#1606=EDGE_LOOP('',(#7375,#7376,#7377,#7378));
#1607=EDGE_LOOP('',(#7379,#7380,#7381,#7382));
#1608=EDGE_LOOP('',(#7383,#7384,#7385,#7386));
#1609=EDGE_LOOP('',(#7387,#7388,#7389,#7390));
#1610=EDGE_LOOP('',(#7391,#7392,#7393,#7394));
#1611=EDGE_LOOP('',(#7395,#7396,#7397,#7398));
#1612=EDGE_LOOP('',(#7399,#7400,#7401,#7402));
#1613=EDGE_LOOP('',(#7403,#7404,#7405,#7406));
#1614=EDGE_LOOP('',(#7407,#7408,#7409,#7410));
#1615=EDGE_LOOP('',(#7411,#7412,#7413,#7414));
#1616=EDGE_LOOP('',(#7415,#7416,#7417,#7418));
#1617=EDGE_LOOP('',(#7419,#7420,#7421,#7422));
#1618=EDGE_LOOP('',(#7423,#7424,#7425,#7426,#7427,#7428,#7429,#7430));
#1619=EDGE_LOOP('',(#7431,#7432,#7433,#7434,#7435,#7436,#7437,#7438));
#1620=EDGE_LOOP('',(#7439,#7440,#7441,#7442));
#1621=EDGE_LOOP('',(#7443,#7444,#7445,#7446));
#1622=EDGE_LOOP('',(#7447,#7448,#7449,#7450));
#1623=EDGE_LOOP('',(#7451,#7452,#7453,#7454));
#1624=EDGE_LOOP('',(#7455,#7456,#7457,#7458));
#1625=EDGE_LOOP('',(#7459,#7460,#7461,#7462,#7463,#7464,#7465,#7466));
#1626=EDGE_LOOP('',(#7467,#7468,#7469,#7470));
#1627=EDGE_LOOP('',(#7471,#7472,#7473,#7474));
#1628=EDGE_LOOP('',(#7475,#7476,#7477,#7478,#7479,#7480,#7481,#7482));
#1629=EDGE_LOOP('',(#7483,#7484,#7485,#7486));
#1630=EDGE_LOOP('',(#7487,#7488,#7489,#7490));
#1631=EDGE_LOOP('',(#7491));
#1632=EDGE_LOOP('',(#7492));
#1633=EDGE_LOOP('',(#7493,#7494,#7495,#7496));
#1634=EDGE_LOOP('',(#7497));
#1635=EDGE_LOOP('',(#7498));
#1636=EDGE_LOOP('',(#7499,#7500,#7501,#7502,#7503,#7504));
#1637=EDGE_LOOP('',(#7505));
#1638=EDGE_LOOP('',(#7506,#7507,#7508,#7509));
#1639=EDGE_LOOP('',(#7510,#7511,#7512,#7513));
#1640=EDGE_LOOP('',(#7514,#7515,#7516,#7517));
#1641=EDGE_LOOP('',(#7518,#7519,#7520,#7521));
#1642=EDGE_LOOP('',(#7522,#7523,#7524,#7525));
#1643=EDGE_LOOP('',(#7526,#7527,#7528,#7529));
#1644=EDGE_LOOP('',(#7530,#7531,#7532,#7533));
#1645=EDGE_LOOP('',(#7534,#7535,#7536,#7537,#7538,#7539));
#1646=EDGE_LOOP('',(#7540));
#1647=EDGE_LOOP('',(#7541,#7542,#7543,#7544,#7545));
#1648=EDGE_LOOP('',(#7546));
#1649=EDGE_LOOP('',(#7547,#7548,#7549,#7550,#7551));
#1650=EDGE_LOOP('',(#7552,#7553,#7554,#7555));
#1651=EDGE_LOOP('',(#7556,#7557,#7558,#7559));
#1652=EDGE_LOOP('',(#7560,#7561,#7562,#7563));
#1653=EDGE_LOOP('',(#7564,#7565,#7566,#7567));
#1654=EDGE_LOOP('',(#7568,#7569,#7570,#7571));
#1655=EDGE_LOOP('',(#7572,#7573,#7574,#7575));
#1656=EDGE_LOOP('',(#7576,#7577,#7578,#7579));
#1657=EDGE_LOOP('',(#7580,#7581,#7582,#7583));
#1658=EDGE_LOOP('',(#7584,#7585,#7586,#7587));
#1659=EDGE_LOOP('',(#7588,#7589,#7590,#7591));
#1660=EDGE_LOOP('',(#7592,#7593,#7594,#7595));
#1661=EDGE_LOOP('',(#7596,#7597,#7598,#7599));
#1662=EDGE_LOOP('',(#7600,#7601,#7602,#7603,#7604,#7605,#7606,#7607,#7608,
#7609,#7610,#7611));
#1663=EDGE_LOOP('',(#7612));
#1664=EDGE_LOOP('',(#7613,#7614,#7615,#7616,#7617,#7618,#7619,#7620,#7621,
#7622,#7623,#7624));
#1665=EDGE_LOOP('',(#7625,#7626,#7627,#7628,#7629));
#1666=EDGE_LOOP('',(#7630,#7631,#7632,#7633,#7634));
#1667=EDGE_LOOP('',(#7635));
#1668=EDGE_LOOP('',(#7636));
#1669=LINE('',#10965,#2537);
#1670=LINE('',#10968,#2538);
#1671=LINE('',#10971,#2539);
#1672=LINE('',#10973,#2540);
#1673=LINE('',#10974,#2541);
#1674=LINE('',#10977,#2542);
#1675=LINE('',#10981,#2543);
#1676=LINE('',#10985,#2544);
#1677=LINE('',#10989,#2545);
#1678=LINE('',#10992,#2546);
#1679=LINE('',#10995,#2547);
#1680=LINE('',#10996,#2548);
#1681=LINE('',#10999,#2549);
#1682=LINE('',#11004,#2550);
#1683=LINE('',#11006,#2551);
#1684=LINE('',#11008,#2552);
#1685=LINE('',#11013,#2553);
#1686=LINE('',#11019,#2554);
#1687=LINE('',#11025,#2555);
#1688=LINE('',#11031,#2556);
#1689=LINE('',#11037,#2557);
#1690=LINE('',#11043,#2558);
#1691=LINE('',#11049,#2559);
#1692=LINE('',#11055,#2560);
#1693=LINE('',#11061,#2561);
#1694=LINE('',#11067,#2562);
#1695=LINE('',#11073,#2563);
#1696=LINE('',#11079,#2564);
#1697=LINE('',#11085,#2565);
#1698=LINE('',#11091,#2566);
#1699=LINE('',#11097,#2567);
#1700=LINE('',#11103,#2568);
#1701=LINE('',#11109,#2569);
#1702=LINE('',#11115,#2570);
#1703=LINE('',#11121,#2571);
#1704=LINE('',#11127,#2572);
#1705=LINE('',#11133,#2573);
#1706=LINE('',#11139,#2574);
#1707=LINE('',#11145,#2575);
#1708=LINE('',#11151,#2576);
#1709=LINE('',#11157,#2577);
#1710=LINE('',#11163,#2578);
#1711=LINE('',#11169,#2579);
#1712=LINE('',#11175,#2580);
#1713=LINE('',#11181,#2581);
#1714=LINE('',#11187,#2582);
#1715=LINE('',#11193,#2583);
#1716=LINE('',#11199,#2584);
#1717=LINE('',#11205,#2585);
#1718=LINE('',#11211,#2586);
#1719=LINE('',#11217,#2587);
#1720=LINE('',#11223,#2588);
#1721=LINE('',#11229,#2589);
#1722=LINE('',#11235,#2590);
#1723=LINE('',#11241,#2591);
#1724=LINE('',#11247,#2592);
#1725=LINE('',#11294,#2593);
#1726=LINE('',#11297,#2594);
#1727=LINE('',#11300,#2595);
#1728=LINE('',#11302,#2596);
#1729=LINE('',#11303,#2597);
#1730=LINE('',#11309,#2598);
#1731=LINE('',#11312,#2599);
#1732=LINE('',#11314,#2600);
#1733=LINE('',#11315,#2601);
#1734=LINE('',#11318,#2602);
#1735=LINE('',#11322,#2603);
#1736=LINE('',#11326,#2604);
#1737=LINE('',#11330,#2605);
#1738=LINE('',#11334,#2606);
#1739=LINE('',#11338,#2607);
#1740=LINE('',#11342,#2608);
#1741=LINE('',#11346,#2609);
#1742=LINE('',#11350,#2610);
#1743=LINE('',#11354,#2611);
#1744=LINE('',#11368,#2612);
#1745=LINE('',#11369,#2613);
#1746=LINE('',#11372,#2614);
#1747=LINE('',#11373,#2615);
#1748=LINE('',#11380,#2616);
#1749=LINE('',#11381,#2617);
#1750=LINE('',#11384,#2618);
#1751=LINE('',#11385,#2619);
#1752=LINE('',#11388,#2620);
#1753=LINE('',#11392,#2621);
#1754=LINE('',#11393,#2622);
#1755=LINE('',#11396,#2623);
#1756=LINE('',#11400,#2624);
#1757=LINE('',#11401,#2625);
#1758=LINE('',#11405,#2626);
#1759=LINE('',#11408,#2627);
#1760=LINE('',#11409,#2628);
#1761=LINE('',#11414,#2629);
#1762=LINE('',#11415,#2630);
#1763=LINE('',#11418,#2631);
#1764=LINE('',#11419,#2632);
#1765=LINE('',#11423,#2633);
#1766=LINE('',#11428,#2634);
#1767=LINE('',#11429,#2635);
#1768=LINE('',#11431,#2636);
#1769=LINE('',#11435,#2637);
#1770=LINE('',#11437,#2638);
#1771=LINE('',#11441,#2639);
#1772=LINE('',#11445,#2640);
#1773=LINE('',#11449,#2641);
#1774=LINE('',#11453,#2642);
#1775=LINE('',#11455,#2643);
#1776=LINE('',#11457,#2644);
#1777=LINE('',#11459,#2645);
#1778=LINE('',#11461,#2646);
#1779=LINE('',#11463,#2647);
#1780=LINE('',#11465,#2648);
#1781=LINE('',#11470,#2649);
#1782=LINE('',#11472,#2650);
#1783=LINE('',#11474,#2651);
#1784=LINE('',#11475,#2652);
#1785=LINE('',#11478,#2653);
#1786=LINE('',#11480,#2654);
#1787=LINE('',#11481,#2655);
#1788=LINE('',#11484,#2656);
#1789=LINE('',#11486,#2657);
#1790=LINE('',#11487,#2658);
#1791=LINE('',#11489,#2659);
#1792=LINE('',#11490,#2660);
#1793=LINE('',#11494,#2661);
#1794=LINE('',#11496,#2662);
#1795=LINE('',#11498,#2663);
#1796=LINE('',#11499,#2664);
#1797=LINE('',#11502,#2665);
#1798=LINE('',#11504,#2666);
#1799=LINE('',#11505,#2667);
#1800=LINE('',#11508,#2668);
#1801=LINE('',#11510,#2669);
#1802=LINE('',#11511,#2670);
#1803=LINE('',#11513,#2671);
#1804=LINE('',#11514,#2672);
#1805=LINE('',#11518,#2673);
#1806=LINE('',#11520,#2674);
#1807=LINE('',#11522,#2675);
#1808=LINE('',#11523,#2676);
#1809=LINE('',#11526,#2677);
#1810=LINE('',#11528,#2678);
#1811=LINE('',#11529,#2679);
#1812=LINE('',#11532,#2680);
#1813=LINE('',#11534,#2681);
#1814=LINE('',#11535,#2682);
#1815=LINE('',#11537,#2683);
#1816=LINE('',#11538,#2684);
#1817=LINE('',#11542,#2685);
#1818=LINE('',#11544,#2686);
#1819=LINE('',#11546,#2687);
#1820=LINE('',#11547,#2688);
#1821=LINE('',#11550,#2689);
#1822=LINE('',#11552,#2690);
#1823=LINE('',#11553,#2691);
#1824=LINE('',#11556,#2692);
#1825=LINE('',#11558,#2693);
#1826=LINE('',#11559,#2694);
#1827=LINE('',#11561,#2695);
#1828=LINE('',#11562,#2696);
#1829=LINE('',#11566,#2697);
#1830=LINE('',#11568,#2698);
#1831=LINE('',#11570,#2699);
#1832=LINE('',#11571,#2700);
#1833=LINE('',#11574,#2701);
#1834=LINE('',#11576,#2702);
#1835=LINE('',#11577,#2703);
#1836=LINE('',#11580,#2704);
#1837=LINE('',#11582,#2705);
#1838=LINE('',#11583,#2706);
#1839=LINE('',#11585,#2707);
#1840=LINE('',#11586,#2708);
#1841=LINE('',#11590,#2709);
#1842=LINE('',#11592,#2710);
#1843=LINE('',#11594,#2711);
#1844=LINE('',#11595,#2712);
#1845=LINE('',#11598,#2713);
#1846=LINE('',#11600,#2714);
#1847=LINE('',#11601,#2715);
#1848=LINE('',#11604,#2716);
#1849=LINE('',#11606,#2717);
#1850=LINE('',#11607,#2718);
#1851=LINE('',#11609,#2719);
#1852=LINE('',#11610,#2720);
#1853=LINE('',#11614,#2721);
#1854=LINE('',#11616,#2722);
#1855=LINE('',#11618,#2723);
#1856=LINE('',#11619,#2724);
#1857=LINE('',#11622,#2725);
#1858=LINE('',#11624,#2726);
#1859=LINE('',#11625,#2727);
#1860=LINE('',#11628,#2728);
#1861=LINE('',#11630,#2729);
#1862=LINE('',#11631,#2730);
#1863=LINE('',#11633,#2731);
#1864=LINE('',#11634,#2732);
#1865=LINE('',#11638,#2733);
#1866=LINE('',#11640,#2734);
#1867=LINE('',#11642,#2735);
#1868=LINE('',#11643,#2736);
#1869=LINE('',#11646,#2737);
#1870=LINE('',#11648,#2738);
#1871=LINE('',#11649,#2739);
#1872=LINE('',#11652,#2740);
#1873=LINE('',#11654,#2741);
#1874=LINE('',#11655,#2742);
#1875=LINE('',#11657,#2743);
#1876=LINE('',#11658,#2744);
#1877=LINE('',#11662,#2745);
#1878=LINE('',#11664,#2746);
#1879=LINE('',#11666,#2747);
#1880=LINE('',#11667,#2748);
#1881=LINE('',#11670,#2749);
#1882=LINE('',#11672,#2750);
#1883=LINE('',#11673,#2751);
#1884=LINE('',#11676,#2752);
#1885=LINE('',#11678,#2753);
#1886=LINE('',#11679,#2754);
#1887=LINE('',#11681,#2755);
#1888=LINE('',#11682,#2756);
#1889=LINE('',#11686,#2757);
#1890=LINE('',#11688,#2758);
#1891=LINE('',#11690,#2759);
#1892=LINE('',#11691,#2760);
#1893=LINE('',#11694,#2761);
#1894=LINE('',#11696,#2762);
#1895=LINE('',#11697,#2763);
#1896=LINE('',#11700,#2764);
#1897=LINE('',#11702,#2765);
#1898=LINE('',#11703,#2766);
#1899=LINE('',#11705,#2767);
#1900=LINE('',#11706,#2768);
#1901=LINE('',#11710,#2769);
#1902=LINE('',#11712,#2770);
#1903=LINE('',#11714,#2771);
#1904=LINE('',#11715,#2772);
#1905=LINE('',#11718,#2773);
#1906=LINE('',#11720,#2774);
#1907=LINE('',#11721,#2775);
#1908=LINE('',#11724,#2776);
#1909=LINE('',#11726,#2777);
#1910=LINE('',#11727,#2778);
#1911=LINE('',#11729,#2779);
#1912=LINE('',#11730,#2780);
#1913=LINE('',#11734,#2781);
#1914=LINE('',#11736,#2782);
#1915=LINE('',#11738,#2783);
#1916=LINE('',#11739,#2784);
#1917=LINE('',#11742,#2785);
#1918=LINE('',#11744,#2786);
#1919=LINE('',#11745,#2787);
#1920=LINE('',#11748,#2788);
#1921=LINE('',#11750,#2789);
#1922=LINE('',#11751,#2790);
#1923=LINE('',#11753,#2791);
#1924=LINE('',#11754,#2792);
#1925=LINE('',#11758,#2793);
#1926=LINE('',#11760,#2794);
#1927=LINE('',#11762,#2795);
#1928=LINE('',#11763,#2796);
#1929=LINE('',#11766,#2797);
#1930=LINE('',#11768,#2798);
#1931=LINE('',#11769,#2799);
#1932=LINE('',#11772,#2800);
#1933=LINE('',#11774,#2801);
#1934=LINE('',#11775,#2802);
#1935=LINE('',#11777,#2803);
#1936=LINE('',#11778,#2804);
#1937=LINE('',#11782,#2805);
#1938=LINE('',#11784,#2806);
#1939=LINE('',#11786,#2807);
#1940=LINE('',#11787,#2808);
#1941=LINE('',#11790,#2809);
#1942=LINE('',#11792,#2810);
#1943=LINE('',#11793,#2811);
#1944=LINE('',#11796,#2812);
#1945=LINE('',#11798,#2813);
#1946=LINE('',#11799,#2814);
#1947=LINE('',#11801,#2815);
#1948=LINE('',#11802,#2816);
#1949=LINE('',#11806,#2817);
#1950=LINE('',#11808,#2818);
#1951=LINE('',#11810,#2819);
#1952=LINE('',#11811,#2820);
#1953=LINE('',#11814,#2821);
#1954=LINE('',#11816,#2822);
#1955=LINE('',#11817,#2823);
#1956=LINE('',#11820,#2824);
#1957=LINE('',#11822,#2825);
#1958=LINE('',#11823,#2826);
#1959=LINE('',#11825,#2827);
#1960=LINE('',#11826,#2828);
#1961=LINE('',#11830,#2829);
#1962=LINE('',#11832,#2830);
#1963=LINE('',#11834,#2831);
#1964=LINE('',#11835,#2832);
#1965=LINE('',#11838,#2833);
#1966=LINE('',#11840,#2834);
#1967=LINE('',#11841,#2835);
#1968=LINE('',#11844,#2836);
#1969=LINE('',#11846,#2837);
#1970=LINE('',#11847,#2838);
#1971=LINE('',#11849,#2839);
#1972=LINE('',#11850,#2840);
#1973=LINE('',#11854,#2841);
#1974=LINE('',#11856,#2842);
#1975=LINE('',#11858,#2843);
#1976=LINE('',#11859,#2844);
#1977=LINE('',#11862,#2845);
#1978=LINE('',#11864,#2846);
#1979=LINE('',#11865,#2847);
#1980=LINE('',#11868,#2848);
#1981=LINE('',#11870,#2849);
#1982=LINE('',#11871,#2850);
#1983=LINE('',#11873,#2851);
#1984=LINE('',#11874,#2852);
#1985=LINE('',#11878,#2853);
#1986=LINE('',#11880,#2854);
#1987=LINE('',#11882,#2855);
#1988=LINE('',#11883,#2856);
#1989=LINE('',#11886,#2857);
#1990=LINE('',#11888,#2858);
#1991=LINE('',#11889,#2859);
#1992=LINE('',#11892,#2860);
#1993=LINE('',#11894,#2861);
#1994=LINE('',#11895,#2862);
#1995=LINE('',#11897,#2863);
#1996=LINE('',#11898,#2864);
#1997=LINE('',#11902,#2865);
#1998=LINE('',#11904,#2866);
#1999=LINE('',#11906,#2867);
#2000=LINE('',#11907,#2868);
#2001=LINE('',#11910,#2869);
#2002=LINE('',#11912,#2870);
#2003=LINE('',#11913,#2871);
#2004=LINE('',#11916,#2872);
#2005=LINE('',#11918,#2873);
#2006=LINE('',#11919,#2874);
#2007=LINE('',#11921,#2875);
#2008=LINE('',#11922,#2876);
#2009=LINE('',#11926,#2877);
#2010=LINE('',#11928,#2878);
#2011=LINE('',#11930,#2879);
#2012=LINE('',#11931,#2880);
#2013=LINE('',#11934,#2881);
#2014=LINE('',#11936,#2882);
#2015=LINE('',#11937,#2883);
#2016=LINE('',#11940,#2884);
#2017=LINE('',#11942,#2885);
#2018=LINE('',#11943,#2886);
#2019=LINE('',#11945,#2887);
#2020=LINE('',#11946,#2888);
#2021=LINE('',#11950,#2889);
#2022=LINE('',#11952,#2890);
#2023=LINE('',#11954,#2891);
#2024=LINE('',#11955,#2892);
#2025=LINE('',#11958,#2893);
#2026=LINE('',#11960,#2894);
#2027=LINE('',#11961,#2895);
#2028=LINE('',#11964,#2896);
#2029=LINE('',#11966,#2897);
#2030=LINE('',#11967,#2898);
#2031=LINE('',#11969,#2899);
#2032=LINE('',#11970,#2900);
#2033=LINE('',#11974,#2901);
#2034=LINE('',#11976,#2902);
#2035=LINE('',#11978,#2903);
#2036=LINE('',#11979,#2904);
#2037=LINE('',#11982,#2905);
#2038=LINE('',#11984,#2906);
#2039=LINE('',#11985,#2907);
#2040=LINE('',#11988,#2908);
#2041=LINE('',#11990,#2909);
#2042=LINE('',#11991,#2910);
#2043=LINE('',#11993,#2911);
#2044=LINE('',#11994,#2912);
#2045=LINE('',#11998,#2913);
#2046=LINE('',#12000,#2914);
#2047=LINE('',#12002,#2915);
#2048=LINE('',#12003,#2916);
#2049=LINE('',#12006,#2917);
#2050=LINE('',#12008,#2918);
#2051=LINE('',#12009,#2919);
#2052=LINE('',#12012,#2920);
#2053=LINE('',#12014,#2921);
#2054=LINE('',#12015,#2922);
#2055=LINE('',#12017,#2923);
#2056=LINE('',#12018,#2924);
#2057=LINE('',#12022,#2925);
#2058=LINE('',#12024,#2926);
#2059=LINE('',#12026,#2927);
#2060=LINE('',#12027,#2928);
#2061=LINE('',#12030,#2929);
#2062=LINE('',#12032,#2930);
#2063=LINE('',#12033,#2931);
#2064=LINE('',#12036,#2932);
#2065=LINE('',#12038,#2933);
#2066=LINE('',#12039,#2934);
#2067=LINE('',#12041,#2935);
#2068=LINE('',#12042,#2936);
#2069=LINE('',#12046,#2937);
#2070=LINE('',#12048,#2938);
#2071=LINE('',#12050,#2939);
#2072=LINE('',#12051,#2940);
#2073=LINE('',#12054,#2941);
#2074=LINE('',#12056,#2942);
#2075=LINE('',#12057,#2943);
#2076=LINE('',#12060,#2944);
#2077=LINE('',#12062,#2945);
#2078=LINE('',#12063,#2946);
#2079=LINE('',#12065,#2947);
#2080=LINE('',#12066,#2948);
#2081=LINE('',#12070,#2949);
#2082=LINE('',#12072,#2950);
#2083=LINE('',#12074,#2951);
#2084=LINE('',#12075,#2952);
#2085=LINE('',#12078,#2953);
#2086=LINE('',#12080,#2954);
#2087=LINE('',#12081,#2955);
#2088=LINE('',#12084,#2956);
#2089=LINE('',#12086,#2957);
#2090=LINE('',#12087,#2958);
#2091=LINE('',#12089,#2959);
#2092=LINE('',#12090,#2960);
#2093=LINE('',#12094,#2961);
#2094=LINE('',#12096,#2962);
#2095=LINE('',#12098,#2963);
#2096=LINE('',#12099,#2964);
#2097=LINE('',#12102,#2965);
#2098=LINE('',#12104,#2966);
#2099=LINE('',#12105,#2967);
#2100=LINE('',#12108,#2968);
#2101=LINE('',#12110,#2969);
#2102=LINE('',#12111,#2970);
#2103=LINE('',#12113,#2971);
#2104=LINE('',#12114,#2972);
#2105=LINE('',#12118,#2973);
#2106=LINE('',#12120,#2974);
#2107=LINE('',#12122,#2975);
#2108=LINE('',#12123,#2976);
#2109=LINE('',#12126,#2977);
#2110=LINE('',#12128,#2978);
#2111=LINE('',#12129,#2979);
#2112=LINE('',#12132,#2980);
#2113=LINE('',#12134,#2981);
#2114=LINE('',#12135,#2982);
#2115=LINE('',#12137,#2983);
#2116=LINE('',#12138,#2984);
#2117=LINE('',#12142,#2985);
#2118=LINE('',#12144,#2986);
#2119=LINE('',#12146,#2987);
#2120=LINE('',#12147,#2988);
#2121=LINE('',#12150,#2989);
#2122=LINE('',#12152,#2990);
#2123=LINE('',#12153,#2991);
#2124=LINE('',#12156,#2992);
#2125=LINE('',#12158,#2993);
#2126=LINE('',#12159,#2994);
#2127=LINE('',#12161,#2995);
#2128=LINE('',#12162,#2996);
#2129=LINE('',#12166,#2997);
#2130=LINE('',#12168,#2998);
#2131=LINE('',#12170,#2999);
#2132=LINE('',#12171,#3000);
#2133=LINE('',#12174,#3001);
#2134=LINE('',#12176,#3002);
#2135=LINE('',#12177,#3003);
#2136=LINE('',#12180,#3004);
#2137=LINE('',#12182,#3005);
#2138=LINE('',#12183,#3006);
#2139=LINE('',#12185,#3007);
#2140=LINE('',#12186,#3008);
#2141=LINE('',#12190,#3009);
#2142=LINE('',#12192,#3010);
#2143=LINE('',#12194,#3011);
#2144=LINE('',#12195,#3012);
#2145=LINE('',#12198,#3013);
#2146=LINE('',#12200,#3014);
#2147=LINE('',#12201,#3015);
#2148=LINE('',#12204,#3016);
#2149=LINE('',#12206,#3017);
#2150=LINE('',#12207,#3018);
#2151=LINE('',#12209,#3019);
#2152=LINE('',#12210,#3020);
#2153=LINE('',#12214,#3021);
#2154=LINE('',#12216,#3022);
#2155=LINE('',#12218,#3023);
#2156=LINE('',#12219,#3024);
#2157=LINE('',#12222,#3025);
#2158=LINE('',#12224,#3026);
#2159=LINE('',#12225,#3027);
#2160=LINE('',#12228,#3028);
#2161=LINE('',#12230,#3029);
#2162=LINE('',#12231,#3030);
#2163=LINE('',#12233,#3031);
#2164=LINE('',#12234,#3032);
#2165=LINE('',#12238,#3033);
#2166=LINE('',#12240,#3034);
#2167=LINE('',#12242,#3035);
#2168=LINE('',#12243,#3036);
#2169=LINE('',#12246,#3037);
#2170=LINE('',#12248,#3038);
#2171=LINE('',#12249,#3039);
#2172=LINE('',#12252,#3040);
#2173=LINE('',#12254,#3041);
#2174=LINE('',#12255,#3042);
#2175=LINE('',#12257,#3043);
#2176=LINE('',#12258,#3044);
#2177=LINE('',#12262,#3045);
#2178=LINE('',#12264,#3046);
#2179=LINE('',#12266,#3047);
#2180=LINE('',#12267,#3048);
#2181=LINE('',#12270,#3049);
#2182=LINE('',#12272,#3050);
#2183=LINE('',#12273,#3051);
#2184=LINE('',#12276,#3052);
#2185=LINE('',#12278,#3053);
#2186=LINE('',#12279,#3054);
#2187=LINE('',#12281,#3055);
#2188=LINE('',#12282,#3056);
#2189=LINE('',#12286,#3057);
#2190=LINE('',#12288,#3058);
#2191=LINE('',#12290,#3059);
#2192=LINE('',#12291,#3060);
#2193=LINE('',#12294,#3061);
#2194=LINE('',#12296,#3062);
#2195=LINE('',#12297,#3063);
#2196=LINE('',#12300,#3064);
#2197=LINE('',#12302,#3065);
#2198=LINE('',#12303,#3066);
#2199=LINE('',#12305,#3067);
#2200=LINE('',#12306,#3068);
#2201=LINE('',#12310,#3069);
#2202=LINE('',#12312,#3070);
#2203=LINE('',#12314,#3071);
#2204=LINE('',#12315,#3072);
#2205=LINE('',#12318,#3073);
#2206=LINE('',#12320,#3074);
#2207=LINE('',#12321,#3075);
#2208=LINE('',#12324,#3076);
#2209=LINE('',#12326,#3077);
#2210=LINE('',#12327,#3078);
#2211=LINE('',#12329,#3079);
#2212=LINE('',#12330,#3080);
#2213=LINE('',#12334,#3081);
#2214=LINE('',#12336,#3082);
#2215=LINE('',#12338,#3083);
#2216=LINE('',#12339,#3084);
#2217=LINE('',#12342,#3085);
#2218=LINE('',#12344,#3086);
#2219=LINE('',#12345,#3087);
#2220=LINE('',#12348,#3088);
#2221=LINE('',#12350,#3089);
#2222=LINE('',#12351,#3090);
#2223=LINE('',#12353,#3091);
#2224=LINE('',#12354,#3092);
#2225=LINE('',#12358,#3093);
#2226=LINE('',#12360,#3094);
#2227=LINE('',#12362,#3095);
#2228=LINE('',#12363,#3096);
#2229=LINE('',#12366,#3097);
#2230=LINE('',#12368,#3098);
#2231=LINE('',#12369,#3099);
#2232=LINE('',#12372,#3100);
#2233=LINE('',#12374,#3101);
#2234=LINE('',#12375,#3102);
#2235=LINE('',#12377,#3103);
#2236=LINE('',#12378,#3104);
#2237=LINE('',#12382,#3105);
#2238=LINE('',#12384,#3106);
#2239=LINE('',#12386,#3107);
#2240=LINE('',#12387,#3108);
#2241=LINE('',#12390,#3109);
#2242=LINE('',#12392,#3110);
#2243=LINE('',#12393,#3111);
#2244=LINE('',#12396,#3112);
#2245=LINE('',#12398,#3113);
#2246=LINE('',#12399,#3114);
#2247=LINE('',#12401,#3115);
#2248=LINE('',#12402,#3116);
#2249=LINE('',#12406,#3117);
#2250=LINE('',#12408,#3118);
#2251=LINE('',#12410,#3119);
#2252=LINE('',#12411,#3120);
#2253=LINE('',#12414,#3121);
#2254=LINE('',#12416,#3122);
#2255=LINE('',#12417,#3123);
#2256=LINE('',#12420,#3124);
#2257=LINE('',#12422,#3125);
#2258=LINE('',#12423,#3126);
#2259=LINE('',#12425,#3127);
#2260=LINE('',#12426,#3128);
#2261=LINE('',#12430,#3129);
#2262=LINE('',#12432,#3130);
#2263=LINE('',#12434,#3131);
#2264=LINE('',#12435,#3132);
#2265=LINE('',#12438,#3133);
#2266=LINE('',#12440,#3134);
#2267=LINE('',#12441,#3135);
#2268=LINE('',#12444,#3136);
#2269=LINE('',#12446,#3137);
#2270=LINE('',#12447,#3138);
#2271=LINE('',#12449,#3139);
#2272=LINE('',#12450,#3140);
#2273=LINE('',#12471,#3141);
#2274=LINE('',#12478,#3142);
#2275=LINE('',#12505,#3143);
#2276=LINE('',#12532,#3144);
#2277=LINE('',#12598,#3145);
#2278=LINE('',#12599,#3146);
#2279=LINE('',#12619,#3147);
#2280=LINE('',#12639,#3148);
#2281=LINE('',#12661,#3149);
#2282=LINE('',#12673,#3150);
#2283=LINE('',#12686,#3151);
#2284=LINE('',#12687,#3152);
#2285=LINE('',#12688,#3153);
#2286=LINE('',#12702,#3154);
#2287=LINE('',#12716,#3155);
#2288=LINE('',#12719,#3156);
#2289=LINE('',#12720,#3157);
#2290=LINE('',#12734,#3158);
#2291=LINE('',#12750,#3159);
#2292=LINE('',#12752,#3160);
#2293=LINE('',#12754,#3161);
#2294=LINE('',#12755,#3162);
#2295=LINE('',#12758,#3163);
#2296=LINE('',#12760,#3164);
#2297=LINE('',#12761,#3165);
#2298=LINE('',#12763,#3166);
#2299=LINE('',#12764,#3167);
#2300=LINE('',#12768,#3168);
#2301=LINE('',#12786,#3169);
#2302=LINE('',#12802,#3170);
#2303=LINE('',#12819,#3171);
#2304=LINE('',#12820,#3172);
#2305=LINE('',#12824,#3173);
#2306=LINE('',#12825,#3174);
#2307=LINE('',#12826,#3175);
#2308=LINE('',#12846,#3176);
#2309=LINE('',#12860,#3177);
#2310=LINE('',#12871,#3178);
#2311=LINE('',#12874,#3179);
#2312=LINE('',#12875,#3180);
#2313=LINE('',#12895,#3181);
#2314=LINE('',#12915,#3182);
#2315=LINE('',#12918,#3183);
#2316=LINE('',#12919,#3184);
#2317=LINE('',#12933,#3185);
#2318=LINE('',#12947,#3186);
#2319=LINE('',#12961,#3187);
#2320=LINE('',#12964,#3188);
#2321=LINE('',#12965,#3189);
#2322=LINE('',#12967,#3190);
#2323=LINE('',#12971,#3191);
#2324=LINE('',#12983,#3192);
#2325=LINE('',#12995,#3193);
#2326=LINE('',#12997,#3194);
#2327=LINE('',#12999,#3195);
#2328=LINE('',#13011,#3196);
#2329=LINE('',#13023,#3197);
#2330=LINE('',#13024,#3198);
#2331=LINE('',#13028,#3199);
#2332=LINE('',#13029,#3200);
#2333=LINE('',#13030,#3201);
#2334=LINE('',#13044,#3202);
#2335=LINE('',#13058,#3203);
#2336=LINE('',#13061,#3204);
#2337=LINE('',#13062,#3205);
#2338=LINE('',#13076,#3206);
#2339=LINE('',#13090,#3207);
#2340=LINE('',#13093,#3208);
#2341=LINE('',#13094,#3209);
#2342=LINE('',#13097,#3210);
#2343=LINE('',#13098,#3211);
#2344=LINE('',#13101,#3212);
#2345=LINE('',#13102,#3213);
#2346=LINE('',#13116,#3214);
#2347=LINE('',#13130,#3215);
#2348=LINE('',#13133,#3216);
#2349=LINE('',#13134,#3217);
#2350=LINE('',#13148,#3218);
#2351=LINE('',#13162,#3219);
#2352=LINE('',#13165,#3220);
#2353=LINE('',#13166,#3221);
#2354=LINE('',#13168,#3222);
#2355=LINE('',#13172,#3223);
#2356=LINE('',#13184,#3224);
#2357=LINE('',#13191,#3225);
#2358=LINE('',#13202,#3226);
#2359=LINE('',#13206,#3227);
#2360=LINE('',#13207,#3228);
#2361=LINE('',#13208,#3229);
#2362=LINE('',#13222,#3230);
#2363=LINE('',#13236,#3231);
#2364=LINE('',#13239,#3232);
#2365=LINE('',#13240,#3233);
#2366=LINE('',#13254,#3234);
#2367=LINE('',#13257,#3235);
#2368=LINE('',#13258,#3236);
#2369=LINE('',#13272,#3237);
#2370=LINE('',#13286,#3238);
#2371=LINE('',#13288,#3239);
#2372=LINE('',#13292,#3240);
#2373=LINE('',#13296,#3241);
#2374=LINE('',#13300,#3242);
#2375=LINE('',#13304,#3243);
#2376=LINE('',#13311,#3244);
#2377=LINE('',#13315,#3245);
#2378=LINE('',#13317,#3246);
#2379=LINE('',#13318,#3247);
#2380=LINE('',#13322,#3248);
#2381=LINE('',#13325,#3249);
#2382=LINE('',#13326,#3250);
#2383=LINE('',#13330,#3251);
#2384=LINE('',#13333,#3252);
#2385=LINE('',#13334,#3253);
#2386=LINE('',#13338,#3254);
#2387=LINE('',#13341,#3255);
#2388=LINE('',#13342,#3256);
#2389=LINE('',#13347,#3257);
#2390=LINE('',#13350,#3258);
#2391=LINE('',#13353,#3259);
#2392=LINE('',#13354,#3260);
#2393=LINE('',#13357,#3261);
#2394=LINE('',#13361,#3262);
#2395=LINE('',#13362,#3263);
#2396=LINE('',#13369,#3264);
#2397=LINE('',#13372,#3265);
#2398=LINE('',#13375,#3266);
#2399=LINE('',#13379,#3267);
#2400=LINE('',#13383,#3268);
#2401=LINE('',#13386,#3269);
#2402=LINE('',#13388,#3270);
#2403=LINE('',#13392,#3271);
#2404=LINE('',#13396,#3272);
#2405=LINE('',#13397,#3273);
#2406=LINE('',#13399,#3274);
#2407=LINE('',#13403,#3275);
#2408=LINE('',#13406,#3276);
#2409=LINE('',#13409,#3277);
#2410=LINE('',#13412,#3278);
#2411=LINE('',#13413,#3279);
#2412=LINE('',#13415,#3280);
#2413=LINE('',#13417,#3281);
#2414=LINE('',#13421,#3282);
#2415=LINE('',#13424,#3283);
#2416=LINE('',#13426,#3284);
#2417=LINE('',#13431,#3285);
#2418=LINE('',#13433,#3286);
#2419=LINE('',#13435,#3287);
#2420=LINE('',#13436,#3288);
#2421=LINE('',#13439,#3289);
#2422=LINE('',#13441,#3290);
#2423=LINE('',#13442,#3291);
#2424=LINE('',#13445,#3292);
#2425=LINE('',#13447,#3293);
#2426=LINE('',#13448,#3294);
#2427=LINE('',#13450,#3295);
#2428=LINE('',#13451,#3296);
#2429=LINE('',#13457,#3297);
#2430=LINE('',#13459,#3298);
#2431=LINE('',#13461,#3299);
#2432=LINE('',#13462,#3300);
#2433=LINE('',#13465,#3301);
#2434=LINE('',#13467,#3302);
#2435=LINE('',#13468,#3303);
#2436=LINE('',#13471,#3304);
#2437=LINE('',#13473,#3305);
#2438=LINE('',#13474,#3306);
#2439=LINE('',#13477,#3307);
#2440=LINE('',#13479,#3308);
#2441=LINE('',#13480,#3309);
#2442=LINE('',#13483,#3310);
#2443=LINE('',#13485,#3311);
#2444=LINE('',#13486,#3312);
#2445=LINE('',#13489,#3313);
#2446=LINE('',#13491,#3314);
#2447=LINE('',#13492,#3315);
#2448=LINE('',#13495,#3316);
#2449=LINE('',#13497,#3317);
#2450=LINE('',#13498,#3318);
#2451=LINE('',#13500,#3319);
#2452=LINE('',#13501,#3320);
#2453=LINE('',#13507,#3321);
#2454=LINE('',#13509,#3322);
#2455=LINE('',#13511,#3323);
#2456=LINE('',#13512,#3324);
#2457=LINE('',#13516,#3325);
#2458=LINE('',#13518,#3326);
#2459=LINE('',#13520,#3327);
#2460=LINE('',#13521,#3328);
#2461=LINE('',#13523,#3329);
#2462=LINE('',#13524,#3330);
#2463=LINE('',#13527,#3331);
#2464=LINE('',#13529,#3332);
#2465=LINE('',#13530,#3333);
#2466=LINE('',#13533,#3334);
#2467=LINE('',#13535,#3335);
#2468=LINE('',#13536,#3336);
#2469=LINE('',#13539,#3337);
#2470=LINE('',#13541,#3338);
#2471=LINE('',#13542,#3339);
#2472=LINE('',#13545,#3340);
#2473=LINE('',#13546,#3341);
#2474=LINE('',#13549,#3342);
#2475=LINE('',#13550,#3343);
#2476=LINE('',#13552,#3344);
#2477=LINE('',#13559,#3345);
#2478=LINE('',#13568,#3346);
#2479=LINE('',#13576,#3347);
#2480=LINE('',#13578,#3348);
#2481=LINE('',#13580,#3349);
#2482=LINE('',#13582,#3350);
#2483=LINE('',#13584,#3351);
#2484=LINE('',#13585,#3352);
#2485=LINE('',#13587,#3353);
#2486=LINE('',#13590,#3354);
#2487=LINE('',#13592,#3355);
#2488=LINE('',#13593,#3356);
#2489=LINE('',#13596,#3357);
#2490=LINE('',#13597,#3358);
#2491=LINE('',#13600,#3359);
#2492=LINE('',#13601,#3360);
#2493=LINE('',#13604,#3361);
#2494=LINE('',#13605,#3362);
#2495=LINE('',#13608,#3363);
#2496=LINE('',#13609,#3364);
#2497=LINE('',#13611,#3365);
#2498=LINE('',#13618,#3366);
#2499=LINE('',#13625,#3367);
#2500=LINE('',#13630,#3368);
#2501=LINE('',#13632,#3369);
#2502=LINE('',#13634,#3370);
#2503=LINE('',#13635,#3371);
#2504=LINE('',#13638,#3372);
#2505=LINE('',#13640,#3373);
#2506=LINE('',#13641,#3374);
#2507=LINE('',#13644,#3375);
#2508=LINE('',#13646,#3376);
#2509=LINE('',#13647,#3377);
#2510=LINE('',#13650,#3378);
#2511=LINE('',#13652,#3379);
#2512=LINE('',#13653,#3380);
#2513=LINE('',#13656,#3381);
#2514=LINE('',#13658,#3382);
#2515=LINE('',#13659,#3383);
#2516=LINE('',#13662,#3384);
#2517=LINE('',#13664,#3385);
#2518=LINE('',#13665,#3386);
#2519=LINE('',#13668,#3387);
#2520=LINE('',#13670,#3388);
#2521=LINE('',#13671,#3389);
#2522=LINE('',#13674,#3390);
#2523=LINE('',#13676,#3391);
#2524=LINE('',#13677,#3392);
#2525=LINE('',#13680,#3393);
#2526=LINE('',#13682,#3394);
#2527=LINE('',#13683,#3395);
#2528=LINE('',#13686,#3396);
#2529=LINE('',#13688,#3397);
#2530=LINE('',#13689,#3398);
#2531=LINE('',#13692,#3399);
#2532=LINE('',#13694,#3400);
#2533=LINE('',#13695,#3401);
#2534=LINE('',#13697,#3402);
#2535=LINE('',#13698,#3403);
#2536=LINE('',#13738,#3404);
#2537=VECTOR('',#8982,10.);
#2538=VECTOR('',#8985,10.);
#2539=VECTOR('',#8988,10.);
#2540=VECTOR('',#8989,10.);
#2541=VECTOR('',#8990,10.);
#2542=VECTOR('',#8993,10.);
#2543=VECTOR('',#8996,10.);
#2544=VECTOR('',#8999,10.);
#2545=VECTOR('',#9004,10.);
#2546=VECTOR('',#9007,10.);
#2547=VECTOR('',#9010,10.);
#2548=VECTOR('',#9011,10.);
#2549=VECTOR('',#9014,10.);
#2550=VECTOR('',#9021,10.);
#2551=VECTOR('',#9024,10.);
#2552=VECTOR('',#9027,10.);
#2553=VECTOR('',#9032,0.707106781186544);
#2554=VECTOR('',#9039,0.707106781186544);
#2555=VECTOR('',#9046,0.707106781186544);
#2556=VECTOR('',#9053,0.707106781186544);
#2557=VECTOR('',#9060,0.707106781186544);
#2558=VECTOR('',#9067,0.707106781186544);
#2559=VECTOR('',#9074,0.707106781186544);
#2560=VECTOR('',#9081,0.707106781186544);
#2561=VECTOR('',#9088,0.707106781186544);
#2562=VECTOR('',#9095,0.707106781186544);
#2563=VECTOR('',#9102,0.707106781186544);
#2564=VECTOR('',#9109,0.707106781186544);
#2565=VECTOR('',#9116,0.707106781186544);
#2566=VECTOR('',#9123,0.707106781186544);
#2567=VECTOR('',#9130,0.707106781186544);
#2568=VECTOR('',#9137,0.707106781186544);
#2569=VECTOR('',#9144,0.707106781186544);
#2570=VECTOR('',#9151,0.707106781186544);
#2571=VECTOR('',#9158,0.707106781186544);
#2572=VECTOR('',#9165,0.707106781186544);
#2573=VECTOR('',#9172,0.707106781186544);
#2574=VECTOR('',#9179,0.707106781186544);
#2575=VECTOR('',#9186,0.707106781186544);
#2576=VECTOR('',#9193,0.707106781186544);
#2577=VECTOR('',#9200,0.707106781186544);
#2578=VECTOR('',#9207,0.707106781186544);
#2579=VECTOR('',#9214,0.707106781186544);
#2580=VECTOR('',#9221,0.707106781186544);
#2581=VECTOR('',#9228,0.707106781186544);
#2582=VECTOR('',#9235,0.707106781186544);
#2583=VECTOR('',#9242,0.707106781186544);
#2584=VECTOR('',#9249,0.707106781186544);
#2585=VECTOR('',#9256,0.707106781186544);
#2586=VECTOR('',#9263,0.707106781186544);
#2587=VECTOR('',#9270,0.707106781186544);
#2588=VECTOR('',#9277,0.707106781186544);
#2589=VECTOR('',#9284,0.707106781186544);
#2590=VECTOR('',#9291,0.707106781186544);
#2591=VECTOR('',#9298,0.707106781186544);
#2592=VECTOR('',#9305,0.707106781186544);
#2593=VECTOR('',#9360,10.);
#2594=VECTOR('',#9363,10.);
#2595=VECTOR('',#9366,10.);
#2596=VECTOR('',#9367,10.);
#2597=VECTOR('',#9368,10.);
#2598=VECTOR('',#9373,10.);
#2599=VECTOR('',#9376,10.);
#2600=VECTOR('',#9379,10.);
#2601=VECTOR('',#9380,10.);
#2602=VECTOR('',#9383,10.);
#2603=VECTOR('',#9386,10.);
#2604=VECTOR('',#9389,10.);
#2605=VECTOR('',#9392,10.);
#2606=VECTOR('',#9395,10.);
#2607=VECTOR('',#9398,10.);
#2608=VECTOR('',#9401,10.);
#2609=VECTOR('',#9404,10.);
#2610=VECTOR('',#9407,10.);
#2611=VECTOR('',#9410,10.);
#2612=VECTOR('',#9425,10.);
#2613=VECTOR('',#9426,10.);
#2614=VECTOR('',#9429,10.);
#2615=VECTOR('',#9430,10.);
#2616=VECTOR('',#9439,10.);
#2617=VECTOR('',#9440,10.);
#2618=VECTOR('',#9443,10.);
#2619=VECTOR('',#9444,10.);
#2620=VECTOR('',#9447,10.);
#2621=VECTOR('',#9452,10.);
#2622=VECTOR('',#9453,10.);
#2623=VECTOR('',#9456,10.);
#2624=VECTOR('',#9461,10.);
#2625=VECTOR('',#9462,10.);
#2626=VECTOR('',#9467,10.);
#2627=VECTOR('',#9470,10.);
#2628=VECTOR('',#9471,10.);
#2629=VECTOR('',#9476,10.);
#2630=VECTOR('',#9477,10.);
#2631=VECTOR('',#9480,10.);
#2632=VECTOR('',#9481,10.);
#2633=VECTOR('',#9486,10.);
#2634=VECTOR('',#9491,10.);
#2635=VECTOR('',#9492,10.);
#2636=VECTOR('',#9495,10.);
#2637=VECTOR('',#9500,10.);
#2638=VECTOR('',#9503,1.25);
#2639=VECTOR('',#9508,1.75);
#2640=VECTOR('',#9513,1.5);
#2641=VECTOR('',#9518,1.5);
#2642=VECTOR('',#9523,1.75);
#2643=VECTOR('',#9526,1.25);
#2644=VECTOR('',#9529,1.25);
#2645=VECTOR('',#9532,1.25);
#2646=VECTOR('',#9535,10.);
#2647=VECTOR('',#9538,10.);
#2648=VECTOR('',#9541,10.);
#2649=VECTOR('',#9546,10.);
#2650=VECTOR('',#9547,10.);
#2651=VECTOR('',#9548,10.);
#2652=VECTOR('',#9549,10.);
#2653=VECTOR('',#9552,10.);
#2654=VECTOR('',#9553,10.);
#2655=VECTOR('',#9554,10.);
#2656=VECTOR('',#9557,10.);
#2657=VECTOR('',#9558,10.);
#2658=VECTOR('',#9559,10.);
#2659=VECTOR('',#9562,10.);
#2660=VECTOR('',#9563,10.);
#2661=VECTOR('',#9566,10.);
#2662=VECTOR('',#9567,10.);
#2663=VECTOR('',#9568,10.);
#2664=VECTOR('',#9569,10.);
#2665=VECTOR('',#9572,10.);
#2666=VECTOR('',#9573,10.);
#2667=VECTOR('',#9574,10.);
#2668=VECTOR('',#9577,10.);
#2669=VECTOR('',#9578,10.);
#2670=VECTOR('',#9579,10.);
#2671=VECTOR('',#9582,10.);
#2672=VECTOR('',#9583,10.);
#2673=VECTOR('',#9586,10.);
#2674=VECTOR('',#9587,10.);
#2675=VECTOR('',#9588,10.);
#2676=VECTOR('',#9589,10.);
#2677=VECTOR('',#9592,10.);
#2678=VECTOR('',#9593,10.);
#2679=VECTOR('',#9594,10.);
#2680=VECTOR('',#9597,10.);
#2681=VECTOR('',#9598,10.);
#2682=VECTOR('',#9599,10.);
#2683=VECTOR('',#9602,10.);
#2684=VECTOR('',#9603,10.);
#2685=VECTOR('',#9606,10.);
#2686=VECTOR('',#9607,10.);
#2687=VECTOR('',#9608,10.);
#2688=VECTOR('',#9609,10.);
#2689=VECTOR('',#9612,10.);
#2690=VECTOR('',#9613,10.);
#2691=VECTOR('',#9614,10.);
#2692=VECTOR('',#9617,10.);
#2693=VECTOR('',#9618,10.);
#2694=VECTOR('',#9619,10.);
#2695=VECTOR('',#9622,10.);
#2696=VECTOR('',#9623,10.);
#2697=VECTOR('',#9626,10.);
#2698=VECTOR('',#9627,10.);
#2699=VECTOR('',#9628,10.);
#2700=VECTOR('',#9629,10.);
#2701=VECTOR('',#9632,10.);
#2702=VECTOR('',#9633,10.);
#2703=VECTOR('',#9634,10.);
#2704=VECTOR('',#9637,10.);
#2705=VECTOR('',#9638,10.);
#2706=VECTOR('',#9639,10.);
#2707=VECTOR('',#9642,10.);
#2708=VECTOR('',#9643,10.);
#2709=VECTOR('',#9646,10.);
#2710=VECTOR('',#9647,10.);
#2711=VECTOR('',#9648,10.);
#2712=VECTOR('',#9649,10.);
#2713=VECTOR('',#9652,10.);
#2714=VECTOR('',#9653,10.);
#2715=VECTOR('',#9654,10.);
#2716=VECTOR('',#9657,10.);
#2717=VECTOR('',#9658,10.);
#2718=VECTOR('',#9659,10.);
#2719=VECTOR('',#9662,10.);
#2720=VECTOR('',#9663,10.);
#2721=VECTOR('',#9666,10.);
#2722=VECTOR('',#9667,10.);
#2723=VECTOR('',#9668,10.);
#2724=VECTOR('',#9669,10.);
#2725=VECTOR('',#9672,10.);
#2726=VECTOR('',#9673,10.);
#2727=VECTOR('',#9674,10.);
#2728=VECTOR('',#9677,10.);
#2729=VECTOR('',#9678,10.);
#2730=VECTOR('',#9679,10.);
#2731=VECTOR('',#9682,10.);
#2732=VECTOR('',#9683,10.);
#2733=VECTOR('',#9686,10.);
#2734=VECTOR('',#9687,10.);
#2735=VECTOR('',#9688,10.);
#2736=VECTOR('',#9689,10.);
#2737=VECTOR('',#9692,10.);
#2738=VECTOR('',#9693,10.);
#2739=VECTOR('',#9694,10.);
#2740=VECTOR('',#9697,10.);
#2741=VECTOR('',#9698,10.);
#2742=VECTOR('',#9699,10.);
#2743=VECTOR('',#9702,10.);
#2744=VECTOR('',#9703,10.);
#2745=VECTOR('',#9706,10.);
#2746=VECTOR('',#9707,10.);
#2747=VECTOR('',#9708,10.);
#2748=VECTOR('',#9709,10.);
#2749=VECTOR('',#9712,10.);
#2750=VECTOR('',#9713,10.);
#2751=VECTOR('',#9714,10.);
#2752=VECTOR('',#9717,10.);
#2753=VECTOR('',#9718,10.);
#2754=VECTOR('',#9719,10.);
#2755=VECTOR('',#9722,10.);
#2756=VECTOR('',#9723,10.);
#2757=VECTOR('',#9726,10.);
#2758=VECTOR('',#9727,10.);
#2759=VECTOR('',#9728,10.);
#2760=VECTOR('',#9729,10.);
#2761=VECTOR('',#9732,10.);
#2762=VECTOR('',#9733,10.);
#2763=VECTOR('',#9734,10.);
#2764=VECTOR('',#9737,10.);
#2765=VECTOR('',#9738,10.);
#2766=VECTOR('',#9739,10.);
#2767=VECTOR('',#9742,10.);
#2768=VECTOR('',#9743,10.);
#2769=VECTOR('',#9746,10.);
#2770=VECTOR('',#9747,10.);
#2771=VECTOR('',#9748,10.);
#2772=VECTOR('',#9749,10.);
#2773=VECTOR('',#9752,10.);
#2774=VECTOR('',#9753,10.);
#2775=VECTOR('',#9754,10.);
#2776=VECTOR('',#9757,10.);
#2777=VECTOR('',#9758,10.);
#2778=VECTOR('',#9759,10.);
#2779=VECTOR('',#9762,10.);
#2780=VECTOR('',#9763,10.);
#2781=VECTOR('',#9766,10.);
#2782=VECTOR('',#9767,10.);
#2783=VECTOR('',#9768,10.);
#2784=VECTOR('',#9769,10.);
#2785=VECTOR('',#9772,10.);
#2786=VECTOR('',#9773,10.);
#2787=VECTOR('',#9774,10.);
#2788=VECTOR('',#9777,10.);
#2789=VECTOR('',#9778,10.);
#2790=VECTOR('',#9779,10.);
#2791=VECTOR('',#9782,10.);
#2792=VECTOR('',#9783,10.);
#2793=VECTOR('',#9786,10.);
#2794=VECTOR('',#9787,10.);
#2795=VECTOR('',#9788,10.);
#2796=VECTOR('',#9789,10.);
#2797=VECTOR('',#9792,10.);
#2798=VECTOR('',#9793,10.);
#2799=VECTOR('',#9794,10.);
#2800=VECTOR('',#9797,10.);
#2801=VECTOR('',#9798,10.);
#2802=VECTOR('',#9799,10.);
#2803=VECTOR('',#9802,10.);
#2804=VECTOR('',#9803,10.);
#2805=VECTOR('',#9806,10.);
#2806=VECTOR('',#9807,10.);
#2807=VECTOR('',#9808,10.);
#2808=VECTOR('',#9809,10.);
#2809=VECTOR('',#9812,10.);
#2810=VECTOR('',#9813,10.);
#2811=VECTOR('',#9814,10.);
#2812=VECTOR('',#9817,10.);
#2813=VECTOR('',#9818,10.);
#2814=VECTOR('',#9819,10.);
#2815=VECTOR('',#9822,10.);
#2816=VECTOR('',#9823,10.);
#2817=VECTOR('',#9826,10.);
#2818=VECTOR('',#9827,10.);
#2819=VECTOR('',#9828,10.);
#2820=VECTOR('',#9829,10.);
#2821=VECTOR('',#9832,10.);
#2822=VECTOR('',#9833,10.);
#2823=VECTOR('',#9834,10.);
#2824=VECTOR('',#9837,10.);
#2825=VECTOR('',#9838,10.);
#2826=VECTOR('',#9839,10.);
#2827=VECTOR('',#9842,10.);
#2828=VECTOR('',#9843,10.);
#2829=VECTOR('',#9846,10.);
#2830=VECTOR('',#9847,10.);
#2831=VECTOR('',#9848,10.);
#2832=VECTOR('',#9849,10.);
#2833=VECTOR('',#9852,10.);
#2834=VECTOR('',#9853,10.);
#2835=VECTOR('',#9854,10.);
#2836=VECTOR('',#9857,10.);
#2837=VECTOR('',#9858,10.);
#2838=VECTOR('',#9859,10.);
#2839=VECTOR('',#9862,10.);
#2840=VECTOR('',#9863,10.);
#2841=VECTOR('',#9866,10.);
#2842=VECTOR('',#9867,10.);
#2843=VECTOR('',#9868,10.);
#2844=VECTOR('',#9869,10.);
#2845=VECTOR('',#9872,10.);
#2846=VECTOR('',#9873,10.);
#2847=VECTOR('',#9874,10.);
#2848=VECTOR('',#9877,10.);
#2849=VECTOR('',#9878,10.);
#2850=VECTOR('',#9879,10.);
#2851=VECTOR('',#9882,10.);
#2852=VECTOR('',#9883,10.);
#2853=VECTOR('',#9886,10.);
#2854=VECTOR('',#9887,10.);
#2855=VECTOR('',#9888,10.);
#2856=VECTOR('',#9889,10.);
#2857=VECTOR('',#9892,10.);
#2858=VECTOR('',#9893,10.);
#2859=VECTOR('',#9894,10.);
#2860=VECTOR('',#9897,10.);
#2861=VECTOR('',#9898,10.);
#2862=VECTOR('',#9899,10.);
#2863=VECTOR('',#9902,10.);
#2864=VECTOR('',#9903,10.);
#2865=VECTOR('',#9906,10.);
#2866=VECTOR('',#9907,10.);
#2867=VECTOR('',#9908,10.);
#2868=VECTOR('',#9909,10.);
#2869=VECTOR('',#9912,10.);
#2870=VECTOR('',#9913,10.);
#2871=VECTOR('',#9914,10.);
#2872=VECTOR('',#9917,10.);
#2873=VECTOR('',#9918,10.);
#2874=VECTOR('',#9919,10.);
#2875=VECTOR('',#9922,10.);
#2876=VECTOR('',#9923,10.);
#2877=VECTOR('',#9926,10.);
#2878=VECTOR('',#9927,10.);
#2879=VECTOR('',#9928,10.);
#2880=VECTOR('',#9929,10.);
#2881=VECTOR('',#9932,10.);
#2882=VECTOR('',#9933,10.);
#2883=VECTOR('',#9934,10.);
#2884=VECTOR('',#9937,10.);
#2885=VECTOR('',#9938,10.);
#2886=VECTOR('',#9939,10.);
#2887=VECTOR('',#9942,10.);
#2888=VECTOR('',#9943,10.);
#2889=VECTOR('',#9946,10.);
#2890=VECTOR('',#9947,10.);
#2891=VECTOR('',#9948,10.);
#2892=VECTOR('',#9949,10.);
#2893=VECTOR('',#9952,10.);
#2894=VECTOR('',#9953,10.);
#2895=VECTOR('',#9954,10.);
#2896=VECTOR('',#9957,10.);
#2897=VECTOR('',#9958,10.);
#2898=VECTOR('',#9959,10.);
#2899=VECTOR('',#9962,10.);
#2900=VECTOR('',#9963,10.);
#2901=VECTOR('',#9966,10.);
#2902=VECTOR('',#9967,10.);
#2903=VECTOR('',#9968,10.);
#2904=VECTOR('',#9969,10.);
#2905=VECTOR('',#9972,10.);
#2906=VECTOR('',#9973,10.);
#2907=VECTOR('',#9974,10.);
#2908=VECTOR('',#9977,10.);
#2909=VECTOR('',#9978,10.);
#2910=VECTOR('',#9979,10.);
#2911=VECTOR('',#9982,10.);
#2912=VECTOR('',#9983,10.);
#2913=VECTOR('',#9986,10.);
#2914=VECTOR('',#9987,10.);
#2915=VECTOR('',#9988,10.);
#2916=VECTOR('',#9989,10.);
#2917=VECTOR('',#9992,10.);
#2918=VECTOR('',#9993,10.);
#2919=VECTOR('',#9994,10.);
#2920=VECTOR('',#9997,10.);
#2921=VECTOR('',#9998,10.);
#2922=VECTOR('',#9999,10.);
#2923=VECTOR('',#10002,10.);
#2924=VECTOR('',#10003,10.);
#2925=VECTOR('',#10006,10.);
#2926=VECTOR('',#10007,10.);
#2927=VECTOR('',#10008,10.);
#2928=VECTOR('',#10009,10.);
#2929=VECTOR('',#10012,10.);
#2930=VECTOR('',#10013,10.);
#2931=VECTOR('',#10014,10.);
#2932=VECTOR('',#10017,10.);
#2933=VECTOR('',#10018,10.);
#2934=VECTOR('',#10019,10.);
#2935=VECTOR('',#10022,10.);
#2936=VECTOR('',#10023,10.);
#2937=VECTOR('',#10026,10.);
#2938=VECTOR('',#10027,10.);
#2939=VECTOR('',#10028,10.);
#2940=VECTOR('',#10029,10.);
#2941=VECTOR('',#10032,10.);
#2942=VECTOR('',#10033,10.);
#2943=VECTOR('',#10034,10.);
#2944=VECTOR('',#10037,10.);
#2945=VECTOR('',#10038,10.);
#2946=VECTOR('',#10039,10.);
#2947=VECTOR('',#10042,10.);
#2948=VECTOR('',#10043,10.);
#2949=VECTOR('',#10046,10.);
#2950=VECTOR('',#10047,10.);
#2951=VECTOR('',#10048,10.);
#2952=VECTOR('',#10049,10.);
#2953=VECTOR('',#10052,10.);
#2954=VECTOR('',#10053,10.);
#2955=VECTOR('',#10054,10.);
#2956=VECTOR('',#10057,10.);
#2957=VECTOR('',#10058,10.);
#2958=VECTOR('',#10059,10.);
#2959=VECTOR('',#10062,10.);
#2960=VECTOR('',#10063,10.);
#2961=VECTOR('',#10066,10.);
#2962=VECTOR('',#10067,10.);
#2963=VECTOR('',#10068,10.);
#2964=VECTOR('',#10069,10.);
#2965=VECTOR('',#10072,10.);
#2966=VECTOR('',#10073,10.);
#2967=VECTOR('',#10074,10.);
#2968=VECTOR('',#10077,10.);
#2969=VECTOR('',#10078,10.);
#2970=VECTOR('',#10079,10.);
#2971=VECTOR('',#10082,10.);
#2972=VECTOR('',#10083,10.);
#2973=VECTOR('',#10086,10.);
#2974=VECTOR('',#10087,10.);
#2975=VECTOR('',#10088,10.);
#2976=VECTOR('',#10089,10.);
#2977=VECTOR('',#10092,10.);
#2978=VECTOR('',#10093,10.);
#2979=VECTOR('',#10094,10.);
#2980=VECTOR('',#10097,10.);
#2981=VECTOR('',#10098,10.);
#2982=VECTOR('',#10099,10.);
#2983=VECTOR('',#10102,10.);
#2984=VECTOR('',#10103,10.);
#2985=VECTOR('',#10106,10.);
#2986=VECTOR('',#10107,10.);
#2987=VECTOR('',#10108,10.);
#2988=VECTOR('',#10109,10.);
#2989=VECTOR('',#10112,10.);
#2990=VECTOR('',#10113,10.);
#2991=VECTOR('',#10114,10.);
#2992=VECTOR('',#10117,10.);
#2993=VECTOR('',#10118,10.);
#2994=VECTOR('',#10119,10.);
#2995=VECTOR('',#10122,10.);
#2996=VECTOR('',#10123,10.);
#2997=VECTOR('',#10126,10.);
#2998=VECTOR('',#10127,10.);
#2999=VECTOR('',#10128,10.);
#3000=VECTOR('',#10129,10.);
#3001=VECTOR('',#10132,10.);
#3002=VECTOR('',#10133,10.);
#3003=VECTOR('',#10134,10.);
#3004=VECTOR('',#10137,10.);
#3005=VECTOR('',#10138,10.);
#3006=VECTOR('',#10139,10.);
#3007=VECTOR('',#10142,10.);
#3008=VECTOR('',#10143,10.);
#3009=VECTOR('',#10146,10.);
#3010=VECTOR('',#10147,10.);
#3011=VECTOR('',#10148,10.);
#3012=VECTOR('',#10149,10.);
#3013=VECTOR('',#10152,10.);
#3014=VECTOR('',#10153,10.);
#3015=VECTOR('',#10154,10.);
#3016=VECTOR('',#10157,10.);
#3017=VECTOR('',#10158,10.);
#3018=VECTOR('',#10159,10.);
#3019=VECTOR('',#10162,10.);
#3020=VECTOR('',#10163,10.);
#3021=VECTOR('',#10166,10.);
#3022=VECTOR('',#10167,10.);
#3023=VECTOR('',#10168,10.);
#3024=VECTOR('',#10169,10.);
#3025=VECTOR('',#10172,10.);
#3026=VECTOR('',#10173,10.);
#3027=VECTOR('',#10174,10.);
#3028=VECTOR('',#10177,10.);
#3029=VECTOR('',#10178,10.);
#3030=VECTOR('',#10179,10.);
#3031=VECTOR('',#10182,10.);
#3032=VECTOR('',#10183,10.);
#3033=VECTOR('',#10186,10.);
#3034=VECTOR('',#10187,10.);
#3035=VECTOR('',#10188,10.);
#3036=VECTOR('',#10189,10.);
#3037=VECTOR('',#10192,10.);
#3038=VECTOR('',#10193,10.);
#3039=VECTOR('',#10194,10.);
#3040=VECTOR('',#10197,10.);
#3041=VECTOR('',#10198,10.);
#3042=VECTOR('',#10199,10.);
#3043=VECTOR('',#10202,10.);
#3044=VECTOR('',#10203,10.);
#3045=VECTOR('',#10206,10.);
#3046=VECTOR('',#10207,10.);
#3047=VECTOR('',#10208,10.);
#3048=VECTOR('',#10209,10.);
#3049=VECTOR('',#10212,10.);
#3050=VECTOR('',#10213,10.);
#3051=VECTOR('',#10214,10.);
#3052=VECTOR('',#10217,10.);
#3053=VECTOR('',#10218,10.);
#3054=VECTOR('',#10219,10.);
#3055=VECTOR('',#10222,10.);
#3056=VECTOR('',#10223,10.);
#3057=VECTOR('',#10226,10.);
#3058=VECTOR('',#10227,10.);
#3059=VECTOR('',#10228,10.);
#3060=VECTOR('',#10229,10.);
#3061=VECTOR('',#10232,10.);
#3062=VECTOR('',#10233,10.);
#3063=VECTOR('',#10234,10.);
#3064=VECTOR('',#10237,10.);
#3065=VECTOR('',#10238,10.);
#3066=VECTOR('',#10239,10.);
#3067=VECTOR('',#10242,10.);
#3068=VECTOR('',#10243,10.);
#3069=VECTOR('',#10246,10.);
#3070=VECTOR('',#10247,10.);
#3071=VECTOR('',#10248,10.);
#3072=VECTOR('',#10249,10.);
#3073=VECTOR('',#10252,10.);
#3074=VECTOR('',#10253,10.);
#3075=VECTOR('',#10254,10.);
#3076=VECTOR('',#10257,10.);
#3077=VECTOR('',#10258,10.);
#3078=VECTOR('',#10259,10.);
#3079=VECTOR('',#10262,10.);
#3080=VECTOR('',#10263,10.);
#3081=VECTOR('',#10266,10.);
#3082=VECTOR('',#10267,10.);
#3083=VECTOR('',#10268,10.);
#3084=VECTOR('',#10269,10.);
#3085=VECTOR('',#10272,10.);
#3086=VECTOR('',#10273,10.);
#3087=VECTOR('',#10274,10.);
#3088=VECTOR('',#10277,10.);
#3089=VECTOR('',#10278,10.);
#3090=VECTOR('',#10279,10.);
#3091=VECTOR('',#10282,10.);
#3092=VECTOR('',#10283,10.);
#3093=VECTOR('',#10286,10.);
#3094=VECTOR('',#10287,10.);
#3095=VECTOR('',#10288,10.);
#3096=VECTOR('',#10289,10.);
#3097=VECTOR('',#10292,10.);
#3098=VECTOR('',#10293,10.);
#3099=VECTOR('',#10294,10.);
#3100=VECTOR('',#10297,10.);
#3101=VECTOR('',#10298,10.);
#3102=VECTOR('',#10299,10.);
#3103=VECTOR('',#10302,10.);
#3104=VECTOR('',#10303,10.);
#3105=VECTOR('',#10306,10.);
#3106=VECTOR('',#10307,10.);
#3107=VECTOR('',#10308,10.);
#3108=VECTOR('',#10309,10.);
#3109=VECTOR('',#10312,10.);
#3110=VECTOR('',#10313,10.);
#3111=VECTOR('',#10314,10.);
#3112=VECTOR('',#10317,10.);
#3113=VECTOR('',#10318,10.);
#3114=VECTOR('',#10319,10.);
#3115=VECTOR('',#10322,10.);
#3116=VECTOR('',#10323,10.);
#3117=VECTOR('',#10326,10.);
#3118=VECTOR('',#10327,10.);
#3119=VECTOR('',#10328,10.);
#3120=VECTOR('',#10329,10.);
#3121=VECTOR('',#10332,10.);
#3122=VECTOR('',#10333,10.);
#3123=VECTOR('',#10334,10.);
#3124=VECTOR('',#10337,10.);
#3125=VECTOR('',#10338,10.);
#3126=VECTOR('',#10339,10.);
#3127=VECTOR('',#10342,10.);
#3128=VECTOR('',#10343,10.);
#3129=VECTOR('',#10346,10.);
#3130=VECTOR('',#10347,10.);
#3131=VECTOR('',#10348,10.);
#3132=VECTOR('',#10349,10.);
#3133=VECTOR('',#10352,10.);
#3134=VECTOR('',#10353,10.);
#3135=VECTOR('',#10354,10.);
#3136=VECTOR('',#10357,10.);
#3137=VECTOR('',#10358,10.);
#3138=VECTOR('',#10359,10.);
#3139=VECTOR('',#10362,10.);
#3140=VECTOR('',#10363,10.);
#3141=VECTOR('',#10368,10.);
#3142=VECTOR('',#10369,10.);
#3143=VECTOR('',#10370,10.);
#3144=VECTOR('',#10371,10.);
#3145=VECTOR('',#10374,10.);
#3146=VECTOR('',#10375,10.);
#3147=VECTOR('',#10376,10.);
#3148=VECTOR('',#10377,10.);
#3149=VECTOR('',#10380,10.);
#3150=VECTOR('',#10381,10.);
#3151=VECTOR('',#10384,10.);
#3152=VECTOR('',#10385,10.);
#3153=VECTOR('',#10386,10.);
#3154=VECTOR('',#10387,10.);
#3155=VECTOR('',#10388,10.);
#3156=VECTOR('',#10391,10.);
#3157=VECTOR('',#10392,10.);
#3158=VECTOR('',#10393,10.);
#3159=VECTOR('',#10396,10.);
#3160=VECTOR('',#10397,10.);
#3161=VECTOR('',#10398,10.);
#3162=VECTOR('',#10399,10.);
#3163=VECTOR('',#10402,10.);
#3164=VECTOR('',#10403,10.);
#3165=VECTOR('',#10404,10.);
#3166=VECTOR('',#10407,10.);
#3167=VECTOR('',#10408,10.);
#3168=VECTOR('',#10411,10.);
#3169=VECTOR('',#10412,10.);
#3170=VECTOR('',#10413,10.);
#3171=VECTOR('',#10414,10.);
#3172=VECTOR('',#10415,10.);
#3173=VECTOR('',#10418,10.);
#3174=VECTOR('',#10419,10.);
#3175=VECTOR('',#10420,10.);
#3176=VECTOR('',#10421,10.);
#3177=VECTOR('',#10422,10.);
#3178=VECTOR('',#10423,10.);
#3179=VECTOR('',#10426,10.);
#3180=VECTOR('',#10427,10.);
#3181=VECTOR('',#10428,10.);
#3182=VECTOR('',#10429,10.);
#3183=VECTOR('',#10432,10.);
#3184=VECTOR('',#10433,10.);
#3185=VECTOR('',#10434,10.);
#3186=VECTOR('',#10435,10.);
#3187=VECTOR('',#10436,10.);
#3188=VECTOR('',#10439,10.);
#3189=VECTOR('',#10440,10.);
#3190=VECTOR('',#10443,10.);
#3191=VECTOR('',#10446,10.);
#3192=VECTOR('',#10447,10.);
#3193=VECTOR('',#10448,10.);
#3194=VECTOR('',#10449,10.);
#3195=VECTOR('',#10450,10.);
#3196=VECTOR('',#10451,10.);
#3197=VECTOR('',#10452,10.);
#3198=VECTOR('',#10453,10.);
#3199=VECTOR('',#10456,10.);
#3200=VECTOR('',#10457,10.);
#3201=VECTOR('',#10458,10.);
#3202=VECTOR('',#10459,10.);
#3203=VECTOR('',#10460,10.);
#3204=VECTOR('',#10463,10.);
#3205=VECTOR('',#10464,10.);
#3206=VECTOR('',#10465,10.);
#3207=VECTOR('',#10466,10.);
#3208=VECTOR('',#10469,10.);
#3209=VECTOR('',#10470,10.);
#3210=VECTOR('',#10473,10.);
#3211=VECTOR('',#10474,10.);
#3212=VECTOR('',#10477,10.);
#3213=VECTOR('',#10478,10.);
#3214=VECTOR('',#10479,10.);
#3215=VECTOR('',#10480,10.);
#3216=VECTOR('',#10483,10.);
#3217=VECTOR('',#10484,10.);
#3218=VECTOR('',#10485,10.);
#3219=VECTOR('',#10486,10.);
#3220=VECTOR('',#10489,10.);
#3221=VECTOR('',#10490,10.);
#3222=VECTOR('',#10493,10.);
#3223=VECTOR('',#10496,10.);
#3224=VECTOR('',#10497,10.);
#3225=VECTOR('',#10498,10.);
#3226=VECTOR('',#10499,10.);
#3227=VECTOR('',#10502,10.);
#3228=VECTOR('',#10503,10.);
#3229=VECTOR('',#10504,10.);
#3230=VECTOR('',#10505,10.);
#3231=VECTOR('',#10506,10.);
#3232=VECTOR('',#10509,10.);
#3233=VECTOR('',#10510,10.);
#3234=VECTOR('',#10511,10.);
#3235=VECTOR('',#10514,10.);
#3236=VECTOR('',#10515,10.);
#3237=VECTOR('',#10516,10.);
#3238=VECTOR('',#10517,10.);
#3239=VECTOR('',#10520,10.);
#3240=VECTOR('',#10523,10.);
#3241=VECTOR('',#10526,10.);
#3242=VECTOR('',#10529,10.);
#3243=VECTOR('',#10532,10.);
#3244=VECTOR('',#10541,0.25);
#3245=VECTOR('',#10546,10.);
#3246=VECTOR('',#10547,10.);
#3247=VECTOR('',#10548,10.);
#3248=VECTOR('',#10553,10.);
#3249=VECTOR('',#10556,10.);
#3250=VECTOR('',#10557,10.);
#3251=VECTOR('',#10562,10.);
#3252=VECTOR('',#10565,10.);
#3253=VECTOR('',#10566,10.);
#3254=VECTOR('',#10571,10.);
#3255=VECTOR('',#10574,10.);
#3256=VECTOR('',#10575,10.);
#3257=VECTOR('',#10582,10.);
#3258=VECTOR('',#10585,10.);
#3259=VECTOR('',#10588,10.);
#3260=VECTOR('',#10589,10.);
#3261=VECTOR('',#10592,10.);
#3262=VECTOR('',#10597,10.);
#3263=VECTOR('',#10598,10.);
#3264=VECTOR('',#10605,10.);
#3265=VECTOR('',#10608,10.);
#3266=VECTOR('',#10611,10.);
#3267=VECTOR('',#10614,10.);
#3268=VECTOR('',#10617,10.);
#3269=VECTOR('',#10620,10.);
#3270=VECTOR('',#10621,10.);
#3271=VECTOR('',#10624,10.);
#3272=VECTOR('',#10629,10.);
#3273=VECTOR('',#10630,10.);
#3274=VECTOR('',#10633,10.);
#3275=VECTOR('',#10638,10.);
#3276=VECTOR('',#10641,10.);
#3277=VECTOR('',#10644,10.);
#3278=VECTOR('',#10647,10.);
#3279=VECTOR('',#10648,10.);
#3280=VECTOR('',#10651,10.);
#3281=VECTOR('',#10654,10.);
#3282=VECTOR('',#10659,10.);
#3283=VECTOR('',#10664,10.);
#3284=VECTOR('',#10667,10.);
#3285=VECTOR('',#10672,10.);
#3286=VECTOR('',#10673,10.);
#3287=VECTOR('',#10674,10.);
#3288=VECTOR('',#10675,10.);
#3289=VECTOR('',#10678,10.);
#3290=VECTOR('',#10679,10.);
#3291=VECTOR('',#10680,10.);
#3292=VECTOR('',#10683,10.);
#3293=VECTOR('',#10684,10.);
#3294=VECTOR('',#10685,10.);
#3295=VECTOR('',#10688,10.);
#3296=VECTOR('',#10689,10.);
#3297=VECTOR('',#10696,10.);
#3298=VECTOR('',#10697,10.);
#3299=VECTOR('',#10698,10.);
#3300=VECTOR('',#10699,10.);
#3301=VECTOR('',#10702,10.);
#3302=VECTOR('',#10703,10.);
#3303=VECTOR('',#10704,10.);
#3304=VECTOR('',#10707,10.);
#3305=VECTOR('',#10708,10.);
#3306=VECTOR('',#10709,10.);
#3307=VECTOR('',#10712,10.);
#3308=VECTOR('',#10713,10.);
#3309=VECTOR('',#10714,10.);
#3310=VECTOR('',#10717,10.);
#3311=VECTOR('',#10718,10.);
#3312=VECTOR('',#10719,10.);
#3313=VECTOR('',#10722,10.);
#3314=VECTOR('',#10723,10.);
#3315=VECTOR('',#10724,10.);
#3316=VECTOR('',#10727,10.);
#3317=VECTOR('',#10728,10.);
#3318=VECTOR('',#10729,10.);
#3319=VECTOR('',#10732,10.);
#3320=VECTOR('',#10733,10.);
#3321=VECTOR('',#10740,10.);
#3322=VECTOR('',#10741,10.);
#3323=VECTOR('',#10742,10.);
#3324=VECTOR('',#10743,10.);
#3325=VECTOR('',#10746,10.);
#3326=VECTOR('',#10747,10.);
#3327=VECTOR('',#10748,10.);
#3328=VECTOR('',#10749,10.);
#3329=VECTOR('',#10752,10.);
#3330=VECTOR('',#10753,10.);
#3331=VECTOR('',#10756,10.);
#3332=VECTOR('',#10757,10.);
#3333=VECTOR('',#10758,10.);
#3334=VECTOR('',#10761,10.);
#3335=VECTOR('',#10762,10.);
#3336=VECTOR('',#10763,10.);
#3337=VECTOR('',#10766,10.);
#3338=VECTOR('',#10767,10.);
#3339=VECTOR('',#10768,10.);
#3340=VECTOR('',#10771,10.);
#3341=VECTOR('',#10772,10.);
#3342=VECTOR('',#10775,10.);
#3343=VECTOR('',#10776,10.);
#3344=VECTOR('',#10779,10.);
#3345=VECTOR('',#10788,1.5);
#3346=VECTOR('',#10799,1.5);
#3347=VECTOR('',#10808,10.);
#3348=VECTOR('',#10809,10.);
#3349=VECTOR('',#10810,10.);
#3350=VECTOR('',#10811,10.);
#3351=VECTOR('',#10812,10.);
#3352=VECTOR('',#10813,10.);
#3353=VECTOR('',#10816,0.8);
#3354=VECTOR('',#10819,10.);
#3355=VECTOR('',#10820,10.);
#3356=VECTOR('',#10821,10.);
#3357=VECTOR('',#10824,10.);
#3358=VECTOR('',#10825,10.);
#3359=VECTOR('',#10828,10.);
#3360=VECTOR('',#10829,10.);
#3361=VECTOR('',#10832,10.);
#3362=VECTOR('',#10833,10.);
#3363=VECTOR('',#10836,10.);
#3364=VECTOR('',#10837,10.);
#3365=VECTOR('',#10840,10.);
#3366=VECTOR('',#10849,0.875000000000001);
#3367=VECTOR('',#10858,1.);
#3368=VECTOR('',#10863,10.);
#3369=VECTOR('',#10864,10.);
#3370=VECTOR('',#10865,10.);
#3371=VECTOR('',#10866,10.);
#3372=VECTOR('',#10869,10.);
#3373=VECTOR('',#10870,10.);
#3374=VECTOR('',#10871,10.);
#3375=VECTOR('',#10874,10.);
#3376=VECTOR('',#10875,10.);
#3377=VECTOR('',#10876,10.);
#3378=VECTOR('',#10879,10.);
#3379=VECTOR('',#10880,10.);
#3380=VECTOR('',#10881,10.);
#3381=VECTOR('',#10884,10.);
#3382=VECTOR('',#10885,10.);
#3383=VECTOR('',#10886,10.);
#3384=VECTOR('',#10889,10.);
#3385=VECTOR('',#10890,10.);
#3386=VECTOR('',#10891,10.);
#3387=VECTOR('',#10894,10.);
#3388=VECTOR('',#10895,10.);
#3389=VECTOR('',#10896,10.);
#3390=VECTOR('',#10899,10.);
#3391=VECTOR('',#10900,10.);
#3392=VECTOR('',#10901,10.);
#3393=VECTOR('',#10904,10.);
#3394=VECTOR('',#10905,10.);
#3395=VECTOR('',#10906,10.);
#3396=VECTOR('',#10909,10.);
#3397=VECTOR('',#10910,10.);
#3398=VECTOR('',#10911,10.);
#3399=VECTOR('',#10914,10.);
#3400=VECTOR('',#10915,10.);
#3401=VECTOR('',#10916,10.);
#3402=VECTOR('',#10919,10.);
#3403=VECTOR('',#10920,10.);
#3404=VECTOR('',#10937,2.25);
#3405=CIRCLE('',#8419,1.5);
#3406=CIRCLE('',#8420,1.5);
#3407=CIRCLE('',#8423,1.5);
#3408=CIRCLE('',#8424,1.5);
#3409=CIRCLE('',#8425,1.5);
#3410=CIRCLE('',#8427,1.5);
#3411=CIRCLE('',#8430,1.5);
#3412=CIRCLE('',#8432,1.5);
#3413=CIRCLE('',#8436,0.707106781186544);
#3414=CIRCLE('',#8437,0.707106781186544);
#3415=CIRCLE('',#8439,0.707106781186544);
#3416=CIRCLE('',#8440,0.707106781186544);
#3417=CIRCLE('',#8442,0.707106781186544);
#3418=CIRCLE('',#8443,0.707106781186544);
#3419=CIRCLE('',#8445,0.707106781186544);
#3420=CIRCLE('',#8446,0.707106781186544);
#3421=CIRCLE('',#8448,0.707106781186544);
#3422=CIRCLE('',#8449,0.707106781186544);
#3423=CIRCLE('',#8451,0.707106781186544);
#3424=CIRCLE('',#8452,0.707106781186544);
#3425=CIRCLE('',#8454,0.707106781186544);
#3426=CIRCLE('',#8455,0.707106781186544);
#3427=CIRCLE('',#8457,0.707106781186544);
#3428=CIRCLE('',#8458,0.707106781186544);
#3429=CIRCLE('',#8460,0.707106781186544);
#3430=CIRCLE('',#8461,0.707106781186544);
#3431=CIRCLE('',#8463,0.707106781186544);
#3432=CIRCLE('',#8464,0.707106781186544);
#3433=CIRCLE('',#8466,0.707106781186544);
#3434=CIRCLE('',#8467,0.707106781186544);
#3435=CIRCLE('',#8469,0.707106781186544);
#3436=CIRCLE('',#8470,0.707106781186544);
#3437=CIRCLE('',#8472,0.707106781186544);
#3438=CIRCLE('',#8473,0.707106781186544);
#3439=CIRCLE('',#8475,0.707106781186544);
#3440=CIRCLE('',#8476,0.707106781186544);
#3441=CIRCLE('',#8478,0.707106781186544);
#3442=CIRCLE('',#8479,0.707106781186544);
#3443=CIRCLE('',#8481,0.707106781186544);
#3444=CIRCLE('',#8482,0.707106781186544);
#3445=CIRCLE('',#8484,0.707106781186544);
#3446=CIRCLE('',#8485,0.707106781186544);
#3447=CIRCLE('',#8487,0.707106781186544);
#3448=CIRCLE('',#8488,0.707106781186544);
#3449=CIRCLE('',#8490,0.707106781186544);
#3450=CIRCLE('',#8491,0.707106781186544);
#3451=CIRCLE('',#8493,0.707106781186544);
#3452=CIRCLE('',#8494,0.707106781186544);
#3453=CIRCLE('',#8496,0.707106781186544);
#3454=CIRCLE('',#8497,0.707106781186544);
#3455=CIRCLE('',#8499,0.707106781186544);
#3456=CIRCLE('',#8500,0.707106781186544);
#3457=CIRCLE('',#8502,0.707106781186544);
#3458=CIRCLE('',#8503,0.707106781186544);
#3459=CIRCLE('',#8505,0.707106781186544);
#3460=CIRCLE('',#8506,0.707106781186544);
#3461=CIRCLE('',#8508,0.707106781186544);
#3462=CIRCLE('',#8509,0.707106781186544);
#3463=CIRCLE('',#8511,0.707106781186544);
#3464=CIRCLE('',#8512,0.707106781186544);
#3465=CIRCLE('',#8514,0.707106781186544);
#3466=CIRCLE('',#8515,0.707106781186544);
#3467=CIRCLE('',#8517,0.707106781186544);
#3468=CIRCLE('',#8518,0.707106781186544);
#3469=CIRCLE('',#8520,0.707106781186544);
#3470=CIRCLE('',#8521,0.707106781186544);
#3471=CIRCLE('',#8523,0.707106781186544);
#3472=CIRCLE('',#8524,0.707106781186544);
#3473=CIRCLE('',#8526,0.707106781186544);
#3474=CIRCLE('',#8527,0.707106781186544);
#3475=CIRCLE('',#8529,0.707106781186544);
#3476=CIRCLE('',#8530,0.707106781186544);
#3477=CIRCLE('',#8532,0.707106781186544);
#3478=CIRCLE('',#8533,0.707106781186544);
#3479=CIRCLE('',#8535,0.707106781186544);
#3480=CIRCLE('',#8536,0.707106781186544);
#3481=CIRCLE('',#8538,0.707106781186544);
#3482=CIRCLE('',#8539,0.707106781186544);
#3483=CIRCLE('',#8541,0.707106781186544);
#3484=CIRCLE('',#8542,0.707106781186544);
#3485=CIRCLE('',#8544,0.707106781186544);
#3486=CIRCLE('',#8545,0.707106781186544);
#3487=CIRCLE('',#8547,0.707106781186544);
#3488=CIRCLE('',#8548,0.707106781186544);
#3489=CIRCLE('',#8550,0.707106781186544);
#3490=CIRCLE('',#8551,0.707106781186544);
#3491=CIRCLE('',#8553,0.707106781186544);
#3492=CIRCLE('',#8554,0.707106781186544);
#3493=CIRCLE('',#8556,3.);
#3494=CIRCLE('',#8557,1.25);
#3495=CIRCLE('',#8559,3.);
#3496=CIRCLE('',#8560,1.25);
#3497=CIRCLE('',#8562,3.);
#3498=CIRCLE('',#8563,1.25);
#3499=CIRCLE('',#8565,3.);
#3500=CIRCLE('',#8566,1.25);
#3501=CIRCLE('',#8568,3.);
#3502=CIRCLE('',#8569,1.25);
#3503=CIRCLE('',#8571,3.);
#3504=CIRCLE('',#8572,1.25);
#3505=CIRCLE('',#8574,3.);
#3506=CIRCLE('',#8575,1.25);
#3507=CIRCLE('',#8577,3.);
#3508=CIRCLE('',#8578,1.25);
#3509=CIRCLE('',#8580,1.);
#3510=CIRCLE('',#8581,1.);
#3511=CIRCLE('',#8584,1.);
#3512=CIRCLE('',#8585,1.);
#3513=CIRCLE('',#8588,3.);
#3514=CIRCLE('',#8589,1.);
#3515=CIRCLE('',#8590,1.);
#3516=CIRCLE('',#8591,1.);
#3517=CIRCLE('',#8592,1.);
#3518=CIRCLE('',#8593,3.);
#3519=CIRCLE('',#8594,3.);
#3520=CIRCLE('',#8595,3.);
#3521=CIRCLE('',#8596,1.);
#3522=CIRCLE('',#8597,1.);
#3523=CIRCLE('',#8598,1.75);
#3524=CIRCLE('',#8599,1.5);
#3525=CIRCLE('',#8600,1.5);
#3526=CIRCLE('',#8601,1.75);
#3527=CIRCLE('',#8603,1.);
#3528=CIRCLE('',#8606,1.);
#3529=CIRCLE('',#8608,1.);
#3530=CIRCLE('',#8611,1.);
#3531=CIRCLE('',#8614,1.);
#3532=CIRCLE('',#8617,1.);
#3533=CIRCLE('',#8620,3.);
#3534=CIRCLE('',#8623,3.);
#3535=CIRCLE('',#8625,3.);
#3536=CIRCLE('',#8628,3.);
#3537=CIRCLE('',#8631,1.75);
#3538=CIRCLE('',#8633,1.5);
#3539=CIRCLE('',#8635,1.5);
#3540=CIRCLE('',#8637,1.75);
#3541=CIRCLE('',#8839,1.07);
#3542=CIRCLE('',#8840,1.07);
#3543=CIRCLE('',#8841,1.07);
#3544=CIRCLE('',#8842,1.07);
#3545=CIRCLE('',#8845,0.25);
#3546=CIRCLE('',#8846,0.25);
#3547=CIRCLE('',#8849,1.5);
#3548=CIRCLE('',#8852,1.5);
#3549=CIRCLE('',#8855,1.5);
#3550=CIRCLE('',#8858,1.5);
#3551=CIRCLE('',#8860,1.5);
#3552=CIRCLE('',#8863,1.5);
#3553=CIRCLE('',#8867,1.5);
#3554=CIRCLE('',#8868,1.5);
#3555=CIRCLE('',#8870,1.5);
#3556=CIRCLE('',#8871,1.5);
#3557=CIRCLE('',#8872,1.5);
#3558=CIRCLE('',#8873,1.5);
#3559=CIRCLE('',#8874,1.5);
#3560=CIRCLE('',#8878,1.5);
#3561=CIRCLE('',#8880,1.5);
#3562=CIRCLE('',#8886,1.5);
#3563=CIRCLE('',#8918,1.5);
#3564=CIRCLE('',#8919,1.5);
#3565=CIRCLE('',#8921,0.8);
#3566=CIRCLE('',#8923,1.5);
#3567=CIRCLE('',#8924,1.5);
#3568=CIRCLE('',#8926,0.8);
#3569=CIRCLE('',#8938,0.75);
#3570=CIRCLE('',#8939,1.);
#3571=CIRCLE('',#8940,1.);
#3572=CIRCLE('',#8943,1.);
#3573=CIRCLE('',#8958,1.75000000000001);
#3574=CIRCLE('',#8959,2.25);
#3575=CIRCLE('',#8960,1.25);
#3576=CIRCLE('',#8961,2.25);
#3577=CIRCLE('',#8963,2.25);
#3578=VERTEX_POINT('',#10961);
#3579=VERTEX_POINT('',#10962);
#3580=VERTEX_POINT('',#10964);
#3581=VERTEX_POINT('',#10966);
#3582=VERTEX_POINT('',#10970);
#3583=VERTEX_POINT('',#10972);
#3584=VERTEX_POINT('',#10976);
#3585=VERTEX_POINT('',#10978);
#3586=VERTEX_POINT('',#10980);
#3587=VERTEX_POINT('',#10982);
#3588=VERTEX_POINT('',#10984);
#3589=VERTEX_POINT('',#10988);
#3590=VERTEX_POINT('',#10990);
#3591=VERTEX_POINT('',#10994);
#3592=VERTEX_POINT('',#10998);
#3593=VERTEX_POINT('',#11002);
#3594=VERTEX_POINT('',#11010);
#3595=VERTEX_POINT('',#11012);
#3596=VERTEX_POINT('',#11016);
#3597=VERTEX_POINT('',#11018);
#3598=VERTEX_POINT('',#11022);
#3599=VERTEX_POINT('',#11024);
#3600=VERTEX_POINT('',#11028);
#3601=VERTEX_POINT('',#11030);
#3602=VERTEX_POINT('',#11034);
#3603=VERTEX_POINT('',#11036);
#3604=VERTEX_POINT('',#11040);
#3605=VERTEX_POINT('',#11042);
#3606=VERTEX_POINT('',#11046);
#3607=VERTEX_POINT('',#11048);
#3608=VERTEX_POINT('',#11052);
#3609=VERTEX_POINT('',#11054);
#3610=VERTEX_POINT('',#11058);
#3611=VERTEX_POINT('',#11060);
#3612=VERTEX_POINT('',#11064);
#3613=VERTEX_POINT('',#11066);
#3614=VERTEX_POINT('',#11070);
#3615=VERTEX_POINT('',#11072);
#3616=VERTEX_POINT('',#11076);
#3617=VERTEX_POINT('',#11078);
#3618=VERTEX_POINT('',#11082);
#3619=VERTEX_POINT('',#11084);
#3620=VERTEX_POINT('',#11088);
#3621=VERTEX_POINT('',#11090);
#3622=VERTEX_POINT('',#11094);
#3623=VERTEX_POINT('',#11096);
#3624=VERTEX_POINT('',#11100);
#3625=VERTEX_POINT('',#11102);
#3626=VERTEX_POINT('',#11106);
#3627=VERTEX_POINT('',#11108);
#3628=VERTEX_POINT('',#11112);
#3629=VERTEX_POINT('',#11114);
#3630=VERTEX_POINT('',#11118);
#3631=VERTEX_POINT('',#11120);
#3632=VERTEX_POINT('',#11124);
#3633=VERTEX_POINT('',#11126);
#3634=VERTEX_POINT('',#11130);
#3635=VERTEX_POINT('',#11132);
#3636=VERTEX_POINT('',#11136);
#3637=VERTEX_POINT('',#11138);
#3638=VERTEX_POINT('',#11142);
#3639=VERTEX_POINT('',#11144);
#3640=VERTEX_POINT('',#11148);
#3641=VERTEX_POINT('',#11150);
#3642=VERTEX_POINT('',#11154);
#3643=VERTEX_POINT('',#11156);
#3644=VERTEX_POINT('',#11160);
#3645=VERTEX_POINT('',#11162);
#3646=VERTEX_POINT('',#11166);
#3647=VERTEX_POINT('',#11168);
#3648=VERTEX_POINT('',#11172);
#3649=VERTEX_POINT('',#11174);
#3650=VERTEX_POINT('',#11178);
#3651=VERTEX_POINT('',#11180);
#3652=VERTEX_POINT('',#11184);
#3653=VERTEX_POINT('',#11186);
#3654=VERTEX_POINT('',#11190);
#3655=VERTEX_POINT('',#11192);
#3656=VERTEX_POINT('',#11196);
#3657=VERTEX_POINT('',#11198);
#3658=VERTEX_POINT('',#11202);
#3659=VERTEX_POINT('',#11204);
#3660=VERTEX_POINT('',#11208);
#3661=VERTEX_POINT('',#11210);
#3662=VERTEX_POINT('',#11214);
#3663=VERTEX_POINT('',#11216);
#3664=VERTEX_POINT('',#11220);
#3665=VERTEX_POINT('',#11222);
#3666=VERTEX_POINT('',#11226);
#3667=VERTEX_POINT('',#11228);
#3668=VERTEX_POINT('',#11232);
#3669=VERTEX_POINT('',#11234);
#3670=VERTEX_POINT('',#11238);
#3671=VERTEX_POINT('',#11240);
#3672=VERTEX_POINT('',#11244);
#3673=VERTEX_POINT('',#11246);
#3674=VERTEX_POINT('',#11250);
#3675=VERTEX_POINT('',#11252);
#3676=VERTEX_POINT('',#11255);
#3677=VERTEX_POINT('',#11257);
#3678=VERTEX_POINT('',#11260);
#3679=VERTEX_POINT('',#11262);
#3680=VERTEX_POINT('',#11265);
#3681=VERTEX_POINT('',#11267);
#3682=VERTEX_POINT('',#11270);
#3683=VERTEX_POINT('',#11272);
#3684=VERTEX_POINT('',#11275);
#3685=VERTEX_POINT('',#11277);
#3686=VERTEX_POINT('',#11280);
#3687=VERTEX_POINT('',#11282);
#3688=VERTEX_POINT('',#11285);
#3689=VERTEX_POINT('',#11287);
#3690=VERTEX_POINT('',#11290);
#3691=VERTEX_POINT('',#11291);
#3692=VERTEX_POINT('',#11293);
#3693=VERTEX_POINT('',#11295);
#3694=VERTEX_POINT('',#11299);
#3695=VERTEX_POINT('',#11301);
#3696=VERTEX_POINT('',#11305);
#3697=VERTEX_POINT('',#11306);
#3698=VERTEX_POINT('',#11308);
#3699=VERTEX_POINT('',#11310);
#3700=VERTEX_POINT('',#11317);
#3701=VERTEX_POINT('',#11319);
#3702=VERTEX_POINT('',#11321);
#3703=VERTEX_POINT('',#11323);
#3704=VERTEX_POINT('',#11325);
#3705=VERTEX_POINT('',#11327);
#3706=VERTEX_POINT('',#11329);
#3707=VERTEX_POINT('',#11331);
#3708=VERTEX_POINT('',#11333);
#3709=VERTEX_POINT('',#11335);
#3710=VERTEX_POINT('',#11337);
#3711=VERTEX_POINT('',#11339);
#3712=VERTEX_POINT('',#11341);
#3713=VERTEX_POINT('',#11343);
#3714=VERTEX_POINT('',#11345);
#3715=VERTEX_POINT('',#11347);
#3716=VERTEX_POINT('',#11349);
#3717=VERTEX_POINT('',#11351);
#3718=VERTEX_POINT('',#11353);
#3719=VERTEX_POINT('',#11356);
#3720=VERTEX_POINT('',#11358);
#3721=VERTEX_POINT('',#11360);
#3722=VERTEX_POINT('',#11362);
#3723=VERTEX_POINT('',#11365);
#3724=VERTEX_POINT('',#11366);
#3725=VERTEX_POINT('',#11371);
#3726=VERTEX_POINT('',#11377);
#3727=VERTEX_POINT('',#11378);
#3728=VERTEX_POINT('',#11383);
#3729=VERTEX_POINT('',#11387);
#3730=VERTEX_POINT('',#11391);
#3731=VERTEX_POINT('',#11395);
#3732=VERTEX_POINT('',#11399);
#3733=VERTEX_POINT('',#11403);
#3734=VERTEX_POINT('',#11407);
#3735=VERTEX_POINT('',#11411);
#3736=VERTEX_POINT('',#11412);
#3737=VERTEX_POINT('',#11417);
#3738=VERTEX_POINT('',#11421);
#3739=VERTEX_POINT('',#11425);
#3740=VERTEX_POINT('',#11426);
#3741=VERTEX_POINT('',#11433);
#3742=VERTEX_POINT('',#11439);
#3743=VERTEX_POINT('',#11443);
#3744=VERTEX_POINT('',#11447);
#3745=VERTEX_POINT('',#11451);
#3746=VERTEX_POINT('',#11468);
#3747=VERTEX_POINT('',#11469);
#3748=VERTEX_POINT('',#11471);
#3749=VERTEX_POINT('',#11473);
#3750=VERTEX_POINT('',#11477);
#3751=VERTEX_POINT('',#11479);
#3752=VERTEX_POINT('',#11483);
#3753=VERTEX_POINT('',#11485);
#3754=VERTEX_POINT('',#11492);
#3755=VERTEX_POINT('',#11493);
#3756=VERTEX_POINT('',#11495);
#3757=VERTEX_POINT('',#11497);
#3758=VERTEX_POINT('',#11501);
#3759=VERTEX_POINT('',#11503);
#3760=VERTEX_POINT('',#11507);
#3761=VERTEX_POINT('',#11509);
#3762=VERTEX_POINT('',#11516);
#3763=VERTEX_POINT('',#11517);
#3764=VERTEX_POINT('',#11519);
#3765=VERTEX_POINT('',#11521);
#3766=VERTEX_POINT('',#11525);
#3767=VERTEX_POINT('',#11527);
#3768=VERTEX_POINT('',#11531);
#3769=VERTEX_POINT('',#11533);
#3770=VERTEX_POINT('',#11540);
#3771=VERTEX_POINT('',#11541);
#3772=VERTEX_POINT('',#11543);
#3773=VERTEX_POINT('',#11545);
#3774=VERTEX_POINT('',#11549);
#3775=VERTEX_POINT('',#11551);
#3776=VERTEX_POINT('',#11555);
#3777=VERTEX_POINT('',#11557);
#3778=VERTEX_POINT('',#11564);
#3779=VERTEX_POINT('',#11565);
#3780=VERTEX_POINT('',#11567);
#3781=VERTEX_POINT('',#11569);
#3782=VERTEX_POINT('',#11573);
#3783=VERTEX_POINT('',#11575);
#3784=VERTEX_POINT('',#11579);
#3785=VERTEX_POINT('',#11581);
#3786=VERTEX_POINT('',#11588);
#3787=VERTEX_POINT('',#11589);
#3788=VERTEX_POINT('',#11591);
#3789=VERTEX_POINT('',#11593);
#3790=VERTEX_POINT('',#11597);
#3791=VERTEX_POINT('',#11599);
#3792=VERTEX_POINT('',#11603);
#3793=VERTEX_POINT('',#11605);
#3794=VERTEX_POINT('',#11612);
#3795=VERTEX_POINT('',#11613);
#3796=VERTEX_POINT('',#11615);
#3797=VERTEX_POINT('',#11617);
#3798=VERTEX_POINT('',#11621);
#3799=VERTEX_POINT('',#11623);
#3800=VERTEX_POINT('',#11627);
#3801=VERTEX_POINT('',#11629);
#3802=VERTEX_POINT('',#11636);
#3803=VERTEX_POINT('',#11637);
#3804=VERTEX_POINT('',#11639);
#3805=VERTEX_POINT('',#11641);
#3806=VERTEX_POINT('',#11645);
#3807=VERTEX_POINT('',#11647);
#3808=VERTEX_POINT('',#11651);
#3809=VERTEX_POINT('',#11653);
#3810=VERTEX_POINT('',#11660);
#3811=VERTEX_POINT('',#11661);
#3812=VERTEX_POINT('',#11663);
#3813=VERTEX_POINT('',#11665);
#3814=VERTEX_POINT('',#11669);
#3815=VERTEX_POINT('',#11671);
#3816=VERTEX_POINT('',#11675);
#3817=VERTEX_POINT('',#11677);
#3818=VERTEX_POINT('',#11684);
#3819=VERTEX_POINT('',#11685);
#3820=VERTEX_POINT('',#11687);
#3821=VERTEX_POINT('',#11689);
#3822=VERTEX_POINT('',#11693);
#3823=VERTEX_POINT('',#11695);
#3824=VERTEX_POINT('',#11699);
#3825=VERTEX_POINT('',#11701);
#3826=VERTEX_POINT('',#11708);
#3827=VERTEX_POINT('',#11709);
#3828=VERTEX_POINT('',#11711);
#3829=VERTEX_POINT('',#11713);
#3830=VERTEX_POINT('',#11717);
#3831=VERTEX_POINT('',#11719);
#3832=VERTEX_POINT('',#11723);
#3833=VERTEX_POINT('',#11725);
#3834=VERTEX_POINT('',#11732);
#3835=VERTEX_POINT('',#11733);
#3836=VERTEX_POINT('',#11735);
#3837=VERTEX_POINT('',#11737);
#3838=VERTEX_POINT('',#11741);
#3839=VERTEX_POINT('',#11743);
#3840=VERTEX_POINT('',#11747);
#3841=VERTEX_POINT('',#11749);
#3842=VERTEX_POINT('',#11756);
#3843=VERTEX_POINT('',#11757);
#3844=VERTEX_POINT('',#11759);
#3845=VERTEX_POINT('',#11761);
#3846=VERTEX_POINT('',#11765);
#3847=VERTEX_POINT('',#11767);
#3848=VERTEX_POINT('',#11771);
#3849=VERTEX_POINT('',#11773);
#3850=VERTEX_POINT('',#11780);
#3851=VERTEX_POINT('',#11781);
#3852=VERTEX_POINT('',#11783);
#3853=VERTEX_POINT('',#11785);
#3854=VERTEX_POINT('',#11789);
#3855=VERTEX_POINT('',#11791);
#3856=VERTEX_POINT('',#11795);
#3857=VERTEX_POINT('',#11797);
#3858=VERTEX_POINT('',#11804);
#3859=VERTEX_POINT('',#11805);
#3860=VERTEX_POINT('',#11807);
#3861=VERTEX_POINT('',#11809);
#3862=VERTEX_POINT('',#11813);
#3863=VERTEX_POINT('',#11815);
#3864=VERTEX_POINT('',#11819);
#3865=VERTEX_POINT('',#11821);
#3866=VERTEX_POINT('',#11828);
#3867=VERTEX_POINT('',#11829);
#3868=VERTEX_POINT('',#11831);
#3869=VERTEX_POINT('',#11833);
#3870=VERTEX_POINT('',#11837);
#3871=VERTEX_POINT('',#11839);
#3872=VERTEX_POINT('',#11843);
#3873=VERTEX_POINT('',#11845);
#3874=VERTEX_POINT('',#11852);
#3875=VERTEX_POINT('',#11853);
#3876=VERTEX_POINT('',#11855);
#3877=VERTEX_POINT('',#11857);
#3878=VERTEX_POINT('',#11861);
#3879=VERTEX_POINT('',#11863);
#3880=VERTEX_POINT('',#11867);
#3881=VERTEX_POINT('',#11869);
#3882=VERTEX_POINT('',#11876);
#3883=VERTEX_POINT('',#11877);
#3884=VERTEX_POINT('',#11879);
#3885=VERTEX_POINT('',#11881);
#3886=VERTEX_POINT('',#11885);
#3887=VERTEX_POINT('',#11887);
#3888=VERTEX_POINT('',#11891);
#3889=VERTEX_POINT('',#11893);
#3890=VERTEX_POINT('',#11900);
#3891=VERTEX_POINT('',#11901);
#3892=VERTEX_POINT('',#11903);
#3893=VERTEX_POINT('',#11905);
#3894=VERTEX_POINT('',#11909);
#3895=VERTEX_POINT('',#11911);
#3896=VERTEX_POINT('',#11915);
#3897=VERTEX_POINT('',#11917);
#3898=VERTEX_POINT('',#11924);
#3899=VERTEX_POINT('',#11925);
#3900=VERTEX_POINT('',#11927);
#3901=VERTEX_POINT('',#11929);
#3902=VERTEX_POINT('',#11933);
#3903=VERTEX_POINT('',#11935);
#3904=VERTEX_POINT('',#11939);
#3905=VERTEX_POINT('',#11941);
#3906=VERTEX_POINT('',#11948);
#3907=VERTEX_POINT('',#11949);
#3908=VERTEX_POINT('',#11951);
#3909=VERTEX_POINT('',#11953);
#3910=VERTEX_POINT('',#11957);
#3911=VERTEX_POINT('',#11959);
#3912=VERTEX_POINT('',#11963);
#3913=VERTEX_POINT('',#11965);
#3914=VERTEX_POINT('',#11972);
#3915=VERTEX_POINT('',#11973);
#3916=VERTEX_POINT('',#11975);
#3917=VERTEX_POINT('',#11977);
#3918=VERTEX_POINT('',#11981);
#3919=VERTEX_POINT('',#11983);
#3920=VERTEX_POINT('',#11987);
#3921=VERTEX_POINT('',#11989);
#3922=VERTEX_POINT('',#11996);
#3923=VERTEX_POINT('',#11997);
#3924=VERTEX_POINT('',#11999);
#3925=VERTEX_POINT('',#12001);
#3926=VERTEX_POINT('',#12005);
#3927=VERTEX_POINT('',#12007);
#3928=VERTEX_POINT('',#12011);
#3929=VERTEX_POINT('',#12013);
#3930=VERTEX_POINT('',#12020);
#3931=VERTEX_POINT('',#12021);
#3932=VERTEX_POINT('',#12023);
#3933=VERTEX_POINT('',#12025);
#3934=VERTEX_POINT('',#12029);
#3935=VERTEX_POINT('',#12031);
#3936=VERTEX_POINT('',#12035);
#3937=VERTEX_POINT('',#12037);
#3938=VERTEX_POINT('',#12044);
#3939=VERTEX_POINT('',#12045);
#3940=VERTEX_POINT('',#12047);
#3941=VERTEX_POINT('',#12049);
#3942=VERTEX_POINT('',#12053);
#3943=VERTEX_POINT('',#12055);
#3944=VERTEX_POINT('',#12059);
#3945=VERTEX_POINT('',#12061);
#3946=VERTEX_POINT('',#12068);
#3947=VERTEX_POINT('',#12069);
#3948=VERTEX_POINT('',#12071);
#3949=VERTEX_POINT('',#12073);
#3950=VERTEX_POINT('',#12077);
#3951=VERTEX_POINT('',#12079);
#3952=VERTEX_POINT('',#12083);
#3953=VERTEX_POINT('',#12085);
#3954=VERTEX_POINT('',#12092);
#3955=VERTEX_POINT('',#12093);
#3956=VERTEX_POINT('',#12095);
#3957=VERTEX_POINT('',#12097);
#3958=VERTEX_POINT('',#12101);
#3959=VERTEX_POINT('',#12103);
#3960=VERTEX_POINT('',#12107);
#3961=VERTEX_POINT('',#12109);
#3962=VERTEX_POINT('',#12116);
#3963=VERTEX_POINT('',#12117);
#3964=VERTEX_POINT('',#12119);
#3965=VERTEX_POINT('',#12121);
#3966=VERTEX_POINT('',#12125);
#3967=VERTEX_POINT('',#12127);
#3968=VERTEX_POINT('',#12131);
#3969=VERTEX_POINT('',#12133);
#3970=VERTEX_POINT('',#12140);
#3971=VERTEX_POINT('',#12141);
#3972=VERTEX_POINT('',#12143);
#3973=VERTEX_POINT('',#12145);
#3974=VERTEX_POINT('',#12149);
#3975=VERTEX_POINT('',#12151);
#3976=VERTEX_POINT('',#12155);
#3977=VERTEX_POINT('',#12157);
#3978=VERTEX_POINT('',#12164);
#3979=VERTEX_POINT('',#12165);
#3980=VERTEX_POINT('',#12167);
#3981=VERTEX_POINT('',#12169);
#3982=VERTEX_POINT('',#12173);
#3983=VERTEX_POINT('',#12175);
#3984=VERTEX_POINT('',#12179);
#3985=VERTEX_POINT('',#12181);
#3986=VERTEX_POINT('',#12188);
#3987=VERTEX_POINT('',#12189);
#3988=VERTEX_POINT('',#12191);
#3989=VERTEX_POINT('',#12193);
#3990=VERTEX_POINT('',#12197);
#3991=VERTEX_POINT('',#12199);
#3992=VERTEX_POINT('',#12203);
#3993=VERTEX_POINT('',#12205);
#3994=VERTEX_POINT('',#12212);
#3995=VERTEX_POINT('',#12213);
#3996=VERTEX_POINT('',#12215);
#3997=VERTEX_POINT('',#12217);
#3998=VERTEX_POINT('',#12221);
#3999=VERTEX_POINT('',#12223);
#4000=VERTEX_POINT('',#12227);
#4001=VERTEX_POINT('',#12229);
#4002=VERTEX_POINT('',#12236);
#4003=VERTEX_POINT('',#12237);
#4004=VERTEX_POINT('',#12239);
#4005=VERTEX_POINT('',#12241);
#4006=VERTEX_POINT('',#12245);
#4007=VERTEX_POINT('',#12247);
#4008=VERTEX_POINT('',#12251);
#4009=VERTEX_POINT('',#12253);
#4010=VERTEX_POINT('',#12260);
#4011=VERTEX_POINT('',#12261);
#4012=VERTEX_POINT('',#12263);
#4013=VERTEX_POINT('',#12265);
#4014=VERTEX_POINT('',#12269);
#4015=VERTEX_POINT('',#12271);
#4016=VERTEX_POINT('',#12275);
#4017=VERTEX_POINT('',#12277);
#4018=VERTEX_POINT('',#12284);
#4019=VERTEX_POINT('',#12285);
#4020=VERTEX_POINT('',#12287);
#4021=VERTEX_POINT('',#12289);
#4022=VERTEX_POINT('',#12293);
#4023=VERTEX_POINT('',#12295);
#4024=VERTEX_POINT('',#12299);
#4025=VERTEX_POINT('',#12301);
#4026=VERTEX_POINT('',#12308);
#4027=VERTEX_POINT('',#12309);
#4028=VERTEX_POINT('',#12311);
#4029=VERTEX_POINT('',#12313);
#4030=VERTEX_POINT('',#12317);
#4031=VERTEX_POINT('',#12319);
#4032=VERTEX_POINT('',#12323);
#4033=VERTEX_POINT('',#12325);
#4034=VERTEX_POINT('',#12332);
#4035=VERTEX_POINT('',#12333);
#4036=VERTEX_POINT('',#12335);
#4037=VERTEX_POINT('',#12337);
#4038=VERTEX_POINT('',#12341);
#4039=VERTEX_POINT('',#12343);
#4040=VERTEX_POINT('',#12347);
#4041=VERTEX_POINT('',#12349);
#4042=VERTEX_POINT('',#12356);
#4043=VERTEX_POINT('',#12357);
#4044=VERTEX_POINT('',#12359);
#4045=VERTEX_POINT('',#12361);
#4046=VERTEX_POINT('',#12365);
#4047=VERTEX_POINT('',#12367);
#4048=VERTEX_POINT('',#12371);
#4049=VERTEX_POINT('',#12373);
#4050=VERTEX_POINT('',#12380);
#4051=VERTEX_POINT('',#12381);
#4052=VERTEX_POINT('',#12383);
#4053=VERTEX_POINT('',#12385);
#4054=VERTEX_POINT('',#12389);
#4055=VERTEX_POINT('',#12391);
#4056=VERTEX_POINT('',#12395);
#4057=VERTEX_POINT('',#12397);
#4058=VERTEX_POINT('',#12404);
#4059=VERTEX_POINT('',#12405);
#4060=VERTEX_POINT('',#12407);
#4061=VERTEX_POINT('',#12409);
#4062=VERTEX_POINT('',#12413);
#4063=VERTEX_POINT('',#12415);
#4064=VERTEX_POINT('',#12419);
#4065=VERTEX_POINT('',#12421);
#4066=VERTEX_POINT('',#12428);
#4067=VERTEX_POINT('',#12429);
#4068=VERTEX_POINT('',#12431);
#4069=VERTEX_POINT('',#12433);
#4070=VERTEX_POINT('',#12437);
#4071=VERTEX_POINT('',#12439);
#4072=VERTEX_POINT('',#12443);
#4073=VERTEX_POINT('',#12445);
#4074=VERTEX_POINT('',#12463);
#4075=VERTEX_POINT('',#12464);
#4076=VERTEX_POINT('',#12470);
#4077=VERTEX_POINT('',#12472);
#4078=VERTEX_POINT('',#12491);
#4079=VERTEX_POINT('',#12498);
#4080=VERTEX_POINT('',#12518);
#4081=VERTEX_POINT('',#12525);
#4082=VERTEX_POINT('',#12554);
#4083=VERTEX_POINT('',#12555);
#4084=VERTEX_POINT('',#12561);
#4085=VERTEX_POINT('',#12568);
#4086=VERTEX_POINT('',#12591);
#4087=VERTEX_POINT('',#12592);
#4088=VERTEX_POINT('',#12612);
#4089=VERTEX_POINT('',#12632);
#4090=VERTEX_POINT('',#12659);
#4091=VERTEX_POINT('',#12660);
#4092=VERTEX_POINT('',#12662);
#4093=VERTEX_POINT('',#12667);
#4094=VERTEX_POINT('',#12672);
#4095=VERTEX_POINT('',#12674);
#4096=VERTEX_POINT('',#12684);
#4097=VERTEX_POINT('',#12685);
#4098=VERTEX_POINT('',#12697);
#4099=VERTEX_POINT('',#12711);
#4100=VERTEX_POINT('',#12718);
#4101=VERTEX_POINT('',#12729);
#4102=VERTEX_POINT('',#12748);
#4103=VERTEX_POINT('',#12749);
#4104=VERTEX_POINT('',#12751);
#4105=VERTEX_POINT('',#12753);
#4106=VERTEX_POINT('',#12757);
#4107=VERTEX_POINT('',#12759);
#4108=VERTEX_POINT('',#12766);
#4109=VERTEX_POINT('',#12767);
#4110=VERTEX_POINT('',#12769);
#4111=VERTEX_POINT('',#12776);
#4112=VERTEX_POINT('',#12781);
#4113=VERTEX_POINT('',#12785);
#4114=VERTEX_POINT('',#12787);
#4115=VERTEX_POINT('',#12794);
#4116=VERTEX_POINT('',#12801);
#4117=VERTEX_POINT('',#12803);
#4118=VERTEX_POINT('',#12808);
#4119=VERTEX_POINT('',#12813);
#4120=VERTEX_POINT('',#12818);
#4121=VERTEX_POINT('',#12822);
#4122=VERTEX_POINT('',#12823);
#4123=VERTEX_POINT('',#12839);
#4124=VERTEX_POINT('',#12855);
#4125=VERTEX_POINT('',#12867);
#4126=VERTEX_POINT('',#12873);
#4127=VERTEX_POINT('',#12888);
#4128=VERTEX_POINT('',#12908);
#4129=VERTEX_POINT('',#12917);
#4130=VERTEX_POINT('',#12928);
#4131=VERTEX_POINT('',#12942);
#4132=VERTEX_POINT('',#12956);
#4133=VERTEX_POINT('',#12963);
#4134=VERTEX_POINT('',#12969);
#4135=VERTEX_POINT('',#12970);
#4136=VERTEX_POINT('',#12972);
#4137=VERTEX_POINT('',#12977);
#4138=VERTEX_POINT('',#12982);
#4139=VERTEX_POINT('',#12984);
#4140=VERTEX_POINT('',#12989);
#4141=VERTEX_POINT('',#12994);
#4142=VERTEX_POINT('',#12996);
#4143=VERTEX_POINT('',#12998);
#4144=VERTEX_POINT('',#13000);
#4145=VERTEX_POINT('',#13005);
#4146=VERTEX_POINT('',#13010);
#4147=VERTEX_POINT('',#13012);
#4148=VERTEX_POINT('',#13017);
#4149=VERTEX_POINT('',#13022);
#4150=VERTEX_POINT('',#13026);
#4151=VERTEX_POINT('',#13027);
#4152=VERTEX_POINT('',#13039);
#4153=VERTEX_POINT('',#13053);
#4154=VERTEX_POINT('',#13060);
#4155=VERTEX_POINT('',#13071);
#4156=VERTEX_POINT('',#13085);
#4157=VERTEX_POINT('',#13092);
#4158=VERTEX_POINT('',#13096);
#4159=VERTEX_POINT('',#13100);
#4160=VERTEX_POINT('',#13111);
#4161=VERTEX_POINT('',#13125);
#4162=VERTEX_POINT('',#13132);
#4163=VERTEX_POINT('',#13143);
#4164=VERTEX_POINT('',#13157);
#4165=VERTEX_POINT('',#13164);
#4166=VERTEX_POINT('',#13170);
#4167=VERTEX_POINT('',#13171);
#4168=VERTEX_POINT('',#13173);
#4169=VERTEX_POINT('',#13178);
#4170=VERTEX_POINT('',#13183);
#4171=VERTEX_POINT('',#13185);
#4172=VERTEX_POINT('',#13190);
#4173=VERTEX_POINT('',#13192);
#4174=VERTEX_POINT('',#13197);
#4175=VERTEX_POINT('',#13204);
#4176=VERTEX_POINT('',#13205);
#4177=VERTEX_POINT('',#13217);
#4178=VERTEX_POINT('',#13231);
#4179=VERTEX_POINT('',#13238);
#4180=VERTEX_POINT('',#13249);
#4181=VERTEX_POINT('',#13256);
#4182=VERTEX_POINT('',#13267);
#4183=VERTEX_POINT('',#13281);
#4184=VERTEX_POINT('',#13290);
#4185=VERTEX_POINT('',#13291);
#4186=VERTEX_POINT('',#13293);
#4187=VERTEX_POINT('',#13295);
#4188=VERTEX_POINT('',#13297);
#4189=VERTEX_POINT('',#13299);
#4190=VERTEX_POINT('',#13301);
#4191=VERTEX_POINT('',#13303);
#4192=VERTEX_POINT('',#13308);
#4193=VERTEX_POINT('',#13310);
#4194=VERTEX_POINT('',#13314);
#4195=VERTEX_POINT('',#13316);
#4196=VERTEX_POINT('',#13320);
#4197=VERTEX_POINT('',#13324);
#4198=VERTEX_POINT('',#13328);
#4199=VERTEX_POINT('',#13332);
#4200=VERTEX_POINT('',#13336);
#4201=VERTEX_POINT('',#13340);
#4202=VERTEX_POINT('',#13346);
#4203=VERTEX_POINT('',#13348);
#4204=VERTEX_POINT('',#13352);
#4205=VERTEX_POINT('',#13356);
#4206=VERTEX_POINT('',#13360);
#4207=VERTEX_POINT('',#13365);
#4208=VERTEX_POINT('',#13366);
#4209=VERTEX_POINT('',#13368);
#4210=VERTEX_POINT('',#13370);
#4211=VERTEX_POINT('',#13374);
#4212=VERTEX_POINT('',#13376);
#4213=VERTEX_POINT('',#13378);
#4214=VERTEX_POINT('',#13380);
#4215=VERTEX_POINT('',#13382);
#4216=VERTEX_POINT('',#13384);
#4217=VERTEX_POINT('',#13387);
#4218=VERTEX_POINT('',#13389);
#4219=VERTEX_POINT('',#13391);
#4220=VERTEX_POINT('',#13395);
#4221=VERTEX_POINT('',#13401);
#4222=VERTEX_POINT('',#13405);
#4223=VERTEX_POINT('',#13407);
#4224=VERTEX_POINT('',#13411);
#4225=VERTEX_POINT('',#13420);
#4226=VERTEX_POINT('',#13429);
#4227=VERTEX_POINT('',#13430);
#4228=VERTEX_POINT('',#13432);
#4229=VERTEX_POINT('',#13434);
#4230=VERTEX_POINT('',#13438);
#4231=VERTEX_POINT('',#13440);
#4232=VERTEX_POINT('',#13444);
#4233=VERTEX_POINT('',#13446);
#4234=VERTEX_POINT('',#13455);
#4235=VERTEX_POINT('',#13456);
#4236=VERTEX_POINT('',#13458);
#4237=VERTEX_POINT('',#13460);
#4238=VERTEX_POINT('',#13464);
#4239=VERTEX_POINT('',#13466);
#4240=VERTEX_POINT('',#13470);
#4241=VERTEX_POINT('',#13472);
#4242=VERTEX_POINT('',#13476);
#4243=VERTEX_POINT('',#13478);
#4244=VERTEX_POINT('',#13482);
#4245=VERTEX_POINT('',#13484);
#4246=VERTEX_POINT('',#13488);
#4247=VERTEX_POINT('',#13490);
#4248=VERTEX_POINT('',#13494);
#4249=VERTEX_POINT('',#13496);
#4250=VERTEX_POINT('',#13505);
#4251=VERTEX_POINT('',#13506);
#4252=VERTEX_POINT('',#13508);
#4253=VERTEX_POINT('',#13510);
#4254=VERTEX_POINT('',#13514);
#4255=VERTEX_POINT('',#13515);
#4256=VERTEX_POINT('',#13517);
#4257=VERTEX_POINT('',#13519);
#4258=VERTEX_POINT('',#13526);
#4259=VERTEX_POINT('',#13528);
#4260=VERTEX_POINT('',#13532);
#4261=VERTEX_POINT('',#13534);
#4262=VERTEX_POINT('',#13538);
#4263=VERTEX_POINT('',#13540);
#4264=VERTEX_POINT('',#13544);
#4265=VERTEX_POINT('',#13548);
#4266=VERTEX_POINT('',#13556);
#4267=VERTEX_POINT('',#13558);
#4268=VERTEX_POINT('',#13562);
#4269=VERTEX_POINT('',#13565);
#4270=VERTEX_POINT('',#13567);
#4271=VERTEX_POINT('',#13571);
#4272=VERTEX_POINT('',#13574);
#4273=VERTEX_POINT('',#13575);
#4274=VERTEX_POINT('',#13577);
#4275=VERTEX_POINT('',#13579);
#4276=VERTEX_POINT('',#13581);
#4277=VERTEX_POINT('',#13583);
#4278=VERTEX_POINT('',#13589);
#4279=VERTEX_POINT('',#13591);
#4280=VERTEX_POINT('',#13595);
#4281=VERTEX_POINT('',#13599);
#4282=VERTEX_POINT('',#13603);
#4283=VERTEX_POINT('',#13607);
#4284=VERTEX_POINT('',#13615);
#4285=VERTEX_POINT('',#13617);
#4286=VERTEX_POINT('',#13619);
#4287=VERTEX_POINT('',#13624);
#4288=VERTEX_POINT('',#13628);
#4289=VERTEX_POINT('',#13629);
#4290=VERTEX_POINT('',#13631);
#4291=VERTEX_POINT('',#13633);
#4292=VERTEX_POINT('',#13637);
#4293=VERTEX_POINT('',#13639);
#4294=VERTEX_POINT('',#13643);
#4295=VERTEX_POINT('',#13645);
#4296=VERTEX_POINT('',#13649);
#4297=VERTEX_POINT('',#13651);
#4298=VERTEX_POINT('',#13655);
#4299=VERTEX_POINT('',#13657);
#4300=VERTEX_POINT('',#13661);
#4301=VERTEX_POINT('',#13663);
#4302=VERTEX_POINT('',#13667);
#4303=VERTEX_POINT('',#13669);
#4304=VERTEX_POINT('',#13673);
#4305=VERTEX_POINT('',#13675);
#4306=VERTEX_POINT('',#13679);
#4307=VERTEX_POINT('',#13681);
#4308=VERTEX_POINT('',#13685);
#4309=VERTEX_POINT('',#13687);
#4310=VERTEX_POINT('',#13691);
#4311=VERTEX_POINT('',#13693);
#4312=VERTEX_POINT('',#13701);
#4313=VERTEX_POINT('',#13730);
#4314=VERTEX_POINT('',#13731);
#4315=VERTEX_POINT('',#13736);
#4316=EDGE_CURVE('',#3578,#3579,#3405,.T.);
#4317=EDGE_CURVE('',#3579,#3580,#1669,.T.);
#4318=EDGE_CURVE('',#3580,#3581,#3406,.F.);
#4319=EDGE_CURVE('',#3581,#3578,#1670,.T.);
#4320=EDGE_CURVE('',#3582,#3579,#1671,.T.);
#4321=EDGE_CURVE('',#3583,#3582,#1672,.T.);
#4322=EDGE_CURVE('',#3580,#3583,#1673,.T.);
#4323=EDGE_CURVE('',#3578,#3584,#1674,.T.);
#4324=EDGE_CURVE('',#3585,#3584,#3407,.T.);
#4325=EDGE_CURVE('',#3585,#3586,#1675,.T.);
#4326=EDGE_CURVE('',#3587,#3586,#3408,.T.);
#4327=EDGE_CURVE('',#3587,#3588,#1676,.T.);
#4328=EDGE_CURVE('',#3582,#3588,#3409,.T.);
#4329=EDGE_CURVE('',#3584,#3589,#1677,.T.);
#4330=EDGE_CURVE('',#3589,#3590,#3410,.F.);
#4331=EDGE_CURVE('',#3590,#3585,#1678,.T.);
#4332=EDGE_CURVE('',#3591,#3590,#1679,.T.);
#4333=EDGE_CURVE('',#3586,#3591,#1680,.T.);
#4334=EDGE_CURVE('',#3588,#3592,#1681,.T.);
#4335=EDGE_CURVE('',#3592,#3583,#3411,.F.);
#4336=EDGE_CURVE('',#3591,#3593,#3412,.F.);
#4337=EDGE_CURVE('',#3593,#3587,#1682,.T.);
#4338=EDGE_CURVE('',#3592,#3593,#1683,.T.);
#4339=EDGE_CURVE('',#3589,#3581,#1684,.T.);
#4340=EDGE_CURVE('',#3594,#3594,#3413,.T.);
#4341=EDGE_CURVE('',#3594,#3595,#1685,.T.);
#4342=EDGE_CURVE('',#3595,#3595,#3414,.T.);
#4343=EDGE_CURVE('',#3596,#3596,#3415,.T.);
#4344=EDGE_CURVE('',#3596,#3597,#1686,.T.);
#4345=EDGE_CURVE('',#3597,#3597,#3416,.T.);
#4346=EDGE_CURVE('',#3598,#3598,#3417,.T.);
#4347=EDGE_CURVE('',#3598,#3599,#1687,.T.);
#4348=EDGE_CURVE('',#3599,#3599,#3418,.T.);
#4349=EDGE_CURVE('',#3600,#3600,#3419,.T.);
#4350=EDGE_CURVE('',#3600,#3601,#1688,.T.);
#4351=EDGE_CURVE('',#3601,#3601,#3420,.T.);
#4352=EDGE_CURVE('',#3602,#3602,#3421,.T.);
#4353=EDGE_CURVE('',#3602,#3603,#1689,.T.);
#4354=EDGE_CURVE('',#3603,#3603,#3422,.T.);
#4355=EDGE_CURVE('',#3604,#3604,#3423,.T.);
#4356=EDGE_CURVE('',#3604,#3605,#1690,.T.);
#4357=EDGE_CURVE('',#3605,#3605,#3424,.T.);
#4358=EDGE_CURVE('',#3606,#3606,#3425,.T.);
#4359=EDGE_CURVE('',#3606,#3607,#1691,.T.);
#4360=EDGE_CURVE('',#3607,#3607,#3426,.T.);
#4361=EDGE_CURVE('',#3608,#3608,#3427,.T.);
#4362=EDGE_CURVE('',#3608,#3609,#1692,.T.);
#4363=EDGE_CURVE('',#3609,#3609,#3428,.T.);
#4364=EDGE_CURVE('',#3610,#3610,#3429,.T.);
#4365=EDGE_CURVE('',#3610,#3611,#1693,.T.);
#4366=EDGE_CURVE('',#3611,#3611,#3430,.T.);
#4367=EDGE_CURVE('',#3612,#3612,#3431,.T.);
#4368=EDGE_CURVE('',#3612,#3613,#1694,.T.);
#4369=EDGE_CURVE('',#3613,#3613,#3432,.T.);
#4370=EDGE_CURVE('',#3614,#3614,#3433,.T.);
#4371=EDGE_CURVE('',#3614,#3615,#1695,.T.);
#4372=EDGE_CURVE('',#3615,#3615,#3434,.T.);
#4373=EDGE_CURVE('',#3616,#3616,#3435,.T.);
#4374=EDGE_CURVE('',#3616,#3617,#1696,.T.);
#4375=EDGE_CURVE('',#3617,#3617,#3436,.T.);
#4376=EDGE_CURVE('',#3618,#3618,#3437,.T.);
#4377=EDGE_CURVE('',#3618,#3619,#1697,.T.);
#4378=EDGE_CURVE('',#3619,#3619,#3438,.T.);
#4379=EDGE_CURVE('',#3620,#3620,#3439,.T.);
#4380=EDGE_CURVE('',#3620,#3621,#1698,.T.);
#4381=EDGE_CURVE('',#3621,#3621,#3440,.T.);
#4382=EDGE_CURVE('',#3622,#3622,#3441,.T.);
#4383=EDGE_CURVE('',#3622,#3623,#1699,.T.);
#4384=EDGE_CURVE('',#3623,#3623,#3442,.T.);
#4385=EDGE_CURVE('',#3624,#3624,#3443,.T.);
#4386=EDGE_CURVE('',#3624,#3625,#1700,.T.);
#4387=EDGE_CURVE('',#3625,#3625,#3444,.T.);
#4388=EDGE_CURVE('',#3626,#3626,#3445,.T.);
#4389=EDGE_CURVE('',#3626,#3627,#1701,.T.);
#4390=EDGE_CURVE('',#3627,#3627,#3446,.T.);
#4391=EDGE_CURVE('',#3628,#3628,#3447,.T.);
#4392=EDGE_CURVE('',#3628,#3629,#1702,.T.);
#4393=EDGE_CURVE('',#3629,#3629,#3448,.T.);
#4394=EDGE_CURVE('',#3630,#3630,#3449,.T.);
#4395=EDGE_CURVE('',#3630,#3631,#1703,.T.);
#4396=EDGE_CURVE('',#3631,#3631,#3450,.T.);
#4397=EDGE_CURVE('',#3632,#3632,#3451,.T.);
#4398=EDGE_CURVE('',#3632,#3633,#1704,.T.);
#4399=EDGE_CURVE('',#3633,#3633,#3452,.T.);
#4400=EDGE_CURVE('',#3634,#3634,#3453,.T.);
#4401=EDGE_CURVE('',#3634,#3635,#1705,.T.);
#4402=EDGE_CURVE('',#3635,#3635,#3454,.T.);
#4403=EDGE_CURVE('',#3636,#3636,#3455,.T.);
#4404=EDGE_CURVE('',#3636,#3637,#1706,.T.);
#4405=EDGE_CURVE('',#3637,#3637,#3456,.T.);
#4406=EDGE_CURVE('',#3638,#3638,#3457,.T.);
#4407=EDGE_CURVE('',#3638,#3639,#1707,.T.);
#4408=EDGE_CURVE('',#3639,#3639,#3458,.T.);
#4409=EDGE_CURVE('',#3640,#3640,#3459,.T.);
#4410=EDGE_CURVE('',#3640,#3641,#1708,.T.);
#4411=EDGE_CURVE('',#3641,#3641,#3460,.T.);
#4412=EDGE_CURVE('',#3642,#3642,#3461,.T.);
#4413=EDGE_CURVE('',#3642,#3643,#1709,.T.);
#4414=EDGE_CURVE('',#3643,#3643,#3462,.T.);
#4415=EDGE_CURVE('',#3644,#3644,#3463,.T.);
#4416=EDGE_CURVE('',#3644,#3645,#1710,.T.);
#4417=EDGE_CURVE('',#3645,#3645,#3464,.T.);
#4418=EDGE_CURVE('',#3646,#3646,#3465,.T.);
#4419=EDGE_CURVE('',#3646,#3647,#1711,.T.);
#4420=EDGE_CURVE('',#3647,#3647,#3466,.T.);
#4421=EDGE_CURVE('',#3648,#3648,#3467,.T.);
#4422=EDGE_CURVE('',#3648,#3649,#1712,.T.);
#4423=EDGE_CURVE('',#3649,#3649,#3468,.T.);
#4424=EDGE_CURVE('',#3650,#3650,#3469,.T.);
#4425=EDGE_CURVE('',#3650,#3651,#1713,.T.);
#4426=EDGE_CURVE('',#3651,#3651,#3470,.T.);
#4427=EDGE_CURVE('',#3652,#3652,#3471,.T.);
#4428=EDGE_CURVE('',#3652,#3653,#1714,.T.);
#4429=EDGE_CURVE('',#3653,#3653,#3472,.T.);
#4430=EDGE_CURVE('',#3654,#3654,#3473,.T.);
#4431=EDGE_CURVE('',#3654,#3655,#1715,.T.);
#4432=EDGE_CURVE('',#3655,#3655,#3474,.T.);
#4433=EDGE_CURVE('',#3656,#3656,#3475,.T.);
#4434=EDGE_CURVE('',#3656,#3657,#1716,.T.);
#4435=EDGE_CURVE('',#3657,#3657,#3476,.T.);
#4436=EDGE_CURVE('',#3658,#3658,#3477,.T.);
#4437=EDGE_CURVE('',#3658,#3659,#1717,.T.);
#4438=EDGE_CURVE('',#3659,#3659,#3478,.T.);
#4439=EDGE_CURVE('',#3660,#3660,#3479,.T.);
#4440=EDGE_CURVE('',#3660,#3661,#1718,.T.);
#4441=EDGE_CURVE('',#3661,#3661,#3480,.T.);
#4442=EDGE_CURVE('',#3662,#3662,#3481,.T.);
#4443=EDGE_CURVE('',#3662,#3663,#1719,.T.);
#4444=EDGE_CURVE('',#3663,#3663,#3482,.T.);
#4445=EDGE_CURVE('',#3664,#3664,#3483,.T.);
#4446=EDGE_CURVE('',#3664,#3665,#1720,.T.);
#4447=EDGE_CURVE('',#3665,#3665,#3484,.T.);
#4448=EDGE_CURVE('',#3666,#3666,#3485,.T.);
#4449=EDGE_CURVE('',#3666,#3667,#1721,.T.);
#4450=EDGE_CURVE('',#3667,#3667,#3486,.T.);
#4451=EDGE_CURVE('',#3668,#3668,#3487,.T.);
#4452=EDGE_CURVE('',#3668,#3669,#1722,.T.);
#4453=EDGE_CURVE('',#3669,#3669,#3488,.T.);
#4454=EDGE_CURVE('',#3670,#3670,#3489,.T.);
#4455=EDGE_CURVE('',#3670,#3671,#1723,.T.);
#4456=EDGE_CURVE('',#3671,#3671,#3490,.T.);
#4457=EDGE_CURVE('',#3672,#3672,#3491,.T.);
#4458=EDGE_CURVE('',#3672,#3673,#1724,.T.);
#4459=EDGE_CURVE('',#3673,#3673,#3492,.T.);
#4460=EDGE_CURVE('',#3674,#3674,#3493,.T.);
#4461=EDGE_CURVE('',#3675,#3675,#3494,.T.);
#4462=EDGE_CURVE('',#3676,#3676,#3495,.T.);
#4463=EDGE_CURVE('',#3677,#3677,#3496,.T.);
#4464=EDGE_CURVE('',#3678,#3678,#3497,.T.);
#4465=EDGE_CURVE('',#3679,#3679,#3498,.T.);
#4466=EDGE_CURVE('',#3680,#3680,#3499,.T.);
#4467=EDGE_CURVE('',#3681,#3681,#3500,.T.);
#4468=EDGE_CURVE('',#3682,#3682,#3501,.T.);
#4469=EDGE_CURVE('',#3683,#3683,#3502,.T.);
#4470=EDGE_CURVE('',#3684,#3684,#3503,.T.);
#4471=EDGE_CURVE('',#3685,#3685,#3504,.T.);
#4472=EDGE_CURVE('',#3686,#3686,#3505,.T.);
#4473=EDGE_CURVE('',#3687,#3687,#3506,.T.);
#4474=EDGE_CURVE('',#3688,#3688,#3507,.T.);
#4475=EDGE_CURVE('',#3689,#3689,#3508,.T.);
#4476=EDGE_CURVE('',#3690,#3691,#3509,.T.);
#4477=EDGE_CURVE('',#3691,#3692,#1725,.T.);
#4478=EDGE_CURVE('',#3692,#3693,#3510,.T.);
#4479=EDGE_CURVE('',#3693,#3690,#1726,.T.);
#4480=EDGE_CURVE('',#3691,#3694,#1727,.T.);
#4481=EDGE_CURVE('',#3695,#3694,#1728,.T.);
#4482=EDGE_CURVE('',#3692,#3695,#1729,.T.);
#4483=EDGE_CURVE('',#3696,#3697,#3511,.T.);
#4484=EDGE_CURVE('',#3697,#3698,#1730,.T.);
#4485=EDGE_CURVE('',#3698,#3699,#3512,.T.);
#4486=EDGE_CURVE('',#3699,#3696,#1731,.T.);
#4487=EDGE_CURVE('',#3696,#3693,#1732,.T.);
#4488=EDGE_CURVE('',#3699,#3690,#1733,.T.);
#4489=EDGE_CURVE('',#3700,#3698,#1734,.T.);
#4490=EDGE_CURVE('',#3701,#3700,#3513,.T.);
#4491=EDGE_CURVE('',#3702,#3701,#1735,.T.);
#4492=EDGE_CURVE('',#3703,#3702,#3514,.T.);
#4493=EDGE_CURVE('',#3704,#3703,#1736,.T.);
#4494=EDGE_CURVE('',#3705,#3704,#3515,.T.);
#4495=EDGE_CURVE('',#3706,#3705,#1737,.T.);
#4496=EDGE_CURVE('',#3707,#3706,#3516,.T.);
#4497=EDGE_CURVE('',#3708,#3707,#1738,.T.);
#4498=EDGE_CURVE('',#3709,#3708,#3517,.T.);
#4499=EDGE_CURVE('',#3710,#3709,#1739,.T.);
#4500=EDGE_CURVE('',#3711,#3710,#3518,.T.);
#4501=EDGE_CURVE('',#3712,#3711,#1740,.T.);
#4502=EDGE_CURVE('',#3713,#3712,#3519,.T.);
#4503=EDGE_CURVE('',#3714,#3713,#1741,.T.);
#4504=EDGE_CURVE('',#3715,#3714,#3520,.T.);
#4505=EDGE_CURVE('',#3716,#3715,#1742,.T.);
#4506=EDGE_CURVE('',#3717,#3716,#3521,.T.);
#4507=EDGE_CURVE('',#3718,#3717,#1743,.T.);
#4508=EDGE_CURVE('',#3694,#3718,#3522,.T.);
#4509=EDGE_CURVE('',#3719,#3719,#3523,.T.);
#4510=EDGE_CURVE('',#3720,#3720,#3524,.T.);
#4511=EDGE_CURVE('',#3721,#3721,#3525,.T.);
#4512=EDGE_CURVE('',#3722,#3722,#3526,.T.);
#4513=EDGE_CURVE('',#3723,#3724,#3527,.T.);
#4514=EDGE_CURVE('',#3724,#3717,#1744,.T.);
#4515=EDGE_CURVE('',#3716,#3723,#1745,.T.);
#4516=EDGE_CURVE('',#3725,#3724,#1746,.T.);
#4517=EDGE_CURVE('',#3718,#3725,#1747,.T.);
#4518=EDGE_CURVE('',#3725,#3695,#3528,.T.);
#4519=EDGE_CURVE('',#3726,#3727,#3529,.T.);
#4520=EDGE_CURVE('',#3727,#3709,#1748,.T.);
#4521=EDGE_CURVE('',#3708,#3726,#1749,.T.);
#4522=EDGE_CURVE('',#3728,#3707,#1750,.T.);
#4523=EDGE_CURVE('',#3726,#3728,#1751,.T.);
#4524=EDGE_CURVE('',#3706,#3729,#1752,.T.);
#4525=EDGE_CURVE('',#3729,#3728,#3530,.T.);
#4526=EDGE_CURVE('',#3730,#3705,#1753,.T.);
#4527=EDGE_CURVE('',#3729,#3730,#1754,.T.);
#4528=EDGE_CURVE('',#3704,#3731,#1755,.T.);
#4529=EDGE_CURVE('',#3731,#3730,#3531,.T.);
#4530=EDGE_CURVE('',#3732,#3703,#1756,.T.);
#4531=EDGE_CURVE('',#3731,#3732,#1757,.T.);
#4532=EDGE_CURVE('',#3733,#3732,#3532,.T.);
#4533=EDGE_CURVE('',#3702,#3733,#1758,.T.);
#4534=EDGE_CURVE('',#3734,#3701,#1759,.T.);
#4535=EDGE_CURVE('',#3733,#3734,#1760,.T.);
#4536=EDGE_CURVE('',#3735,#3736,#3533,.T.);
#4537=EDGE_CURVE('',#3736,#3713,#1761,.T.);
#4538=EDGE_CURVE('',#3712,#3735,#1762,.T.);
#4539=EDGE_CURVE('',#3737,#3736,#1763,.T.);
#4540=EDGE_CURVE('',#3714,#3737,#1764,.T.);
#4541=EDGE_CURVE('',#3737,#3738,#3534,.T.);
#4542=EDGE_CURVE('',#3738,#3715,#1765,.T.);
#4543=EDGE_CURVE('',#3739,#3740,#3535,.T.);
#4544=EDGE_CURVE('',#3740,#3711,#1766,.T.);
#4545=EDGE_CURVE('',#3710,#3739,#1767,.T.);
#4546=EDGE_CURVE('',#3739,#3727,#1768,.T.);
#4547=EDGE_CURVE('',#3741,#3734,#3536,.T.);
#4548=EDGE_CURVE('',#3700,#3741,#1769,.T.);
#4549=EDGE_CURVE('',#3689,#3687,#1770,.T.);
#4550=EDGE_CURVE('',#3742,#3742,#3537,.T.);
#4551=EDGE_CURVE('',#3742,#3722,#1771,.T.);
#4552=EDGE_CURVE('',#3743,#3743,#3538,.T.);
#4553=EDGE_CURVE('',#3743,#3721,#1772,.T.);
#4554=EDGE_CURVE('',#3744,#3744,#3539,.T.);
#4555=EDGE_CURVE('',#3744,#3720,#1773,.T.);
#4556=EDGE_CURVE('',#3745,#3745,#3540,.T.);
#4557=EDGE_CURVE('',#3745,#3719,#1774,.T.);
#4558=EDGE_CURVE('',#3681,#3679,#1775,.T.);
#4559=EDGE_CURVE('',#3677,#3675,#1776,.T.);
#4560=EDGE_CURVE('',#3685,#3683,#1777,.T.);
#4561=EDGE_CURVE('',#3735,#3740,#1778,.T.);
#4562=EDGE_CURVE('',#3723,#3738,#1779,.T.);
#4563=EDGE_CURVE('',#3741,#3697,#1780,.T.);
#4564=EDGE_CURVE('',#3746,#3747,#1781,.T.);
#4565=EDGE_CURVE('',#3748,#3746,#1782,.T.);
#4566=EDGE_CURVE('',#3749,#3748,#1783,.T.);
#4567=EDGE_CURVE('',#3749,#3747,#1784,.T.);
#4568=EDGE_CURVE('',#3747,#3750,#1785,.T.);
#4569=EDGE_CURVE('',#3751,#3749,#1786,.T.);
#4570=EDGE_CURVE('',#3751,#3750,#1787,.T.);
#4571=EDGE_CURVE('',#3750,#3752,#1788,.T.);
#4572=EDGE_CURVE('',#3753,#3751,#1789,.T.);
#4573=EDGE_CURVE('',#3753,#3752,#1790,.T.);
#4574=EDGE_CURVE('',#3752,#3746,#1791,.T.);
#4575=EDGE_CURVE('',#3748,#3753,#1792,.T.);
#4576=EDGE_CURVE('',#3754,#3755,#1793,.T.);
#4577=EDGE_CURVE('',#3756,#3754,#1794,.T.);
#4578=EDGE_CURVE('',#3757,#3756,#1795,.T.);
#4579=EDGE_CURVE('',#3757,#3755,#1796,.T.);
#4580=EDGE_CURVE('',#3755,#3758,#1797,.T.);
#4581=EDGE_CURVE('',#3759,#3757,#1798,.T.);
#4582=EDGE_CURVE('',#3759,#3758,#1799,.T.);
#4583=EDGE_CURVE('',#3758,#3760,#1800,.T.);
#4584=EDGE_CURVE('',#3761,#3759,#1801,.T.);
#4585=EDGE_CURVE('',#3761,#3760,#1802,.T.);
#4586=EDGE_CURVE('',#3760,#3754,#1803,.T.);
#4587=EDGE_CURVE('',#3756,#3761,#1804,.T.);
#4588=EDGE_CURVE('',#3762,#3763,#1805,.T.);
#4589=EDGE_CURVE('',#3764,#3762,#1806,.T.);
#4590=EDGE_CURVE('',#3765,#3764,#1807,.T.);
#4591=EDGE_CURVE('',#3765,#3763,#1808,.T.);
#4592=EDGE_CURVE('',#3763,#3766,#1809,.T.);
#4593=EDGE_CURVE('',#3767,#3765,#1810,.T.);
#4594=EDGE_CURVE('',#3767,#3766,#1811,.T.);
#4595=EDGE_CURVE('',#3766,#3768,#1812,.T.);
#4596=EDGE_CURVE('',#3769,#3767,#1813,.T.);
#4597=EDGE_CURVE('',#3769,#3768,#1814,.T.);
#4598=EDGE_CURVE('',#3768,#3762,#1815,.T.);
#4599=EDGE_CURVE('',#3764,#3769,#1816,.T.);
#4600=EDGE_CURVE('',#3770,#3771,#1817,.T.);
#4601=EDGE_CURVE('',#3772,#3770,#1818,.T.);
#4602=EDGE_CURVE('',#3773,#3772,#1819,.T.);
#4603=EDGE_CURVE('',#3773,#3771,#1820,.T.);
#4604=EDGE_CURVE('',#3771,#3774,#1821,.T.);
#4605=EDGE_CURVE('',#3775,#3773,#1822,.T.);
#4606=EDGE_CURVE('',#3775,#3774,#1823,.T.);
#4607=EDGE_CURVE('',#3774,#3776,#1824,.T.);
#4608=EDGE_CURVE('',#3777,#3775,#1825,.T.);
#4609=EDGE_CURVE('',#3777,#3776,#1826,.T.);
#4610=EDGE_CURVE('',#3776,#3770,#1827,.T.);
#4611=EDGE_CURVE('',#3772,#3777,#1828,.T.);
#4612=EDGE_CURVE('',#3778,#3779,#1829,.T.);
#4613=EDGE_CURVE('',#3780,#3778,#1830,.T.);
#4614=EDGE_CURVE('',#3781,#3780,#1831,.T.);
#4615=EDGE_CURVE('',#3781,#3779,#1832,.T.);
#4616=EDGE_CURVE('',#3779,#3782,#1833,.T.);
#4617=EDGE_CURVE('',#3783,#3781,#1834,.T.);
#4618=EDGE_CURVE('',#3783,#3782,#1835,.T.);
#4619=EDGE_CURVE('',#3782,#3784,#1836,.T.);
#4620=EDGE_CURVE('',#3785,#3783,#1837,.T.);
#4621=EDGE_CURVE('',#3785,#3784,#1838,.T.);
#4622=EDGE_CURVE('',#3784,#3778,#1839,.T.);
#4623=EDGE_CURVE('',#3780,#3785,#1840,.T.);
#4624=EDGE_CURVE('',#3786,#3787,#1841,.T.);
#4625=EDGE_CURVE('',#3788,#3786,#1842,.T.);
#4626=EDGE_CURVE('',#3789,#3788,#1843,.T.);
#4627=EDGE_CURVE('',#3789,#3787,#1844,.T.);
#4628=EDGE_CURVE('',#3787,#3790,#1845,.T.);
#4629=EDGE_CURVE('',#3791,#3789,#1846,.T.);
#4630=EDGE_CURVE('',#3791,#3790,#1847,.T.);
#4631=EDGE_CURVE('',#3790,#3792,#1848,.T.);
#4632=EDGE_CURVE('',#3793,#3791,#1849,.T.);
#4633=EDGE_CURVE('',#3793,#3792,#1850,.T.);
#4634=EDGE_CURVE('',#3792,#3786,#1851,.T.);
#4635=EDGE_CURVE('',#3788,#3793,#1852,.T.);
#4636=EDGE_CURVE('',#3794,#3795,#1853,.T.);
#4637=EDGE_CURVE('',#3796,#3794,#1854,.T.);
#4638=EDGE_CURVE('',#3797,#3796,#1855,.T.);
#4639=EDGE_CURVE('',#3797,#3795,#1856,.T.);
#4640=EDGE_CURVE('',#3795,#3798,#1857,.T.);
#4641=EDGE_CURVE('',#3799,#3797,#1858,.T.);
#4642=EDGE_CURVE('',#3799,#3798,#1859,.T.);
#4643=EDGE_CURVE('',#3798,#3800,#1860,.T.);
#4644=EDGE_CURVE('',#3801,#3799,#1861,.T.);
#4645=EDGE_CURVE('',#3801,#3800,#1862,.T.);
#4646=EDGE_CURVE('',#3800,#3794,#1863,.T.);
#4647=EDGE_CURVE('',#3796,#3801,#1864,.T.);
#4648=EDGE_CURVE('',#3802,#3803,#1865,.T.);
#4649=EDGE_CURVE('',#3804,#3802,#1866,.T.);
#4650=EDGE_CURVE('',#3805,#3804,#1867,.T.);
#4651=EDGE_CURVE('',#3805,#3803,#1868,.T.);
#4652=EDGE_CURVE('',#3803,#3806,#1869,.T.);
#4653=EDGE_CURVE('',#3807,#3805,#1870,.T.);
#4654=EDGE_CURVE('',#3807,#3806,#1871,.T.);
#4655=EDGE_CURVE('',#3806,#3808,#1872,.T.);
#4656=EDGE_CURVE('',#3809,#3807,#1873,.T.);
#4657=EDGE_CURVE('',#3809,#3808,#1874,.T.);
#4658=EDGE_CURVE('',#3808,#3802,#1875,.T.);
#4659=EDGE_CURVE('',#3804,#3809,#1876,.T.);
#4660=EDGE_CURVE('',#3810,#3811,#1877,.T.);
#4661=EDGE_CURVE('',#3812,#3810,#1878,.T.);
#4662=EDGE_CURVE('',#3813,#3812,#1879,.T.);
#4663=EDGE_CURVE('',#3813,#3811,#1880,.T.);
#4664=EDGE_CURVE('',#3811,#3814,#1881,.T.);
#4665=EDGE_CURVE('',#3815,#3813,#1882,.T.);
#4666=EDGE_CURVE('',#3815,#3814,#1883,.T.);
#4667=EDGE_CURVE('',#3814,#3816,#1884,.T.);
#4668=EDGE_CURVE('',#3817,#3815,#1885,.T.);
#4669=EDGE_CURVE('',#3817,#3816,#1886,.T.);
#4670=EDGE_CURVE('',#3816,#3810,#1887,.T.);
#4671=EDGE_CURVE('',#3812,#3817,#1888,.T.);
#4672=EDGE_CURVE('',#3818,#3819,#1889,.T.);
#4673=EDGE_CURVE('',#3820,#3818,#1890,.T.);
#4674=EDGE_CURVE('',#3821,#3820,#1891,.T.);
#4675=EDGE_CURVE('',#3821,#3819,#1892,.T.);
#4676=EDGE_CURVE('',#3819,#3822,#1893,.T.);
#4677=EDGE_CURVE('',#3823,#3821,#1894,.T.);
#4678=EDGE_CURVE('',#3823,#3822,#1895,.T.);
#4679=EDGE_CURVE('',#3822,#3824,#1896,.T.);
#4680=EDGE_CURVE('',#3825,#3823,#1897,.T.);
#4681=EDGE_CURVE('',#3825,#3824,#1898,.T.);
#4682=EDGE_CURVE('',#3824,#3818,#1899,.T.);
#4683=EDGE_CURVE('',#3820,#3825,#1900,.T.);
#4684=EDGE_CURVE('',#3826,#3827,#1901,.T.);
#4685=EDGE_CURVE('',#3828,#3826,#1902,.T.);
#4686=EDGE_CURVE('',#3829,#3828,#1903,.T.);
#4687=EDGE_CURVE('',#3829,#3827,#1904,.T.);
#4688=EDGE_CURVE('',#3827,#3830,#1905,.T.);
#4689=EDGE_CURVE('',#3831,#3829,#1906,.T.);
#4690=EDGE_CURVE('',#3831,#3830,#1907,.T.);
#4691=EDGE_CURVE('',#3830,#3832,#1908,.T.);
#4692=EDGE_CURVE('',#3833,#3831,#1909,.T.);
#4693=EDGE_CURVE('',#3833,#3832,#1910,.T.);
#4694=EDGE_CURVE('',#3832,#3826,#1911,.T.);
#4695=EDGE_CURVE('',#3828,#3833,#1912,.T.);
#4696=EDGE_CURVE('',#3834,#3835,#1913,.T.);
#4697=EDGE_CURVE('',#3836,#3834,#1914,.T.);
#4698=EDGE_CURVE('',#3837,#3836,#1915,.T.);
#4699=EDGE_CURVE('',#3837,#3835,#1916,.T.);
#4700=EDGE_CURVE('',#3835,#3838,#1917,.T.);
#4701=EDGE_CURVE('',#3839,#3837,#1918,.T.);
#4702=EDGE_CURVE('',#3839,#3838,#1919,.T.);
#4703=EDGE_CURVE('',#3838,#3840,#1920,.T.);
#4704=EDGE_CURVE('',#3841,#3839,#1921,.T.);
#4705=EDGE_CURVE('',#3841,#3840,#1922,.T.);
#4706=EDGE_CURVE('',#3840,#3834,#1923,.T.);
#4707=EDGE_CURVE('',#3836,#3841,#1924,.T.);
#4708=EDGE_CURVE('',#3842,#3843,#1925,.T.);
#4709=EDGE_CURVE('',#3844,#3842,#1926,.T.);
#4710=EDGE_CURVE('',#3845,#3844,#1927,.T.);
#4711=EDGE_CURVE('',#3845,#3843,#1928,.T.);
#4712=EDGE_CURVE('',#3843,#3846,#1929,.T.);
#4713=EDGE_CURVE('',#3847,#3845,#1930,.T.);
#4714=EDGE_CURVE('',#3847,#3846,#1931,.T.);
#4715=EDGE_CURVE('',#3846,#3848,#1932,.T.);
#4716=EDGE_CURVE('',#3849,#3847,#1933,.T.);
#4717=EDGE_CURVE('',#3849,#3848,#1934,.T.);
#4718=EDGE_CURVE('',#3848,#3842,#1935,.T.);
#4719=EDGE_CURVE('',#3844,#3849,#1936,.T.);
#4720=EDGE_CURVE('',#3850,#3851,#1937,.T.);
#4721=EDGE_CURVE('',#3852,#3850,#1938,.T.);
#4722=EDGE_CURVE('',#3853,#3852,#1939,.T.);
#4723=EDGE_CURVE('',#3853,#3851,#1940,.T.);
#4724=EDGE_CURVE('',#3851,#3854,#1941,.T.);
#4725=EDGE_CURVE('',#3855,#3853,#1942,.T.);
#4726=EDGE_CURVE('',#3855,#3854,#1943,.T.);
#4727=EDGE_CURVE('',#3854,#3856,#1944,.T.);
#4728=EDGE_CURVE('',#3857,#3855,#1945,.T.);
#4729=EDGE_CURVE('',#3857,#3856,#1946,.T.);
#4730=EDGE_CURVE('',#3856,#3850,#1947,.T.);
#4731=EDGE_CURVE('',#3852,#3857,#1948,.T.);
#4732=EDGE_CURVE('',#3858,#3859,#1949,.T.);
#4733=EDGE_CURVE('',#3860,#3858,#1950,.T.);
#4734=EDGE_CURVE('',#3861,#3860,#1951,.T.);
#4735=EDGE_CURVE('',#3861,#3859,#1952,.T.);
#4736=EDGE_CURVE('',#3859,#3862,#1953,.T.);
#4737=EDGE_CURVE('',#3863,#3861,#1954,.T.);
#4738=EDGE_CURVE('',#3863,#3862,#1955,.T.);
#4739=EDGE_CURVE('',#3862,#3864,#1956,.T.);
#4740=EDGE_CURVE('',#3865,#3863,#1957,.T.);
#4741=EDGE_CURVE('',#3865,#3864,#1958,.T.);
#4742=EDGE_CURVE('',#3864,#3858,#1959,.T.);
#4743=EDGE_CURVE('',#3860,#3865,#1960,.T.);
#4744=EDGE_CURVE('',#3866,#3867,#1961,.T.);
#4745=EDGE_CURVE('',#3868,#3866,#1962,.T.);
#4746=EDGE_CURVE('',#3869,#3868,#1963,.T.);
#4747=EDGE_CURVE('',#3869,#3867,#1964,.T.);
#4748=EDGE_CURVE('',#3867,#3870,#1965,.T.);
#4749=EDGE_CURVE('',#3871,#3869,#1966,.T.);
#4750=EDGE_CURVE('',#3871,#3870,#1967,.T.);
#4751=EDGE_CURVE('',#3870,#3872,#1968,.T.);
#4752=EDGE_CURVE('',#3873,#3871,#1969,.T.);
#4753=EDGE_CURVE('',#3873,#3872,#1970,.T.);
#4754=EDGE_CURVE('',#3872,#3866,#1971,.T.);
#4755=EDGE_CURVE('',#3868,#3873,#1972,.T.);
#4756=EDGE_CURVE('',#3874,#3875,#1973,.T.);
#4757=EDGE_CURVE('',#3876,#3874,#1974,.T.);
#4758=EDGE_CURVE('',#3877,#3876,#1975,.T.);
#4759=EDGE_CURVE('',#3877,#3875,#1976,.T.);
#4760=EDGE_CURVE('',#3875,#3878,#1977,.T.);
#4761=EDGE_CURVE('',#3879,#3877,#1978,.T.);
#4762=EDGE_CURVE('',#3879,#3878,#1979,.T.);
#4763=EDGE_CURVE('',#3878,#3880,#1980,.T.);
#4764=EDGE_CURVE('',#3881,#3879,#1981,.T.);
#4765=EDGE_CURVE('',#3881,#3880,#1982,.T.);
#4766=EDGE_CURVE('',#3880,#3874,#1983,.T.);
#4767=EDGE_CURVE('',#3876,#3881,#1984,.T.);
#4768=EDGE_CURVE('',#3882,#3883,#1985,.T.);
#4769=EDGE_CURVE('',#3884,#3882,#1986,.T.);
#4770=EDGE_CURVE('',#3885,#3884,#1987,.T.);
#4771=EDGE_CURVE('',#3885,#3883,#1988,.T.);
#4772=EDGE_CURVE('',#3883,#3886,#1989,.T.);
#4773=EDGE_CURVE('',#3887,#3885,#1990,.T.);
#4774=EDGE_CURVE('',#3887,#3886,#1991,.T.);
#4775=EDGE_CURVE('',#3886,#3888,#1992,.T.);
#4776=EDGE_CURVE('',#3889,#3887,#1993,.T.);
#4777=EDGE_CURVE('',#3889,#3888,#1994,.T.);
#4778=EDGE_CURVE('',#3888,#3882,#1995,.T.);
#4779=EDGE_CURVE('',#3884,#3889,#1996,.T.);
#4780=EDGE_CURVE('',#3890,#3891,#1997,.T.);
#4781=EDGE_CURVE('',#3892,#3890,#1998,.T.);
#4782=EDGE_CURVE('',#3893,#3892,#1999,.T.);
#4783=EDGE_CURVE('',#3893,#3891,#2000,.T.);
#4784=EDGE_CURVE('',#3891,#3894,#2001,.T.);
#4785=EDGE_CURVE('',#3895,#3893,#2002,.T.);
#4786=EDGE_CURVE('',#3895,#3894,#2003,.T.);
#4787=EDGE_CURVE('',#3894,#3896,#2004,.T.);
#4788=EDGE_CURVE('',#3897,#3895,#2005,.T.);
#4789=EDGE_CURVE('',#3897,#3896,#2006,.T.);
#4790=EDGE_CURVE('',#3896,#3890,#2007,.T.);
#4791=EDGE_CURVE('',#3892,#3897,#2008,.T.);
#4792=EDGE_CURVE('',#3898,#3899,#2009,.T.);
#4793=EDGE_CURVE('',#3900,#3898,#2010,.T.);
#4794=EDGE_CURVE('',#3901,#3900,#2011,.T.);
#4795=EDGE_CURVE('',#3901,#3899,#2012,.T.);
#4796=EDGE_CURVE('',#3899,#3902,#2013,.T.);
#4797=EDGE_CURVE('',#3903,#3901,#2014,.T.);
#4798=EDGE_CURVE('',#3903,#3902,#2015,.T.);
#4799=EDGE_CURVE('',#3902,#3904,#2016,.T.);
#4800=EDGE_CURVE('',#3905,#3903,#2017,.T.);
#4801=EDGE_CURVE('',#3905,#3904,#2018,.T.);
#4802=EDGE_CURVE('',#3904,#3898,#2019,.T.);
#4803=EDGE_CURVE('',#3900,#3905,#2020,.T.);
#4804=EDGE_CURVE('',#3906,#3907,#2021,.T.);
#4805=EDGE_CURVE('',#3908,#3906,#2022,.T.);
#4806=EDGE_CURVE('',#3909,#3908,#2023,.T.);
#4807=EDGE_CURVE('',#3909,#3907,#2024,.T.);
#4808=EDGE_CURVE('',#3907,#3910,#2025,.T.);
#4809=EDGE_CURVE('',#3911,#3909,#2026,.T.);
#4810=EDGE_CURVE('',#3911,#3910,#2027,.T.);
#4811=EDGE_CURVE('',#3910,#3912,#2028,.T.);
#4812=EDGE_CURVE('',#3913,#3911,#2029,.T.);
#4813=EDGE_CURVE('',#3913,#3912,#2030,.T.);
#4814=EDGE_CURVE('',#3912,#3906,#2031,.T.);
#4815=EDGE_CURVE('',#3908,#3913,#2032,.T.);
#4816=EDGE_CURVE('',#3914,#3915,#2033,.T.);
#4817=EDGE_CURVE('',#3916,#3914,#2034,.T.);
#4818=EDGE_CURVE('',#3917,#3916,#2035,.T.);
#4819=EDGE_CURVE('',#3917,#3915,#2036,.T.);
#4820=EDGE_CURVE('',#3915,#3918,#2037,.T.);
#4821=EDGE_CURVE('',#3919,#3917,#2038,.T.);
#4822=EDGE_CURVE('',#3919,#3918,#2039,.T.);
#4823=EDGE_CURVE('',#3918,#3920,#2040,.T.);
#4824=EDGE_CURVE('',#3921,#3919,#2041,.T.);
#4825=EDGE_CURVE('',#3921,#3920,#2042,.T.);
#4826=EDGE_CURVE('',#3920,#3914,#2043,.T.);
#4827=EDGE_CURVE('',#3916,#3921,#2044,.T.);
#4828=EDGE_CURVE('',#3922,#3923,#2045,.T.);
#4829=EDGE_CURVE('',#3924,#3922,#2046,.T.);
#4830=EDGE_CURVE('',#3925,#3924,#2047,.T.);
#4831=EDGE_CURVE('',#3925,#3923,#2048,.T.);
#4832=EDGE_CURVE('',#3923,#3926,#2049,.T.);
#4833=EDGE_CURVE('',#3927,#3925,#2050,.T.);
#4834=EDGE_CURVE('',#3927,#3926,#2051,.T.);
#4835=EDGE_CURVE('',#3926,#3928,#2052,.T.);
#4836=EDGE_CURVE('',#3929,#3927,#2053,.T.);
#4837=EDGE_CURVE('',#3929,#3928,#2054,.T.);
#4838=EDGE_CURVE('',#3928,#3922,#2055,.T.);
#4839=EDGE_CURVE('',#3924,#3929,#2056,.T.);
#4840=EDGE_CURVE('',#3930,#3931,#2057,.T.);
#4841=EDGE_CURVE('',#3932,#3930,#2058,.T.);
#4842=EDGE_CURVE('',#3933,#3932,#2059,.T.);
#4843=EDGE_CURVE('',#3933,#3931,#2060,.T.);
#4844=EDGE_CURVE('',#3931,#3934,#2061,.T.);
#4845=EDGE_CURVE('',#3935,#3933,#2062,.T.);
#4846=EDGE_CURVE('',#3935,#3934,#2063,.T.);
#4847=EDGE_CURVE('',#3934,#3936,#2064,.T.);
#4848=EDGE_CURVE('',#3937,#3935,#2065,.T.);
#4849=EDGE_CURVE('',#3937,#3936,#2066,.T.);
#4850=EDGE_CURVE('',#3936,#3930,#2067,.T.);
#4851=EDGE_CURVE('',#3932,#3937,#2068,.T.);
#4852=EDGE_CURVE('',#3938,#3939,#2069,.T.);
#4853=EDGE_CURVE('',#3940,#3938,#2070,.T.);
#4854=EDGE_CURVE('',#3941,#3940,#2071,.T.);
#4855=EDGE_CURVE('',#3941,#3939,#2072,.T.);
#4856=EDGE_CURVE('',#3939,#3942,#2073,.T.);
#4857=EDGE_CURVE('',#3943,#3941,#2074,.T.);
#4858=EDGE_CURVE('',#3943,#3942,#2075,.T.);
#4859=EDGE_CURVE('',#3942,#3944,#2076,.T.);
#4860=EDGE_CURVE('',#3945,#3943,#2077,.T.);
#4861=EDGE_CURVE('',#3945,#3944,#2078,.T.);
#4862=EDGE_CURVE('',#3944,#3938,#2079,.T.);
#4863=EDGE_CURVE('',#3940,#3945,#2080,.T.);
#4864=EDGE_CURVE('',#3946,#3947,#2081,.T.);
#4865=EDGE_CURVE('',#3948,#3946,#2082,.T.);
#4866=EDGE_CURVE('',#3949,#3948,#2083,.T.);
#4867=EDGE_CURVE('',#3949,#3947,#2084,.T.);
#4868=EDGE_CURVE('',#3947,#3950,#2085,.T.);
#4869=EDGE_CURVE('',#3951,#3949,#2086,.T.);
#4870=EDGE_CURVE('',#3951,#3950,#2087,.T.);
#4871=EDGE_CURVE('',#3950,#3952,#2088,.T.);
#4872=EDGE_CURVE('',#3953,#3951,#2089,.T.);
#4873=EDGE_CURVE('',#3953,#3952,#2090,.T.);
#4874=EDGE_CURVE('',#3952,#3946,#2091,.T.);
#4875=EDGE_CURVE('',#3948,#3953,#2092,.T.);
#4876=EDGE_CURVE('',#3954,#3955,#2093,.T.);
#4877=EDGE_CURVE('',#3956,#3954,#2094,.T.);
#4878=EDGE_CURVE('',#3957,#3956,#2095,.T.);
#4879=EDGE_CURVE('',#3957,#3955,#2096,.T.);
#4880=EDGE_CURVE('',#3955,#3958,#2097,.T.);
#4881=EDGE_CURVE('',#3959,#3957,#2098,.T.);
#4882=EDGE_CURVE('',#3959,#3958,#2099,.T.);
#4883=EDGE_CURVE('',#3958,#3960,#2100,.T.);
#4884=EDGE_CURVE('',#3961,#3959,#2101,.T.);
#4885=EDGE_CURVE('',#3961,#3960,#2102,.T.);
#4886=EDGE_CURVE('',#3960,#3954,#2103,.T.);
#4887=EDGE_CURVE('',#3956,#3961,#2104,.T.);
#4888=EDGE_CURVE('',#3962,#3963,#2105,.T.);
#4889=EDGE_CURVE('',#3964,#3962,#2106,.T.);
#4890=EDGE_CURVE('',#3965,#3964,#2107,.T.);
#4891=EDGE_CURVE('',#3965,#3963,#2108,.T.);
#4892=EDGE_CURVE('',#3963,#3966,#2109,.T.);
#4893=EDGE_CURVE('',#3967,#3965,#2110,.T.);
#4894=EDGE_CURVE('',#3967,#3966,#2111,.T.);
#4895=EDGE_CURVE('',#3966,#3968,#2112,.T.);
#4896=EDGE_CURVE('',#3969,#3967,#2113,.T.);
#4897=EDGE_CURVE('',#3969,#3968,#2114,.T.);
#4898=EDGE_CURVE('',#3968,#3962,#2115,.T.);
#4899=EDGE_CURVE('',#3964,#3969,#2116,.T.);
#4900=EDGE_CURVE('',#3970,#3971,#2117,.T.);
#4901=EDGE_CURVE('',#3972,#3970,#2118,.T.);
#4902=EDGE_CURVE('',#3973,#3972,#2119,.T.);
#4903=EDGE_CURVE('',#3973,#3971,#2120,.T.);
#4904=EDGE_CURVE('',#3971,#3974,#2121,.T.);
#4905=EDGE_CURVE('',#3975,#3973,#2122,.T.);
#4906=EDGE_CURVE('',#3975,#3974,#2123,.T.);
#4907=EDGE_CURVE('',#3974,#3976,#2124,.T.);
#4908=EDGE_CURVE('',#3977,#3975,#2125,.T.);
#4909=EDGE_CURVE('',#3977,#3976,#2126,.T.);
#4910=EDGE_CURVE('',#3976,#3970,#2127,.T.);
#4911=EDGE_CURVE('',#3972,#3977,#2128,.T.);
#4912=EDGE_CURVE('',#3978,#3979,#2129,.T.);
#4913=EDGE_CURVE('',#3980,#3978,#2130,.T.);
#4914=EDGE_CURVE('',#3981,#3980,#2131,.T.);
#4915=EDGE_CURVE('',#3981,#3979,#2132,.T.);
#4916=EDGE_CURVE('',#3979,#3982,#2133,.T.);
#4917=EDGE_CURVE('',#3983,#3981,#2134,.T.);
#4918=EDGE_CURVE('',#3983,#3982,#2135,.T.);
#4919=EDGE_CURVE('',#3982,#3984,#2136,.T.);
#4920=EDGE_CURVE('',#3985,#3983,#2137,.T.);
#4921=EDGE_CURVE('',#3985,#3984,#2138,.T.);
#4922=EDGE_CURVE('',#3984,#3978,#2139,.T.);
#4923=EDGE_CURVE('',#3980,#3985,#2140,.T.);
#4924=EDGE_CURVE('',#3986,#3987,#2141,.T.);
#4925=EDGE_CURVE('',#3988,#3986,#2142,.T.);
#4926=EDGE_CURVE('',#3989,#3988,#2143,.T.);
#4927=EDGE_CURVE('',#3989,#3987,#2144,.T.);
#4928=EDGE_CURVE('',#3987,#3990,#2145,.T.);
#4929=EDGE_CURVE('',#3991,#3989,#2146,.T.);
#4930=EDGE_CURVE('',#3991,#3990,#2147,.T.);
#4931=EDGE_CURVE('',#3990,#3992,#2148,.T.);
#4932=EDGE_CURVE('',#3993,#3991,#2149,.T.);
#4933=EDGE_CURVE('',#3993,#3992,#2150,.T.);
#4934=EDGE_CURVE('',#3992,#3986,#2151,.T.);
#4935=EDGE_CURVE('',#3988,#3993,#2152,.T.);
#4936=EDGE_CURVE('',#3994,#3995,#2153,.T.);
#4937=EDGE_CURVE('',#3996,#3994,#2154,.T.);
#4938=EDGE_CURVE('',#3997,#3996,#2155,.T.);
#4939=EDGE_CURVE('',#3997,#3995,#2156,.T.);
#4940=EDGE_CURVE('',#3995,#3998,#2157,.T.);
#4941=EDGE_CURVE('',#3999,#3997,#2158,.T.);
#4942=EDGE_CURVE('',#3999,#3998,#2159,.T.);
#4943=EDGE_CURVE('',#3998,#4000,#2160,.T.);
#4944=EDGE_CURVE('',#4001,#3999,#2161,.T.);
#4945=EDGE_CURVE('',#4001,#4000,#2162,.T.);
#4946=EDGE_CURVE('',#4000,#3994,#2163,.T.);
#4947=EDGE_CURVE('',#3996,#4001,#2164,.T.);
#4948=EDGE_CURVE('',#4002,#4003,#2165,.T.);
#4949=EDGE_CURVE('',#4004,#4002,#2166,.T.);
#4950=EDGE_CURVE('',#4005,#4004,#2167,.T.);
#4951=EDGE_CURVE('',#4005,#4003,#2168,.T.);
#4952=EDGE_CURVE('',#4003,#4006,#2169,.T.);
#4953=EDGE_CURVE('',#4007,#4005,#2170,.T.);
#4954=EDGE_CURVE('',#4007,#4006,#2171,.T.);
#4955=EDGE_CURVE('',#4006,#4008,#2172,.T.);
#4956=EDGE_CURVE('',#4009,#4007,#2173,.T.);
#4957=EDGE_CURVE('',#4009,#4008,#2174,.T.);
#4958=EDGE_CURVE('',#4008,#4002,#2175,.T.);
#4959=EDGE_CURVE('',#4004,#4009,#2176,.T.);
#4960=EDGE_CURVE('',#4010,#4011,#2177,.T.);
#4961=EDGE_CURVE('',#4012,#4010,#2178,.T.);
#4962=EDGE_CURVE('',#4013,#4012,#2179,.T.);
#4963=EDGE_CURVE('',#4013,#4011,#2180,.T.);
#4964=EDGE_CURVE('',#4011,#4014,#2181,.T.);
#4965=EDGE_CURVE('',#4015,#4013,#2182,.T.);
#4966=EDGE_CURVE('',#4015,#4014,#2183,.T.);
#4967=EDGE_CURVE('',#4014,#4016,#2184,.T.);
#4968=EDGE_CURVE('',#4017,#4015,#2185,.T.);
#4969=EDGE_CURVE('',#4017,#4016,#2186,.T.);
#4970=EDGE_CURVE('',#4016,#4010,#2187,.T.);
#4971=EDGE_CURVE('',#4012,#4017,#2188,.T.);
#4972=EDGE_CURVE('',#4018,#4019,#2189,.T.);
#4973=EDGE_CURVE('',#4020,#4018,#2190,.T.);
#4974=EDGE_CURVE('',#4021,#4020,#2191,.T.);
#4975=EDGE_CURVE('',#4021,#4019,#2192,.T.);
#4976=EDGE_CURVE('',#4019,#4022,#2193,.T.);
#4977=EDGE_CURVE('',#4023,#4021,#2194,.T.);
#4978=EDGE_CURVE('',#4023,#4022,#2195,.T.);
#4979=EDGE_CURVE('',#4022,#4024,#2196,.T.);
#4980=EDGE_CURVE('',#4025,#4023,#2197,.T.);
#4981=EDGE_CURVE('',#4025,#4024,#2198,.T.);
#4982=EDGE_CURVE('',#4024,#4018,#2199,.T.);
#4983=EDGE_CURVE('',#4020,#4025,#2200,.T.);
#4984=EDGE_CURVE('',#4026,#4027,#2201,.T.);
#4985=EDGE_CURVE('',#4028,#4026,#2202,.T.);
#4986=EDGE_CURVE('',#4029,#4028,#2203,.T.);
#4987=EDGE_CURVE('',#4029,#4027,#2204,.T.);
#4988=EDGE_CURVE('',#4027,#4030,#2205,.T.);
#4989=EDGE_CURVE('',#4031,#4029,#2206,.T.);
#4990=EDGE_CURVE('',#4031,#4030,#2207,.T.);
#4991=EDGE_CURVE('',#4030,#4032,#2208,.T.);
#4992=EDGE_CURVE('',#4033,#4031,#2209,.T.);
#4993=EDGE_CURVE('',#4033,#4032,#2210,.T.);
#4994=EDGE_CURVE('',#4032,#4026,#2211,.T.);
#4995=EDGE_CURVE('',#4028,#4033,#2212,.T.);
#4996=EDGE_CURVE('',#4034,#4035,#2213,.T.);
#4997=EDGE_CURVE('',#4036,#4034,#2214,.T.);
#4998=EDGE_CURVE('',#4037,#4036,#2215,.T.);
#4999=EDGE_CURVE('',#4037,#4035,#2216,.T.);
#5000=EDGE_CURVE('',#4035,#4038,#2217,.T.);
#5001=EDGE_CURVE('',#4039,#4037,#2218,.T.);
#5002=EDGE_CURVE('',#4039,#4038,#2219,.T.);
#5003=EDGE_CURVE('',#4038,#4040,#2220,.T.);
#5004=EDGE_CURVE('',#4041,#4039,#2221,.T.);
#5005=EDGE_CURVE('',#4041,#4040,#2222,.T.);
#5006=EDGE_CURVE('',#4040,#4034,#2223,.T.);
#5007=EDGE_CURVE('',#4036,#4041,#2224,.T.);
#5008=EDGE_CURVE('',#4042,#4043,#2225,.T.);
#5009=EDGE_CURVE('',#4044,#4042,#2226,.T.);
#5010=EDGE_CURVE('',#4045,#4044,#2227,.T.);
#5011=EDGE_CURVE('',#4045,#4043,#2228,.T.);
#5012=EDGE_CURVE('',#4043,#4046,#2229,.T.);
#5013=EDGE_CURVE('',#4047,#4045,#2230,.T.);
#5014=EDGE_CURVE('',#4047,#4046,#2231,.T.);
#5015=EDGE_CURVE('',#4046,#4048,#2232,.T.);
#5016=EDGE_CURVE('',#4049,#4047,#2233,.T.);
#5017=EDGE_CURVE('',#4049,#4048,#2234,.T.);
#5018=EDGE_CURVE('',#4048,#4042,#2235,.T.);
#5019=EDGE_CURVE('',#4044,#4049,#2236,.T.);
#5020=EDGE_CURVE('',#4050,#4051,#2237,.T.);
#5021=EDGE_CURVE('',#4052,#4050,#2238,.T.);
#5022=EDGE_CURVE('',#4053,#4052,#2239,.T.);
#5023=EDGE_CURVE('',#4053,#4051,#2240,.T.);
#5024=EDGE_CURVE('',#4051,#4054,#2241,.T.);
#5025=EDGE_CURVE('',#4055,#4053,#2242,.T.);
#5026=EDGE_CURVE('',#4055,#4054,#2243,.T.);
#5027=EDGE_CURVE('',#4054,#4056,#2244,.T.);
#5028=EDGE_CURVE('',#4057,#4055,#2245,.T.);
#5029=EDGE_CURVE('',#4057,#4056,#2246,.T.);
#5030=EDGE_CURVE('',#4056,#4050,#2247,.T.);
#5031=EDGE_CURVE('',#4052,#4057,#2248,.T.);
#5032=EDGE_CURVE('',#4058,#4059,#2249,.T.);
#5033=EDGE_CURVE('',#4060,#4058,#2250,.T.);
#5034=EDGE_CURVE('',#4061,#4060,#2251,.T.);
#5035=EDGE_CURVE('',#4061,#4059,#2252,.T.);
#5036=EDGE_CURVE('',#4059,#4062,#2253,.T.);
#5037=EDGE_CURVE('',#4063,#4061,#2254,.T.);
#5038=EDGE_CURVE('',#4063,#4062,#2255,.T.);
#5039=EDGE_CURVE('',#4062,#4064,#2256,.T.);
#5040=EDGE_CURVE('',#4065,#4063,#2257,.T.);
#5041=EDGE_CURVE('',#4065,#4064,#2258,.T.);
#5042=EDGE_CURVE('',#4064,#4058,#2259,.T.);
#5043=EDGE_CURVE('',#4060,#4065,#2260,.T.);
#5044=EDGE_CURVE('',#4066,#4067,#2261,.T.);
#5045=EDGE_CURVE('',#4067,#4068,#2262,.T.);
#5046=EDGE_CURVE('',#4069,#4068,#2263,.T.);
#5047=EDGE_CURVE('',#4066,#4069,#2264,.T.);
#5048=EDGE_CURVE('',#4070,#4066,#2265,.T.);
#5049=EDGE_CURVE('',#4071,#4069,#2266,.T.);
#5050=EDGE_CURVE('',#4070,#4071,#2267,.T.);
#5051=EDGE_CURVE('',#4072,#4070,#2268,.T.);
#5052=EDGE_CURVE('',#4073,#4071,#2269,.T.);
#5053=EDGE_CURVE('',#4072,#4073,#2270,.T.);
#5054=EDGE_CURVE('',#4067,#4072,#2271,.T.);
#5055=EDGE_CURVE('',#4068,#4073,#2272,.T.);
#5056=EDGE_CURVE('',#4074,#4075,#59,.T.);
#5057=EDGE_CURVE('',#4074,#4076,#2273,.T.);
#5058=EDGE_CURVE('',#4077,#4076,#60,.T.);
#5059=EDGE_CURVE('',#4075,#4077,#2274,.T.);
#5060=EDGE_CURVE('',#4075,#4078,#61,.T.);
#5061=EDGE_CURVE('',#4079,#4077,#62,.T.);
#5062=EDGE_CURVE('',#4078,#4079,#2275,.T.);
#5063=EDGE_CURVE('',#4078,#4080,#63,.T.);
#5064=EDGE_CURVE('',#4081,#4079,#64,.T.);
#5065=EDGE_CURVE('',#4080,#4081,#2276,.T.);
#5066=EDGE_CURVE('',#4080,#4074,#65,.T.);
#5067=EDGE_CURVE('',#4076,#4081,#66,.T.);
#5068=EDGE_CURVE('',#4082,#4083,#67,.T.);
#5069=EDGE_CURVE('',#4084,#4082,#68,.T.);
#5070=EDGE_CURVE('',#4085,#4084,#69,.T.);
#5071=EDGE_CURVE('',#4083,#4085,#70,.T.);
#5072=EDGE_CURVE('',#4086,#4087,#71,.T.);
#5073=EDGE_CURVE('',#4086,#4082,#2277,.T.);
#5074=EDGE_CURVE('',#4087,#4083,#2278,.T.);
#5075=EDGE_CURVE('',#4088,#4086,#72,.T.);
#5076=EDGE_CURVE('',#4088,#4084,#2279,.T.);
#5077=EDGE_CURVE('',#4089,#4088,#73,.T.);
#5078=EDGE_CURVE('',#4089,#4085,#2280,.T.);
#5079=EDGE_CURVE('',#4087,#4089,#74,.T.);
#5080=EDGE_CURVE('',#4090,#4091,#2281,.T.);
#5081=EDGE_CURVE('',#4092,#4090,#75,.T.);
#5082=EDGE_CURVE('',#4093,#4092,#76,.T.);
#5083=EDGE_CURVE('',#4094,#4093,#2282,.T.);
#5084=EDGE_CURVE('',#4095,#4094,#77,.T.);
#5085=EDGE_CURVE('',#4091,#4095,#78,.T.);
#5086=EDGE_CURVE('',#4096,#4097,#2283,.T.);
#5087=EDGE_CURVE('',#4096,#4090,#2284,.T.);
#5088=EDGE_CURVE('',#4097,#4091,#2285,.T.);
#5089=EDGE_CURVE('',#4098,#4096,#79,.T.);
#5090=EDGE_CURVE('',#4098,#4092,#2286,.T.);
#5091=EDGE_CURVE('',#4099,#4098,#80,.T.);
#5092=EDGE_CURVE('',#4099,#4093,#2287,.T.);
#5093=EDGE_CURVE('',#4100,#4099,#2288,.T.);
#5094=EDGE_CURVE('',#4100,#4094,#2289,.T.);
#5095=EDGE_CURVE('',#4101,#4100,#81,.T.);
#5096=EDGE_CURVE('',#4101,#4095,#2290,.T.);
#5097=EDGE_CURVE('',#4097,#4101,#82,.T.);
#5098=EDGE_CURVE('',#4102,#4103,#2291,.T.);
#5099=EDGE_CURVE('',#4102,#4104,#2292,.T.);
#5100=EDGE_CURVE('',#4105,#4104,#2293,.T.);
#5101=EDGE_CURVE('',#4103,#4105,#2294,.T.);
#5102=EDGE_CURVE('',#4103,#4106,#2295,.T.);
#5103=EDGE_CURVE('',#4107,#4105,#2296,.T.);
#5104=EDGE_CURVE('',#4106,#4107,#2297,.T.);
#5105=EDGE_CURVE('',#4106,#4102,#2298,.T.);
#5106=EDGE_CURVE('',#4104,#4107,#2299,.T.);
#5107=EDGE_CURVE('',#4108,#4109,#2300,.T.);
#5108=EDGE_CURVE('',#4110,#4108,#83,.T.);
#5109=EDGE_CURVE('',#4111,#4110,#84,.T.);
#5110=EDGE_CURVE('',#4112,#4111,#85,.T.);
#5111=EDGE_CURVE('',#4113,#4112,#2301,.T.);
#5112=EDGE_CURVE('',#4114,#4113,#86,.T.);
#5113=EDGE_CURVE('',#4115,#4114,#87,.T.);
#5114=EDGE_CURVE('',#4116,#4115,#2302,.T.);
#5115=EDGE_CURVE('',#4117,#4116,#88,.T.);
#5116=EDGE_CURVE('',#4118,#4117,#89,.T.);
#5117=EDGE_CURVE('',#4119,#4118,#90,.T.);
#5118=EDGE_CURVE('',#4120,#4119,#2303,.T.);
#5119=EDGE_CURVE('',#4109,#4120,#2304,.T.);
#5120=EDGE_CURVE('',#4121,#4122,#2305,.T.);
#5121=EDGE_CURVE('',#4121,#4108,#2306,.T.);
#5122=EDGE_CURVE('',#4122,#4109,#2307,.T.);
#5123=EDGE_CURVE('',#4123,#4121,#91,.T.);
#5124=EDGE_CURVE('',#4123,#4110,#2308,.T.);
#5125=EDGE_CURVE('',#4124,#4123,#92,.T.);
#5126=EDGE_CURVE('',#4124,#4111,#2309,.T.);
#5127=EDGE_CURVE('',#4125,#4124,#93,.T.);
#5128=EDGE_CURVE('',#4125,#4112,#2310,.T.);
#5129=EDGE_CURVE('',#4126,#4125,#2311,.T.);
#5130=EDGE_CURVE('',#4126,#4113,#2312,.T.);
#5131=EDGE_CURVE('',#4127,#4126,#94,.T.);
#5132=EDGE_CURVE('',#4127,#4114,#2313,.T.);
#5133=EDGE_CURVE('',#4128,#4127,#95,.T.);
#5134=EDGE_CURVE('',#4128,#4115,#2314,.T.);
#5135=EDGE_CURVE('',#4129,#4128,#2315,.T.);
#5136=EDGE_CURVE('',#4129,#4116,#2316,.T.);
#5137=EDGE_CURVE('',#4130,#4129,#96,.T.);
#5138=EDGE_CURVE('',#4130,#4117,#2317,.T.);
#5139=EDGE_CURVE('',#4131,#4130,#97,.T.);
#5140=EDGE_CURVE('',#4131,#4118,#2318,.T.);
#5141=EDGE_CURVE('',#4132,#4131,#98,.T.);
#5142=EDGE_CURVE('',#4132,#4119,#2319,.T.);
#5143=EDGE_CURVE('',#4133,#4132,#2320,.T.);
#5144=EDGE_CURVE('',#4133,#4120,#2321,.T.);
#5145=EDGE_CURVE('',#4122,#4133,#2322,.T.);
#5146=EDGE_CURVE('',#4134,#4135,#2323,.T.);
#5147=EDGE_CURVE('',#4136,#4134,#99,.T.);
#5148=EDGE_CURVE('',#4137,#4136,#100,.T.);
#5149=EDGE_CURVE('',#4138,#4137,#2324,.T.);
#5150=EDGE_CURVE('',#4139,#4138,#101,.T.);
#5151=EDGE_CURVE('',#4140,#4139,#102,.T.);
#5152=EDGE_CURVE('',#4141,#4140,#2325,.T.);
#5153=EDGE_CURVE('',#4142,#4141,#2326,.T.);
#5154=EDGE_CURVE('',#4143,#4142,#2327,.T.);
#5155=EDGE_CURVE('',#4144,#4143,#103,.T.);
#5156=EDGE_CURVE('',#4145,#4144,#104,.T.);
#5157=EDGE_CURVE('',#4146,#4145,#2328,.T.);
#5158=EDGE_CURVE('',#4147,#4146,#105,.T.);
#5159=EDGE_CURVE('',#4148,#4147,#106,.T.);
#5160=EDGE_CURVE('',#4149,#4148,#2329,.T.);
#5161=EDGE_CURVE('',#4135,#4149,#2330,.T.);
#5162=EDGE_CURVE('',#4150,#4151,#2331,.T.);
#5163=EDGE_CURVE('',#4150,#4134,#2332,.T.);
#5164=EDGE_CURVE('',#4151,#4135,#2333,.T.);
#5165=EDGE_CURVE('',#4152,#4150,#107,.T.);
#5166=EDGE_CURVE('',#4152,#4136,#2334,.T.);
#5167=EDGE_CURVE('',#4153,#4152,#108,.T.);
#5168=EDGE_CURVE('',#4153,#4137,#2335,.T.);
#5169=EDGE_CURVE('',#4154,#4153,#2336,.T.);
#5170=EDGE_CURVE('',#4154,#4138,#2337,.T.);
#5171=EDGE_CURVE('',#4155,#4154,#109,.T.);
#5172=EDGE_CURVE('',#4155,#4139,#2338,.T.);
#5173=EDGE_CURVE('',#4156,#4155,#110,.T.);
#5174=EDGE_CURVE('',#4156,#4140,#2339,.T.);
#5175=EDGE_CURVE('',#4157,#4156,#2340,.T.);
#5176=EDGE_CURVE('',#4157,#4141,#2341,.T.);
#5177=EDGE_CURVE('',#4158,#4157,#2342,.T.);
#5178=EDGE_CURVE('',#4158,#4142,#2343,.T.);
#5179=EDGE_CURVE('',#4159,#4158,#2344,.T.);
#5180=EDGE_CURVE('',#4159,#4143,#2345,.T.);
#5181=EDGE_CURVE('',#4160,#4159,#111,.T.);
#5182=EDGE_CURVE('',#4160,#4144,#2346,.T.);
#5183=EDGE_CURVE('',#4161,#4160,#112,.T.);
#5184=EDGE_CURVE('',#4161,#4145,#2347,.T.);
#5185=EDGE_CURVE('',#4162,#4161,#2348,.T.);
#5186=EDGE_CURVE('',#4162,#4146,#2349,.T.);
#5187=EDGE_CURVE('',#4163,#4162,#113,.T.);
#5188=EDGE_CURVE('',#4163,#4147,#2350,.T.);
#5189=EDGE_CURVE('',#4164,#4163,#114,.T.);
#5190=EDGE_CURVE('',#4164,#4148,#2351,.T.);
#5191=EDGE_CURVE('',#4165,#4164,#2352,.T.);
#5192=EDGE_CURVE('',#4165,#4149,#2353,.T.);
#5193=EDGE_CURVE('',#4151,#4165,#2354,.T.);
#5194=EDGE_CURVE('',#4166,#4167,#2355,.T.);
#5195=EDGE_CURVE('',#4168,#4166,#115,.T.);
#5196=EDGE_CURVE('',#4169,#4168,#116,.T.);
#5197=EDGE_CURVE('',#4170,#4169,#2356,.T.);
#5198=EDGE_CURVE('',#4171,#4170,#117,.T.);
#5199=EDGE_CURVE('',#4172,#4171,#2357,.T.);
#5200=EDGE_CURVE('',#4173,#4172,#118,.T.);
#5201=EDGE_CURVE('',#4174,#4173,#119,.T.);
#5202=EDGE_CURVE('',#4167,#4174,#2358,.T.);
#5203=EDGE_CURVE('',#4175,#4176,#2359,.T.);
#5204=EDGE_CURVE('',#4175,#4166,#2360,.T.);
#5205=EDGE_CURVE('',#4176,#4167,#2361,.T.);
#5206=EDGE_CURVE('',#4177,#4175,#120,.T.);
#5207=EDGE_CURVE('',#4177,#4168,#2362,.T.);
#5208=EDGE_CURVE('',#4178,#4177,#121,.T.);
#5209=EDGE_CURVE('',#4178,#4169,#2363,.T.);
#5210=EDGE_CURVE('',#4179,#4178,#2364,.T.);
#5211=EDGE_CURVE('',#4179,#4170,#2365,.T.);
#5212=EDGE_CURVE('',#4180,#4179,#122,.T.);
#5213=EDGE_CURVE('',#4180,#4171,#2366,.T.);
#5214=EDGE_CURVE('',#4181,#4180,#2367,.T.);
#5215=EDGE_CURVE('',#4181,#4172,#2368,.T.);
#5216=EDGE_CURVE('',#4182,#4181,#123,.T.);
#5217=EDGE_CURVE('',#4182,#4173,#2369,.T.);
#5218=EDGE_CURVE('',#4183,#4182,#124,.T.);
#5219=EDGE_CURVE('',#4183,#4174,#2370,.T.);
#5220=EDGE_CURVE('',#4176,#4183,#2371,.T.);
#5221=EDGE_CURVE('',#4184,#4185,#2372,.T.);
#5222=EDGE_CURVE('',#4186,#4184,#3541,.T.);
#5223=EDGE_CURVE('',#4187,#4186,#2373,.T.);
#5224=EDGE_CURVE('',#4188,#4187,#3542,.T.);
#5225=EDGE_CURVE('',#4189,#4188,#2374,.T.);
#5226=EDGE_CURVE('',#4190,#4189,#3543,.T.);
#5227=EDGE_CURVE('',#4191,#4190,#2375,.T.);
#5228=EDGE_CURVE('',#4185,#4191,#3544,.T.);
#5229=EDGE_CURVE('',#4192,#4192,#3545,.T.);
#5230=EDGE_CURVE('',#4192,#4193,#2376,.T.);
#5231=EDGE_CURVE('',#4193,#4193,#3546,.T.);
#5232=EDGE_CURVE('',#4194,#4184,#2377,.T.);
#5233=EDGE_CURVE('',#4185,#4195,#2378,.T.);
#5234=EDGE_CURVE('',#4195,#4194,#2379,.T.);
#5235=EDGE_CURVE('',#4194,#4196,#3547,.T.);
#5236=EDGE_CURVE('',#4196,#4186,#2380,.T.);
#5237=EDGE_CURVE('',#4197,#4187,#2381,.T.);
#5238=EDGE_CURVE('',#4196,#4197,#2382,.T.);
#5239=EDGE_CURVE('',#4197,#4198,#3548,.T.);
#5240=EDGE_CURVE('',#4198,#4188,#2383,.T.);
#5241=EDGE_CURVE('',#4199,#4189,#2384,.T.);
#5242=EDGE_CURVE('',#4198,#4199,#2385,.T.);
#5243=EDGE_CURVE('',#4199,#4200,#3549,.T.);
#5244=EDGE_CURVE('',#4200,#4190,#2386,.T.);
#5245=EDGE_CURVE('',#4201,#4191,#2387,.T.);
#5246=EDGE_CURVE('',#4200,#4201,#2388,.T.);
#5247=EDGE_CURVE('',#4201,#4195,#3550,.T.);
#5248=EDGE_CURVE('',#4197,#4202,#2389,.T.);
#5249=EDGE_CURVE('',#4202,#4203,#3551,.F.);
#5250=EDGE_CURVE('',#4203,#4198,#2390,.T.);
#5251=EDGE_CURVE('',#4204,#4196,#2391,.T.);
#5252=EDGE_CURVE('',#4202,#4204,#2392,.T.);
#5253=EDGE_CURVE('',#4194,#4205,#2393,.T.);
#5254=EDGE_CURVE('',#4205,#4204,#3552,.F.);
#5255=EDGE_CURVE('',#4206,#4195,#2394,.T.);
#5256=EDGE_CURVE('',#4205,#4206,#2395,.T.);
#5257=EDGE_CURVE('',#4207,#4208,#3553,.T.);
#5258=EDGE_CURVE('',#4208,#4209,#2396,.T.);
#5259=EDGE_CURVE('',#4209,#4210,#3554,.T.);
#5260=EDGE_CURVE('',#4210,#4207,#2397,.T.);
#5261=EDGE_CURVE('',#4207,#4211,#2398,.T.);
#5262=EDGE_CURVE('',#4212,#4211,#3555,.T.);
#5263=EDGE_CURVE('',#4212,#4213,#2399,.T.);
#5264=EDGE_CURVE('',#4214,#4213,#3556,.T.);
#5265=EDGE_CURVE('',#4214,#4215,#2400,.T.);
#5266=EDGE_CURVE('',#4216,#4215,#3557,.T.);
#5267=EDGE_CURVE('',#4216,#4208,#2401,.T.);
#5268=EDGE_CURVE('',#4217,#4203,#2402,.T.);
#5269=EDGE_CURVE('',#4218,#4206,#3558,.F.);
#5270=EDGE_CURVE('',#4218,#4219,#2403,.T.);
#5271=EDGE_CURVE('',#4217,#4219,#3559,.F.);
#5272=EDGE_CURVE('',#4210,#4220,#2404,.T.);
#5273=EDGE_CURVE('',#4211,#4220,#2405,.T.);
#5274=EDGE_CURVE('',#4199,#4217,#2406,.T.);
#5275=EDGE_CURVE('',#4220,#4221,#3560,.T.);
#5276=EDGE_CURVE('',#4221,#4212,#2407,.T.);
#5277=EDGE_CURVE('',#4215,#4222,#2408,.T.);
#5278=EDGE_CURVE('',#4222,#4223,#3561,.T.);
#5279=EDGE_CURVE('',#4223,#4216,#2409,.T.);
#5280=EDGE_CURVE('',#4224,#4214,#2410,.T.);
#5281=EDGE_CURVE('',#4224,#4222,#2411,.T.);
#5282=EDGE_CURVE('',#4201,#4218,#2412,.T.);
#5283=EDGE_CURVE('',#4219,#4200,#2413,.T.);
#5284=EDGE_CURVE('',#4213,#4225,#2414,.T.);
#5285=EDGE_CURVE('',#4225,#4224,#3562,.T.);
#5286=EDGE_CURVE('',#4221,#4225,#2415,.T.);
#5287=EDGE_CURVE('',#4223,#4209,#2416,.T.);
#5288=EDGE_CURVE('',#4226,#4227,#2417,.T.);
#5289=EDGE_CURVE('',#4226,#4228,#2418,.T.);
#5290=EDGE_CURVE('',#4229,#4228,#2419,.T.);
#5291=EDGE_CURVE('',#4227,#4229,#2420,.T.);
#5292=EDGE_CURVE('',#4227,#4230,#2421,.T.);
#5293=EDGE_CURVE('',#4231,#4229,#2422,.T.);
#5294=EDGE_CURVE('',#4230,#4231,#2423,.T.);
#5295=EDGE_CURVE('',#4230,#4232,#2424,.T.);
#5296=EDGE_CURVE('',#4233,#4231,#2425,.T.);
#5297=EDGE_CURVE('',#4232,#4233,#2426,.T.);
#5298=EDGE_CURVE('',#4232,#4226,#2427,.T.);
#5299=EDGE_CURVE('',#4228,#4233,#2428,.T.);
#5300=EDGE_CURVE('',#4234,#4235,#2429,.T.);
#5301=EDGE_CURVE('',#4235,#4236,#2430,.T.);
#5302=EDGE_CURVE('',#4237,#4236,#2431,.T.);
#5303=EDGE_CURVE('',#4234,#4237,#2432,.T.);
#5304=EDGE_CURVE('',#4238,#4234,#2433,.T.);
#5305=EDGE_CURVE('',#4239,#4237,#2434,.T.);
#5306=EDGE_CURVE('',#4238,#4239,#2435,.T.);
#5307=EDGE_CURVE('',#4240,#4238,#2436,.T.);
#5308=EDGE_CURVE('',#4241,#4239,#2437,.T.);
#5309=EDGE_CURVE('',#4240,#4241,#2438,.T.);
#5310=EDGE_CURVE('',#4242,#4240,#2439,.T.);
#5311=EDGE_CURVE('',#4243,#4241,#2440,.T.);
#5312=EDGE_CURVE('',#4242,#4243,#2441,.T.);
#5313=EDGE_CURVE('',#4244,#4242,#2442,.T.);
#5314=EDGE_CURVE('',#4245,#4243,#2443,.T.);
#5315=EDGE_CURVE('',#4244,#4245,#2444,.T.);
#5316=EDGE_CURVE('',#4246,#4244,#2445,.T.);
#5317=EDGE_CURVE('',#4247,#4245,#2446,.T.);
#5318=EDGE_CURVE('',#4246,#4247,#2447,.T.);
#5319=EDGE_CURVE('',#4248,#4246,#2448,.T.);
#5320=EDGE_CURVE('',#4249,#4247,#2449,.T.);
#5321=EDGE_CURVE('',#4248,#4249,#2450,.T.);
#5322=EDGE_CURVE('',#4235,#4248,#2451,.T.);
#5323=EDGE_CURVE('',#4236,#4249,#2452,.T.);
#5324=EDGE_CURVE('',#4250,#4251,#2453,.T.);
#5325=EDGE_CURVE('',#4252,#4250,#2454,.T.);
#5326=EDGE_CURVE('',#4252,#4253,#2455,.T.);
#5327=EDGE_CURVE('',#4251,#4253,#2456,.T.);
#5328=EDGE_CURVE('',#4254,#4255,#2457,.T.);
#5329=EDGE_CURVE('',#4256,#4254,#2458,.T.);
#5330=EDGE_CURVE('',#4256,#4257,#2459,.T.);
#5331=EDGE_CURVE('',#4255,#4257,#2460,.T.);
#5332=EDGE_CURVE('',#4253,#4256,#2461,.T.);
#5333=EDGE_CURVE('',#4257,#4252,#2462,.T.);
#5334=EDGE_CURVE('',#4255,#4258,#2463,.T.);
#5335=EDGE_CURVE('',#4258,#4259,#2464,.T.);
#5336=EDGE_CURVE('',#4259,#4254,#2465,.T.);
#5337=EDGE_CURVE('',#4251,#4260,#2466,.T.);
#5338=EDGE_CURVE('',#4260,#4261,#2467,.T.);
#5339=EDGE_CURVE('',#4261,#4250,#2468,.T.);
#5340=EDGE_CURVE('',#4262,#4259,#2469,.T.);
#5341=EDGE_CURVE('',#4262,#4263,#2470,.T.);
#5342=EDGE_CURVE('',#4263,#4260,#2471,.T.);
#5343=EDGE_CURVE('',#4263,#4264,#2472,.T.);
#5344=EDGE_CURVE('',#4264,#4261,#2473,.T.);
#5345=EDGE_CURVE('',#4265,#4262,#2474,.T.);
#5346=EDGE_CURVE('',#4265,#4258,#2475,.T.);
#5347=EDGE_CURVE('',#4264,#4265,#2476,.T.);
#5348=EDGE_CURVE('',#4266,#4266,#3563,.T.);
#5349=EDGE_CURVE('',#4266,#4267,#2477,.T.);
#5350=EDGE_CURVE('',#4267,#4267,#3564,.T.);
#5351=EDGE_CURVE('',#4268,#4268,#3565,.T.);
#5352=EDGE_CURVE('',#4269,#4269,#3566,.T.);
#5353=EDGE_CURVE('',#4269,#4270,#2478,.T.);
#5354=EDGE_CURVE('',#4270,#4270,#3567,.T.);
#5355=EDGE_CURVE('',#4271,#4271,#3568,.T.);
#5356=EDGE_CURVE('',#4272,#4273,#2479,.T.);
#5357=EDGE_CURVE('',#4273,#4274,#2480,.T.);
#5358=EDGE_CURVE('',#4274,#4275,#2481,.T.);
#5359=EDGE_CURVE('',#4275,#4276,#2482,.T.);
#5360=EDGE_CURVE('',#4276,#4277,#2483,.T.);
#5361=EDGE_CURVE('',#4277,#4272,#2484,.T.);
#5362=EDGE_CURVE('',#4271,#4268,#2485,.T.);
#5363=EDGE_CURVE('',#4278,#4273,#2486,.T.);
#5364=EDGE_CURVE('',#4279,#4278,#2487,.T.);
#5365=EDGE_CURVE('',#4274,#4279,#2488,.T.);
#5366=EDGE_CURVE('',#4280,#4279,#2489,.T.);
#5367=EDGE_CURVE('',#4275,#4280,#2490,.T.);
#5368=EDGE_CURVE('',#4281,#4280,#2491,.T.);
#5369=EDGE_CURVE('',#4276,#4281,#2492,.T.);
#5370=EDGE_CURVE('',#4282,#4281,#2493,.T.);
#5371=EDGE_CURVE('',#4277,#4282,#2494,.T.);
#5372=EDGE_CURVE('',#4283,#4282,#2495,.T.);
#5373=EDGE_CURVE('',#4272,#4283,#2496,.T.);
#5374=EDGE_CURVE('',#4278,#4283,#2497,.T.);
#5375=EDGE_CURVE('',#4284,#4284,#3569,.T.);
#5376=EDGE_CURVE('',#4284,#4285,#2498,.T.);
#5377=EDGE_CURVE('',#4285,#4286,#3570,.T.);
#5378=EDGE_CURVE('',#4286,#4285,#3571,.T.);
#5379=EDGE_CURVE('',#4286,#4287,#2499,.T.);
#5380=EDGE_CURVE('',#4287,#4287,#3572,.T.);
#5381=EDGE_CURVE('',#4288,#4289,#2500,.T.);
#5382=EDGE_CURVE('',#4288,#4290,#2501,.T.);
#5383=EDGE_CURVE('',#4290,#4291,#2502,.T.);
#5384=EDGE_CURVE('',#4289,#4291,#2503,.T.);
#5385=EDGE_CURVE('',#4292,#4288,#2504,.T.);
#5386=EDGE_CURVE('',#4292,#4293,#2505,.T.);
#5387=EDGE_CURVE('',#4293,#4290,#2506,.T.);
#5388=EDGE_CURVE('',#4294,#4292,#2507,.T.);
#5389=EDGE_CURVE('',#4294,#4295,#2508,.T.);
#5390=EDGE_CURVE('',#4295,#4293,#2509,.T.);
#5391=EDGE_CURVE('',#4296,#4294,#2510,.T.);
#5392=EDGE_CURVE('',#4296,#4297,#2511,.T.);
#5393=EDGE_CURVE('',#4297,#4295,#2512,.T.);
#5394=EDGE_CURVE('',#4298,#4296,#2513,.T.);
#5395=EDGE_CURVE('',#4298,#4299,#2514,.T.);
#5396=EDGE_CURVE('',#4299,#4297,#2515,.T.);
#5397=EDGE_CURVE('',#4300,#4298,#2516,.T.);
#5398=EDGE_CURVE('',#4300,#4301,#2517,.T.);
#5399=EDGE_CURVE('',#4301,#4299,#2518,.T.);
#5400=EDGE_CURVE('',#4302,#4300,#2519,.T.);
#5401=EDGE_CURVE('',#4302,#4303,#2520,.T.);
#5402=EDGE_CURVE('',#4303,#4301,#2521,.T.);
#5403=EDGE_CURVE('',#4304,#4302,#2522,.T.);
#5404=EDGE_CURVE('',#4304,#4305,#2523,.T.);
#5405=EDGE_CURVE('',#4305,#4303,#2524,.T.);
#5406=EDGE_CURVE('',#4306,#4304,#2525,.T.);
#5407=EDGE_CURVE('',#4306,#4307,#2526,.T.);
#5408=EDGE_CURVE('',#4307,#4305,#2527,.T.);
#5409=EDGE_CURVE('',#4308,#4306,#2528,.T.);
#5410=EDGE_CURVE('',#4308,#4309,#2529,.T.);
#5411=EDGE_CURVE('',#4309,#4307,#2530,.T.);
#5412=EDGE_CURVE('',#4310,#4308,#2531,.T.);
#5413=EDGE_CURVE('',#4310,#4311,#2532,.T.);
#5414=EDGE_CURVE('',#4311,#4309,#2533,.T.);
#5415=EDGE_CURVE('',#4289,#4310,#2534,.T.);
#5416=EDGE_CURVE('',#4291,#4311,#2535,.T.);
#5417=EDGE_CURVE('',#4312,#4312,#3573,.T.);
#5418=EDGE_CURVE('',#4313,#4314,#3574,.T.);
#5419=EDGE_CURVE('',#4313,#4312,#3575,.T.);
#5420=EDGE_CURVE('',#4314,#4313,#3576,.T.);
#5421=EDGE_CURVE('',#4315,#4315,#3577,.T.);
#5422=EDGE_CURVE('',#4315,#4314,#2536,.T.);
#5423=ORIENTED_EDGE('',*,*,#4316,.T.);
#5424=ORIENTED_EDGE('',*,*,#4317,.T.);
#5425=ORIENTED_EDGE('',*,*,#4318,.T.);
#5426=ORIENTED_EDGE('',*,*,#4319,.T.);
#5427=ORIENTED_EDGE('',*,*,#4317,.F.);
#5428=ORIENTED_EDGE('',*,*,#4320,.F.);
#5429=ORIENTED_EDGE('',*,*,#4321,.F.);
#5430=ORIENTED_EDGE('',*,*,#4322,.F.);
#5431=ORIENTED_EDGE('',*,*,#4316,.F.);
#5432=ORIENTED_EDGE('',*,*,#4323,.T.);
#5433=ORIENTED_EDGE('',*,*,#4324,.F.);
#5434=ORIENTED_EDGE('',*,*,#4325,.T.);
#5435=ORIENTED_EDGE('',*,*,#4326,.F.);
#5436=ORIENTED_EDGE('',*,*,#4327,.T.);
#5437=ORIENTED_EDGE('',*,*,#4328,.F.);
#5438=ORIENTED_EDGE('',*,*,#4320,.T.);
#5439=ORIENTED_EDGE('',*,*,#4324,.T.);
#5440=ORIENTED_EDGE('',*,*,#4329,.T.);
#5441=ORIENTED_EDGE('',*,*,#4330,.T.);
#5442=ORIENTED_EDGE('',*,*,#4331,.T.);
#5443=ORIENTED_EDGE('',*,*,#4331,.F.);
#5444=ORIENTED_EDGE('',*,*,#4332,.F.);
#5445=ORIENTED_EDGE('',*,*,#4333,.F.);
#5446=ORIENTED_EDGE('',*,*,#4325,.F.);
#5447=ORIENTED_EDGE('',*,*,#4328,.T.);
#5448=ORIENTED_EDGE('',*,*,#4334,.T.);
#5449=ORIENTED_EDGE('',*,*,#4335,.T.);
#5450=ORIENTED_EDGE('',*,*,#4321,.T.);
#5451=ORIENTED_EDGE('',*,*,#4326,.T.);
#5452=ORIENTED_EDGE('',*,*,#4333,.T.);
#5453=ORIENTED_EDGE('',*,*,#4336,.T.);
#5454=ORIENTED_EDGE('',*,*,#4337,.T.);
#5455=ORIENTED_EDGE('',*,*,#4334,.F.);
#5456=ORIENTED_EDGE('',*,*,#4327,.F.);
#5457=ORIENTED_EDGE('',*,*,#4337,.F.);
#5458=ORIENTED_EDGE('',*,*,#4338,.F.);
#5459=ORIENTED_EDGE('',*,*,#4319,.F.);
#5460=ORIENTED_EDGE('',*,*,#4339,.F.);
#5461=ORIENTED_EDGE('',*,*,#4329,.F.);
#5462=ORIENTED_EDGE('',*,*,#4323,.F.);
#5463=ORIENTED_EDGE('',*,*,#4340,.F.);
#5464=ORIENTED_EDGE('',*,*,#4341,.T.);
#5465=ORIENTED_EDGE('',*,*,#4342,.F.);
#5466=ORIENTED_EDGE('',*,*,#4341,.F.);
#5467=ORIENTED_EDGE('',*,*,#4343,.F.);
#5468=ORIENTED_EDGE('',*,*,#4344,.T.);
#5469=ORIENTED_EDGE('',*,*,#4345,.F.);
#5470=ORIENTED_EDGE('',*,*,#4344,.F.);
#5471=ORIENTED_EDGE('',*,*,#4346,.F.);
#5472=ORIENTED_EDGE('',*,*,#4347,.T.);
#5473=ORIENTED_EDGE('',*,*,#4348,.F.);
#5474=ORIENTED_EDGE('',*,*,#4347,.F.);
#5475=ORIENTED_EDGE('',*,*,#4349,.F.);
#5476=ORIENTED_EDGE('',*,*,#4350,.T.);
#5477=ORIENTED_EDGE('',*,*,#4351,.F.);
#5478=ORIENTED_EDGE('',*,*,#4350,.F.);
#5479=ORIENTED_EDGE('',*,*,#4352,.F.);
#5480=ORIENTED_EDGE('',*,*,#4353,.T.);
#5481=ORIENTED_EDGE('',*,*,#4354,.F.);
#5482=ORIENTED_EDGE('',*,*,#4353,.F.);
#5483=ORIENTED_EDGE('',*,*,#4355,.F.);
#5484=ORIENTED_EDGE('',*,*,#4356,.T.);
#5485=ORIENTED_EDGE('',*,*,#4357,.F.);
#5486=ORIENTED_EDGE('',*,*,#4356,.F.);
#5487=ORIENTED_EDGE('',*,*,#4358,.F.);
#5488=ORIENTED_EDGE('',*,*,#4359,.T.);
#5489=ORIENTED_EDGE('',*,*,#4360,.F.);
#5490=ORIENTED_EDGE('',*,*,#4359,.F.);
#5491=ORIENTED_EDGE('',*,*,#4361,.F.);
#5492=ORIENTED_EDGE('',*,*,#4362,.T.);
#5493=ORIENTED_EDGE('',*,*,#4363,.F.);
#5494=ORIENTED_EDGE('',*,*,#4362,.F.);
#5495=ORIENTED_EDGE('',*,*,#4364,.F.);
#5496=ORIENTED_EDGE('',*,*,#4365,.T.);
#5497=ORIENTED_EDGE('',*,*,#4366,.F.);
#5498=ORIENTED_EDGE('',*,*,#4365,.F.);
#5499=ORIENTED_EDGE('',*,*,#4367,.F.);
#5500=ORIENTED_EDGE('',*,*,#4368,.T.);
#5501=ORIENTED_EDGE('',*,*,#4369,.F.);
#5502=ORIENTED_EDGE('',*,*,#4368,.F.);
#5503=ORIENTED_EDGE('',*,*,#4370,.F.);
#5504=ORIENTED_EDGE('',*,*,#4371,.T.);
#5505=ORIENTED_EDGE('',*,*,#4372,.F.);
#5506=ORIENTED_EDGE('',*,*,#4371,.F.);
#5507=ORIENTED_EDGE('',*,*,#4373,.F.);
#5508=ORIENTED_EDGE('',*,*,#4374,.T.);
#5509=ORIENTED_EDGE('',*,*,#4375,.F.);
#5510=ORIENTED_EDGE('',*,*,#4374,.F.);
#5511=ORIENTED_EDGE('',*,*,#4376,.F.);
#5512=ORIENTED_EDGE('',*,*,#4377,.T.);
#5513=ORIENTED_EDGE('',*,*,#4378,.F.);
#5514=ORIENTED_EDGE('',*,*,#4377,.F.);
#5515=ORIENTED_EDGE('',*,*,#4379,.F.);
#5516=ORIENTED_EDGE('',*,*,#4380,.T.);
#5517=ORIENTED_EDGE('',*,*,#4381,.F.);
#5518=ORIENTED_EDGE('',*,*,#4380,.F.);
#5519=ORIENTED_EDGE('',*,*,#4382,.F.);
#5520=ORIENTED_EDGE('',*,*,#4383,.T.);
#5521=ORIENTED_EDGE('',*,*,#4384,.F.);
#5522=ORIENTED_EDGE('',*,*,#4383,.F.);
#5523=ORIENTED_EDGE('',*,*,#4385,.F.);
#5524=ORIENTED_EDGE('',*,*,#4386,.T.);
#5525=ORIENTED_EDGE('',*,*,#4387,.F.);
#5526=ORIENTED_EDGE('',*,*,#4386,.F.);
#5527=ORIENTED_EDGE('',*,*,#4388,.F.);
#5528=ORIENTED_EDGE('',*,*,#4389,.T.);
#5529=ORIENTED_EDGE('',*,*,#4390,.F.);
#5530=ORIENTED_EDGE('',*,*,#4389,.F.);
#5531=ORIENTED_EDGE('',*,*,#4391,.F.);
#5532=ORIENTED_EDGE('',*,*,#4392,.T.);
#5533=ORIENTED_EDGE('',*,*,#4393,.F.);
#5534=ORIENTED_EDGE('',*,*,#4392,.F.);
#5535=ORIENTED_EDGE('',*,*,#4394,.F.);
#5536=ORIENTED_EDGE('',*,*,#4395,.T.);
#5537=ORIENTED_EDGE('',*,*,#4396,.F.);
#5538=ORIENTED_EDGE('',*,*,#4395,.F.);
#5539=ORIENTED_EDGE('',*,*,#4397,.F.);
#5540=ORIENTED_EDGE('',*,*,#4398,.T.);
#5541=ORIENTED_EDGE('',*,*,#4399,.F.);
#5542=ORIENTED_EDGE('',*,*,#4398,.F.);
#5543=ORIENTED_EDGE('',*,*,#4400,.F.);
#5544=ORIENTED_EDGE('',*,*,#4401,.T.);
#5545=ORIENTED_EDGE('',*,*,#4402,.F.);
#5546=ORIENTED_EDGE('',*,*,#4401,.F.);
#5547=ORIENTED_EDGE('',*,*,#4403,.F.);
#5548=ORIENTED_EDGE('',*,*,#4404,.T.);
#5549=ORIENTED_EDGE('',*,*,#4405,.F.);
#5550=ORIENTED_EDGE('',*,*,#4404,.F.);
#5551=ORIENTED_EDGE('',*,*,#4406,.F.);
#5552=ORIENTED_EDGE('',*,*,#4407,.T.);
#5553=ORIENTED_EDGE('',*,*,#4408,.F.);
#5554=ORIENTED_EDGE('',*,*,#4407,.F.);
#5555=ORIENTED_EDGE('',*,*,#4409,.F.);
#5556=ORIENTED_EDGE('',*,*,#4410,.T.);
#5557=ORIENTED_EDGE('',*,*,#4411,.F.);
#5558=ORIENTED_EDGE('',*,*,#4410,.F.);
#5559=ORIENTED_EDGE('',*,*,#4412,.F.);
#5560=ORIENTED_EDGE('',*,*,#4413,.T.);
#5561=ORIENTED_EDGE('',*,*,#4414,.F.);
#5562=ORIENTED_EDGE('',*,*,#4413,.F.);
#5563=ORIENTED_EDGE('',*,*,#4415,.F.);
#5564=ORIENTED_EDGE('',*,*,#4416,.T.);
#5565=ORIENTED_EDGE('',*,*,#4417,.F.);
#5566=ORIENTED_EDGE('',*,*,#4416,.F.);
#5567=ORIENTED_EDGE('',*,*,#4418,.F.);
#5568=ORIENTED_EDGE('',*,*,#4419,.T.);
#5569=ORIENTED_EDGE('',*,*,#4420,.F.);
#5570=ORIENTED_EDGE('',*,*,#4419,.F.);
#5571=ORIENTED_EDGE('',*,*,#4421,.F.);
#5572=ORIENTED_EDGE('',*,*,#4422,.T.);
#5573=ORIENTED_EDGE('',*,*,#4423,.F.);
#5574=ORIENTED_EDGE('',*,*,#4422,.F.);
#5575=ORIENTED_EDGE('',*,*,#4424,.F.);
#5576=ORIENTED_EDGE('',*,*,#4425,.T.);
#5577=ORIENTED_EDGE('',*,*,#4426,.F.);
#5578=ORIENTED_EDGE('',*,*,#4425,.F.);
#5579=ORIENTED_EDGE('',*,*,#4427,.F.);
#5580=ORIENTED_EDGE('',*,*,#4428,.T.);
#5581=ORIENTED_EDGE('',*,*,#4429,.F.);
#5582=ORIENTED_EDGE('',*,*,#4428,.F.);
#5583=ORIENTED_EDGE('',*,*,#4430,.F.);
#5584=ORIENTED_EDGE('',*,*,#4431,.T.);
#5585=ORIENTED_EDGE('',*,*,#4432,.F.);
#5586=ORIENTED_EDGE('',*,*,#4431,.F.);
#5587=ORIENTED_EDGE('',*,*,#4433,.F.);
#5588=ORIENTED_EDGE('',*,*,#4434,.T.);
#5589=ORIENTED_EDGE('',*,*,#4435,.F.);
#5590=ORIENTED_EDGE('',*,*,#4434,.F.);
#5591=ORIENTED_EDGE('',*,*,#4436,.F.);
#5592=ORIENTED_EDGE('',*,*,#4437,.T.);
#5593=ORIENTED_EDGE('',*,*,#4438,.F.);
#5594=ORIENTED_EDGE('',*,*,#4437,.F.);
#5595=ORIENTED_EDGE('',*,*,#4439,.F.);
#5596=ORIENTED_EDGE('',*,*,#4440,.T.);
#5597=ORIENTED_EDGE('',*,*,#4441,.F.);
#5598=ORIENTED_EDGE('',*,*,#4440,.F.);
#5599=ORIENTED_EDGE('',*,*,#4442,.F.);
#5600=ORIENTED_EDGE('',*,*,#4443,.T.);
#5601=ORIENTED_EDGE('',*,*,#4444,.F.);
#5602=ORIENTED_EDGE('',*,*,#4443,.F.);
#5603=ORIENTED_EDGE('',*,*,#4445,.F.);
#5604=ORIENTED_EDGE('',*,*,#4446,.T.);
#5605=ORIENTED_EDGE('',*,*,#4447,.F.);
#5606=ORIENTED_EDGE('',*,*,#4446,.F.);
#5607=ORIENTED_EDGE('',*,*,#4448,.F.);
#5608=ORIENTED_EDGE('',*,*,#4449,.T.);
#5609=ORIENTED_EDGE('',*,*,#4450,.F.);
#5610=ORIENTED_EDGE('',*,*,#4449,.F.);
#5611=ORIENTED_EDGE('',*,*,#4451,.F.);
#5612=ORIENTED_EDGE('',*,*,#4452,.T.);
#5613=ORIENTED_EDGE('',*,*,#4453,.F.);
#5614=ORIENTED_EDGE('',*,*,#4452,.F.);
#5615=ORIENTED_EDGE('',*,*,#4454,.F.);
#5616=ORIENTED_EDGE('',*,*,#4455,.T.);
#5617=ORIENTED_EDGE('',*,*,#4456,.F.);
#5618=ORIENTED_EDGE('',*,*,#4455,.F.);
#5619=ORIENTED_EDGE('',*,*,#4457,.F.);
#5620=ORIENTED_EDGE('',*,*,#4458,.T.);
#5621=ORIENTED_EDGE('',*,*,#4459,.F.);
#5622=ORIENTED_EDGE('',*,*,#4458,.F.);
#5623=ORIENTED_EDGE('',*,*,#4460,.F.);
#5624=ORIENTED_EDGE('',*,*,#4461,.F.);
#5625=ORIENTED_EDGE('',*,*,#4462,.F.);
#5626=ORIENTED_EDGE('',*,*,#4463,.T.);
#5627=ORIENTED_EDGE('',*,*,#4464,.F.);
#5628=ORIENTED_EDGE('',*,*,#4465,.F.);
#5629=ORIENTED_EDGE('',*,*,#4466,.F.);
#5630=ORIENTED_EDGE('',*,*,#4467,.T.);
#5631=ORIENTED_EDGE('',*,*,#4468,.F.);
#5632=ORIENTED_EDGE('',*,*,#4469,.F.);
#5633=ORIENTED_EDGE('',*,*,#4470,.F.);
#5634=ORIENTED_EDGE('',*,*,#4471,.T.);
#5635=ORIENTED_EDGE('',*,*,#4472,.F.);
#5636=ORIENTED_EDGE('',*,*,#4473,.F.);
#5637=ORIENTED_EDGE('',*,*,#4474,.F.);
#5638=ORIENTED_EDGE('',*,*,#4475,.T.);
#5639=ORIENTED_EDGE('',*,*,#4476,.T.);
#5640=ORIENTED_EDGE('',*,*,#4477,.T.);
#5641=ORIENTED_EDGE('',*,*,#4478,.T.);
#5642=ORIENTED_EDGE('',*,*,#4479,.T.);
#5643=ORIENTED_EDGE('',*,*,#4477,.F.);
#5644=ORIENTED_EDGE('',*,*,#4480,.T.);
#5645=ORIENTED_EDGE('',*,*,#4481,.F.);
#5646=ORIENTED_EDGE('',*,*,#4482,.F.);
#5647=ORIENTED_EDGE('',*,*,#4483,.T.);
#5648=ORIENTED_EDGE('',*,*,#4484,.T.);
#5649=ORIENTED_EDGE('',*,*,#4485,.T.);
#5650=ORIENTED_EDGE('',*,*,#4486,.T.);
#5651=ORIENTED_EDGE('',*,*,#4479,.F.);
#5652=ORIENTED_EDGE('',*,*,#4487,.F.);
#5653=ORIENTED_EDGE('',*,*,#4486,.F.);
#5654=ORIENTED_EDGE('',*,*,#4488,.T.);
#5655=ORIENTED_EDGE('',*,*,#4485,.F.);
#5656=ORIENTED_EDGE('',*,*,#4489,.F.);
#5657=ORIENTED_EDGE('',*,*,#4490,.F.);
#5658=ORIENTED_EDGE('',*,*,#4491,.F.);
#5659=ORIENTED_EDGE('',*,*,#4492,.F.);
#5660=ORIENTED_EDGE('',*,*,#4493,.F.);
#5661=ORIENTED_EDGE('',*,*,#4494,.F.);
#5662=ORIENTED_EDGE('',*,*,#4495,.F.);
#5663=ORIENTED_EDGE('',*,*,#4496,.F.);
#5664=ORIENTED_EDGE('',*,*,#4497,.F.);
#5665=ORIENTED_EDGE('',*,*,#4498,.F.);
#5666=ORIENTED_EDGE('',*,*,#4499,.F.);
#5667=ORIENTED_EDGE('',*,*,#4500,.F.);
#5668=ORIENTED_EDGE('',*,*,#4501,.F.);
#5669=ORIENTED_EDGE('',*,*,#4502,.F.);
#5670=ORIENTED_EDGE('',*,*,#4503,.F.);
#5671=ORIENTED_EDGE('',*,*,#4504,.F.);
#5672=ORIENTED_EDGE('',*,*,#4505,.F.);
#5673=ORIENTED_EDGE('',*,*,#4506,.F.);
#5674=ORIENTED_EDGE('',*,*,#4507,.F.);
#5675=ORIENTED_EDGE('',*,*,#4508,.F.);
#5676=ORIENTED_EDGE('',*,*,#4480,.F.);
#5677=ORIENTED_EDGE('',*,*,#4476,.F.);
#5678=ORIENTED_EDGE('',*,*,#4488,.F.);
#5679=ORIENTED_EDGE('',*,*,#4342,.T.);
#5680=ORIENTED_EDGE('',*,*,#4345,.T.);
#5681=ORIENTED_EDGE('',*,*,#4348,.T.);
#5682=ORIENTED_EDGE('',*,*,#4351,.T.);
#5683=ORIENTED_EDGE('',*,*,#4354,.T.);
#5684=ORIENTED_EDGE('',*,*,#4357,.T.);
#5685=ORIENTED_EDGE('',*,*,#4360,.T.);
#5686=ORIENTED_EDGE('',*,*,#4363,.T.);
#5687=ORIENTED_EDGE('',*,*,#4366,.T.);
#5688=ORIENTED_EDGE('',*,*,#4369,.T.);
#5689=ORIENTED_EDGE('',*,*,#4372,.T.);
#5690=ORIENTED_EDGE('',*,*,#4375,.T.);
#5691=ORIENTED_EDGE('',*,*,#4378,.T.);
#5692=ORIENTED_EDGE('',*,*,#4381,.T.);
#5693=ORIENTED_EDGE('',*,*,#4384,.T.);
#5694=ORIENTED_EDGE('',*,*,#4387,.T.);
#5695=ORIENTED_EDGE('',*,*,#4390,.T.);
#5696=ORIENTED_EDGE('',*,*,#4393,.T.);
#5697=ORIENTED_EDGE('',*,*,#4396,.T.);
#5698=ORIENTED_EDGE('',*,*,#4399,.T.);
#5699=ORIENTED_EDGE('',*,*,#4402,.T.);
#5700=ORIENTED_EDGE('',*,*,#4405,.T.);
#5701=ORIENTED_EDGE('',*,*,#4408,.T.);
#5702=ORIENTED_EDGE('',*,*,#4411,.T.);
#5703=ORIENTED_EDGE('',*,*,#4414,.T.);
#5704=ORIENTED_EDGE('',*,*,#4417,.T.);
#5705=ORIENTED_EDGE('',*,*,#4420,.T.);
#5706=ORIENTED_EDGE('',*,*,#4423,.T.);
#5707=ORIENTED_EDGE('',*,*,#4426,.T.);
#5708=ORIENTED_EDGE('',*,*,#4429,.T.);
#5709=ORIENTED_EDGE('',*,*,#4432,.T.);
#5710=ORIENTED_EDGE('',*,*,#4435,.T.);
#5711=ORIENTED_EDGE('',*,*,#4438,.T.);
#5712=ORIENTED_EDGE('',*,*,#4441,.T.);
#5713=ORIENTED_EDGE('',*,*,#4444,.T.);
#5714=ORIENTED_EDGE('',*,*,#4447,.T.);
#5715=ORIENTED_EDGE('',*,*,#4450,.T.);
#5716=ORIENTED_EDGE('',*,*,#4453,.T.);
#5717=ORIENTED_EDGE('',*,*,#4456,.T.);
#5718=ORIENTED_EDGE('',*,*,#4459,.T.);
#5719=ORIENTED_EDGE('',*,*,#4460,.T.);
#5720=ORIENTED_EDGE('',*,*,#4464,.T.);
#5721=ORIENTED_EDGE('',*,*,#4468,.T.);
#5722=ORIENTED_EDGE('',*,*,#4472,.T.);
#5723=ORIENTED_EDGE('',*,*,#4509,.F.);
#5724=ORIENTED_EDGE('',*,*,#4510,.F.);
#5725=ORIENTED_EDGE('',*,*,#4511,.F.);
#5726=ORIENTED_EDGE('',*,*,#4512,.F.);
#5727=ORIENTED_EDGE('',*,*,#4513,.T.);
#5728=ORIENTED_EDGE('',*,*,#4514,.T.);
#5729=ORIENTED_EDGE('',*,*,#4506,.T.);
#5730=ORIENTED_EDGE('',*,*,#4515,.T.);
#5731=ORIENTED_EDGE('',*,*,#4514,.F.);
#5732=ORIENTED_EDGE('',*,*,#4516,.F.);
#5733=ORIENTED_EDGE('',*,*,#4517,.F.);
#5734=ORIENTED_EDGE('',*,*,#4507,.T.);
#5735=ORIENTED_EDGE('',*,*,#4508,.T.);
#5736=ORIENTED_EDGE('',*,*,#4517,.T.);
#5737=ORIENTED_EDGE('',*,*,#4518,.T.);
#5738=ORIENTED_EDGE('',*,*,#4481,.T.);
#5739=ORIENTED_EDGE('',*,*,#4519,.T.);
#5740=ORIENTED_EDGE('',*,*,#4520,.T.);
#5741=ORIENTED_EDGE('',*,*,#4498,.T.);
#5742=ORIENTED_EDGE('',*,*,#4521,.T.);
#5743=ORIENTED_EDGE('',*,*,#4521,.F.);
#5744=ORIENTED_EDGE('',*,*,#4497,.T.);
#5745=ORIENTED_EDGE('',*,*,#4522,.F.);
#5746=ORIENTED_EDGE('',*,*,#4523,.F.);
#5747=ORIENTED_EDGE('',*,*,#4496,.T.);
#5748=ORIENTED_EDGE('',*,*,#4524,.T.);
#5749=ORIENTED_EDGE('',*,*,#4525,.T.);
#5750=ORIENTED_EDGE('',*,*,#4522,.T.);
#5751=ORIENTED_EDGE('',*,*,#4524,.F.);
#5752=ORIENTED_EDGE('',*,*,#4495,.T.);
#5753=ORIENTED_EDGE('',*,*,#4526,.F.);
#5754=ORIENTED_EDGE('',*,*,#4527,.F.);
#5755=ORIENTED_EDGE('',*,*,#4494,.T.);
#5756=ORIENTED_EDGE('',*,*,#4528,.T.);
#5757=ORIENTED_EDGE('',*,*,#4529,.T.);
#5758=ORIENTED_EDGE('',*,*,#4526,.T.);
#5759=ORIENTED_EDGE('',*,*,#4528,.F.);
#5760=ORIENTED_EDGE('',*,*,#4493,.T.);
#5761=ORIENTED_EDGE('',*,*,#4530,.F.);
#5762=ORIENTED_EDGE('',*,*,#4531,.F.);
#5763=ORIENTED_EDGE('',*,*,#4532,.T.);
#5764=ORIENTED_EDGE('',*,*,#4530,.T.);
#5765=ORIENTED_EDGE('',*,*,#4492,.T.);
#5766=ORIENTED_EDGE('',*,*,#4533,.T.);
#5767=ORIENTED_EDGE('',*,*,#4533,.F.);
#5768=ORIENTED_EDGE('',*,*,#4491,.T.);
#5769=ORIENTED_EDGE('',*,*,#4534,.F.);
#5770=ORIENTED_EDGE('',*,*,#4535,.F.);
#5771=ORIENTED_EDGE('',*,*,#4536,.T.);
#5772=ORIENTED_EDGE('',*,*,#4537,.T.);
#5773=ORIENTED_EDGE('',*,*,#4502,.T.);
#5774=ORIENTED_EDGE('',*,*,#4538,.T.);
#5775=ORIENTED_EDGE('',*,*,#4537,.F.);
#5776=ORIENTED_EDGE('',*,*,#4539,.F.);
#5777=ORIENTED_EDGE('',*,*,#4540,.F.);
#5778=ORIENTED_EDGE('',*,*,#4503,.T.);
#5779=ORIENTED_EDGE('',*,*,#4541,.T.);
#5780=ORIENTED_EDGE('',*,*,#4542,.T.);
#5781=ORIENTED_EDGE('',*,*,#4504,.T.);
#5782=ORIENTED_EDGE('',*,*,#4540,.T.);
#5783=ORIENTED_EDGE('',*,*,#4543,.T.);
#5784=ORIENTED_EDGE('',*,*,#4544,.T.);
#5785=ORIENTED_EDGE('',*,*,#4500,.T.);
#5786=ORIENTED_EDGE('',*,*,#4545,.T.);
#5787=ORIENTED_EDGE('',*,*,#4520,.F.);
#5788=ORIENTED_EDGE('',*,*,#4546,.F.);
#5789=ORIENTED_EDGE('',*,*,#4545,.F.);
#5790=ORIENTED_EDGE('',*,*,#4499,.T.);
#5791=ORIENTED_EDGE('',*,*,#4547,.T.);
#5792=ORIENTED_EDGE('',*,*,#4534,.T.);
#5793=ORIENTED_EDGE('',*,*,#4490,.T.);
#5794=ORIENTED_EDGE('',*,*,#4548,.T.);
#5795=ORIENTED_EDGE('',*,*,#4475,.F.);
#5796=ORIENTED_EDGE('',*,*,#4549,.T.);
#5797=ORIENTED_EDGE('',*,*,#4473,.T.);
#5798=ORIENTED_EDGE('',*,*,#4549,.F.);
#5799=ORIENTED_EDGE('',*,*,#4550,.F.);
#5800=ORIENTED_EDGE('',*,*,#4551,.T.);
#5801=ORIENTED_EDGE('',*,*,#4512,.T.);
#5802=ORIENTED_EDGE('',*,*,#4551,.F.);
#5803=ORIENTED_EDGE('',*,*,#4552,.F.);
#5804=ORIENTED_EDGE('',*,*,#4553,.T.);
#5805=ORIENTED_EDGE('',*,*,#4511,.T.);
#5806=ORIENTED_EDGE('',*,*,#4553,.F.);
#5807=ORIENTED_EDGE('',*,*,#4554,.F.);
#5808=ORIENTED_EDGE('',*,*,#4555,.T.);
#5809=ORIENTED_EDGE('',*,*,#4510,.T.);
#5810=ORIENTED_EDGE('',*,*,#4555,.F.);
#5811=ORIENTED_EDGE('',*,*,#4556,.F.);
#5812=ORIENTED_EDGE('',*,*,#4557,.T.);
#5813=ORIENTED_EDGE('',*,*,#4509,.T.);
#5814=ORIENTED_EDGE('',*,*,#4557,.F.);
#5815=ORIENTED_EDGE('',*,*,#4467,.F.);
#5816=ORIENTED_EDGE('',*,*,#4558,.T.);
#5817=ORIENTED_EDGE('',*,*,#4465,.T.);
#5818=ORIENTED_EDGE('',*,*,#4558,.F.);
#5819=ORIENTED_EDGE('',*,*,#4463,.F.);
#5820=ORIENTED_EDGE('',*,*,#4559,.T.);
#5821=ORIENTED_EDGE('',*,*,#4461,.T.);
#5822=ORIENTED_EDGE('',*,*,#4559,.F.);
#5823=ORIENTED_EDGE('',*,*,#4471,.F.);
#5824=ORIENTED_EDGE('',*,*,#4560,.T.);
#5825=ORIENTED_EDGE('',*,*,#4469,.T.);
#5826=ORIENTED_EDGE('',*,*,#4560,.F.);
#5827=ORIENTED_EDGE('',*,*,#4538,.F.);
#5828=ORIENTED_EDGE('',*,*,#4501,.T.);
#5829=ORIENTED_EDGE('',*,*,#4544,.F.);
#5830=ORIENTED_EDGE('',*,*,#4561,.F.);
#5831=ORIENTED_EDGE('',*,*,#4515,.F.);
#5832=ORIENTED_EDGE('',*,*,#4505,.T.);
#5833=ORIENTED_EDGE('',*,*,#4542,.F.);
#5834=ORIENTED_EDGE('',*,*,#4562,.F.);
#5835=ORIENTED_EDGE('',*,*,#4484,.F.);
#5836=ORIENTED_EDGE('',*,*,#4563,.F.);
#5837=ORIENTED_EDGE('',*,*,#4548,.F.);
#5838=ORIENTED_EDGE('',*,*,#4489,.T.);
#5839=ORIENTED_EDGE('',*,*,#4483,.F.);
#5840=ORIENTED_EDGE('',*,*,#4487,.T.);
#5841=ORIENTED_EDGE('',*,*,#4478,.F.);
#5842=ORIENTED_EDGE('',*,*,#4482,.T.);
#5843=ORIENTED_EDGE('',*,*,#4518,.F.);
#5844=ORIENTED_EDGE('',*,*,#4516,.T.);
#5845=ORIENTED_EDGE('',*,*,#4513,.F.);
#5846=ORIENTED_EDGE('',*,*,#4562,.T.);
#5847=ORIENTED_EDGE('',*,*,#4541,.F.);
#5848=ORIENTED_EDGE('',*,*,#4539,.T.);
#5849=ORIENTED_EDGE('',*,*,#4536,.F.);
#5850=ORIENTED_EDGE('',*,*,#4561,.T.);
#5851=ORIENTED_EDGE('',*,*,#4543,.F.);
#5852=ORIENTED_EDGE('',*,*,#4546,.T.);
#5853=ORIENTED_EDGE('',*,*,#4519,.F.);
#5854=ORIENTED_EDGE('',*,*,#4523,.T.);
#5855=ORIENTED_EDGE('',*,*,#4525,.F.);
#5856=ORIENTED_EDGE('',*,*,#4527,.T.);
#5857=ORIENTED_EDGE('',*,*,#4529,.F.);
#5858=ORIENTED_EDGE('',*,*,#4531,.T.);
#5859=ORIENTED_EDGE('',*,*,#4532,.F.);
#5860=ORIENTED_EDGE('',*,*,#4535,.T.);
#5861=ORIENTED_EDGE('',*,*,#4547,.F.);
#5862=ORIENTED_EDGE('',*,*,#4563,.T.);
#5863=ORIENTED_EDGE('',*,*,#4332,.T.);
#5864=ORIENTED_EDGE('',*,*,#4330,.F.);
#5865=ORIENTED_EDGE('',*,*,#4339,.T.);
#5866=ORIENTED_EDGE('',*,*,#4318,.F.);
#5867=ORIENTED_EDGE('',*,*,#4322,.T.);
#5868=ORIENTED_EDGE('',*,*,#4335,.F.);
#5869=ORIENTED_EDGE('',*,*,#4338,.T.);
#5870=ORIENTED_EDGE('',*,*,#4336,.F.);
#5871=ORIENTED_EDGE('',*,*,#4340,.T.);
#5872=ORIENTED_EDGE('',*,*,#4343,.T.);
#5873=ORIENTED_EDGE('',*,*,#4346,.T.);
#5874=ORIENTED_EDGE('',*,*,#4349,.T.);
#5875=ORIENTED_EDGE('',*,*,#4352,.T.);
#5876=ORIENTED_EDGE('',*,*,#4355,.T.);
#5877=ORIENTED_EDGE('',*,*,#4358,.T.);
#5878=ORIENTED_EDGE('',*,*,#4361,.T.);
#5879=ORIENTED_EDGE('',*,*,#4364,.T.);
#5880=ORIENTED_EDGE('',*,*,#4367,.T.);
#5881=ORIENTED_EDGE('',*,*,#4370,.T.);
#5882=ORIENTED_EDGE('',*,*,#4373,.T.);
#5883=ORIENTED_EDGE('',*,*,#4376,.T.);
#5884=ORIENTED_EDGE('',*,*,#4379,.T.);
#5885=ORIENTED_EDGE('',*,*,#4382,.T.);
#5886=ORIENTED_EDGE('',*,*,#4385,.T.);
#5887=ORIENTED_EDGE('',*,*,#4388,.T.);
#5888=ORIENTED_EDGE('',*,*,#4391,.T.);
#5889=ORIENTED_EDGE('',*,*,#4394,.T.);
#5890=ORIENTED_EDGE('',*,*,#4397,.T.);
#5891=ORIENTED_EDGE('',*,*,#4400,.T.);
#5892=ORIENTED_EDGE('',*,*,#4403,.T.);
#5893=ORIENTED_EDGE('',*,*,#4406,.T.);
#5894=ORIENTED_EDGE('',*,*,#4409,.T.);
#5895=ORIENTED_EDGE('',*,*,#4412,.T.);
#5896=ORIENTED_EDGE('',*,*,#4415,.T.);
#5897=ORIENTED_EDGE('',*,*,#4418,.T.);
#5898=ORIENTED_EDGE('',*,*,#4421,.T.);
#5899=ORIENTED_EDGE('',*,*,#4424,.T.);
#5900=ORIENTED_EDGE('',*,*,#4427,.T.);
#5901=ORIENTED_EDGE('',*,*,#4430,.T.);
#5902=ORIENTED_EDGE('',*,*,#4433,.T.);
#5903=ORIENTED_EDGE('',*,*,#4436,.T.);
#5904=ORIENTED_EDGE('',*,*,#4439,.T.);
#5905=ORIENTED_EDGE('',*,*,#4442,.T.);
#5906=ORIENTED_EDGE('',*,*,#4445,.T.);
#5907=ORIENTED_EDGE('',*,*,#4448,.T.);
#5908=ORIENTED_EDGE('',*,*,#4451,.T.);
#5909=ORIENTED_EDGE('',*,*,#4454,.T.);
#5910=ORIENTED_EDGE('',*,*,#4457,.T.);
#5911=ORIENTED_EDGE('',*,*,#4462,.T.);
#5912=ORIENTED_EDGE('',*,*,#4466,.T.);
#5913=ORIENTED_EDGE('',*,*,#4470,.T.);
#5914=ORIENTED_EDGE('',*,*,#4474,.T.);
#5915=ORIENTED_EDGE('',*,*,#4556,.T.);
#5916=ORIENTED_EDGE('',*,*,#4554,.T.);
#5917=ORIENTED_EDGE('',*,*,#4552,.T.);
#5918=ORIENTED_EDGE('',*,*,#4550,.T.);
#5919=ORIENTED_EDGE('',*,*,#4564,.F.);
#5920=ORIENTED_EDGE('',*,*,#4565,.F.);
#5921=ORIENTED_EDGE('',*,*,#4566,.F.);
#5922=ORIENTED_EDGE('',*,*,#4567,.T.);
#5923=ORIENTED_EDGE('',*,*,#4568,.F.);
#5924=ORIENTED_EDGE('',*,*,#4567,.F.);
#5925=ORIENTED_EDGE('',*,*,#4569,.F.);
#5926=ORIENTED_EDGE('',*,*,#4570,.T.);
#5927=ORIENTED_EDGE('',*,*,#4571,.F.);
#5928=ORIENTED_EDGE('',*,*,#4570,.F.);
#5929=ORIENTED_EDGE('',*,*,#4572,.F.);
#5930=ORIENTED_EDGE('',*,*,#4573,.T.);
#5931=ORIENTED_EDGE('',*,*,#4574,.F.);
#5932=ORIENTED_EDGE('',*,*,#4573,.F.);
#5933=ORIENTED_EDGE('',*,*,#4575,.F.);
#5934=ORIENTED_EDGE('',*,*,#4565,.T.);
#5935=ORIENTED_EDGE('',*,*,#4576,.F.);
#5936=ORIENTED_EDGE('',*,*,#4577,.F.);
#5937=ORIENTED_EDGE('',*,*,#4578,.F.);
#5938=ORIENTED_EDGE('',*,*,#4579,.T.);
#5939=ORIENTED_EDGE('',*,*,#4580,.F.);
#5940=ORIENTED_EDGE('',*,*,#4579,.F.);
#5941=ORIENTED_EDGE('',*,*,#4581,.F.);
#5942=ORIENTED_EDGE('',*,*,#4582,.T.);
#5943=ORIENTED_EDGE('',*,*,#4583,.F.);
#5944=ORIENTED_EDGE('',*,*,#4582,.F.);
#5945=ORIENTED_EDGE('',*,*,#4584,.F.);
#5946=ORIENTED_EDGE('',*,*,#4585,.T.);
#5947=ORIENTED_EDGE('',*,*,#4586,.F.);
#5948=ORIENTED_EDGE('',*,*,#4585,.F.);
#5949=ORIENTED_EDGE('',*,*,#4587,.F.);
#5950=ORIENTED_EDGE('',*,*,#4577,.T.);
#5951=ORIENTED_EDGE('',*,*,#4588,.F.);
#5952=ORIENTED_EDGE('',*,*,#4589,.F.);
#5953=ORIENTED_EDGE('',*,*,#4590,.F.);
#5954=ORIENTED_EDGE('',*,*,#4591,.T.);
#5955=ORIENTED_EDGE('',*,*,#4592,.F.);
#5956=ORIENTED_EDGE('',*,*,#4591,.F.);
#5957=ORIENTED_EDGE('',*,*,#4593,.F.);
#5958=ORIENTED_EDGE('',*,*,#4594,.T.);
#5959=ORIENTED_EDGE('',*,*,#4595,.F.);
#5960=ORIENTED_EDGE('',*,*,#4594,.F.);
#5961=ORIENTED_EDGE('',*,*,#4596,.F.);
#5962=ORIENTED_EDGE('',*,*,#4597,.T.);
#5963=ORIENTED_EDGE('',*,*,#4598,.F.);
#5964=ORIENTED_EDGE('',*,*,#4597,.F.);
#5965=ORIENTED_EDGE('',*,*,#4599,.F.);
#5966=ORIENTED_EDGE('',*,*,#4589,.T.);
#5967=ORIENTED_EDGE('',*,*,#4600,.F.);
#5968=ORIENTED_EDGE('',*,*,#4601,.F.);
#5969=ORIENTED_EDGE('',*,*,#4602,.F.);
#5970=ORIENTED_EDGE('',*,*,#4603,.T.);
#5971=ORIENTED_EDGE('',*,*,#4604,.F.);
#5972=ORIENTED_EDGE('',*,*,#4603,.F.);
#5973=ORIENTED_EDGE('',*,*,#4605,.F.);
#5974=ORIENTED_EDGE('',*,*,#4606,.T.);
#5975=ORIENTED_EDGE('',*,*,#4607,.F.);
#5976=ORIENTED_EDGE('',*,*,#4606,.F.);
#5977=ORIENTED_EDGE('',*,*,#4608,.F.);
#5978=ORIENTED_EDGE('',*,*,#4609,.T.);
#5979=ORIENTED_EDGE('',*,*,#4610,.F.);
#5980=ORIENTED_EDGE('',*,*,#4609,.F.);
#5981=ORIENTED_EDGE('',*,*,#4611,.F.);
#5982=ORIENTED_EDGE('',*,*,#4601,.T.);
#5983=ORIENTED_EDGE('',*,*,#4612,.F.);
#5984=ORIENTED_EDGE('',*,*,#4613,.F.);
#5985=ORIENTED_EDGE('',*,*,#4614,.F.);
#5986=ORIENTED_EDGE('',*,*,#4615,.T.);
#5987=ORIENTED_EDGE('',*,*,#4616,.F.);
#5988=ORIENTED_EDGE('',*,*,#4615,.F.);
#5989=ORIENTED_EDGE('',*,*,#4617,.F.);
#5990=ORIENTED_EDGE('',*,*,#4618,.T.);
#5991=ORIENTED_EDGE('',*,*,#4619,.F.);
#5992=ORIENTED_EDGE('',*,*,#4618,.F.);
#5993=ORIENTED_EDGE('',*,*,#4620,.F.);
#5994=ORIENTED_EDGE('',*,*,#4621,.T.);
#5995=ORIENTED_EDGE('',*,*,#4622,.F.);
#5996=ORIENTED_EDGE('',*,*,#4621,.F.);
#5997=ORIENTED_EDGE('',*,*,#4623,.F.);
#5998=ORIENTED_EDGE('',*,*,#4613,.T.);
#5999=ORIENTED_EDGE('',*,*,#4624,.F.);
#6000=ORIENTED_EDGE('',*,*,#4625,.F.);
#6001=ORIENTED_EDGE('',*,*,#4626,.F.);
#6002=ORIENTED_EDGE('',*,*,#4627,.T.);
#6003=ORIENTED_EDGE('',*,*,#4628,.F.);
#6004=ORIENTED_EDGE('',*,*,#4627,.F.);
#6005=ORIENTED_EDGE('',*,*,#4629,.F.);
#6006=ORIENTED_EDGE('',*,*,#4630,.T.);
#6007=ORIENTED_EDGE('',*,*,#4631,.F.);
#6008=ORIENTED_EDGE('',*,*,#4630,.F.);
#6009=ORIENTED_EDGE('',*,*,#4632,.F.);
#6010=ORIENTED_EDGE('',*,*,#4633,.T.);
#6011=ORIENTED_EDGE('',*,*,#4634,.F.);
#6012=ORIENTED_EDGE('',*,*,#4633,.F.);
#6013=ORIENTED_EDGE('',*,*,#4635,.F.);
#6014=ORIENTED_EDGE('',*,*,#4625,.T.);
#6015=ORIENTED_EDGE('',*,*,#4636,.F.);
#6016=ORIENTED_EDGE('',*,*,#4637,.F.);
#6017=ORIENTED_EDGE('',*,*,#4638,.F.);
#6018=ORIENTED_EDGE('',*,*,#4639,.T.);
#6019=ORIENTED_EDGE('',*,*,#4640,.F.);
#6020=ORIENTED_EDGE('',*,*,#4639,.F.);
#6021=ORIENTED_EDGE('',*,*,#4641,.F.);
#6022=ORIENTED_EDGE('',*,*,#4642,.T.);
#6023=ORIENTED_EDGE('',*,*,#4643,.F.);
#6024=ORIENTED_EDGE('',*,*,#4642,.F.);
#6025=ORIENTED_EDGE('',*,*,#4644,.F.);
#6026=ORIENTED_EDGE('',*,*,#4645,.T.);
#6027=ORIENTED_EDGE('',*,*,#4646,.F.);
#6028=ORIENTED_EDGE('',*,*,#4645,.F.);
#6029=ORIENTED_EDGE('',*,*,#4647,.F.);
#6030=ORIENTED_EDGE('',*,*,#4637,.T.);
#6031=ORIENTED_EDGE('',*,*,#4648,.F.);
#6032=ORIENTED_EDGE('',*,*,#4649,.F.);
#6033=ORIENTED_EDGE('',*,*,#4650,.F.);
#6034=ORIENTED_EDGE('',*,*,#4651,.T.);
#6035=ORIENTED_EDGE('',*,*,#4652,.F.);
#6036=ORIENTED_EDGE('',*,*,#4651,.F.);
#6037=ORIENTED_EDGE('',*,*,#4653,.F.);
#6038=ORIENTED_EDGE('',*,*,#4654,.T.);
#6039=ORIENTED_EDGE('',*,*,#4655,.F.);
#6040=ORIENTED_EDGE('',*,*,#4654,.F.);
#6041=ORIENTED_EDGE('',*,*,#4656,.F.);
#6042=ORIENTED_EDGE('',*,*,#4657,.T.);
#6043=ORIENTED_EDGE('',*,*,#4658,.F.);
#6044=ORIENTED_EDGE('',*,*,#4657,.F.);
#6045=ORIENTED_EDGE('',*,*,#4659,.F.);
#6046=ORIENTED_EDGE('',*,*,#4649,.T.);
#6047=ORIENTED_EDGE('',*,*,#4660,.F.);
#6048=ORIENTED_EDGE('',*,*,#4661,.F.);
#6049=ORIENTED_EDGE('',*,*,#4662,.F.);
#6050=ORIENTED_EDGE('',*,*,#4663,.T.);
#6051=ORIENTED_EDGE('',*,*,#4664,.F.);
#6052=ORIENTED_EDGE('',*,*,#4663,.F.);
#6053=ORIENTED_EDGE('',*,*,#4665,.F.);
#6054=ORIENTED_EDGE('',*,*,#4666,.T.);
#6055=ORIENTED_EDGE('',*,*,#4667,.F.);
#6056=ORIENTED_EDGE('',*,*,#4666,.F.);
#6057=ORIENTED_EDGE('',*,*,#4668,.F.);
#6058=ORIENTED_EDGE('',*,*,#4669,.T.);
#6059=ORIENTED_EDGE('',*,*,#4670,.F.);
#6060=ORIENTED_EDGE('',*,*,#4669,.F.);
#6061=ORIENTED_EDGE('',*,*,#4671,.F.);
#6062=ORIENTED_EDGE('',*,*,#4661,.T.);
#6063=ORIENTED_EDGE('',*,*,#4672,.F.);
#6064=ORIENTED_EDGE('',*,*,#4673,.F.);
#6065=ORIENTED_EDGE('',*,*,#4674,.F.);
#6066=ORIENTED_EDGE('',*,*,#4675,.T.);
#6067=ORIENTED_EDGE('',*,*,#4676,.F.);
#6068=ORIENTED_EDGE('',*,*,#4675,.F.);
#6069=ORIENTED_EDGE('',*,*,#4677,.F.);
#6070=ORIENTED_EDGE('',*,*,#4678,.T.);
#6071=ORIENTED_EDGE('',*,*,#4679,.F.);
#6072=ORIENTED_EDGE('',*,*,#4678,.F.);
#6073=ORIENTED_EDGE('',*,*,#4680,.F.);
#6074=ORIENTED_EDGE('',*,*,#4681,.T.);
#6075=ORIENTED_EDGE('',*,*,#4682,.F.);
#6076=ORIENTED_EDGE('',*,*,#4681,.F.);
#6077=ORIENTED_EDGE('',*,*,#4683,.F.);
#6078=ORIENTED_EDGE('',*,*,#4673,.T.);
#6079=ORIENTED_EDGE('',*,*,#4684,.F.);
#6080=ORIENTED_EDGE('',*,*,#4685,.F.);
#6081=ORIENTED_EDGE('',*,*,#4686,.F.);
#6082=ORIENTED_EDGE('',*,*,#4687,.T.);
#6083=ORIENTED_EDGE('',*,*,#4688,.F.);
#6084=ORIENTED_EDGE('',*,*,#4687,.F.);
#6085=ORIENTED_EDGE('',*,*,#4689,.F.);
#6086=ORIENTED_EDGE('',*,*,#4690,.T.);
#6087=ORIENTED_EDGE('',*,*,#4691,.F.);
#6088=ORIENTED_EDGE('',*,*,#4690,.F.);
#6089=ORIENTED_EDGE('',*,*,#4692,.F.);
#6090=ORIENTED_EDGE('',*,*,#4693,.T.);
#6091=ORIENTED_EDGE('',*,*,#4694,.F.);
#6092=ORIENTED_EDGE('',*,*,#4693,.F.);
#6093=ORIENTED_EDGE('',*,*,#4695,.F.);
#6094=ORIENTED_EDGE('',*,*,#4685,.T.);
#6095=ORIENTED_EDGE('',*,*,#4696,.F.);
#6096=ORIENTED_EDGE('',*,*,#4697,.F.);
#6097=ORIENTED_EDGE('',*,*,#4698,.F.);
#6098=ORIENTED_EDGE('',*,*,#4699,.T.);
#6099=ORIENTED_EDGE('',*,*,#4700,.F.);
#6100=ORIENTED_EDGE('',*,*,#4699,.F.);
#6101=ORIENTED_EDGE('',*,*,#4701,.F.);
#6102=ORIENTED_EDGE('',*,*,#4702,.T.);
#6103=ORIENTED_EDGE('',*,*,#4703,.F.);
#6104=ORIENTED_EDGE('',*,*,#4702,.F.);
#6105=ORIENTED_EDGE('',*,*,#4704,.F.);
#6106=ORIENTED_EDGE('',*,*,#4705,.T.);
#6107=ORIENTED_EDGE('',*,*,#4706,.F.);
#6108=ORIENTED_EDGE('',*,*,#4705,.F.);
#6109=ORIENTED_EDGE('',*,*,#4707,.F.);
#6110=ORIENTED_EDGE('',*,*,#4697,.T.);
#6111=ORIENTED_EDGE('',*,*,#4708,.F.);
#6112=ORIENTED_EDGE('',*,*,#4709,.F.);
#6113=ORIENTED_EDGE('',*,*,#4710,.F.);
#6114=ORIENTED_EDGE('',*,*,#4711,.T.);
#6115=ORIENTED_EDGE('',*,*,#4712,.F.);
#6116=ORIENTED_EDGE('',*,*,#4711,.F.);
#6117=ORIENTED_EDGE('',*,*,#4713,.F.);
#6118=ORIENTED_EDGE('',*,*,#4714,.T.);
#6119=ORIENTED_EDGE('',*,*,#4715,.F.);
#6120=ORIENTED_EDGE('',*,*,#4714,.F.);
#6121=ORIENTED_EDGE('',*,*,#4716,.F.);
#6122=ORIENTED_EDGE('',*,*,#4717,.T.);
#6123=ORIENTED_EDGE('',*,*,#4718,.F.);
#6124=ORIENTED_EDGE('',*,*,#4717,.F.);
#6125=ORIENTED_EDGE('',*,*,#4719,.F.);
#6126=ORIENTED_EDGE('',*,*,#4709,.T.);
#6127=ORIENTED_EDGE('',*,*,#4720,.F.);
#6128=ORIENTED_EDGE('',*,*,#4721,.F.);
#6129=ORIENTED_EDGE('',*,*,#4722,.F.);
#6130=ORIENTED_EDGE('',*,*,#4723,.T.);
#6131=ORIENTED_EDGE('',*,*,#4724,.F.);
#6132=ORIENTED_EDGE('',*,*,#4723,.F.);
#6133=ORIENTED_EDGE('',*,*,#4725,.F.);
#6134=ORIENTED_EDGE('',*,*,#4726,.T.);
#6135=ORIENTED_EDGE('',*,*,#4727,.F.);
#6136=ORIENTED_EDGE('',*,*,#4726,.F.);
#6137=ORIENTED_EDGE('',*,*,#4728,.F.);
#6138=ORIENTED_EDGE('',*,*,#4729,.T.);
#6139=ORIENTED_EDGE('',*,*,#4730,.F.);
#6140=ORIENTED_EDGE('',*,*,#4729,.F.);
#6141=ORIENTED_EDGE('',*,*,#4731,.F.);
#6142=ORIENTED_EDGE('',*,*,#4721,.T.);
#6143=ORIENTED_EDGE('',*,*,#4732,.F.);
#6144=ORIENTED_EDGE('',*,*,#4733,.F.);
#6145=ORIENTED_EDGE('',*,*,#4734,.F.);
#6146=ORIENTED_EDGE('',*,*,#4735,.T.);
#6147=ORIENTED_EDGE('',*,*,#4736,.F.);
#6148=ORIENTED_EDGE('',*,*,#4735,.F.);
#6149=ORIENTED_EDGE('',*,*,#4737,.F.);
#6150=ORIENTED_EDGE('',*,*,#4738,.T.);
#6151=ORIENTED_EDGE('',*,*,#4739,.F.);
#6152=ORIENTED_EDGE('',*,*,#4738,.F.);
#6153=ORIENTED_EDGE('',*,*,#4740,.F.);
#6154=ORIENTED_EDGE('',*,*,#4741,.T.);
#6155=ORIENTED_EDGE('',*,*,#4742,.F.);
#6156=ORIENTED_EDGE('',*,*,#4741,.F.);
#6157=ORIENTED_EDGE('',*,*,#4743,.F.);
#6158=ORIENTED_EDGE('',*,*,#4733,.T.);
#6159=ORIENTED_EDGE('',*,*,#4744,.F.);
#6160=ORIENTED_EDGE('',*,*,#4745,.F.);
#6161=ORIENTED_EDGE('',*,*,#4746,.F.);
#6162=ORIENTED_EDGE('',*,*,#4747,.T.);
#6163=ORIENTED_EDGE('',*,*,#4748,.F.);
#6164=ORIENTED_EDGE('',*,*,#4747,.F.);
#6165=ORIENTED_EDGE('',*,*,#4749,.F.);
#6166=ORIENTED_EDGE('',*,*,#4750,.T.);
#6167=ORIENTED_EDGE('',*,*,#4751,.F.);
#6168=ORIENTED_EDGE('',*,*,#4750,.F.);
#6169=ORIENTED_EDGE('',*,*,#4752,.F.);
#6170=ORIENTED_EDGE('',*,*,#4753,.T.);
#6171=ORIENTED_EDGE('',*,*,#4754,.F.);
#6172=ORIENTED_EDGE('',*,*,#4753,.F.);
#6173=ORIENTED_EDGE('',*,*,#4755,.F.);
#6174=ORIENTED_EDGE('',*,*,#4745,.T.);
#6175=ORIENTED_EDGE('',*,*,#4756,.F.);
#6176=ORIENTED_EDGE('',*,*,#4757,.F.);
#6177=ORIENTED_EDGE('',*,*,#4758,.F.);
#6178=ORIENTED_EDGE('',*,*,#4759,.T.);
#6179=ORIENTED_EDGE('',*,*,#4760,.F.);
#6180=ORIENTED_EDGE('',*,*,#4759,.F.);
#6181=ORIENTED_EDGE('',*,*,#4761,.F.);
#6182=ORIENTED_EDGE('',*,*,#4762,.T.);
#6183=ORIENTED_EDGE('',*,*,#4763,.F.);
#6184=ORIENTED_EDGE('',*,*,#4762,.F.);
#6185=ORIENTED_EDGE('',*,*,#4764,.F.);
#6186=ORIENTED_EDGE('',*,*,#4765,.T.);
#6187=ORIENTED_EDGE('',*,*,#4766,.F.);
#6188=ORIENTED_EDGE('',*,*,#4765,.F.);
#6189=ORIENTED_EDGE('',*,*,#4767,.F.);
#6190=ORIENTED_EDGE('',*,*,#4757,.T.);
#6191=ORIENTED_EDGE('',*,*,#4768,.F.);
#6192=ORIENTED_EDGE('',*,*,#4769,.F.);
#6193=ORIENTED_EDGE('',*,*,#4770,.F.);
#6194=ORIENTED_EDGE('',*,*,#4771,.T.);
#6195=ORIENTED_EDGE('',*,*,#4772,.F.);
#6196=ORIENTED_EDGE('',*,*,#4771,.F.);
#6197=ORIENTED_EDGE('',*,*,#4773,.F.);
#6198=ORIENTED_EDGE('',*,*,#4774,.T.);
#6199=ORIENTED_EDGE('',*,*,#4775,.F.);
#6200=ORIENTED_EDGE('',*,*,#4774,.F.);
#6201=ORIENTED_EDGE('',*,*,#4776,.F.);
#6202=ORIENTED_EDGE('',*,*,#4777,.T.);
#6203=ORIENTED_EDGE('',*,*,#4778,.F.);
#6204=ORIENTED_EDGE('',*,*,#4777,.F.);
#6205=ORIENTED_EDGE('',*,*,#4779,.F.);
#6206=ORIENTED_EDGE('',*,*,#4769,.T.);
#6207=ORIENTED_EDGE('',*,*,#4780,.F.);
#6208=ORIENTED_EDGE('',*,*,#4781,.F.);
#6209=ORIENTED_EDGE('',*,*,#4782,.F.);
#6210=ORIENTED_EDGE('',*,*,#4783,.T.);
#6211=ORIENTED_EDGE('',*,*,#4784,.F.);
#6212=ORIENTED_EDGE('',*,*,#4783,.F.);
#6213=ORIENTED_EDGE('',*,*,#4785,.F.);
#6214=ORIENTED_EDGE('',*,*,#4786,.T.);
#6215=ORIENTED_EDGE('',*,*,#4787,.F.);
#6216=ORIENTED_EDGE('',*,*,#4786,.F.);
#6217=ORIENTED_EDGE('',*,*,#4788,.F.);
#6218=ORIENTED_EDGE('',*,*,#4789,.T.);
#6219=ORIENTED_EDGE('',*,*,#4790,.F.);
#6220=ORIENTED_EDGE('',*,*,#4789,.F.);
#6221=ORIENTED_EDGE('',*,*,#4791,.F.);
#6222=ORIENTED_EDGE('',*,*,#4781,.T.);
#6223=ORIENTED_EDGE('',*,*,#4792,.F.);
#6224=ORIENTED_EDGE('',*,*,#4793,.F.);
#6225=ORIENTED_EDGE('',*,*,#4794,.F.);
#6226=ORIENTED_EDGE('',*,*,#4795,.T.);
#6227=ORIENTED_EDGE('',*,*,#4796,.F.);
#6228=ORIENTED_EDGE('',*,*,#4795,.F.);
#6229=ORIENTED_EDGE('',*,*,#4797,.F.);
#6230=ORIENTED_EDGE('',*,*,#4798,.T.);
#6231=ORIENTED_EDGE('',*,*,#4799,.F.);
#6232=ORIENTED_EDGE('',*,*,#4798,.F.);
#6233=ORIENTED_EDGE('',*,*,#4800,.F.);
#6234=ORIENTED_EDGE('',*,*,#4801,.T.);
#6235=ORIENTED_EDGE('',*,*,#4802,.F.);
#6236=ORIENTED_EDGE('',*,*,#4801,.F.);
#6237=ORIENTED_EDGE('',*,*,#4803,.F.);
#6238=ORIENTED_EDGE('',*,*,#4793,.T.);
#6239=ORIENTED_EDGE('',*,*,#4804,.F.);
#6240=ORIENTED_EDGE('',*,*,#4805,.F.);
#6241=ORIENTED_EDGE('',*,*,#4806,.F.);
#6242=ORIENTED_EDGE('',*,*,#4807,.T.);
#6243=ORIENTED_EDGE('',*,*,#4808,.F.);
#6244=ORIENTED_EDGE('',*,*,#4807,.F.);
#6245=ORIENTED_EDGE('',*,*,#4809,.F.);
#6246=ORIENTED_EDGE('',*,*,#4810,.T.);
#6247=ORIENTED_EDGE('',*,*,#4811,.F.);
#6248=ORIENTED_EDGE('',*,*,#4810,.F.);
#6249=ORIENTED_EDGE('',*,*,#4812,.F.);
#6250=ORIENTED_EDGE('',*,*,#4813,.T.);
#6251=ORIENTED_EDGE('',*,*,#4814,.F.);
#6252=ORIENTED_EDGE('',*,*,#4813,.F.);
#6253=ORIENTED_EDGE('',*,*,#4815,.F.);
#6254=ORIENTED_EDGE('',*,*,#4805,.T.);
#6255=ORIENTED_EDGE('',*,*,#4816,.F.);
#6256=ORIENTED_EDGE('',*,*,#4817,.F.);
#6257=ORIENTED_EDGE('',*,*,#4818,.F.);
#6258=ORIENTED_EDGE('',*,*,#4819,.T.);
#6259=ORIENTED_EDGE('',*,*,#4820,.F.);
#6260=ORIENTED_EDGE('',*,*,#4819,.F.);
#6261=ORIENTED_EDGE('',*,*,#4821,.F.);
#6262=ORIENTED_EDGE('',*,*,#4822,.T.);
#6263=ORIENTED_EDGE('',*,*,#4823,.F.);
#6264=ORIENTED_EDGE('',*,*,#4822,.F.);
#6265=ORIENTED_EDGE('',*,*,#4824,.F.);
#6266=ORIENTED_EDGE('',*,*,#4825,.T.);
#6267=ORIENTED_EDGE('',*,*,#4826,.F.);
#6268=ORIENTED_EDGE('',*,*,#4825,.F.);
#6269=ORIENTED_EDGE('',*,*,#4827,.F.);
#6270=ORIENTED_EDGE('',*,*,#4817,.T.);
#6271=ORIENTED_EDGE('',*,*,#4828,.F.);
#6272=ORIENTED_EDGE('',*,*,#4829,.F.);
#6273=ORIENTED_EDGE('',*,*,#4830,.F.);
#6274=ORIENTED_EDGE('',*,*,#4831,.T.);
#6275=ORIENTED_EDGE('',*,*,#4832,.F.);
#6276=ORIENTED_EDGE('',*,*,#4831,.F.);
#6277=ORIENTED_EDGE('',*,*,#4833,.F.);
#6278=ORIENTED_EDGE('',*,*,#4834,.T.);
#6279=ORIENTED_EDGE('',*,*,#4835,.F.);
#6280=ORIENTED_EDGE('',*,*,#4834,.F.);
#6281=ORIENTED_EDGE('',*,*,#4836,.F.);
#6282=ORIENTED_EDGE('',*,*,#4837,.T.);
#6283=ORIENTED_EDGE('',*,*,#4838,.F.);
#6284=ORIENTED_EDGE('',*,*,#4837,.F.);
#6285=ORIENTED_EDGE('',*,*,#4839,.F.);
#6286=ORIENTED_EDGE('',*,*,#4829,.T.);
#6287=ORIENTED_EDGE('',*,*,#4840,.F.);
#6288=ORIENTED_EDGE('',*,*,#4841,.F.);
#6289=ORIENTED_EDGE('',*,*,#4842,.F.);
#6290=ORIENTED_EDGE('',*,*,#4843,.T.);
#6291=ORIENTED_EDGE('',*,*,#4844,.F.);
#6292=ORIENTED_EDGE('',*,*,#4843,.F.);
#6293=ORIENTED_EDGE('',*,*,#4845,.F.);
#6294=ORIENTED_EDGE('',*,*,#4846,.T.);
#6295=ORIENTED_EDGE('',*,*,#4847,.F.);
#6296=ORIENTED_EDGE('',*,*,#4846,.F.);
#6297=ORIENTED_EDGE('',*,*,#4848,.F.);
#6298=ORIENTED_EDGE('',*,*,#4849,.T.);
#6299=ORIENTED_EDGE('',*,*,#4850,.F.);
#6300=ORIENTED_EDGE('',*,*,#4849,.F.);
#6301=ORIENTED_EDGE('',*,*,#4851,.F.);
#6302=ORIENTED_EDGE('',*,*,#4841,.T.);
#6303=ORIENTED_EDGE('',*,*,#4852,.F.);
#6304=ORIENTED_EDGE('',*,*,#4853,.F.);
#6305=ORIENTED_EDGE('',*,*,#4854,.F.);
#6306=ORIENTED_EDGE('',*,*,#4855,.T.);
#6307=ORIENTED_EDGE('',*,*,#4856,.F.);
#6308=ORIENTED_EDGE('',*,*,#4855,.F.);
#6309=ORIENTED_EDGE('',*,*,#4857,.F.);
#6310=ORIENTED_EDGE('',*,*,#4858,.T.);
#6311=ORIENTED_EDGE('',*,*,#4859,.F.);
#6312=ORIENTED_EDGE('',*,*,#4858,.F.);
#6313=ORIENTED_EDGE('',*,*,#4860,.F.);
#6314=ORIENTED_EDGE('',*,*,#4861,.T.);
#6315=ORIENTED_EDGE('',*,*,#4862,.F.);
#6316=ORIENTED_EDGE('',*,*,#4861,.F.);
#6317=ORIENTED_EDGE('',*,*,#4863,.F.);
#6318=ORIENTED_EDGE('',*,*,#4853,.T.);
#6319=ORIENTED_EDGE('',*,*,#4864,.F.);
#6320=ORIENTED_EDGE('',*,*,#4865,.F.);
#6321=ORIENTED_EDGE('',*,*,#4866,.F.);
#6322=ORIENTED_EDGE('',*,*,#4867,.T.);
#6323=ORIENTED_EDGE('',*,*,#4868,.F.);
#6324=ORIENTED_EDGE('',*,*,#4867,.F.);
#6325=ORIENTED_EDGE('',*,*,#4869,.F.);
#6326=ORIENTED_EDGE('',*,*,#4870,.T.);
#6327=ORIENTED_EDGE('',*,*,#4871,.F.);
#6328=ORIENTED_EDGE('',*,*,#4870,.F.);
#6329=ORIENTED_EDGE('',*,*,#4872,.F.);
#6330=ORIENTED_EDGE('',*,*,#4873,.T.);
#6331=ORIENTED_EDGE('',*,*,#4874,.F.);
#6332=ORIENTED_EDGE('',*,*,#4873,.F.);
#6333=ORIENTED_EDGE('',*,*,#4875,.F.);
#6334=ORIENTED_EDGE('',*,*,#4865,.T.);
#6335=ORIENTED_EDGE('',*,*,#4876,.F.);
#6336=ORIENTED_EDGE('',*,*,#4877,.F.);
#6337=ORIENTED_EDGE('',*,*,#4878,.F.);
#6338=ORIENTED_EDGE('',*,*,#4879,.T.);
#6339=ORIENTED_EDGE('',*,*,#4880,.F.);
#6340=ORIENTED_EDGE('',*,*,#4879,.F.);
#6341=ORIENTED_EDGE('',*,*,#4881,.F.);
#6342=ORIENTED_EDGE('',*,*,#4882,.T.);
#6343=ORIENTED_EDGE('',*,*,#4883,.F.);
#6344=ORIENTED_EDGE('',*,*,#4882,.F.);
#6345=ORIENTED_EDGE('',*,*,#4884,.F.);
#6346=ORIENTED_EDGE('',*,*,#4885,.T.);
#6347=ORIENTED_EDGE('',*,*,#4886,.F.);
#6348=ORIENTED_EDGE('',*,*,#4885,.F.);
#6349=ORIENTED_EDGE('',*,*,#4887,.F.);
#6350=ORIENTED_EDGE('',*,*,#4877,.T.);
#6351=ORIENTED_EDGE('',*,*,#4888,.F.);
#6352=ORIENTED_EDGE('',*,*,#4889,.F.);
#6353=ORIENTED_EDGE('',*,*,#4890,.F.);
#6354=ORIENTED_EDGE('',*,*,#4891,.T.);
#6355=ORIENTED_EDGE('',*,*,#4892,.F.);
#6356=ORIENTED_EDGE('',*,*,#4891,.F.);
#6357=ORIENTED_EDGE('',*,*,#4893,.F.);
#6358=ORIENTED_EDGE('',*,*,#4894,.T.);
#6359=ORIENTED_EDGE('',*,*,#4895,.F.);
#6360=ORIENTED_EDGE('',*,*,#4894,.F.);
#6361=ORIENTED_EDGE('',*,*,#4896,.F.);
#6362=ORIENTED_EDGE('',*,*,#4897,.T.);
#6363=ORIENTED_EDGE('',*,*,#4898,.F.);
#6364=ORIENTED_EDGE('',*,*,#4897,.F.);
#6365=ORIENTED_EDGE('',*,*,#4899,.F.);
#6366=ORIENTED_EDGE('',*,*,#4889,.T.);
#6367=ORIENTED_EDGE('',*,*,#4900,.F.);
#6368=ORIENTED_EDGE('',*,*,#4901,.F.);
#6369=ORIENTED_EDGE('',*,*,#4902,.F.);
#6370=ORIENTED_EDGE('',*,*,#4903,.T.);
#6371=ORIENTED_EDGE('',*,*,#4904,.F.);
#6372=ORIENTED_EDGE('',*,*,#4903,.F.);
#6373=ORIENTED_EDGE('',*,*,#4905,.F.);
#6374=ORIENTED_EDGE('',*,*,#4906,.T.);
#6375=ORIENTED_EDGE('',*,*,#4907,.F.);
#6376=ORIENTED_EDGE('',*,*,#4906,.F.);
#6377=ORIENTED_EDGE('',*,*,#4908,.F.);
#6378=ORIENTED_EDGE('',*,*,#4909,.T.);
#6379=ORIENTED_EDGE('',*,*,#4910,.F.);
#6380=ORIENTED_EDGE('',*,*,#4909,.F.);
#6381=ORIENTED_EDGE('',*,*,#4911,.F.);
#6382=ORIENTED_EDGE('',*,*,#4901,.T.);
#6383=ORIENTED_EDGE('',*,*,#4912,.F.);
#6384=ORIENTED_EDGE('',*,*,#4913,.F.);
#6385=ORIENTED_EDGE('',*,*,#4914,.F.);
#6386=ORIENTED_EDGE('',*,*,#4915,.T.);
#6387=ORIENTED_EDGE('',*,*,#4916,.F.);
#6388=ORIENTED_EDGE('',*,*,#4915,.F.);
#6389=ORIENTED_EDGE('',*,*,#4917,.F.);
#6390=ORIENTED_EDGE('',*,*,#4918,.T.);
#6391=ORIENTED_EDGE('',*,*,#4919,.F.);
#6392=ORIENTED_EDGE('',*,*,#4918,.F.);
#6393=ORIENTED_EDGE('',*,*,#4920,.F.);
#6394=ORIENTED_EDGE('',*,*,#4921,.T.);
#6395=ORIENTED_EDGE('',*,*,#4922,.F.);
#6396=ORIENTED_EDGE('',*,*,#4921,.F.);
#6397=ORIENTED_EDGE('',*,*,#4923,.F.);
#6398=ORIENTED_EDGE('',*,*,#4913,.T.);
#6399=ORIENTED_EDGE('',*,*,#4924,.F.);
#6400=ORIENTED_EDGE('',*,*,#4925,.F.);
#6401=ORIENTED_EDGE('',*,*,#4926,.F.);
#6402=ORIENTED_EDGE('',*,*,#4927,.T.);
#6403=ORIENTED_EDGE('',*,*,#4928,.F.);
#6404=ORIENTED_EDGE('',*,*,#4927,.F.);
#6405=ORIENTED_EDGE('',*,*,#4929,.F.);
#6406=ORIENTED_EDGE('',*,*,#4930,.T.);
#6407=ORIENTED_EDGE('',*,*,#4931,.F.);
#6408=ORIENTED_EDGE('',*,*,#4930,.F.);
#6409=ORIENTED_EDGE('',*,*,#4932,.F.);
#6410=ORIENTED_EDGE('',*,*,#4933,.T.);
#6411=ORIENTED_EDGE('',*,*,#4934,.F.);
#6412=ORIENTED_EDGE('',*,*,#4933,.F.);
#6413=ORIENTED_EDGE('',*,*,#4935,.F.);
#6414=ORIENTED_EDGE('',*,*,#4925,.T.);
#6415=ORIENTED_EDGE('',*,*,#4936,.F.);
#6416=ORIENTED_EDGE('',*,*,#4937,.F.);
#6417=ORIENTED_EDGE('',*,*,#4938,.F.);
#6418=ORIENTED_EDGE('',*,*,#4939,.T.);
#6419=ORIENTED_EDGE('',*,*,#4940,.F.);
#6420=ORIENTED_EDGE('',*,*,#4939,.F.);
#6421=ORIENTED_EDGE('',*,*,#4941,.F.);
#6422=ORIENTED_EDGE('',*,*,#4942,.T.);
#6423=ORIENTED_EDGE('',*,*,#4943,.F.);
#6424=ORIENTED_EDGE('',*,*,#4942,.F.);
#6425=ORIENTED_EDGE('',*,*,#4944,.F.);
#6426=ORIENTED_EDGE('',*,*,#4945,.T.);
#6427=ORIENTED_EDGE('',*,*,#4946,.F.);
#6428=ORIENTED_EDGE('',*,*,#4945,.F.);
#6429=ORIENTED_EDGE('',*,*,#4947,.F.);
#6430=ORIENTED_EDGE('',*,*,#4937,.T.);
#6431=ORIENTED_EDGE('',*,*,#4948,.F.);
#6432=ORIENTED_EDGE('',*,*,#4949,.F.);
#6433=ORIENTED_EDGE('',*,*,#4950,.F.);
#6434=ORIENTED_EDGE('',*,*,#4951,.T.);
#6435=ORIENTED_EDGE('',*,*,#4952,.F.);
#6436=ORIENTED_EDGE('',*,*,#4951,.F.);
#6437=ORIENTED_EDGE('',*,*,#4953,.F.);
#6438=ORIENTED_EDGE('',*,*,#4954,.T.);
#6439=ORIENTED_EDGE('',*,*,#4955,.F.);
#6440=ORIENTED_EDGE('',*,*,#4954,.F.);
#6441=ORIENTED_EDGE('',*,*,#4956,.F.);
#6442=ORIENTED_EDGE('',*,*,#4957,.T.);
#6443=ORIENTED_EDGE('',*,*,#4958,.F.);
#6444=ORIENTED_EDGE('',*,*,#4957,.F.);
#6445=ORIENTED_EDGE('',*,*,#4959,.F.);
#6446=ORIENTED_EDGE('',*,*,#4949,.T.);
#6447=ORIENTED_EDGE('',*,*,#4960,.F.);
#6448=ORIENTED_EDGE('',*,*,#4961,.F.);
#6449=ORIENTED_EDGE('',*,*,#4962,.F.);
#6450=ORIENTED_EDGE('',*,*,#4963,.T.);
#6451=ORIENTED_EDGE('',*,*,#4964,.F.);
#6452=ORIENTED_EDGE('',*,*,#4963,.F.);
#6453=ORIENTED_EDGE('',*,*,#4965,.F.);
#6454=ORIENTED_EDGE('',*,*,#4966,.T.);
#6455=ORIENTED_EDGE('',*,*,#4967,.F.);
#6456=ORIENTED_EDGE('',*,*,#4966,.F.);
#6457=ORIENTED_EDGE('',*,*,#4968,.F.);
#6458=ORIENTED_EDGE('',*,*,#4969,.T.);
#6459=ORIENTED_EDGE('',*,*,#4970,.F.);
#6460=ORIENTED_EDGE('',*,*,#4969,.F.);
#6461=ORIENTED_EDGE('',*,*,#4971,.F.);
#6462=ORIENTED_EDGE('',*,*,#4961,.T.);
#6463=ORIENTED_EDGE('',*,*,#4972,.F.);
#6464=ORIENTED_EDGE('',*,*,#4973,.F.);
#6465=ORIENTED_EDGE('',*,*,#4974,.F.);
#6466=ORIENTED_EDGE('',*,*,#4975,.T.);
#6467=ORIENTED_EDGE('',*,*,#4976,.F.);
#6468=ORIENTED_EDGE('',*,*,#4975,.F.);
#6469=ORIENTED_EDGE('',*,*,#4977,.F.);
#6470=ORIENTED_EDGE('',*,*,#4978,.T.);
#6471=ORIENTED_EDGE('',*,*,#4979,.F.);
#6472=ORIENTED_EDGE('',*,*,#4978,.F.);
#6473=ORIENTED_EDGE('',*,*,#4980,.F.);
#6474=ORIENTED_EDGE('',*,*,#4981,.T.);
#6475=ORIENTED_EDGE('',*,*,#4982,.F.);
#6476=ORIENTED_EDGE('',*,*,#4981,.F.);
#6477=ORIENTED_EDGE('',*,*,#4983,.F.);
#6478=ORIENTED_EDGE('',*,*,#4973,.T.);
#6479=ORIENTED_EDGE('',*,*,#4984,.F.);
#6480=ORIENTED_EDGE('',*,*,#4985,.F.);
#6481=ORIENTED_EDGE('',*,*,#4986,.F.);
#6482=ORIENTED_EDGE('',*,*,#4987,.T.);
#6483=ORIENTED_EDGE('',*,*,#4988,.F.);
#6484=ORIENTED_EDGE('',*,*,#4987,.F.);
#6485=ORIENTED_EDGE('',*,*,#4989,.F.);
#6486=ORIENTED_EDGE('',*,*,#4990,.T.);
#6487=ORIENTED_EDGE('',*,*,#4991,.F.);
#6488=ORIENTED_EDGE('',*,*,#4990,.F.);
#6489=ORIENTED_EDGE('',*,*,#4992,.F.);
#6490=ORIENTED_EDGE('',*,*,#4993,.T.);
#6491=ORIENTED_EDGE('',*,*,#4994,.F.);
#6492=ORIENTED_EDGE('',*,*,#4993,.F.);
#6493=ORIENTED_EDGE('',*,*,#4995,.F.);
#6494=ORIENTED_EDGE('',*,*,#4985,.T.);
#6495=ORIENTED_EDGE('',*,*,#4996,.F.);
#6496=ORIENTED_EDGE('',*,*,#4997,.F.);
#6497=ORIENTED_EDGE('',*,*,#4998,.F.);
#6498=ORIENTED_EDGE('',*,*,#4999,.T.);
#6499=ORIENTED_EDGE('',*,*,#5000,.F.);
#6500=ORIENTED_EDGE('',*,*,#4999,.F.);
#6501=ORIENTED_EDGE('',*,*,#5001,.F.);
#6502=ORIENTED_EDGE('',*,*,#5002,.T.);
#6503=ORIENTED_EDGE('',*,*,#5003,.F.);
#6504=ORIENTED_EDGE('',*,*,#5002,.F.);
#6505=ORIENTED_EDGE('',*,*,#5004,.F.);
#6506=ORIENTED_EDGE('',*,*,#5005,.T.);
#6507=ORIENTED_EDGE('',*,*,#5006,.F.);
#6508=ORIENTED_EDGE('',*,*,#5005,.F.);
#6509=ORIENTED_EDGE('',*,*,#5007,.F.);
#6510=ORIENTED_EDGE('',*,*,#4997,.T.);
#6511=ORIENTED_EDGE('',*,*,#5008,.F.);
#6512=ORIENTED_EDGE('',*,*,#5009,.F.);
#6513=ORIENTED_EDGE('',*,*,#5010,.F.);
#6514=ORIENTED_EDGE('',*,*,#5011,.T.);
#6515=ORIENTED_EDGE('',*,*,#5012,.F.);
#6516=ORIENTED_EDGE('',*,*,#5011,.F.);
#6517=ORIENTED_EDGE('',*,*,#5013,.F.);
#6518=ORIENTED_EDGE('',*,*,#5014,.T.);
#6519=ORIENTED_EDGE('',*,*,#5015,.F.);
#6520=ORIENTED_EDGE('',*,*,#5014,.F.);
#6521=ORIENTED_EDGE('',*,*,#5016,.F.);
#6522=ORIENTED_EDGE('',*,*,#5017,.T.);
#6523=ORIENTED_EDGE('',*,*,#5018,.F.);
#6524=ORIENTED_EDGE('',*,*,#5017,.F.);
#6525=ORIENTED_EDGE('',*,*,#5019,.F.);
#6526=ORIENTED_EDGE('',*,*,#5009,.T.);
#6527=ORIENTED_EDGE('',*,*,#5020,.F.);
#6528=ORIENTED_EDGE('',*,*,#5021,.F.);
#6529=ORIENTED_EDGE('',*,*,#5022,.F.);
#6530=ORIENTED_EDGE('',*,*,#5023,.T.);
#6531=ORIENTED_EDGE('',*,*,#5024,.F.);
#6532=ORIENTED_EDGE('',*,*,#5023,.F.);
#6533=ORIENTED_EDGE('',*,*,#5025,.F.);
#6534=ORIENTED_EDGE('',*,*,#5026,.T.);
#6535=ORIENTED_EDGE('',*,*,#5027,.F.);
#6536=ORIENTED_EDGE('',*,*,#5026,.F.);
#6537=ORIENTED_EDGE('',*,*,#5028,.F.);
#6538=ORIENTED_EDGE('',*,*,#5029,.T.);
#6539=ORIENTED_EDGE('',*,*,#5030,.F.);
#6540=ORIENTED_EDGE('',*,*,#5029,.F.);
#6541=ORIENTED_EDGE('',*,*,#5031,.F.);
#6542=ORIENTED_EDGE('',*,*,#5021,.T.);
#6543=ORIENTED_EDGE('',*,*,#5032,.F.);
#6544=ORIENTED_EDGE('',*,*,#5033,.F.);
#6545=ORIENTED_EDGE('',*,*,#5034,.F.);
#6546=ORIENTED_EDGE('',*,*,#5035,.T.);
#6547=ORIENTED_EDGE('',*,*,#5036,.F.);
#6548=ORIENTED_EDGE('',*,*,#5035,.F.);
#6549=ORIENTED_EDGE('',*,*,#5037,.F.);
#6550=ORIENTED_EDGE('',*,*,#5038,.T.);
#6551=ORIENTED_EDGE('',*,*,#5039,.F.);
#6552=ORIENTED_EDGE('',*,*,#5038,.F.);
#6553=ORIENTED_EDGE('',*,*,#5040,.F.);
#6554=ORIENTED_EDGE('',*,*,#5041,.T.);
#6555=ORIENTED_EDGE('',*,*,#5042,.F.);
#6556=ORIENTED_EDGE('',*,*,#5041,.F.);
#6557=ORIENTED_EDGE('',*,*,#5043,.F.);
#6558=ORIENTED_EDGE('',*,*,#5033,.T.);
#6559=ORIENTED_EDGE('',*,*,#5044,.T.);
#6560=ORIENTED_EDGE('',*,*,#5045,.T.);
#6561=ORIENTED_EDGE('',*,*,#5046,.F.);
#6562=ORIENTED_EDGE('',*,*,#5047,.F.);
#6563=ORIENTED_EDGE('',*,*,#5048,.T.);
#6564=ORIENTED_EDGE('',*,*,#5047,.T.);
#6565=ORIENTED_EDGE('',*,*,#5049,.F.);
#6566=ORIENTED_EDGE('',*,*,#5050,.F.);
#6567=ORIENTED_EDGE('',*,*,#5051,.T.);
#6568=ORIENTED_EDGE('',*,*,#5050,.T.);
#6569=ORIENTED_EDGE('',*,*,#5052,.F.);
#6570=ORIENTED_EDGE('',*,*,#5053,.F.);
#6571=ORIENTED_EDGE('',*,*,#5054,.T.);
#6572=ORIENTED_EDGE('',*,*,#5053,.T.);
#6573=ORIENTED_EDGE('',*,*,#5055,.F.);
#6574=ORIENTED_EDGE('',*,*,#5045,.F.);
#6575=ORIENTED_EDGE('',*,*,#5055,.T.);
#6576=ORIENTED_EDGE('',*,*,#5052,.T.);
#6577=ORIENTED_EDGE('',*,*,#5049,.T.);
#6578=ORIENTED_EDGE('',*,*,#5046,.T.);
#6579=ORIENTED_EDGE('',*,*,#4566,.T.);
#6580=ORIENTED_EDGE('',*,*,#4575,.T.);
#6581=ORIENTED_EDGE('',*,*,#4572,.T.);
#6582=ORIENTED_EDGE('',*,*,#4569,.T.);
#6583=ORIENTED_EDGE('',*,*,#4578,.T.);
#6584=ORIENTED_EDGE('',*,*,#4587,.T.);
#6585=ORIENTED_EDGE('',*,*,#4584,.T.);
#6586=ORIENTED_EDGE('',*,*,#4581,.T.);
#6587=ORIENTED_EDGE('',*,*,#4590,.T.);
#6588=ORIENTED_EDGE('',*,*,#4599,.T.);
#6589=ORIENTED_EDGE('',*,*,#4596,.T.);
#6590=ORIENTED_EDGE('',*,*,#4593,.T.);
#6591=ORIENTED_EDGE('',*,*,#4602,.T.);
#6592=ORIENTED_EDGE('',*,*,#4611,.T.);
#6593=ORIENTED_EDGE('',*,*,#4608,.T.);
#6594=ORIENTED_EDGE('',*,*,#4605,.T.);
#6595=ORIENTED_EDGE('',*,*,#4614,.T.);
#6596=ORIENTED_EDGE('',*,*,#4623,.T.);
#6597=ORIENTED_EDGE('',*,*,#4620,.T.);
#6598=ORIENTED_EDGE('',*,*,#4617,.T.);
#6599=ORIENTED_EDGE('',*,*,#4626,.T.);
#6600=ORIENTED_EDGE('',*,*,#4635,.T.);
#6601=ORIENTED_EDGE('',*,*,#4632,.T.);
#6602=ORIENTED_EDGE('',*,*,#4629,.T.);
#6603=ORIENTED_EDGE('',*,*,#4638,.T.);
#6604=ORIENTED_EDGE('',*,*,#4647,.T.);
#6605=ORIENTED_EDGE('',*,*,#4644,.T.);
#6606=ORIENTED_EDGE('',*,*,#4641,.T.);
#6607=ORIENTED_EDGE('',*,*,#4650,.T.);
#6608=ORIENTED_EDGE('',*,*,#4659,.T.);
#6609=ORIENTED_EDGE('',*,*,#4656,.T.);
#6610=ORIENTED_EDGE('',*,*,#4653,.T.);
#6611=ORIENTED_EDGE('',*,*,#4662,.T.);
#6612=ORIENTED_EDGE('',*,*,#4671,.T.);
#6613=ORIENTED_EDGE('',*,*,#4668,.T.);
#6614=ORIENTED_EDGE('',*,*,#4665,.T.);
#6615=ORIENTED_EDGE('',*,*,#4674,.T.);
#6616=ORIENTED_EDGE('',*,*,#4683,.T.);
#6617=ORIENTED_EDGE('',*,*,#4680,.T.);
#6618=ORIENTED_EDGE('',*,*,#4677,.T.);
#6619=ORIENTED_EDGE('',*,*,#4686,.T.);
#6620=ORIENTED_EDGE('',*,*,#4695,.T.);
#6621=ORIENTED_EDGE('',*,*,#4692,.T.);
#6622=ORIENTED_EDGE('',*,*,#4689,.T.);
#6623=ORIENTED_EDGE('',*,*,#4698,.T.);
#6624=ORIENTED_EDGE('',*,*,#4707,.T.);
#6625=ORIENTED_EDGE('',*,*,#4704,.T.);
#6626=ORIENTED_EDGE('',*,*,#4701,.T.);
#6627=ORIENTED_EDGE('',*,*,#4710,.T.);
#6628=ORIENTED_EDGE('',*,*,#4719,.T.);
#6629=ORIENTED_EDGE('',*,*,#4716,.T.);
#6630=ORIENTED_EDGE('',*,*,#4713,.T.);
#6631=ORIENTED_EDGE('',*,*,#4722,.T.);
#6632=ORIENTED_EDGE('',*,*,#4731,.T.);
#6633=ORIENTED_EDGE('',*,*,#4728,.T.);
#6634=ORIENTED_EDGE('',*,*,#4725,.T.);
#6635=ORIENTED_EDGE('',*,*,#4734,.T.);
#6636=ORIENTED_EDGE('',*,*,#4743,.T.);
#6637=ORIENTED_EDGE('',*,*,#4740,.T.);
#6638=ORIENTED_EDGE('',*,*,#4737,.T.);
#6639=ORIENTED_EDGE('',*,*,#4746,.T.);
#6640=ORIENTED_EDGE('',*,*,#4755,.T.);
#6641=ORIENTED_EDGE('',*,*,#4752,.T.);
#6642=ORIENTED_EDGE('',*,*,#4749,.T.);
#6643=ORIENTED_EDGE('',*,*,#4758,.T.);
#6644=ORIENTED_EDGE('',*,*,#4767,.T.);
#6645=ORIENTED_EDGE('',*,*,#4764,.T.);
#6646=ORIENTED_EDGE('',*,*,#4761,.T.);
#6647=ORIENTED_EDGE('',*,*,#4770,.T.);
#6648=ORIENTED_EDGE('',*,*,#4779,.T.);
#6649=ORIENTED_EDGE('',*,*,#4776,.T.);
#6650=ORIENTED_EDGE('',*,*,#4773,.T.);
#6651=ORIENTED_EDGE('',*,*,#4782,.T.);
#6652=ORIENTED_EDGE('',*,*,#4791,.T.);
#6653=ORIENTED_EDGE('',*,*,#4788,.T.);
#6654=ORIENTED_EDGE('',*,*,#4785,.T.);
#6655=ORIENTED_EDGE('',*,*,#4794,.T.);
#6656=ORIENTED_EDGE('',*,*,#4803,.T.);
#6657=ORIENTED_EDGE('',*,*,#4800,.T.);
#6658=ORIENTED_EDGE('',*,*,#4797,.T.);
#6659=ORIENTED_EDGE('',*,*,#4806,.T.);
#6660=ORIENTED_EDGE('',*,*,#4815,.T.);
#6661=ORIENTED_EDGE('',*,*,#4812,.T.);
#6662=ORIENTED_EDGE('',*,*,#4809,.T.);
#6663=ORIENTED_EDGE('',*,*,#4818,.T.);
#6664=ORIENTED_EDGE('',*,*,#4827,.T.);
#6665=ORIENTED_EDGE('',*,*,#4824,.T.);
#6666=ORIENTED_EDGE('',*,*,#4821,.T.);
#6667=ORIENTED_EDGE('',*,*,#4830,.T.);
#6668=ORIENTED_EDGE('',*,*,#4839,.T.);
#6669=ORIENTED_EDGE('',*,*,#4836,.T.);
#6670=ORIENTED_EDGE('',*,*,#4833,.T.);
#6671=ORIENTED_EDGE('',*,*,#4842,.T.);
#6672=ORIENTED_EDGE('',*,*,#4851,.T.);
#6673=ORIENTED_EDGE('',*,*,#4848,.T.);
#6674=ORIENTED_EDGE('',*,*,#4845,.T.);
#6675=ORIENTED_EDGE('',*,*,#4854,.T.);
#6676=ORIENTED_EDGE('',*,*,#4863,.T.);
#6677=ORIENTED_EDGE('',*,*,#4860,.T.);
#6678=ORIENTED_EDGE('',*,*,#4857,.T.);
#6679=ORIENTED_EDGE('',*,*,#4866,.T.);
#6680=ORIENTED_EDGE('',*,*,#4875,.T.);
#6681=ORIENTED_EDGE('',*,*,#4872,.T.);
#6682=ORIENTED_EDGE('',*,*,#4869,.T.);
#6683=ORIENTED_EDGE('',*,*,#4878,.T.);
#6684=ORIENTED_EDGE('',*,*,#4887,.T.);
#6685=ORIENTED_EDGE('',*,*,#4884,.T.);
#6686=ORIENTED_EDGE('',*,*,#4881,.T.);
#6687=ORIENTED_EDGE('',*,*,#4890,.T.);
#6688=ORIENTED_EDGE('',*,*,#4899,.T.);
#6689=ORIENTED_EDGE('',*,*,#4896,.T.);
#6690=ORIENTED_EDGE('',*,*,#4893,.T.);
#6691=ORIENTED_EDGE('',*,*,#4902,.T.);
#6692=ORIENTED_EDGE('',*,*,#4911,.T.);
#6693=ORIENTED_EDGE('',*,*,#4908,.T.);
#6694=ORIENTED_EDGE('',*,*,#4905,.T.);
#6695=ORIENTED_EDGE('',*,*,#4914,.T.);
#6696=ORIENTED_EDGE('',*,*,#4923,.T.);
#6697=ORIENTED_EDGE('',*,*,#4920,.T.);
#6698=ORIENTED_EDGE('',*,*,#4917,.T.);
#6699=ORIENTED_EDGE('',*,*,#4926,.T.);
#6700=ORIENTED_EDGE('',*,*,#4935,.T.);
#6701=ORIENTED_EDGE('',*,*,#4932,.T.);
#6702=ORIENTED_EDGE('',*,*,#4929,.T.);
#6703=ORIENTED_EDGE('',*,*,#4938,.T.);
#6704=ORIENTED_EDGE('',*,*,#4947,.T.);
#6705=ORIENTED_EDGE('',*,*,#4944,.T.);
#6706=ORIENTED_EDGE('',*,*,#4941,.T.);
#6707=ORIENTED_EDGE('',*,*,#4950,.T.);
#6708=ORIENTED_EDGE('',*,*,#4959,.T.);
#6709=ORIENTED_EDGE('',*,*,#4956,.T.);
#6710=ORIENTED_EDGE('',*,*,#4953,.T.);
#6711=ORIENTED_EDGE('',*,*,#4962,.T.);
#6712=ORIENTED_EDGE('',*,*,#4971,.T.);
#6713=ORIENTED_EDGE('',*,*,#4968,.T.);
#6714=ORIENTED_EDGE('',*,*,#4965,.T.);
#6715=ORIENTED_EDGE('',*,*,#4974,.T.);
#6716=ORIENTED_EDGE('',*,*,#4983,.T.);
#6717=ORIENTED_EDGE('',*,*,#4980,.T.);
#6718=ORIENTED_EDGE('',*,*,#4977,.T.);
#6719=ORIENTED_EDGE('',*,*,#4986,.T.);
#6720=ORIENTED_EDGE('',*,*,#4995,.T.);
#6721=ORIENTED_EDGE('',*,*,#4992,.T.);
#6722=ORIENTED_EDGE('',*,*,#4989,.T.);
#6723=ORIENTED_EDGE('',*,*,#4998,.T.);
#6724=ORIENTED_EDGE('',*,*,#5007,.T.);
#6725=ORIENTED_EDGE('',*,*,#5004,.T.);
#6726=ORIENTED_EDGE('',*,*,#5001,.T.);
#6727=ORIENTED_EDGE('',*,*,#5010,.T.);
#6728=ORIENTED_EDGE('',*,*,#5019,.T.);
#6729=ORIENTED_EDGE('',*,*,#5016,.T.);
#6730=ORIENTED_EDGE('',*,*,#5013,.T.);
#6731=ORIENTED_EDGE('',*,*,#5022,.T.);
#6732=ORIENTED_EDGE('',*,*,#5031,.T.);
#6733=ORIENTED_EDGE('',*,*,#5028,.T.);
#6734=ORIENTED_EDGE('',*,*,#5025,.T.);
#6735=ORIENTED_EDGE('',*,*,#5040,.T.);
#6736=ORIENTED_EDGE('',*,*,#5037,.T.);
#6737=ORIENTED_EDGE('',*,*,#5034,.T.);
#6738=ORIENTED_EDGE('',*,*,#5043,.T.);
#6739=ORIENTED_EDGE('',*,*,#5054,.F.);
#6740=ORIENTED_EDGE('',*,*,#5044,.F.);
#6741=ORIENTED_EDGE('',*,*,#5048,.F.);
#6742=ORIENTED_EDGE('',*,*,#5051,.F.);
#6743=ORIENTED_EDGE('',*,*,#4574,.T.);
#6744=ORIENTED_EDGE('',*,*,#4564,.T.);
#6745=ORIENTED_EDGE('',*,*,#4568,.T.);
#6746=ORIENTED_EDGE('',*,*,#4571,.T.);
#6747=ORIENTED_EDGE('',*,*,#4586,.T.);
#6748=ORIENTED_EDGE('',*,*,#4576,.T.);
#6749=ORIENTED_EDGE('',*,*,#4580,.T.);
#6750=ORIENTED_EDGE('',*,*,#4583,.T.);
#6751=ORIENTED_EDGE('',*,*,#4598,.T.);
#6752=ORIENTED_EDGE('',*,*,#4588,.T.);
#6753=ORIENTED_EDGE('',*,*,#4592,.T.);
#6754=ORIENTED_EDGE('',*,*,#4595,.T.);
#6755=ORIENTED_EDGE('',*,*,#4610,.T.);
#6756=ORIENTED_EDGE('',*,*,#4600,.T.);
#6757=ORIENTED_EDGE('',*,*,#4604,.T.);
#6758=ORIENTED_EDGE('',*,*,#4607,.T.);
#6759=ORIENTED_EDGE('',*,*,#4622,.T.);
#6760=ORIENTED_EDGE('',*,*,#4612,.T.);
#6761=ORIENTED_EDGE('',*,*,#4616,.T.);
#6762=ORIENTED_EDGE('',*,*,#4619,.T.);
#6763=ORIENTED_EDGE('',*,*,#4634,.T.);
#6764=ORIENTED_EDGE('',*,*,#4624,.T.);
#6765=ORIENTED_EDGE('',*,*,#4628,.T.);
#6766=ORIENTED_EDGE('',*,*,#4631,.T.);
#6767=ORIENTED_EDGE('',*,*,#4646,.T.);
#6768=ORIENTED_EDGE('',*,*,#4636,.T.);
#6769=ORIENTED_EDGE('',*,*,#4640,.T.);
#6770=ORIENTED_EDGE('',*,*,#4643,.T.);
#6771=ORIENTED_EDGE('',*,*,#4658,.T.);
#6772=ORIENTED_EDGE('',*,*,#4648,.T.);
#6773=ORIENTED_EDGE('',*,*,#4652,.T.);
#6774=ORIENTED_EDGE('',*,*,#4655,.T.);
#6775=ORIENTED_EDGE('',*,*,#4670,.T.);
#6776=ORIENTED_EDGE('',*,*,#4660,.T.);
#6777=ORIENTED_EDGE('',*,*,#4664,.T.);
#6778=ORIENTED_EDGE('',*,*,#4667,.T.);
#6779=ORIENTED_EDGE('',*,*,#4682,.T.);
#6780=ORIENTED_EDGE('',*,*,#4672,.T.);
#6781=ORIENTED_EDGE('',*,*,#4676,.T.);
#6782=ORIENTED_EDGE('',*,*,#4679,.T.);
#6783=ORIENTED_EDGE('',*,*,#4694,.T.);
#6784=ORIENTED_EDGE('',*,*,#4684,.T.);
#6785=ORIENTED_EDGE('',*,*,#4688,.T.);
#6786=ORIENTED_EDGE('',*,*,#4691,.T.);
#6787=ORIENTED_EDGE('',*,*,#4706,.T.);
#6788=ORIENTED_EDGE('',*,*,#4696,.T.);
#6789=ORIENTED_EDGE('',*,*,#4700,.T.);
#6790=ORIENTED_EDGE('',*,*,#4703,.T.);
#6791=ORIENTED_EDGE('',*,*,#4718,.T.);
#6792=ORIENTED_EDGE('',*,*,#4708,.T.);
#6793=ORIENTED_EDGE('',*,*,#4712,.T.);
#6794=ORIENTED_EDGE('',*,*,#4715,.T.);
#6795=ORIENTED_EDGE('',*,*,#4730,.T.);
#6796=ORIENTED_EDGE('',*,*,#4720,.T.);
#6797=ORIENTED_EDGE('',*,*,#4724,.T.);
#6798=ORIENTED_EDGE('',*,*,#4727,.T.);
#6799=ORIENTED_EDGE('',*,*,#4742,.T.);
#6800=ORIENTED_EDGE('',*,*,#4732,.T.);
#6801=ORIENTED_EDGE('',*,*,#4736,.T.);
#6802=ORIENTED_EDGE('',*,*,#4739,.T.);
#6803=ORIENTED_EDGE('',*,*,#4754,.T.);
#6804=ORIENTED_EDGE('',*,*,#4744,.T.);
#6805=ORIENTED_EDGE('',*,*,#4748,.T.);
#6806=ORIENTED_EDGE('',*,*,#4751,.T.);
#6807=ORIENTED_EDGE('',*,*,#4766,.T.);
#6808=ORIENTED_EDGE('',*,*,#4756,.T.);
#6809=ORIENTED_EDGE('',*,*,#4760,.T.);
#6810=ORIENTED_EDGE('',*,*,#4763,.T.);
#6811=ORIENTED_EDGE('',*,*,#4778,.T.);
#6812=ORIENTED_EDGE('',*,*,#4768,.T.);
#6813=ORIENTED_EDGE('',*,*,#4772,.T.);
#6814=ORIENTED_EDGE('',*,*,#4775,.T.);
#6815=ORIENTED_EDGE('',*,*,#4790,.T.);
#6816=ORIENTED_EDGE('',*,*,#4780,.T.);
#6817=ORIENTED_EDGE('',*,*,#4784,.T.);
#6818=ORIENTED_EDGE('',*,*,#4787,.T.);
#6819=ORIENTED_EDGE('',*,*,#4802,.T.);
#6820=ORIENTED_EDGE('',*,*,#4792,.T.);
#6821=ORIENTED_EDGE('',*,*,#4796,.T.);
#6822=ORIENTED_EDGE('',*,*,#4799,.T.);
#6823=ORIENTED_EDGE('',*,*,#4814,.T.);
#6824=ORIENTED_EDGE('',*,*,#4804,.T.);
#6825=ORIENTED_EDGE('',*,*,#4808,.T.);
#6826=ORIENTED_EDGE('',*,*,#4811,.T.);
#6827=ORIENTED_EDGE('',*,*,#4826,.T.);
#6828=ORIENTED_EDGE('',*,*,#4816,.T.);
#6829=ORIENTED_EDGE('',*,*,#4820,.T.);
#6830=ORIENTED_EDGE('',*,*,#4823,.T.);
#6831=ORIENTED_EDGE('',*,*,#4838,.T.);
#6832=ORIENTED_EDGE('',*,*,#4828,.T.);
#6833=ORIENTED_EDGE('',*,*,#4832,.T.);
#6834=ORIENTED_EDGE('',*,*,#4835,.T.);
#6835=ORIENTED_EDGE('',*,*,#4850,.T.);
#6836=ORIENTED_EDGE('',*,*,#4840,.T.);
#6837=ORIENTED_EDGE('',*,*,#4844,.T.);
#6838=ORIENTED_EDGE('',*,*,#4847,.T.);
#6839=ORIENTED_EDGE('',*,*,#4862,.T.);
#6840=ORIENTED_EDGE('',*,*,#4852,.T.);
#6841=ORIENTED_EDGE('',*,*,#4856,.T.);
#6842=ORIENTED_EDGE('',*,*,#4859,.T.);
#6843=ORIENTED_EDGE('',*,*,#4874,.T.);
#6844=ORIENTED_EDGE('',*,*,#4864,.T.);
#6845=ORIENTED_EDGE('',*,*,#4868,.T.);
#6846=ORIENTED_EDGE('',*,*,#4871,.T.);
#6847=ORIENTED_EDGE('',*,*,#4886,.T.);
#6848=ORIENTED_EDGE('',*,*,#4876,.T.);
#6849=ORIENTED_EDGE('',*,*,#4880,.T.);
#6850=ORIENTED_EDGE('',*,*,#4883,.T.);
#6851=ORIENTED_EDGE('',*,*,#4898,.T.);
#6852=ORIENTED_EDGE('',*,*,#4888,.T.);
#6853=ORIENTED_EDGE('',*,*,#4892,.T.);
#6854=ORIENTED_EDGE('',*,*,#4895,.T.);
#6855=ORIENTED_EDGE('',*,*,#4910,.T.);
#6856=ORIENTED_EDGE('',*,*,#4900,.T.);
#6857=ORIENTED_EDGE('',*,*,#4904,.T.);
#6858=ORIENTED_EDGE('',*,*,#4907,.T.);
#6859=ORIENTED_EDGE('',*,*,#4922,.T.);
#6860=ORIENTED_EDGE('',*,*,#4912,.T.);
#6861=ORIENTED_EDGE('',*,*,#4916,.T.);
#6862=ORIENTED_EDGE('',*,*,#4919,.T.);
#6863=ORIENTED_EDGE('',*,*,#4934,.T.);
#6864=ORIENTED_EDGE('',*,*,#4924,.T.);
#6865=ORIENTED_EDGE('',*,*,#4928,.T.);
#6866=ORIENTED_EDGE('',*,*,#4931,.T.);
#6867=ORIENTED_EDGE('',*,*,#4946,.T.);
#6868=ORIENTED_EDGE('',*,*,#4936,.T.);
#6869=ORIENTED_EDGE('',*,*,#4940,.T.);
#6870=ORIENTED_EDGE('',*,*,#4943,.T.);
#6871=ORIENTED_EDGE('',*,*,#4958,.T.);
#6872=ORIENTED_EDGE('',*,*,#4948,.T.);
#6873=ORIENTED_EDGE('',*,*,#4952,.T.);
#6874=ORIENTED_EDGE('',*,*,#4955,.T.);
#6875=ORIENTED_EDGE('',*,*,#4970,.T.);
#6876=ORIENTED_EDGE('',*,*,#4960,.T.);
#6877=ORIENTED_EDGE('',*,*,#4964,.T.);
#6878=ORIENTED_EDGE('',*,*,#4967,.T.);
#6879=ORIENTED_EDGE('',*,*,#4982,.T.);
#6880=ORIENTED_EDGE('',*,*,#4972,.T.);
#6881=ORIENTED_EDGE('',*,*,#4976,.T.);
#6882=ORIENTED_EDGE('',*,*,#4979,.T.);
#6883=ORIENTED_EDGE('',*,*,#4994,.T.);
#6884=ORIENTED_EDGE('',*,*,#4984,.T.);
#6885=ORIENTED_EDGE('',*,*,#4988,.T.);
#6886=ORIENTED_EDGE('',*,*,#4991,.T.);
#6887=ORIENTED_EDGE('',*,*,#5006,.T.);
#6888=ORIENTED_EDGE('',*,*,#4996,.T.);
#6889=ORIENTED_EDGE('',*,*,#5000,.T.);
#6890=ORIENTED_EDGE('',*,*,#5003,.T.);
#6891=ORIENTED_EDGE('',*,*,#5018,.T.);
#6892=ORIENTED_EDGE('',*,*,#5008,.T.);
#6893=ORIENTED_EDGE('',*,*,#5012,.T.);
#6894=ORIENTED_EDGE('',*,*,#5015,.T.);
#6895=ORIENTED_EDGE('',*,*,#5030,.T.);
#6896=ORIENTED_EDGE('',*,*,#5020,.T.);
#6897=ORIENTED_EDGE('',*,*,#5024,.T.);
#6898=ORIENTED_EDGE('',*,*,#5027,.T.);
#6899=ORIENTED_EDGE('',*,*,#5039,.T.);
#6900=ORIENTED_EDGE('',*,*,#5042,.T.);
#6901=ORIENTED_EDGE('',*,*,#5032,.T.);
#6902=ORIENTED_EDGE('',*,*,#5036,.T.);
#6903=ORIENTED_EDGE('',*,*,#5056,.F.);
#6904=ORIENTED_EDGE('',*,*,#5057,.T.);
#6905=ORIENTED_EDGE('',*,*,#5058,.F.);
#6906=ORIENTED_EDGE('',*,*,#5059,.F.);
#6907=ORIENTED_EDGE('',*,*,#5060,.F.);
#6908=ORIENTED_EDGE('',*,*,#5059,.T.);
#6909=ORIENTED_EDGE('',*,*,#5061,.F.);
#6910=ORIENTED_EDGE('',*,*,#5062,.F.);
#6911=ORIENTED_EDGE('',*,*,#5063,.F.);
#6912=ORIENTED_EDGE('',*,*,#5062,.T.);
#6913=ORIENTED_EDGE('',*,*,#5064,.F.);
#6914=ORIENTED_EDGE('',*,*,#5065,.F.);
#6915=ORIENTED_EDGE('',*,*,#5066,.F.);
#6916=ORIENTED_EDGE('',*,*,#5065,.T.);
#6917=ORIENTED_EDGE('',*,*,#5067,.F.);
#6918=ORIENTED_EDGE('',*,*,#5057,.F.);
#6919=ORIENTED_EDGE('',*,*,#5068,.F.);
#6920=ORIENTED_EDGE('',*,*,#5069,.F.);
#6921=ORIENTED_EDGE('',*,*,#5070,.F.);
#6922=ORIENTED_EDGE('',*,*,#5071,.F.);
#6923=ORIENTED_EDGE('',*,*,#5058,.T.);
#6924=ORIENTED_EDGE('',*,*,#5067,.T.);
#6925=ORIENTED_EDGE('',*,*,#5064,.T.);
#6926=ORIENTED_EDGE('',*,*,#5061,.T.);
#6927=ORIENTED_EDGE('',*,*,#5072,.F.);
#6928=ORIENTED_EDGE('',*,*,#5073,.T.);
#6929=ORIENTED_EDGE('',*,*,#5068,.T.);
#6930=ORIENTED_EDGE('',*,*,#5074,.F.);
#6931=ORIENTED_EDGE('',*,*,#5075,.F.);
#6932=ORIENTED_EDGE('',*,*,#5076,.T.);
#6933=ORIENTED_EDGE('',*,*,#5069,.T.);
#6934=ORIENTED_EDGE('',*,*,#5073,.F.);
#6935=ORIENTED_EDGE('',*,*,#5077,.F.);
#6936=ORIENTED_EDGE('',*,*,#5078,.T.);
#6937=ORIENTED_EDGE('',*,*,#5070,.T.);
#6938=ORIENTED_EDGE('',*,*,#5076,.F.);
#6939=ORIENTED_EDGE('',*,*,#5079,.F.);
#6940=ORIENTED_EDGE('',*,*,#5074,.T.);
#6941=ORIENTED_EDGE('',*,*,#5071,.T.);
#6942=ORIENTED_EDGE('',*,*,#5078,.F.);
#6943=ORIENTED_EDGE('',*,*,#5080,.F.);
#6944=ORIENTED_EDGE('',*,*,#5081,.F.);
#6945=ORIENTED_EDGE('',*,*,#5082,.F.);
#6946=ORIENTED_EDGE('',*,*,#5083,.F.);
#6947=ORIENTED_EDGE('',*,*,#5084,.F.);
#6948=ORIENTED_EDGE('',*,*,#5085,.F.);
#6949=ORIENTED_EDGE('',*,*,#5086,.F.);
#6950=ORIENTED_EDGE('',*,*,#5087,.T.);
#6951=ORIENTED_EDGE('',*,*,#5080,.T.);
#6952=ORIENTED_EDGE('',*,*,#5088,.F.);
#6953=ORIENTED_EDGE('',*,*,#5089,.F.);
#6954=ORIENTED_EDGE('',*,*,#5090,.T.);
#6955=ORIENTED_EDGE('',*,*,#5081,.T.);
#6956=ORIENTED_EDGE('',*,*,#5087,.F.);
#6957=ORIENTED_EDGE('',*,*,#5091,.F.);
#6958=ORIENTED_EDGE('',*,*,#5092,.T.);
#6959=ORIENTED_EDGE('',*,*,#5082,.T.);
#6960=ORIENTED_EDGE('',*,*,#5090,.F.);
#6961=ORIENTED_EDGE('',*,*,#5093,.F.);
#6962=ORIENTED_EDGE('',*,*,#5094,.T.);
#6963=ORIENTED_EDGE('',*,*,#5083,.T.);
#6964=ORIENTED_EDGE('',*,*,#5092,.F.);
#6965=ORIENTED_EDGE('',*,*,#5095,.F.);
#6966=ORIENTED_EDGE('',*,*,#5096,.T.);
#6967=ORIENTED_EDGE('',*,*,#5084,.T.);
#6968=ORIENTED_EDGE('',*,*,#5094,.F.);
#6969=ORIENTED_EDGE('',*,*,#5097,.F.);
#6970=ORIENTED_EDGE('',*,*,#5088,.T.);
#6971=ORIENTED_EDGE('',*,*,#5085,.T.);
#6972=ORIENTED_EDGE('',*,*,#5096,.F.);
#6973=ORIENTED_EDGE('',*,*,#5098,.F.);
#6974=ORIENTED_EDGE('',*,*,#5099,.T.);
#6975=ORIENTED_EDGE('',*,*,#5100,.F.);
#6976=ORIENTED_EDGE('',*,*,#5101,.F.);
#6977=ORIENTED_EDGE('',*,*,#5102,.F.);
#6978=ORIENTED_EDGE('',*,*,#5101,.T.);
#6979=ORIENTED_EDGE('',*,*,#5103,.F.);
#6980=ORIENTED_EDGE('',*,*,#5104,.F.);
#6981=ORIENTED_EDGE('',*,*,#5105,.F.);
#6982=ORIENTED_EDGE('',*,*,#5104,.T.);
#6983=ORIENTED_EDGE('',*,*,#5106,.F.);
#6984=ORIENTED_EDGE('',*,*,#5099,.F.);
#6985=ORIENTED_EDGE('',*,*,#5107,.F.);
#6986=ORIENTED_EDGE('',*,*,#5108,.F.);
#6987=ORIENTED_EDGE('',*,*,#5109,.F.);
#6988=ORIENTED_EDGE('',*,*,#5110,.F.);
#6989=ORIENTED_EDGE('',*,*,#5111,.F.);
#6990=ORIENTED_EDGE('',*,*,#5112,.F.);
#6991=ORIENTED_EDGE('',*,*,#5113,.F.);
#6992=ORIENTED_EDGE('',*,*,#5114,.F.);
#6993=ORIENTED_EDGE('',*,*,#5115,.F.);
#6994=ORIENTED_EDGE('',*,*,#5116,.F.);
#6995=ORIENTED_EDGE('',*,*,#5117,.F.);
#6996=ORIENTED_EDGE('',*,*,#5118,.F.);
#6997=ORIENTED_EDGE('',*,*,#5119,.F.);
#6998=ORIENTED_EDGE('',*,*,#5100,.T.);
#6999=ORIENTED_EDGE('',*,*,#5106,.T.);
#7000=ORIENTED_EDGE('',*,*,#5103,.T.);
#7001=ORIENTED_EDGE('',*,*,#5120,.F.);
#7002=ORIENTED_EDGE('',*,*,#5121,.T.);
#7003=ORIENTED_EDGE('',*,*,#5107,.T.);
#7004=ORIENTED_EDGE('',*,*,#5122,.F.);
#7005=ORIENTED_EDGE('',*,*,#5123,.F.);
#7006=ORIENTED_EDGE('',*,*,#5124,.T.);
#7007=ORIENTED_EDGE('',*,*,#5108,.T.);
#7008=ORIENTED_EDGE('',*,*,#5121,.F.);
#7009=ORIENTED_EDGE('',*,*,#5125,.F.);
#7010=ORIENTED_EDGE('',*,*,#5126,.T.);
#7011=ORIENTED_EDGE('',*,*,#5109,.T.);
#7012=ORIENTED_EDGE('',*,*,#5124,.F.);
#7013=ORIENTED_EDGE('',*,*,#5127,.F.);
#7014=ORIENTED_EDGE('',*,*,#5128,.T.);
#7015=ORIENTED_EDGE('',*,*,#5110,.T.);
#7016=ORIENTED_EDGE('',*,*,#5126,.F.);
#7017=ORIENTED_EDGE('',*,*,#5129,.F.);
#7018=ORIENTED_EDGE('',*,*,#5130,.T.);
#7019=ORIENTED_EDGE('',*,*,#5111,.T.);
#7020=ORIENTED_EDGE('',*,*,#5128,.F.);
#7021=ORIENTED_EDGE('',*,*,#5131,.F.);
#7022=ORIENTED_EDGE('',*,*,#5132,.T.);
#7023=ORIENTED_EDGE('',*,*,#5112,.T.);
#7024=ORIENTED_EDGE('',*,*,#5130,.F.);
#7025=ORIENTED_EDGE('',*,*,#5133,.F.);
#7026=ORIENTED_EDGE('',*,*,#5134,.T.);
#7027=ORIENTED_EDGE('',*,*,#5113,.T.);
#7028=ORIENTED_EDGE('',*,*,#5132,.F.);
#7029=ORIENTED_EDGE('',*,*,#5135,.F.);
#7030=ORIENTED_EDGE('',*,*,#5136,.T.);
#7031=ORIENTED_EDGE('',*,*,#5114,.T.);
#7032=ORIENTED_EDGE('',*,*,#5134,.F.);
#7033=ORIENTED_EDGE('',*,*,#5137,.F.);
#7034=ORIENTED_EDGE('',*,*,#5138,.T.);
#7035=ORIENTED_EDGE('',*,*,#5115,.T.);
#7036=ORIENTED_EDGE('',*,*,#5136,.F.);
#7037=ORIENTED_EDGE('',*,*,#5139,.F.);
#7038=ORIENTED_EDGE('',*,*,#5140,.T.);
#7039=ORIENTED_EDGE('',*,*,#5116,.T.);
#7040=ORIENTED_EDGE('',*,*,#5138,.F.);
#7041=ORIENTED_EDGE('',*,*,#5141,.F.);
#7042=ORIENTED_EDGE('',*,*,#5142,.T.);
#7043=ORIENTED_EDGE('',*,*,#5117,.T.);
#7044=ORIENTED_EDGE('',*,*,#5140,.F.);
#7045=ORIENTED_EDGE('',*,*,#5143,.F.);
#7046=ORIENTED_EDGE('',*,*,#5144,.T.);
#7047=ORIENTED_EDGE('',*,*,#5118,.T.);
#7048=ORIENTED_EDGE('',*,*,#5142,.F.);
#7049=ORIENTED_EDGE('',*,*,#5145,.F.);
#7050=ORIENTED_EDGE('',*,*,#5122,.T.);
#7051=ORIENTED_EDGE('',*,*,#5119,.T.);
#7052=ORIENTED_EDGE('',*,*,#5144,.F.);
#7053=ORIENTED_EDGE('',*,*,#5146,.F.);
#7054=ORIENTED_EDGE('',*,*,#5147,.F.);
#7055=ORIENTED_EDGE('',*,*,#5148,.F.);
#7056=ORIENTED_EDGE('',*,*,#5149,.F.);
#7057=ORIENTED_EDGE('',*,*,#5150,.F.);
#7058=ORIENTED_EDGE('',*,*,#5151,.F.);
#7059=ORIENTED_EDGE('',*,*,#5152,.F.);
#7060=ORIENTED_EDGE('',*,*,#5153,.F.);
#7061=ORIENTED_EDGE('',*,*,#5154,.F.);
#7062=ORIENTED_EDGE('',*,*,#5155,.F.);
#7063=ORIENTED_EDGE('',*,*,#5156,.F.);
#7064=ORIENTED_EDGE('',*,*,#5157,.F.);
#7065=ORIENTED_EDGE('',*,*,#5158,.F.);
#7066=ORIENTED_EDGE('',*,*,#5159,.F.);
#7067=ORIENTED_EDGE('',*,*,#5160,.F.);
#7068=ORIENTED_EDGE('',*,*,#5161,.F.);
#7069=ORIENTED_EDGE('',*,*,#5162,.F.);
#7070=ORIENTED_EDGE('',*,*,#5163,.T.);
#7071=ORIENTED_EDGE('',*,*,#5146,.T.);
#7072=ORIENTED_EDGE('',*,*,#5164,.F.);
#7073=ORIENTED_EDGE('',*,*,#5165,.F.);
#7074=ORIENTED_EDGE('',*,*,#5166,.T.);
#7075=ORIENTED_EDGE('',*,*,#5147,.T.);
#7076=ORIENTED_EDGE('',*,*,#5163,.F.);
#7077=ORIENTED_EDGE('',*,*,#5167,.F.);
#7078=ORIENTED_EDGE('',*,*,#5168,.T.);
#7079=ORIENTED_EDGE('',*,*,#5148,.T.);
#7080=ORIENTED_EDGE('',*,*,#5166,.F.);
#7081=ORIENTED_EDGE('',*,*,#5169,.F.);
#7082=ORIENTED_EDGE('',*,*,#5170,.T.);
#7083=ORIENTED_EDGE('',*,*,#5149,.T.);
#7084=ORIENTED_EDGE('',*,*,#5168,.F.);
#7085=ORIENTED_EDGE('',*,*,#5171,.F.);
#7086=ORIENTED_EDGE('',*,*,#5172,.T.);
#7087=ORIENTED_EDGE('',*,*,#5150,.T.);
#7088=ORIENTED_EDGE('',*,*,#5170,.F.);
#7089=ORIENTED_EDGE('',*,*,#5173,.F.);
#7090=ORIENTED_EDGE('',*,*,#5174,.T.);
#7091=ORIENTED_EDGE('',*,*,#5151,.T.);
#7092=ORIENTED_EDGE('',*,*,#5172,.F.);
#7093=ORIENTED_EDGE('',*,*,#5175,.F.);
#7094=ORIENTED_EDGE('',*,*,#5176,.T.);
#7095=ORIENTED_EDGE('',*,*,#5152,.T.);
#7096=ORIENTED_EDGE('',*,*,#5174,.F.);
#7097=ORIENTED_EDGE('',*,*,#5177,.F.);
#7098=ORIENTED_EDGE('',*,*,#5178,.T.);
#7099=ORIENTED_EDGE('',*,*,#5153,.T.);
#7100=ORIENTED_EDGE('',*,*,#5176,.F.);
#7101=ORIENTED_EDGE('',*,*,#5179,.F.);
#7102=ORIENTED_EDGE('',*,*,#5180,.T.);
#7103=ORIENTED_EDGE('',*,*,#5154,.T.);
#7104=ORIENTED_EDGE('',*,*,#5178,.F.);
#7105=ORIENTED_EDGE('',*,*,#5181,.F.);
#7106=ORIENTED_EDGE('',*,*,#5182,.T.);
#7107=ORIENTED_EDGE('',*,*,#5155,.T.);
#7108=ORIENTED_EDGE('',*,*,#5180,.F.);
#7109=ORIENTED_EDGE('',*,*,#5183,.F.);
#7110=ORIENTED_EDGE('',*,*,#5184,.T.);
#7111=ORIENTED_EDGE('',*,*,#5156,.T.);
#7112=ORIENTED_EDGE('',*,*,#5182,.F.);
#7113=ORIENTED_EDGE('',*,*,#5185,.F.);
#7114=ORIENTED_EDGE('',*,*,#5186,.T.);
#7115=ORIENTED_EDGE('',*,*,#5157,.T.);
#7116=ORIENTED_EDGE('',*,*,#5184,.F.);
#7117=ORIENTED_EDGE('',*,*,#5187,.F.);
#7118=ORIENTED_EDGE('',*,*,#5188,.T.);
#7119=ORIENTED_EDGE('',*,*,#5158,.T.);
#7120=ORIENTED_EDGE('',*,*,#5186,.F.);
#7121=ORIENTED_EDGE('',*,*,#5189,.F.);
#7122=ORIENTED_EDGE('',*,*,#5190,.T.);
#7123=ORIENTED_EDGE('',*,*,#5159,.T.);
#7124=ORIENTED_EDGE('',*,*,#5188,.F.);
#7125=ORIENTED_EDGE('',*,*,#5191,.F.);
#7126=ORIENTED_EDGE('',*,*,#5192,.T.);
#7127=ORIENTED_EDGE('',*,*,#5160,.T.);
#7128=ORIENTED_EDGE('',*,*,#5190,.F.);
#7129=ORIENTED_EDGE('',*,*,#5193,.F.);
#7130=ORIENTED_EDGE('',*,*,#5164,.T.);
#7131=ORIENTED_EDGE('',*,*,#5161,.T.);
#7132=ORIENTED_EDGE('',*,*,#5192,.F.);
#7133=ORIENTED_EDGE('',*,*,#5194,.F.);
#7134=ORIENTED_EDGE('',*,*,#5195,.F.);
#7135=ORIENTED_EDGE('',*,*,#5196,.F.);
#7136=ORIENTED_EDGE('',*,*,#5197,.F.);
#7137=ORIENTED_EDGE('',*,*,#5198,.F.);
#7138=ORIENTED_EDGE('',*,*,#5199,.F.);
#7139=ORIENTED_EDGE('',*,*,#5200,.F.);
#7140=ORIENTED_EDGE('',*,*,#5201,.F.);
#7141=ORIENTED_EDGE('',*,*,#5202,.F.);
#7142=ORIENTED_EDGE('',*,*,#5203,.F.);
#7143=ORIENTED_EDGE('',*,*,#5204,.T.);
#7144=ORIENTED_EDGE('',*,*,#5194,.T.);
#7145=ORIENTED_EDGE('',*,*,#5205,.F.);
#7146=ORIENTED_EDGE('',*,*,#5206,.F.);
#7147=ORIENTED_EDGE('',*,*,#5207,.T.);
#7148=ORIENTED_EDGE('',*,*,#5195,.T.);
#7149=ORIENTED_EDGE('',*,*,#5204,.F.);
#7150=ORIENTED_EDGE('',*,*,#5208,.F.);
#7151=ORIENTED_EDGE('',*,*,#5209,.T.);
#7152=ORIENTED_EDGE('',*,*,#5196,.T.);
#7153=ORIENTED_EDGE('',*,*,#5207,.F.);
#7154=ORIENTED_EDGE('',*,*,#5210,.F.);
#7155=ORIENTED_EDGE('',*,*,#5211,.T.);
#7156=ORIENTED_EDGE('',*,*,#5197,.T.);
#7157=ORIENTED_EDGE('',*,*,#5209,.F.);
#7158=ORIENTED_EDGE('',*,*,#5212,.F.);
#7159=ORIENTED_EDGE('',*,*,#5213,.T.);
#7160=ORIENTED_EDGE('',*,*,#5198,.T.);
#7161=ORIENTED_EDGE('',*,*,#5211,.F.);
#7162=ORIENTED_EDGE('',*,*,#5214,.F.);
#7163=ORIENTED_EDGE('',*,*,#5215,.T.);
#7164=ORIENTED_EDGE('',*,*,#5199,.T.);
#7165=ORIENTED_EDGE('',*,*,#5213,.F.);
#7166=ORIENTED_EDGE('',*,*,#5216,.F.);
#7167=ORIENTED_EDGE('',*,*,#5217,.T.);
#7168=ORIENTED_EDGE('',*,*,#5200,.T.);
#7169=ORIENTED_EDGE('',*,*,#5215,.F.);
#7170=ORIENTED_EDGE('',*,*,#5218,.F.);
#7171=ORIENTED_EDGE('',*,*,#5219,.T.);
#7172=ORIENTED_EDGE('',*,*,#5201,.T.);
#7173=ORIENTED_EDGE('',*,*,#5217,.F.);
#7174=ORIENTED_EDGE('',*,*,#5220,.F.);
#7175=ORIENTED_EDGE('',*,*,#5205,.T.);
#7176=ORIENTED_EDGE('',*,*,#5202,.T.);
#7177=ORIENTED_EDGE('',*,*,#5219,.F.);
#7178=ORIENTED_EDGE('',*,*,#5221,.F.);
#7179=ORIENTED_EDGE('',*,*,#5222,.F.);
#7180=ORIENTED_EDGE('',*,*,#5223,.F.);
#7181=ORIENTED_EDGE('',*,*,#5224,.F.);
#7182=ORIENTED_EDGE('',*,*,#5225,.F.);
#7183=ORIENTED_EDGE('',*,*,#5226,.F.);
#7184=ORIENTED_EDGE('',*,*,#5227,.F.);
#7185=ORIENTED_EDGE('',*,*,#5228,.F.);
#7186=ORIENTED_EDGE('',*,*,#5072,.T.);
#7187=ORIENTED_EDGE('',*,*,#5079,.T.);
#7188=ORIENTED_EDGE('',*,*,#5077,.T.);
#7189=ORIENTED_EDGE('',*,*,#5075,.T.);
#7190=ORIENTED_EDGE('',*,*,#5086,.T.);
#7191=ORIENTED_EDGE('',*,*,#5097,.T.);
#7192=ORIENTED_EDGE('',*,*,#5095,.T.);
#7193=ORIENTED_EDGE('',*,*,#5093,.T.);
#7194=ORIENTED_EDGE('',*,*,#5091,.T.);
#7195=ORIENTED_EDGE('',*,*,#5089,.T.);
#7196=ORIENTED_EDGE('',*,*,#5120,.T.);
#7197=ORIENTED_EDGE('',*,*,#5145,.T.);
#7198=ORIENTED_EDGE('',*,*,#5143,.T.);
#7199=ORIENTED_EDGE('',*,*,#5141,.T.);
#7200=ORIENTED_EDGE('',*,*,#5139,.T.);
#7201=ORIENTED_EDGE('',*,*,#5137,.T.);
#7202=ORIENTED_EDGE('',*,*,#5135,.T.);
#7203=ORIENTED_EDGE('',*,*,#5133,.T.);
#7204=ORIENTED_EDGE('',*,*,#5131,.T.);
#7205=ORIENTED_EDGE('',*,*,#5129,.T.);
#7206=ORIENTED_EDGE('',*,*,#5127,.T.);
#7207=ORIENTED_EDGE('',*,*,#5125,.T.);
#7208=ORIENTED_EDGE('',*,*,#5123,.T.);
#7209=ORIENTED_EDGE('',*,*,#5162,.T.);
#7210=ORIENTED_EDGE('',*,*,#5193,.T.);
#7211=ORIENTED_EDGE('',*,*,#5191,.T.);
#7212=ORIENTED_EDGE('',*,*,#5189,.T.);
#7213=ORIENTED_EDGE('',*,*,#5187,.T.);
#7214=ORIENTED_EDGE('',*,*,#5185,.T.);
#7215=ORIENTED_EDGE('',*,*,#5183,.T.);
#7216=ORIENTED_EDGE('',*,*,#5181,.T.);
#7217=ORIENTED_EDGE('',*,*,#5179,.T.);
#7218=ORIENTED_EDGE('',*,*,#5177,.T.);
#7219=ORIENTED_EDGE('',*,*,#5175,.T.);
#7220=ORIENTED_EDGE('',*,*,#5173,.T.);
#7221=ORIENTED_EDGE('',*,*,#5171,.T.);
#7222=ORIENTED_EDGE('',*,*,#5169,.T.);
#7223=ORIENTED_EDGE('',*,*,#5167,.T.);
#7224=ORIENTED_EDGE('',*,*,#5165,.T.);
#7225=ORIENTED_EDGE('',*,*,#5203,.T.);
#7226=ORIENTED_EDGE('',*,*,#5220,.T.);
#7227=ORIENTED_EDGE('',*,*,#5218,.T.);
#7228=ORIENTED_EDGE('',*,*,#5216,.T.);
#7229=ORIENTED_EDGE('',*,*,#5214,.T.);
#7230=ORIENTED_EDGE('',*,*,#5212,.T.);
#7231=ORIENTED_EDGE('',*,*,#5210,.T.);
#7232=ORIENTED_EDGE('',*,*,#5208,.T.);
#7233=ORIENTED_EDGE('',*,*,#5206,.T.);
#7234=ORIENTED_EDGE('',*,*,#5098,.T.);
#7235=ORIENTED_EDGE('',*,*,#5102,.T.);
#7236=ORIENTED_EDGE('',*,*,#5105,.T.);
#7237=ORIENTED_EDGE('',*,*,#5229,.F.);
#7238=ORIENTED_EDGE('',*,*,#5230,.T.);
#7239=ORIENTED_EDGE('',*,*,#5231,.F.);
#7240=ORIENTED_EDGE('',*,*,#5230,.F.);
#7241=ORIENTED_EDGE('',*,*,#5232,.T.);
#7242=ORIENTED_EDGE('',*,*,#5221,.T.);
#7243=ORIENTED_EDGE('',*,*,#5233,.T.);
#7244=ORIENTED_EDGE('',*,*,#5234,.T.);
#7245=ORIENTED_EDGE('',*,*,#5232,.F.);
#7246=ORIENTED_EDGE('',*,*,#5235,.T.);
#7247=ORIENTED_EDGE('',*,*,#5236,.T.);
#7248=ORIENTED_EDGE('',*,*,#5222,.T.);
#7249=ORIENTED_EDGE('',*,*,#5237,.T.);
#7250=ORIENTED_EDGE('',*,*,#5223,.T.);
#7251=ORIENTED_EDGE('',*,*,#5236,.F.);
#7252=ORIENTED_EDGE('',*,*,#5238,.T.);
#7253=ORIENTED_EDGE('',*,*,#5237,.F.);
#7254=ORIENTED_EDGE('',*,*,#5239,.T.);
#7255=ORIENTED_EDGE('',*,*,#5240,.T.);
#7256=ORIENTED_EDGE('',*,*,#5224,.T.);
#7257=ORIENTED_EDGE('',*,*,#5241,.T.);
#7258=ORIENTED_EDGE('',*,*,#5225,.T.);
#7259=ORIENTED_EDGE('',*,*,#5240,.F.);
#7260=ORIENTED_EDGE('',*,*,#5242,.T.);
#7261=ORIENTED_EDGE('',*,*,#5241,.F.);
#7262=ORIENTED_EDGE('',*,*,#5243,.T.);
#7263=ORIENTED_EDGE('',*,*,#5244,.T.);
#7264=ORIENTED_EDGE('',*,*,#5226,.T.);
#7265=ORIENTED_EDGE('',*,*,#5245,.T.);
#7266=ORIENTED_EDGE('',*,*,#5227,.T.);
#7267=ORIENTED_EDGE('',*,*,#5244,.F.);
#7268=ORIENTED_EDGE('',*,*,#5246,.T.);
#7269=ORIENTED_EDGE('',*,*,#5245,.F.);
#7270=ORIENTED_EDGE('',*,*,#5247,.T.);
#7271=ORIENTED_EDGE('',*,*,#5233,.F.);
#7272=ORIENTED_EDGE('',*,*,#5228,.T.);
#7273=ORIENTED_EDGE('',*,*,#5239,.F.);
#7274=ORIENTED_EDGE('',*,*,#5248,.T.);
#7275=ORIENTED_EDGE('',*,*,#5249,.T.);
#7276=ORIENTED_EDGE('',*,*,#5250,.T.);
#7277=ORIENTED_EDGE('',*,*,#5238,.F.);
#7278=ORIENTED_EDGE('',*,*,#5251,.F.);
#7279=ORIENTED_EDGE('',*,*,#5252,.F.);
#7280=ORIENTED_EDGE('',*,*,#5248,.F.);
#7281=ORIENTED_EDGE('',*,*,#5235,.F.);
#7282=ORIENTED_EDGE('',*,*,#5253,.T.);
#7283=ORIENTED_EDGE('',*,*,#5254,.T.);
#7284=ORIENTED_EDGE('',*,*,#5251,.T.);
#7285=ORIENTED_EDGE('',*,*,#5234,.F.);
#7286=ORIENTED_EDGE('',*,*,#5255,.F.);
#7287=ORIENTED_EDGE('',*,*,#5256,.F.);
#7288=ORIENTED_EDGE('',*,*,#5253,.F.);
#7289=ORIENTED_EDGE('',*,*,#5056,.T.);
#7290=ORIENTED_EDGE('',*,*,#5060,.T.);
#7291=ORIENTED_EDGE('',*,*,#5063,.T.);
#7292=ORIENTED_EDGE('',*,*,#5066,.T.);
#7293=ORIENTED_EDGE('',*,*,#5257,.T.);
#7294=ORIENTED_EDGE('',*,*,#5258,.T.);
#7295=ORIENTED_EDGE('',*,*,#5259,.T.);
#7296=ORIENTED_EDGE('',*,*,#5260,.T.);
#7297=ORIENTED_EDGE('',*,*,#5257,.F.);
#7298=ORIENTED_EDGE('',*,*,#5261,.T.);
#7299=ORIENTED_EDGE('',*,*,#5262,.F.);
#7300=ORIENTED_EDGE('',*,*,#5263,.T.);
#7301=ORIENTED_EDGE('',*,*,#5264,.F.);
#7302=ORIENTED_EDGE('',*,*,#5265,.T.);
#7303=ORIENTED_EDGE('',*,*,#5266,.F.);
#7304=ORIENTED_EDGE('',*,*,#5267,.T.);
#7305=ORIENTED_EDGE('',*,*,#5229,.T.);
#7306=ORIENTED_EDGE('',*,*,#5268,.T.);
#7307=ORIENTED_EDGE('',*,*,#5249,.F.);
#7308=ORIENTED_EDGE('',*,*,#5252,.T.);
#7309=ORIENTED_EDGE('',*,*,#5254,.F.);
#7310=ORIENTED_EDGE('',*,*,#5256,.T.);
#7311=ORIENTED_EDGE('',*,*,#5269,.F.);
#7312=ORIENTED_EDGE('',*,*,#5270,.T.);
#7313=ORIENTED_EDGE('',*,*,#5271,.F.);
#7314=ORIENTED_EDGE('',*,*,#5260,.F.);
#7315=ORIENTED_EDGE('',*,*,#5272,.T.);
#7316=ORIENTED_EDGE('',*,*,#5273,.F.);
#7317=ORIENTED_EDGE('',*,*,#5261,.F.);
#7318=ORIENTED_EDGE('',*,*,#5242,.F.);
#7319=ORIENTED_EDGE('',*,*,#5250,.F.);
#7320=ORIENTED_EDGE('',*,*,#5268,.F.);
#7321=ORIENTED_EDGE('',*,*,#5274,.F.);
#7322=ORIENTED_EDGE('',*,*,#5262,.T.);
#7323=ORIENTED_EDGE('',*,*,#5273,.T.);
#7324=ORIENTED_EDGE('',*,*,#5275,.T.);
#7325=ORIENTED_EDGE('',*,*,#5276,.T.);
#7326=ORIENTED_EDGE('',*,*,#5266,.T.);
#7327=ORIENTED_EDGE('',*,*,#5277,.T.);
#7328=ORIENTED_EDGE('',*,*,#5278,.T.);
#7329=ORIENTED_EDGE('',*,*,#5279,.T.);
#7330=ORIENTED_EDGE('',*,*,#5277,.F.);
#7331=ORIENTED_EDGE('',*,*,#5265,.F.);
#7332=ORIENTED_EDGE('',*,*,#5280,.F.);
#7333=ORIENTED_EDGE('',*,*,#5281,.T.);
#7334=ORIENTED_EDGE('',*,*,#5247,.F.);
#7335=ORIENTED_EDGE('',*,*,#5282,.T.);
#7336=ORIENTED_EDGE('',*,*,#5269,.T.);
#7337=ORIENTED_EDGE('',*,*,#5255,.T.);
#7338=ORIENTED_EDGE('',*,*,#5243,.F.);
#7339=ORIENTED_EDGE('',*,*,#5274,.T.);
#7340=ORIENTED_EDGE('',*,*,#5271,.T.);
#7341=ORIENTED_EDGE('',*,*,#5283,.T.);
#7342=ORIENTED_EDGE('',*,*,#5246,.F.);
#7343=ORIENTED_EDGE('',*,*,#5283,.F.);
#7344=ORIENTED_EDGE('',*,*,#5270,.F.);
#7345=ORIENTED_EDGE('',*,*,#5282,.F.);
#7346=ORIENTED_EDGE('',*,*,#5264,.T.);
#7347=ORIENTED_EDGE('',*,*,#5284,.T.);
#7348=ORIENTED_EDGE('',*,*,#5285,.T.);
#7349=ORIENTED_EDGE('',*,*,#5280,.T.);
#7350=ORIENTED_EDGE('',*,*,#5276,.F.);
#7351=ORIENTED_EDGE('',*,*,#5286,.T.);
#7352=ORIENTED_EDGE('',*,*,#5284,.F.);
#7353=ORIENTED_EDGE('',*,*,#5263,.F.);
#7354=ORIENTED_EDGE('',*,*,#5258,.F.);
#7355=ORIENTED_EDGE('',*,*,#5267,.F.);
#7356=ORIENTED_EDGE('',*,*,#5279,.F.);
#7357=ORIENTED_EDGE('',*,*,#5287,.T.);
#7358=ORIENTED_EDGE('',*,*,#5259,.F.);
#7359=ORIENTED_EDGE('',*,*,#5287,.F.);
#7360=ORIENTED_EDGE('',*,*,#5278,.F.);
#7361=ORIENTED_EDGE('',*,*,#5281,.F.);
#7362=ORIENTED_EDGE('',*,*,#5285,.F.);
#7363=ORIENTED_EDGE('',*,*,#5286,.F.);
#7364=ORIENTED_EDGE('',*,*,#5275,.F.);
#7365=ORIENTED_EDGE('',*,*,#5272,.F.);
#7366=ORIENTED_EDGE('',*,*,#5231,.T.);
#7367=ORIENTED_EDGE('',*,*,#5288,.F.);
#7368=ORIENTED_EDGE('',*,*,#5289,.T.);
#7369=ORIENTED_EDGE('',*,*,#5290,.F.);
#7370=ORIENTED_EDGE('',*,*,#5291,.F.);
#7371=ORIENTED_EDGE('',*,*,#5292,.F.);
#7372=ORIENTED_EDGE('',*,*,#5291,.T.);
#7373=ORIENTED_EDGE('',*,*,#5293,.F.);
#7374=ORIENTED_EDGE('',*,*,#5294,.F.);
#7375=ORIENTED_EDGE('',*,*,#5295,.F.);
#7376=ORIENTED_EDGE('',*,*,#5294,.T.);
#7377=ORIENTED_EDGE('',*,*,#5296,.F.);
#7378=ORIENTED_EDGE('',*,*,#5297,.F.);
#7379=ORIENTED_EDGE('',*,*,#5298,.F.);
#7380=ORIENTED_EDGE('',*,*,#5297,.T.);
#7381=ORIENTED_EDGE('',*,*,#5299,.F.);
#7382=ORIENTED_EDGE('',*,*,#5289,.F.);
#7383=ORIENTED_EDGE('',*,*,#5298,.T.);
#7384=ORIENTED_EDGE('',*,*,#5288,.T.);
#7385=ORIENTED_EDGE('',*,*,#5292,.T.);
#7386=ORIENTED_EDGE('',*,*,#5295,.T.);
#7387=ORIENTED_EDGE('',*,*,#5299,.T.);
#7388=ORIENTED_EDGE('',*,*,#5296,.T.);
#7389=ORIENTED_EDGE('',*,*,#5293,.T.);
#7390=ORIENTED_EDGE('',*,*,#5290,.T.);
#7391=ORIENTED_EDGE('',*,*,#5300,.T.);
#7392=ORIENTED_EDGE('',*,*,#5301,.T.);
#7393=ORIENTED_EDGE('',*,*,#5302,.F.);
#7394=ORIENTED_EDGE('',*,*,#5303,.F.);
#7395=ORIENTED_EDGE('',*,*,#5304,.T.);
#7396=ORIENTED_EDGE('',*,*,#5303,.T.);
#7397=ORIENTED_EDGE('',*,*,#5305,.F.);
#7398=ORIENTED_EDGE('',*,*,#5306,.F.);
#7399=ORIENTED_EDGE('',*,*,#5307,.T.);
#7400=ORIENTED_EDGE('',*,*,#5306,.T.);
#7401=ORIENTED_EDGE('',*,*,#5308,.F.);
#7402=ORIENTED_EDGE('',*,*,#5309,.F.);
#7403=ORIENTED_EDGE('',*,*,#5310,.T.);
#7404=ORIENTED_EDGE('',*,*,#5309,.T.);
#7405=ORIENTED_EDGE('',*,*,#5311,.F.);
#7406=ORIENTED_EDGE('',*,*,#5312,.F.);
#7407=ORIENTED_EDGE('',*,*,#5313,.T.);
#7408=ORIENTED_EDGE('',*,*,#5312,.T.);
#7409=ORIENTED_EDGE('',*,*,#5314,.F.);
#7410=ORIENTED_EDGE('',*,*,#5315,.F.);
#7411=ORIENTED_EDGE('',*,*,#5316,.T.);
#7412=ORIENTED_EDGE('',*,*,#5315,.T.);
#7413=ORIENTED_EDGE('',*,*,#5317,.F.);
#7414=ORIENTED_EDGE('',*,*,#5318,.F.);
#7415=ORIENTED_EDGE('',*,*,#5319,.T.);
#7416=ORIENTED_EDGE('',*,*,#5318,.T.);
#7417=ORIENTED_EDGE('',*,*,#5320,.F.);
#7418=ORIENTED_EDGE('',*,*,#5321,.F.);
#7419=ORIENTED_EDGE('',*,*,#5322,.T.);
#7420=ORIENTED_EDGE('',*,*,#5321,.T.);
#7421=ORIENTED_EDGE('',*,*,#5323,.F.);
#7422=ORIENTED_EDGE('',*,*,#5301,.F.);
#7423=ORIENTED_EDGE('',*,*,#5323,.T.);
#7424=ORIENTED_EDGE('',*,*,#5320,.T.);
#7425=ORIENTED_EDGE('',*,*,#5317,.T.);
#7426=ORIENTED_EDGE('',*,*,#5314,.T.);
#7427=ORIENTED_EDGE('',*,*,#5311,.T.);
#7428=ORIENTED_EDGE('',*,*,#5308,.T.);
#7429=ORIENTED_EDGE('',*,*,#5305,.T.);
#7430=ORIENTED_EDGE('',*,*,#5302,.T.);
#7431=ORIENTED_EDGE('',*,*,#5322,.F.);
#7432=ORIENTED_EDGE('',*,*,#5300,.F.);
#7433=ORIENTED_EDGE('',*,*,#5304,.F.);
#7434=ORIENTED_EDGE('',*,*,#5307,.F.);
#7435=ORIENTED_EDGE('',*,*,#5310,.F.);
#7436=ORIENTED_EDGE('',*,*,#5313,.F.);
#7437=ORIENTED_EDGE('',*,*,#5316,.F.);
#7438=ORIENTED_EDGE('',*,*,#5319,.F.);
#7439=ORIENTED_EDGE('',*,*,#5324,.F.);
#7440=ORIENTED_EDGE('',*,*,#5325,.F.);
#7441=ORIENTED_EDGE('',*,*,#5326,.T.);
#7442=ORIENTED_EDGE('',*,*,#5327,.F.);
#7443=ORIENTED_EDGE('',*,*,#5328,.F.);
#7444=ORIENTED_EDGE('',*,*,#5329,.F.);
#7445=ORIENTED_EDGE('',*,*,#5330,.T.);
#7446=ORIENTED_EDGE('',*,*,#5331,.F.);
#7447=ORIENTED_EDGE('',*,*,#5332,.F.);
#7448=ORIENTED_EDGE('',*,*,#5326,.F.);
#7449=ORIENTED_EDGE('',*,*,#5333,.F.);
#7450=ORIENTED_EDGE('',*,*,#5330,.F.);
#7451=ORIENTED_EDGE('',*,*,#5328,.T.);
#7452=ORIENTED_EDGE('',*,*,#5334,.T.);
#7453=ORIENTED_EDGE('',*,*,#5335,.T.);
#7454=ORIENTED_EDGE('',*,*,#5336,.T.);
#7455=ORIENTED_EDGE('',*,*,#5324,.T.);
#7456=ORIENTED_EDGE('',*,*,#5337,.T.);
#7457=ORIENTED_EDGE('',*,*,#5338,.T.);
#7458=ORIENTED_EDGE('',*,*,#5339,.T.);
#7459=ORIENTED_EDGE('',*,*,#5327,.T.);
#7460=ORIENTED_EDGE('',*,*,#5332,.T.);
#7461=ORIENTED_EDGE('',*,*,#5329,.T.);
#7462=ORIENTED_EDGE('',*,*,#5336,.F.);
#7463=ORIENTED_EDGE('',*,*,#5340,.F.);
#7464=ORIENTED_EDGE('',*,*,#5341,.T.);
#7465=ORIENTED_EDGE('',*,*,#5342,.T.);
#7466=ORIENTED_EDGE('',*,*,#5337,.F.);
#7467=ORIENTED_EDGE('',*,*,#5343,.T.);
#7468=ORIENTED_EDGE('',*,*,#5344,.T.);
#7469=ORIENTED_EDGE('',*,*,#5338,.F.);
#7470=ORIENTED_EDGE('',*,*,#5342,.F.);
#7471=ORIENTED_EDGE('',*,*,#5345,.T.);
#7472=ORIENTED_EDGE('',*,*,#5340,.T.);
#7473=ORIENTED_EDGE('',*,*,#5335,.F.);
#7474=ORIENTED_EDGE('',*,*,#5346,.F.);
#7475=ORIENTED_EDGE('',*,*,#5325,.T.);
#7476=ORIENTED_EDGE('',*,*,#5339,.F.);
#7477=ORIENTED_EDGE('',*,*,#5344,.F.);
#7478=ORIENTED_EDGE('',*,*,#5347,.T.);
#7479=ORIENTED_EDGE('',*,*,#5346,.T.);
#7480=ORIENTED_EDGE('',*,*,#5334,.F.);
#7481=ORIENTED_EDGE('',*,*,#5331,.T.);
#7482=ORIENTED_EDGE('',*,*,#5333,.T.);
#7483=ORIENTED_EDGE('',*,*,#5347,.F.);
#7484=ORIENTED_EDGE('',*,*,#5343,.F.);
#7485=ORIENTED_EDGE('',*,*,#5341,.F.);
#7486=ORIENTED_EDGE('',*,*,#5345,.F.);
#7487=ORIENTED_EDGE('',*,*,#5348,.F.);
#7488=ORIENTED_EDGE('',*,*,#5349,.T.);
#7489=ORIENTED_EDGE('',*,*,#5350,.F.);
#7490=ORIENTED_EDGE('',*,*,#5349,.F.);
#7491=ORIENTED_EDGE('',*,*,#5350,.T.);
#7492=ORIENTED_EDGE('',*,*,#5351,.F.);
#7493=ORIENTED_EDGE('',*,*,#5352,.F.);
#7494=ORIENTED_EDGE('',*,*,#5353,.T.);
#7495=ORIENTED_EDGE('',*,*,#5354,.T.);
#7496=ORIENTED_EDGE('',*,*,#5353,.F.);
#7497=ORIENTED_EDGE('',*,*,#5354,.F.);
#7498=ORIENTED_EDGE('',*,*,#5355,.F.);
#7499=ORIENTED_EDGE('',*,*,#5356,.T.);
#7500=ORIENTED_EDGE('',*,*,#5357,.T.);
#7501=ORIENTED_EDGE('',*,*,#5358,.T.);
#7502=ORIENTED_EDGE('',*,*,#5359,.T.);
#7503=ORIENTED_EDGE('',*,*,#5360,.T.);
#7504=ORIENTED_EDGE('',*,*,#5361,.T.);
#7505=ORIENTED_EDGE('',*,*,#5348,.T.);
#7506=ORIENTED_EDGE('',*,*,#5355,.T.);
#7507=ORIENTED_EDGE('',*,*,#5362,.T.);
#7508=ORIENTED_EDGE('',*,*,#5351,.T.);
#7509=ORIENTED_EDGE('',*,*,#5362,.F.);
#7510=ORIENTED_EDGE('',*,*,#5363,.F.);
#7511=ORIENTED_EDGE('',*,*,#5364,.F.);
#7512=ORIENTED_EDGE('',*,*,#5365,.F.);
#7513=ORIENTED_EDGE('',*,*,#5357,.F.);
#7514=ORIENTED_EDGE('',*,*,#5365,.T.);
#7515=ORIENTED_EDGE('',*,*,#5366,.F.);
#7516=ORIENTED_EDGE('',*,*,#5367,.F.);
#7517=ORIENTED_EDGE('',*,*,#5358,.F.);
#7518=ORIENTED_EDGE('',*,*,#5367,.T.);
#7519=ORIENTED_EDGE('',*,*,#5368,.F.);
#7520=ORIENTED_EDGE('',*,*,#5369,.F.);
#7521=ORIENTED_EDGE('',*,*,#5359,.F.);
#7522=ORIENTED_EDGE('',*,*,#5369,.T.);
#7523=ORIENTED_EDGE('',*,*,#5370,.F.);
#7524=ORIENTED_EDGE('',*,*,#5371,.F.);
#7525=ORIENTED_EDGE('',*,*,#5360,.F.);
#7526=ORIENTED_EDGE('',*,*,#5371,.T.);
#7527=ORIENTED_EDGE('',*,*,#5372,.F.);
#7528=ORIENTED_EDGE('',*,*,#5373,.F.);
#7529=ORIENTED_EDGE('',*,*,#5361,.F.);
#7530=ORIENTED_EDGE('',*,*,#5373,.T.);
#7531=ORIENTED_EDGE('',*,*,#5374,.F.);
#7532=ORIENTED_EDGE('',*,*,#5363,.T.);
#7533=ORIENTED_EDGE('',*,*,#5356,.F.);
#7534=ORIENTED_EDGE('',*,*,#5374,.T.);
#7535=ORIENTED_EDGE('',*,*,#5372,.T.);
#7536=ORIENTED_EDGE('',*,*,#5370,.T.);
#7537=ORIENTED_EDGE('',*,*,#5368,.T.);
#7538=ORIENTED_EDGE('',*,*,#5366,.T.);
#7539=ORIENTED_EDGE('',*,*,#5364,.T.);
#7540=ORIENTED_EDGE('',*,*,#5352,.T.);
#7541=ORIENTED_EDGE('',*,*,#5375,.T.);
#7542=ORIENTED_EDGE('',*,*,#5376,.T.);
#7543=ORIENTED_EDGE('',*,*,#5377,.T.);
#7544=ORIENTED_EDGE('',*,*,#5378,.T.);
#7545=ORIENTED_EDGE('',*,*,#5376,.F.);
#7546=ORIENTED_EDGE('',*,*,#5375,.F.);
#7547=ORIENTED_EDGE('',*,*,#5377,.F.);
#7548=ORIENTED_EDGE('',*,*,#5378,.F.);
#7549=ORIENTED_EDGE('',*,*,#5379,.T.);
#7550=ORIENTED_EDGE('',*,*,#5380,.T.);
#7551=ORIENTED_EDGE('',*,*,#5379,.F.);
#7552=ORIENTED_EDGE('',*,*,#5381,.F.);
#7553=ORIENTED_EDGE('',*,*,#5382,.T.);
#7554=ORIENTED_EDGE('',*,*,#5383,.T.);
#7555=ORIENTED_EDGE('',*,*,#5384,.F.);
#7556=ORIENTED_EDGE('',*,*,#5385,.F.);
#7557=ORIENTED_EDGE('',*,*,#5386,.T.);
#7558=ORIENTED_EDGE('',*,*,#5387,.T.);
#7559=ORIENTED_EDGE('',*,*,#5382,.F.);
#7560=ORIENTED_EDGE('',*,*,#5388,.F.);
#7561=ORIENTED_EDGE('',*,*,#5389,.T.);
#7562=ORIENTED_EDGE('',*,*,#5390,.T.);
#7563=ORIENTED_EDGE('',*,*,#5386,.F.);
#7564=ORIENTED_EDGE('',*,*,#5391,.F.);
#7565=ORIENTED_EDGE('',*,*,#5392,.T.);
#7566=ORIENTED_EDGE('',*,*,#5393,.T.);
#7567=ORIENTED_EDGE('',*,*,#5389,.F.);
#7568=ORIENTED_EDGE('',*,*,#5394,.F.);
#7569=ORIENTED_EDGE('',*,*,#5395,.T.);
#7570=ORIENTED_EDGE('',*,*,#5396,.T.);
#7571=ORIENTED_EDGE('',*,*,#5392,.F.);
#7572=ORIENTED_EDGE('',*,*,#5397,.F.);
#7573=ORIENTED_EDGE('',*,*,#5398,.T.);
#7574=ORIENTED_EDGE('',*,*,#5399,.T.);
#7575=ORIENTED_EDGE('',*,*,#5395,.F.);
#7576=ORIENTED_EDGE('',*,*,#5400,.F.);
#7577=ORIENTED_EDGE('',*,*,#5401,.T.);
#7578=ORIENTED_EDGE('',*,*,#5402,.T.);
#7579=ORIENTED_EDGE('',*,*,#5398,.F.);
#7580=ORIENTED_EDGE('',*,*,#5403,.F.);
#7581=ORIENTED_EDGE('',*,*,#5404,.T.);
#7582=ORIENTED_EDGE('',*,*,#5405,.T.);
#7583=ORIENTED_EDGE('',*,*,#5401,.F.);
#7584=ORIENTED_EDGE('',*,*,#5406,.F.);
#7585=ORIENTED_EDGE('',*,*,#5407,.T.);
#7586=ORIENTED_EDGE('',*,*,#5408,.T.);
#7587=ORIENTED_EDGE('',*,*,#5404,.F.);
#7588=ORIENTED_EDGE('',*,*,#5409,.F.);
#7589=ORIENTED_EDGE('',*,*,#5410,.T.);
#7590=ORIENTED_EDGE('',*,*,#5411,.T.);
#7591=ORIENTED_EDGE('',*,*,#5407,.F.);
#7592=ORIENTED_EDGE('',*,*,#5412,.F.);
#7593=ORIENTED_EDGE('',*,*,#5413,.T.);
#7594=ORIENTED_EDGE('',*,*,#5414,.T.);
#7595=ORIENTED_EDGE('',*,*,#5410,.F.);
#7596=ORIENTED_EDGE('',*,*,#5415,.F.);
#7597=ORIENTED_EDGE('',*,*,#5384,.T.);
#7598=ORIENTED_EDGE('',*,*,#5416,.T.);
#7599=ORIENTED_EDGE('',*,*,#5413,.F.);
#7600=ORIENTED_EDGE('',*,*,#5416,.F.);
#7601=ORIENTED_EDGE('',*,*,#5383,.F.);
#7602=ORIENTED_EDGE('',*,*,#5387,.F.);
#7603=ORIENTED_EDGE('',*,*,#5390,.F.);
#7604=ORIENTED_EDGE('',*,*,#5393,.F.);
#7605=ORIENTED_EDGE('',*,*,#5396,.F.);
#7606=ORIENTED_EDGE('',*,*,#5399,.F.);
#7607=ORIENTED_EDGE('',*,*,#5402,.F.);
#7608=ORIENTED_EDGE('',*,*,#5405,.F.);
#7609=ORIENTED_EDGE('',*,*,#5408,.F.);
#7610=ORIENTED_EDGE('',*,*,#5411,.F.);
#7611=ORIENTED_EDGE('',*,*,#5414,.F.);
#7612=ORIENTED_EDGE('',*,*,#5417,.F.);
#7613=ORIENTED_EDGE('',*,*,#5381,.T.);
#7614=ORIENTED_EDGE('',*,*,#5415,.T.);
#7615=ORIENTED_EDGE('',*,*,#5412,.T.);
#7616=ORIENTED_EDGE('',*,*,#5409,.T.);
#7617=ORIENTED_EDGE('',*,*,#5406,.T.);
#7618=ORIENTED_EDGE('',*,*,#5403,.T.);
#7619=ORIENTED_EDGE('',*,*,#5400,.T.);
#7620=ORIENTED_EDGE('',*,*,#5397,.T.);
#7621=ORIENTED_EDGE('',*,*,#5394,.T.);
#7622=ORIENTED_EDGE('',*,*,#5391,.T.);
#7623=ORIENTED_EDGE('',*,*,#5388,.T.);
#7624=ORIENTED_EDGE('',*,*,#5385,.T.);
#7625=ORIENTED_EDGE('',*,*,#5418,.F.);
#7626=ORIENTED_EDGE('',*,*,#5419,.T.);
#7627=ORIENTED_EDGE('',*,*,#5417,.T.);
#7628=ORIENTED_EDGE('',*,*,#5419,.F.);
#7629=ORIENTED_EDGE('',*,*,#5420,.F.);
#7630=ORIENTED_EDGE('',*,*,#5421,.F.);
#7631=ORIENTED_EDGE('',*,*,#5422,.T.);
#7632=ORIENTED_EDGE('',*,*,#5420,.T.);
#7633=ORIENTED_EDGE('',*,*,#5418,.T.);
#7634=ORIENTED_EDGE('',*,*,#5422,.F.);
#7635=ORIENTED_EDGE('',*,*,#5421,.T.);
#7636=ORIENTED_EDGE('',*,*,#5380,.F.);
#7637=CYLINDRICAL_SURFACE('',#8418,1.5);
#7638=CYLINDRICAL_SURFACE('',#8426,1.5);
#7639=CYLINDRICAL_SURFACE('',#8429,1.5);
#7640=CYLINDRICAL_SURFACE('',#8431,1.5);
#7641=CYLINDRICAL_SURFACE('',#8435,0.707106781186544);
#7642=CYLINDRICAL_SURFACE('',#8438,0.707106781186544);
#7643=CYLINDRICAL_SURFACE('',#8441,0.707106781186544);
#7644=CYLINDRICAL_SURFACE('',#8444,0.707106781186544);
#7645=CYLINDRICAL_SURFACE('',#8447,0.707106781186544);
#7646=CYLINDRICAL_SURFACE('',#8450,0.707106781186544);
#7647=CYLINDRICAL_SURFACE('',#8453,0.707106781186544);
#7648=CYLINDRICAL_SURFACE('',#8456,0.707106781186544);
#7649=CYLINDRICAL_SURFACE('',#8459,0.707106781186544);
#7650=CYLINDRICAL_SURFACE('',#8462,0.707106781186544);
#7651=CYLINDRICAL_SURFACE('',#8465,0.707106781186544);
#7652=CYLINDRICAL_SURFACE('',#8468,0.707106781186544);
#7653=CYLINDRICAL_SURFACE('',#8471,0.707106781186544);
#7654=CYLINDRICAL_SURFACE('',#8474,0.707106781186544);
#7655=CYLINDRICAL_SURFACE('',#8477,0.707106781186544);
#7656=CYLINDRICAL_SURFACE('',#8480,0.707106781186544);
#7657=CYLINDRICAL_SURFACE('',#8483,0.707106781186544);
#7658=CYLINDRICAL_SURFACE('',#8486,0.707106781186544);
#7659=CYLINDRICAL_SURFACE('',#8489,0.707106781186544);
#7660=CYLINDRICAL_SURFACE('',#8492,0.707106781186544);
#7661=CYLINDRICAL_SURFACE('',#8495,0.707106781186544);
#7662=CYLINDRICAL_SURFACE('',#8498,0.707106781186544);
#7663=CYLINDRICAL_SURFACE('',#8501,0.707106781186544);
#7664=CYLINDRICAL_SURFACE('',#8504,0.707106781186544);
#7665=CYLINDRICAL_SURFACE('',#8507,0.707106781186544);
#7666=CYLINDRICAL_SURFACE('',#8510,0.707106781186544);
#7667=CYLINDRICAL_SURFACE('',#8513,0.707106781186544);
#7668=CYLINDRICAL_SURFACE('',#8516,0.707106781186544);
#7669=CYLINDRICAL_SURFACE('',#8519,0.707106781186544);
#7670=CYLINDRICAL_SURFACE('',#8522,0.707106781186544);
#7671=CYLINDRICAL_SURFACE('',#8525,0.707106781186544);
#7672=CYLINDRICAL_SURFACE('',#8528,0.707106781186544);
#7673=CYLINDRICAL_SURFACE('',#8531,0.707106781186544);
#7674=CYLINDRICAL_SURFACE('',#8534,0.707106781186544);
#7675=CYLINDRICAL_SURFACE('',#8537,0.707106781186544);
#7676=CYLINDRICAL_SURFACE('',#8540,0.707106781186544);
#7677=CYLINDRICAL_SURFACE('',#8543,0.707106781186544);
#7678=CYLINDRICAL_SURFACE('',#8546,0.707106781186544);
#7679=CYLINDRICAL_SURFACE('',#8549,0.707106781186544);
#7680=CYLINDRICAL_SURFACE('',#8552,0.707106781186544);
#7681=CYLINDRICAL_SURFACE('',#8579,1.);
#7682=CYLINDRICAL_SURFACE('',#8583,1.);
#7683=CYLINDRICAL_SURFACE('',#8602,1.);
#7684=CYLINDRICAL_SURFACE('',#8605,1.);
#7685=CYLINDRICAL_SURFACE('',#8607,1.);
#7686=CYLINDRICAL_SURFACE('',#8610,1.);
#7687=CYLINDRICAL_SURFACE('',#8613,1.);
#7688=CYLINDRICAL_SURFACE('',#8616,1.);
#7689=CYLINDRICAL_SURFACE('',#8619,3.);
#7690=CYLINDRICAL_SURFACE('',#8622,3.);
#7691=CYLINDRICAL_SURFACE('',#8624,3.);
#7692=CYLINDRICAL_SURFACE('',#8627,3.);
#7693=CYLINDRICAL_SURFACE('',#8629,1.25);
#7694=CYLINDRICAL_SURFACE('',#8630,1.75);
#7695=CYLINDRICAL_SURFACE('',#8632,1.5);
#7696=CYLINDRICAL_SURFACE('',#8634,1.5);
#7697=CYLINDRICAL_SURFACE('',#8636,1.75);
#7698=CYLINDRICAL_SURFACE('',#8638,1.25);
#7699=CYLINDRICAL_SURFACE('',#8639,1.25);
#7700=CYLINDRICAL_SURFACE('',#8640,1.25);
#7701=CYLINDRICAL_SURFACE('',#8844,0.25);
#7702=CYLINDRICAL_SURFACE('',#8859,1.5);
#7703=CYLINDRICAL_SURFACE('',#8862,1.5);
#7704=CYLINDRICAL_SURFACE('',#8866,1.5);
#7705=CYLINDRICAL_SURFACE('',#8877,1.5);
#7706=CYLINDRICAL_SURFACE('',#8879,1.5);
#7707=CYLINDRICAL_SURFACE('',#8882,1.5);
#7708=CYLINDRICAL_SURFACE('',#8883,1.5);
#7709=CYLINDRICAL_SURFACE('',#8885,1.5);
#7710=CYLINDRICAL_SURFACE('',#8917,1.5);
#7711=CYLINDRICAL_SURFACE('',#8922,1.5);
#7712=CYLINDRICAL_SURFACE('',#8928,0.8);
#7713=CYLINDRICAL_SURFACE('',#8942,1.);
#7714=CYLINDRICAL_SURFACE('',#8962,2.25);
#7715=STYLED_ITEM('',(#8303),#7851);
#7716=STYLED_ITEM('',(#8303),#7852);
#7717=STYLED_ITEM('',(#8303),#7854);
#7718=STYLED_ITEM('',(#8303),#7855);
#7719=STYLED_ITEM('',(#8303),#7856);
#7720=STYLED_ITEM('',(#8303),#7857);
#7721=STYLED_ITEM('',(#8303),#7858);
#7722=STYLED_ITEM('',(#8303),#7859);
#7723=STYLED_ITEM('',(#8304),#7860);
#7724=STYLED_ITEM('',(#8304),#7861);
#7725=STYLED_ITEM('',(#8304),#7862);
#7726=STYLED_ITEM('',(#8304),#7863);
#7727=STYLED_ITEM('',(#8304),#7864);
#7728=STYLED_ITEM('',(#8304),#7865);
#7729=STYLED_ITEM('',(#8304),#7866);
#7730=STYLED_ITEM('',(#8304),#7867);
#7731=STYLED_ITEM('',(#8304),#7868);
#7732=STYLED_ITEM('',(#8304),#7869);
#7733=STYLED_ITEM('',(#8304),#7870);
#7734=STYLED_ITEM('',(#8304),#7871);
#7735=STYLED_ITEM('',(#8304),#7872);
#7736=STYLED_ITEM('',(#8304),#7873);
#7737=STYLED_ITEM('',(#8304),#7874);
#7738=STYLED_ITEM('',(#8304),#7875);
#7739=STYLED_ITEM('',(#8304),#7876);
#7740=STYLED_ITEM('',(#8304),#7877);
#7741=STYLED_ITEM('',(#8304),#7878);
#7742=STYLED_ITEM('',(#8304),#7879);
#7743=STYLED_ITEM('',(#8304),#7880);
#7744=STYLED_ITEM('',(#8304),#7881);
#7745=STYLED_ITEM('',(#8304),#7882);
#7746=STYLED_ITEM('',(#8304),#7883);
#7747=STYLED_ITEM('',(#8304),#7884);
#7748=STYLED_ITEM('',(#8304),#7885);
#7749=STYLED_ITEM('',(#8304),#7886);
#7750=STYLED_ITEM('',(#8304),#7887);
#7751=STYLED_ITEM('',(#8304),#7888);
#7752=STYLED_ITEM('',(#8304),#7889);
#7753=STYLED_ITEM('',(#8304),#7890);
#7754=STYLED_ITEM('',(#8304),#7891);
#7755=STYLED_ITEM('',(#8304),#7892);
#7756=STYLED_ITEM('',(#8304),#7893);
#7757=STYLED_ITEM('',(#8304),#7894);
#7758=STYLED_ITEM('',(#8304),#7895);
#7759=STYLED_ITEM('',(#8304),#7896);
#7760=STYLED_ITEM('',(#8304),#7897);
#7761=STYLED_ITEM('',(#8304),#7898);
#7762=STYLED_ITEM('',(#8304),#7899);
#7763=STYLED_ITEM('',(#8304),#7900);
#7764=STYLED_ITEM('',(#8304),#7901);
#7765=STYLED_ITEM('',(#8304),#7902);
#7766=STYLED_ITEM('',(#8304),#7903);
#7767=STYLED_ITEM('',(#8304),#7904);
#7768=STYLED_ITEM('',(#8304),#7905);
#7769=STYLED_ITEM('',(#8304),#7906);
#7770=STYLED_ITEM('',(#8304),#7907);
#7771=STYLED_ITEM('',(#8304),#7908);
#7772=STYLED_ITEM('',(#8304),#7909);
#7773=STYLED_ITEM('',(#8304),#7910);
#7774=STYLED_ITEM('',(#8304),#7911);
#7775=STYLED_ITEM('',(#8305),#7912);
#7776=STYLED_ITEM('',(#8304),#7913);
#7777=STYLED_ITEM('',(#8304),#7914);
#7778=STYLED_ITEM('',(#8304),#7915);
#7779=STYLED_ITEM('',(#8304),#7916);
#7780=STYLED_ITEM('',(#8304),#7917);
#7781=STYLED_ITEM('',(#8304),#7918);
#7782=STYLED_ITEM('',(#8304),#7919);
#7783=STYLED_ITEM('',(#8304),#7920);
#7784=STYLED_ITEM('',(#8304),#7921);
#7785=STYLED_ITEM('',(#8304),#7922);
#7786=STYLED_ITEM('',(#8304),#7923);
#7787=STYLED_ITEM('',(#8304),#7924);
#7788=STYLED_ITEM('',(#8304),#7925);
#7789=STYLED_ITEM('',(#8304),#7926);
#7790=STYLED_ITEM('',(#8304),#7927);
#7791=STYLED_ITEM('',(#8304),#7928);
#7792=STYLED_ITEM('',(#8304),#7929);
#7793=STYLED_ITEM('',(#8304),#7930);
#7794=STYLED_ITEM('',(#8304),#7931);
#7795=STYLED_ITEM('',(#8304),#7932);
#7796=STYLED_ITEM('',(#8304),#7933);
#7797=STYLED_ITEM('',(#8304),#7934);
#7798=STYLED_ITEM('',(#8304),#7935);
#7799=STYLED_ITEM('',(#8304),#7936);
#7800=STYLED_ITEM('',(#8304),#7937);
#7801=STYLED_ITEM('',(#8304),#7938);
#7802=STYLED_ITEM('',(#8304),#7939);
#7803=STYLED_ITEM('',(#8304),#7940);
#7804=STYLED_ITEM('',(#8305),#7941);
#7805=STYLED_ITEM('',(#8302),#158);
#7806=STYLED_ITEM('',(#8306),#159);
#7807=STYLED_ITEM('',(#8308),#8112);
#7808=STYLED_ITEM('',(#8308),#8117);
#7809=STYLED_ITEM('',(#8308),#8127);
#7810=STYLED_ITEM('',(#8308),#8141);
#7811=STYLED_ITEM('',(#8308),#8158);
#7812=STYLED_ITEM('',(#8307),#160);
#7813=STYLED_ITEM('',(#8309),#161);
#7814=STYLED_ITEM('',(#8306),#162);
#7815=STYLED_ITEM('',(#8310),#163);
#7816=STYLED_ITEM('',(#8306),#8224);
#7817=STYLED_ITEM('',(#8306),#8225);
#7818=STYLED_ITEM('',(#8306),#8226);
#7819=STYLED_ITEM('',(#8306),#8227);
#7820=STYLED_ITEM('',(#8306),#8228);
#7821=STYLED_ITEM('',(#8306),#8229);
#7822=STYLED_ITEM('',(#8306),#8230);
#7823=STYLED_ITEM('',(#8306),#8231);
#7824=STYLED_ITEM('',(#8306),#8232);
#7825=STYLED_ITEM('',(#8306),#8233);
#7826=STYLED_ITEM('',(#8306),#8234);
#7827=STYLED_ITEM('',(#8306),#8235);
#7828=STYLED_ITEM('',(#8306),#8236);
#7829=STYLED_ITEM('',(#8302),#164);
#7830=STYLED_ITEM('',(#8311),#8237);
#7831=STYLED_ITEM('',(#8311),#8238);
#7832=STYLED_ITEM('',(#8311),#8239);
#7833=STYLED_ITEM('',(#8311),#8240);
#7834=STYLED_ITEM('',(#8311),#8241);
#7835=STYLED_ITEM('',(#8311),#8242);
#7836=STYLED_ITEM('',(#8311),#8243);
#7837=STYLED_ITEM('',(#8311),#8244);
#7838=STYLED_ITEM('',(#8311),#8245);
#7839=STYLED_ITEM('',(#8311),#8246);
#7840=STYLED_ITEM('',(#8311),#8247);
#7841=STYLED_ITEM('',(#8311),#8248);
#7842=STYLED_ITEM('',(#8311),#8249);
#7843=STYLED_ITEM('',(#8311),#8250);
#7844=STYLED_ITEM('',(#8311),#8251);
#7845=STYLED_ITEM('',(#8311),#8252);
#7846=STYLED_ITEM('',(#8311),#8253);
#7847=STYLED_ITEM('',(#8311),#8254);
#7848=STYLED_ITEM('',(#8311),#8255);
#7849=STYLED_ITEM('',(#8311),#8256);
#7850=STYLED_ITEM('',(#8302),#165);
#7851=ADVANCED_FACE('',(#656),#7637,.T.);
#7852=ADVANCED_FACE('',(#657),#367,.T.);
#7853=ADVANCED_FACE('',(#658),#368,.T.);
#7854=ADVANCED_FACE('',(#659),#7638,.T.);
#7855=ADVANCED_FACE('',(#660),#369,.T.);
#7856=ADVANCED_FACE('',(#661),#7639,.T.);
#7857=ADVANCED_FACE('',(#662),#7640,.T.);
#7858=ADVANCED_FACE('',(#663),#370,.T.);
#7859=ADVANCED_FACE('',(#664),#371,.T.);
#7860=ADVANCED_FACE('',(#665),#7641,.F.);
#7861=ADVANCED_FACE('',(#666),#7642,.F.);
#7862=ADVANCED_FACE('',(#667),#7643,.F.);
#7863=ADVANCED_FACE('',(#668),#7644,.F.);
#7864=ADVANCED_FACE('',(#669),#7645,.F.);
#7865=ADVANCED_FACE('',(#670),#7646,.F.);
#7866=ADVANCED_FACE('',(#671),#7647,.F.);
#7867=ADVANCED_FACE('',(#672),#7648,.F.);
#7868=ADVANCED_FACE('',(#673),#7649,.F.);
#7869=ADVANCED_FACE('',(#674),#7650,.F.);
#7870=ADVANCED_FACE('',(#675),#7651,.F.);
#7871=ADVANCED_FACE('',(#676),#7652,.F.);
#7872=ADVANCED_FACE('',(#677),#7653,.F.);
#7873=ADVANCED_FACE('',(#678),#7654,.F.);
#7874=ADVANCED_FACE('',(#679),#7655,.F.);
#7875=ADVANCED_FACE('',(#680),#7656,.F.);
#7876=ADVANCED_FACE('',(#681),#7657,.F.);
#7877=ADVANCED_FACE('',(#682),#7658,.F.);
#7878=ADVANCED_FACE('',(#683),#7659,.F.);
#7879=ADVANCED_FACE('',(#684),#7660,.F.);
#7880=ADVANCED_FACE('',(#685),#7661,.F.);
#7881=ADVANCED_FACE('',(#686),#7662,.F.);
#7882=ADVANCED_FACE('',(#687),#7663,.F.);
#7883=ADVANCED_FACE('',(#688),#7664,.F.);
#7884=ADVANCED_FACE('',(#689),#7665,.F.);
#7885=ADVANCED_FACE('',(#690),#7666,.F.);
#7886=ADVANCED_FACE('',(#691),#7667,.F.);
#7887=ADVANCED_FACE('',(#692),#7668,.F.);
#7888=ADVANCED_FACE('',(#693),#7669,.F.);
#7889=ADVANCED_FACE('',(#694),#7670,.F.);
#7890=ADVANCED_FACE('',(#695),#7671,.F.);
#7891=ADVANCED_FACE('',(#696),#7672,.F.);
#7892=ADVANCED_FACE('',(#697),#7673,.F.);
#7893=ADVANCED_FACE('',(#698),#7674,.F.);
#7894=ADVANCED_FACE('',(#699),#7675,.F.);
#7895=ADVANCED_FACE('',(#700),#7676,.F.);
#7896=ADVANCED_FACE('',(#701),#7677,.F.);
#7897=ADVANCED_FACE('',(#702),#7678,.F.);
#7898=ADVANCED_FACE('',(#703),#7679,.F.);
#7899=ADVANCED_FACE('',(#704),#7680,.F.);
#7900=ADVANCED_FACE('',(#705,#166),#372,.F.);
#7901=ADVANCED_FACE('',(#706,#167),#373,.T.);
#7902=ADVANCED_FACE('',(#707,#168),#374,.F.);
#7903=ADVANCED_FACE('',(#708,#169),#375,.T.);
#7904=ADVANCED_FACE('',(#709,#170),#376,.F.);
#7905=ADVANCED_FACE('',(#710,#171),#377,.T.);
#7906=ADVANCED_FACE('',(#711,#172),#378,.F.);
#7907=ADVANCED_FACE('',(#712,#173),#379,.T.);
#7908=ADVANCED_FACE('',(#713),#7681,.F.);
#7909=ADVANCED_FACE('',(#714),#380,.T.);
#7910=ADVANCED_FACE('',(#715),#7682,.T.);
#7911=ADVANCED_FACE('',(#716),#381,.T.);
#7912=ADVANCED_FACE('',(#717,#174,#175,#176,#177,#178,#179,#180,#181,#182,
#183,#184,#185,#186,#187,#188,#189,#190,#191,#192,#193,#194,#195,#196,#197,
#198,#199,#200,#201,#202,#203,#204,#205,#206,#207,#208,#209,#210,#211,#212,
#213,#214,#215,#216,#217,#218,#219,#220,#221),#382,.F.);
#7913=ADVANCED_FACE('',(#718),#7683,.T.);
#7914=ADVANCED_FACE('',(#719),#383,.T.);
#7915=ADVANCED_FACE('',(#720),#7684,.F.);
#7916=ADVANCED_FACE('',(#721),#7685,.T.);
#7917=ADVANCED_FACE('',(#722),#384,.T.);
#7918=ADVANCED_FACE('',(#723),#7686,.F.);
#7919=ADVANCED_FACE('',(#724),#385,.T.);
#7920=ADVANCED_FACE('',(#725),#7687,.F.);
#7921=ADVANCED_FACE('',(#726),#386,.T.);
#7922=ADVANCED_FACE('',(#727),#7688,.T.);
#7923=ADVANCED_FACE('',(#728),#387,.T.);
#7924=ADVANCED_FACE('',(#729),#7689,.T.);
#7925=ADVANCED_FACE('',(#730),#388,.T.);
#7926=ADVANCED_FACE('',(#731),#7690,.T.);
#7927=ADVANCED_FACE('',(#732),#7691,.T.);
#7928=ADVANCED_FACE('',(#733),#389,.T.);
#7929=ADVANCED_FACE('',(#734),#7692,.T.);
#7930=ADVANCED_FACE('',(#735),#7693,.F.);
#7931=ADVANCED_FACE('',(#736),#7694,.F.);
#7932=ADVANCED_FACE('',(#737),#7695,.F.);
#7933=ADVANCED_FACE('',(#738),#7696,.F.);
#7934=ADVANCED_FACE('',(#739),#7697,.F.);
#7935=ADVANCED_FACE('',(#740),#7698,.F.);
#7936=ADVANCED_FACE('',(#741),#7699,.F.);
#7937=ADVANCED_FACE('',(#742),#7700,.F.);
#7938=ADVANCED_FACE('',(#743),#390,.T.);
#7939=ADVANCED_FACE('',(#744),#391,.T.);
#7940=ADVANCED_FACE('',(#745),#392,.T.);
#7941=ADVANCED_FACE('',(#746,#222,#223,#224,#225,#226,#227,#228,#229,#230,
#231,#232,#233,#234,#235,#236,#237,#238,#239,#240,#241,#242,#243,#244,#245,
#246,#247,#248,#249,#250,#251,#252,#253,#254,#255,#256,#257,#258,#259,#260,
#261,#262,#263,#264,#265,#266,#267,#268,#269,#270),#393,.T.);
#7942=ADVANCED_FACE('',(#747),#394,.F.);
#7943=ADVANCED_FACE('',(#748),#395,.F.);
#7944=ADVANCED_FACE('',(#749),#396,.F.);
#7945=ADVANCED_FACE('',(#750),#397,.F.);
#7946=ADVANCED_FACE('',(#751),#398,.F.);
#7947=ADVANCED_FACE('',(#752),#399,.F.);
#7948=ADVANCED_FACE('',(#753),#400,.F.);
#7949=ADVANCED_FACE('',(#754),#401,.F.);
#7950=ADVANCED_FACE('',(#755),#402,.F.);
#7951=ADVANCED_FACE('',(#756),#403,.F.);
#7952=ADVANCED_FACE('',(#757),#404,.F.);
#7953=ADVANCED_FACE('',(#758),#405,.F.);
#7954=ADVANCED_FACE('',(#759),#406,.F.);
#7955=ADVANCED_FACE('',(#760),#407,.F.);
#7956=ADVANCED_FACE('',(#761),#408,.F.);
#7957=ADVANCED_FACE('',(#762),#409,.F.);
#7958=ADVANCED_FACE('',(#763),#410,.F.);
#7959=ADVANCED_FACE('',(#764),#411,.F.);
#7960=ADVANCED_FACE('',(#765),#412,.F.);
#7961=ADVANCED_FACE('',(#766),#413,.F.);
#7962=ADVANCED_FACE('',(#767),#414,.F.);
#7963=ADVANCED_FACE('',(#768),#415,.F.);
#7964=ADVANCED_FACE('',(#769),#416,.F.);
#7965=ADVANCED_FACE('',(#770),#417,.F.);
#7966=ADVANCED_FACE('',(#771),#418,.F.);
#7967=ADVANCED_FACE('',(#772),#419,.F.);
#7968=ADVANCED_FACE('',(#773),#420,.F.);
#7969=ADVANCED_FACE('',(#774),#421,.F.);
#7970=ADVANCED_FACE('',(#775),#422,.F.);
#7971=ADVANCED_FACE('',(#776),#423,.F.);
#7972=ADVANCED_FACE('',(#777),#424,.F.);
#7973=ADVANCED_FACE('',(#778),#425,.F.);
#7974=ADVANCED_FACE('',(#779),#426,.F.);
#7975=ADVANCED_FACE('',(#780),#427,.F.);
#7976=ADVANCED_FACE('',(#781),#428,.F.);
#7977=ADVANCED_FACE('',(#782),#429,.F.);
#7978=ADVANCED_FACE('',(#783),#430,.F.);
#7979=ADVANCED_FACE('',(#784),#431,.F.);
#7980=ADVANCED_FACE('',(#785),#432,.F.);
#7981=ADVANCED_FACE('',(#786),#433,.F.);
#7982=ADVANCED_FACE('',(#787),#434,.F.);
#7983=ADVANCED_FACE('',(#788),#435,.F.);
#7984=ADVANCED_FACE('',(#789),#436,.F.);
#7985=ADVANCED_FACE('',(#790),#437,.F.);
#7986=ADVANCED_FACE('',(#791),#438,.F.);
#7987=ADVANCED_FACE('',(#792),#439,.F.);
#7988=ADVANCED_FACE('',(#793),#440,.F.);
#7989=ADVANCED_FACE('',(#794),#441,.F.);
#7990=ADVANCED_FACE('',(#795),#442,.F.);
#7991=ADVANCED_FACE('',(#796),#443,.F.);
#7992=ADVANCED_FACE('',(#797),#444,.F.);
#7993=ADVANCED_FACE('',(#798),#445,.F.);
#7994=ADVANCED_FACE('',(#799),#446,.F.);
#7995=ADVANCED_FACE('',(#800),#447,.F.);
#7996=ADVANCED_FACE('',(#801),#448,.F.);
#7997=ADVANCED_FACE('',(#802),#449,.F.);
#7998=ADVANCED_FACE('',(#803),#450,.F.);
#7999=ADVANCED_FACE('',(#804),#451,.F.);
#8000=ADVANCED_FACE('',(#805),#452,.F.);
#8001=ADVANCED_FACE('',(#806),#453,.F.);
#8002=ADVANCED_FACE('',(#807),#454,.F.);
#8003=ADVANCED_FACE('',(#808),#455,.F.);
#8004=ADVANCED_FACE('',(#809),#456,.F.);
#8005=ADVANCED_FACE('',(#810),#457,.F.);
#8006=ADVANCED_FACE('',(#811),#458,.F.);
#8007=ADVANCED_FACE('',(#812),#459,.F.);
#8008=ADVANCED_FACE('',(#813),#460,.F.);
#8009=ADVANCED_FACE('',(#814),#461,.F.);
#8010=ADVANCED_FACE('',(#815),#462,.F.);
#8011=ADVANCED_FACE('',(#816),#463,.F.);
#8012=ADVANCED_FACE('',(#817),#464,.F.);
#8013=ADVANCED_FACE('',(#818),#465,.F.);
#8014=ADVANCED_FACE('',(#819),#466,.F.);
#8015=ADVANCED_FACE('',(#820),#467,.F.);
#8016=ADVANCED_FACE('',(#821),#468,.F.);
#8017=ADVANCED_FACE('',(#822),#469,.F.);
#8018=ADVANCED_FACE('',(#823),#470,.F.);
#8019=ADVANCED_FACE('',(#824),#471,.F.);
#8020=ADVANCED_FACE('',(#825),#472,.F.);
#8021=ADVANCED_FACE('',(#826),#473,.F.);
#8022=ADVANCED_FACE('',(#827),#474,.F.);
#8023=ADVANCED_FACE('',(#828),#475,.F.);
#8024=ADVANCED_FACE('',(#829),#476,.F.);
#8025=ADVANCED_FACE('',(#830),#477,.F.);
#8026=ADVANCED_FACE('',(#831),#478,.F.);
#8027=ADVANCED_FACE('',(#832),#479,.F.);
#8028=ADVANCED_FACE('',(#833),#480,.F.);
#8029=ADVANCED_FACE('',(#834),#481,.F.);
#8030=ADVANCED_FACE('',(#835),#482,.F.);
#8031=ADVANCED_FACE('',(#836),#483,.F.);
#8032=ADVANCED_FACE('',(#837),#484,.F.);
#8033=ADVANCED_FACE('',(#838),#485,.F.);
#8034=ADVANCED_FACE('',(#839),#486,.F.);
#8035=ADVANCED_FACE('',(#840),#487,.F.);
#8036=ADVANCED_FACE('',(#841),#488,.F.);
#8037=ADVANCED_FACE('',(#842),#489,.F.);
#8038=ADVANCED_FACE('',(#843),#490,.F.);
#8039=ADVANCED_FACE('',(#844),#491,.F.);
#8040=ADVANCED_FACE('',(#845),#492,.F.);
#8041=ADVANCED_FACE('',(#846),#493,.F.);
#8042=ADVANCED_FACE('',(#847),#494,.F.);
#8043=ADVANCED_FACE('',(#848),#495,.F.);
#8044=ADVANCED_FACE('',(#849),#496,.F.);
#8045=ADVANCED_FACE('',(#850),#497,.F.);
#8046=ADVANCED_FACE('',(#851),#498,.F.);
#8047=ADVANCED_FACE('',(#852),#499,.F.);
#8048=ADVANCED_FACE('',(#853),#500,.F.);
#8049=ADVANCED_FACE('',(#854),#501,.F.);
#8050=ADVANCED_FACE('',(#855),#502,.F.);
#8051=ADVANCED_FACE('',(#856),#503,.F.);
#8052=ADVANCED_FACE('',(#857),#504,.F.);
#8053=ADVANCED_FACE('',(#858),#505,.F.);
#8054=ADVANCED_FACE('',(#859),#506,.F.);
#8055=ADVANCED_FACE('',(#860),#507,.F.);
#8056=ADVANCED_FACE('',(#861),#508,.F.);
#8057=ADVANCED_FACE('',(#862),#509,.F.);
#8058=ADVANCED_FACE('',(#863),#510,.F.);
#8059=ADVANCED_FACE('',(#864),#511,.F.);
#8060=ADVANCED_FACE('',(#865),#512,.F.);
#8061=ADVANCED_FACE('',(#866),#513,.F.);
#8062=ADVANCED_FACE('',(#867),#514,.F.);
#8063=ADVANCED_FACE('',(#868),#515,.F.);
#8064=ADVANCED_FACE('',(#869),#516,.F.);
#8065=ADVANCED_FACE('',(#870),#517,.F.);
#8066=ADVANCED_FACE('',(#871),#518,.F.);
#8067=ADVANCED_FACE('',(#872),#519,.F.);
#8068=ADVANCED_FACE('',(#873),#520,.F.);
#8069=ADVANCED_FACE('',(#874),#521,.F.);
#8070=ADVANCED_FACE('',(#875),#522,.F.);
#8071=ADVANCED_FACE('',(#876),#523,.F.);
#8072=ADVANCED_FACE('',(#877),#524,.F.);
#8073=ADVANCED_FACE('',(#878),#525,.F.);
#8074=ADVANCED_FACE('',(#879),#526,.F.);
#8075=ADVANCED_FACE('',(#880),#527,.F.);
#8076=ADVANCED_FACE('',(#881),#528,.F.);
#8077=ADVANCED_FACE('',(#882),#529,.F.);
#8078=ADVANCED_FACE('',(#883),#530,.F.);
#8079=ADVANCED_FACE('',(#884),#531,.F.);
#8080=ADVANCED_FACE('',(#885),#532,.F.);
#8081=ADVANCED_FACE('',(#886),#533,.F.);
#8082=ADVANCED_FACE('',(#887),#534,.F.);
#8083=ADVANCED_FACE('',(#888),#535,.F.);
#8084=ADVANCED_FACE('',(#889),#536,.F.);
#8085=ADVANCED_FACE('',(#890),#537,.F.);
#8086=ADVANCED_FACE('',(#891),#538,.F.);
#8087=ADVANCED_FACE('',(#892),#539,.F.);
#8088=ADVANCED_FACE('',(#893),#540,.F.);
#8089=ADVANCED_FACE('',(#894),#541,.F.);
#8090=ADVANCED_FACE('',(#895),#542,.F.);
#8091=ADVANCED_FACE('',(#896),#543,.F.);
#8092=ADVANCED_FACE('',(#897),#544,.F.);
#8093=ADVANCED_FACE('',(#898),#545,.F.);
#8094=ADVANCED_FACE('',(#899),#546,.F.);
#8095=ADVANCED_FACE('',(#900),#547,.F.);
#8096=ADVANCED_FACE('',(#901),#548,.F.);
#8097=ADVANCED_FACE('',(#902),#549,.F.);
#8098=ADVANCED_FACE('',(#903),#550,.F.);
#8099=ADVANCED_FACE('',(#904),#551,.F.);
#8100=ADVANCED_FACE('',(#905),#552,.F.);
#8101=ADVANCED_FACE('',(#906),#553,.F.);
#8102=ADVANCED_FACE('',(#907),#554,.T.);
#8103=ADVANCED_FACE('',(#908),#555,.T.);
#8104=ADVANCED_FACE('',(#909),#556,.T.);
#8105=ADVANCED_FACE('',(#910),#557,.T.);
#8106=ADVANCED_FACE('',(#911,#271,#272,#273,#274,#275,#276,#277,#278,#279,
#280,#281,#282,#283,#284,#285,#286,#287,#288,#289,#290,#291,#292,#293,#294,
#295,#296,#297,#298,#299,#300,#301,#302,#303,#304,#305,#306,#307,#308,#309,
#310),#558,.T.);
#8107=ADVANCED_FACE('',(#912,#311,#312,#313,#314,#315,#316,#317,#318,#319,
#320,#321,#322,#323,#324,#325,#326,#327,#328,#329,#330,#331,#332,#333,#334,
#335,#336,#337,#338,#339,#340,#341,#342,#343,#344,#345,#346,#347,#348,#349,
#350),#559,.F.);
#8108=ADVANCED_FACE('',(#913),#125,.F.);
#8109=ADVANCED_FACE('',(#914),#126,.F.);
#8110=ADVANCED_FACE('',(#915),#127,.F.);
#8111=ADVANCED_FACE('',(#916),#128,.F.);
#8112=ADVANCED_FACE('',(#917,#351),#560,.T.);
#8113=ADVANCED_FACE('',(#918),#129,.F.);
#8114=ADVANCED_FACE('',(#919),#130,.F.);
#8115=ADVANCED_FACE('',(#920),#131,.F.);
#8116=ADVANCED_FACE('',(#921),#132,.F.);
#8117=ADVANCED_FACE('',(#922),#561,.T.);
#8118=ADVANCED_FACE('',(#923),#562,.F.);
#8119=ADVANCED_FACE('',(#924),#133,.F.);
#8120=ADVANCED_FACE('',(#925),#134,.F.);
#8121=ADVANCED_FACE('',(#926),#563,.F.);
#8122=ADVANCED_FACE('',(#927),#135,.F.);
#8123=ADVANCED_FACE('',(#928),#136,.F.);
#8124=ADVANCED_FACE('',(#929),#564,.T.);
#8125=ADVANCED_FACE('',(#930),#565,.T.);
#8126=ADVANCED_FACE('',(#931),#566,.T.);
#8127=ADVANCED_FACE('',(#932,#352),#567,.T.);
#8128=ADVANCED_FACE('',(#933),#568,.F.);
#8129=ADVANCED_FACE('',(#934),#137,.F.);
#8130=ADVANCED_FACE('',(#935),#138,.F.);
#8131=ADVANCED_FACE('',(#936),#139,.F.);
#8132=ADVANCED_FACE('',(#937),#569,.F.);
#8133=ADVANCED_FACE('',(#938),#140,.F.);
#8134=ADVANCED_FACE('',(#939),#141,.F.);
#8135=ADVANCED_FACE('',(#940),#570,.F.);
#8136=ADVANCED_FACE('',(#941),#142,.F.);
#8137=ADVANCED_FACE('',(#942),#143,.F.);
#8138=ADVANCED_FACE('',(#943),#144,.F.);
#8139=ADVANCED_FACE('',(#944),#571,.F.);
#8140=ADVANCED_FACE('',(#945),#572,.F.);
#8141=ADVANCED_FACE('',(#946),#573,.T.);
#8142=ADVANCED_FACE('',(#947),#574,.F.);
#8143=ADVANCED_FACE('',(#948),#145,.F.);
#8144=ADVANCED_FACE('',(#949),#146,.F.);
#8145=ADVANCED_FACE('',(#950),#575,.F.);
#8146=ADVANCED_FACE('',(#951),#147,.F.);
#8147=ADVANCED_FACE('',(#952),#148,.F.);
#8148=ADVANCED_FACE('',(#953),#576,.F.);
#8149=ADVANCED_FACE('',(#954),#577,.F.);
#8150=ADVANCED_FACE('',(#955),#578,.F.);
#8151=ADVANCED_FACE('',(#956),#149,.F.);
#8152=ADVANCED_FACE('',(#957),#150,.F.);
#8153=ADVANCED_FACE('',(#958),#579,.F.);
#8154=ADVANCED_FACE('',(#959),#151,.F.);
#8155=ADVANCED_FACE('',(#960),#152,.F.);
#8156=ADVANCED_FACE('',(#961),#580,.F.);
#8157=ADVANCED_FACE('',(#962),#581,.F.);
#8158=ADVANCED_FACE('',(#963),#582,.T.);
#8159=ADVANCED_FACE('',(#964),#583,.F.);
#8160=ADVANCED_FACE('',(#965),#153,.F.);
#8161=ADVANCED_FACE('',(#966),#154,.F.);
#8162=ADVANCED_FACE('',(#967),#584,.F.);
#8163=ADVANCED_FACE('',(#968),#155,.F.);
#8164=ADVANCED_FACE('',(#969),#585,.F.);
#8165=ADVANCED_FACE('',(#970),#156,.F.);
#8166=ADVANCED_FACE('',(#971),#157,.F.);
#8167=ADVANCED_FACE('',(#972),#586,.F.);
#8168=ADVANCED_FACE('',(#973,#353,#354,#355,#356,#357),#587,.T.);
#8169=ADVANCED_FACE('',(#974),#588,.T.);
#8170=ADVANCED_FACE('',(#975),#7701,.F.);
#8171=ADVANCED_FACE('',(#976),#589,.T.);
#8172=ADVANCED_FACE('',(#977),#54,.T.);
#8173=ADVANCED_FACE('',(#978),#590,.T.);
#8174=ADVANCED_FACE('',(#979),#55,.T.);
#8175=ADVANCED_FACE('',(#980),#591,.T.);
#8176=ADVANCED_FACE('',(#981),#56,.T.);
#8177=ADVANCED_FACE('',(#982),#592,.T.);
#8178=ADVANCED_FACE('',(#983),#57,.T.);
#8179=ADVANCED_FACE('',(#984),#7702,.T.);
#8180=ADVANCED_FACE('',(#985),#593,.T.);
#8181=ADVANCED_FACE('',(#986),#7703,.T.);
#8182=ADVANCED_FACE('',(#987),#594,.T.);
#8183=ADVANCED_FACE('',(#988),#595,.T.);
#8184=ADVANCED_FACE('',(#989),#7704,.T.);
#8185=ADVANCED_FACE('',(#990,#358,#359),#596,.T.);
#8186=ADVANCED_FACE('',(#991),#597,.T.);
#8187=ADVANCED_FACE('',(#992),#598,.T.);
#8188=ADVANCED_FACE('',(#993),#7705,.T.);
#8189=ADVANCED_FACE('',(#994),#7706,.T.);
#8190=ADVANCED_FACE('',(#995),#599,.T.);
#8191=ADVANCED_FACE('',(#996),#7707,.T.);
#8192=ADVANCED_FACE('',(#997),#7708,.T.);
#8193=ADVANCED_FACE('',(#998),#600,.T.);
#8194=ADVANCED_FACE('',(#999),#7709,.T.);
#8195=ADVANCED_FACE('',(#1000),#601,.T.);
#8196=ADVANCED_FACE('',(#1001),#602,.T.);
#8197=ADVANCED_FACE('',(#1002,#360),#603,.F.);
#8198=ADVANCED_FACE('',(#1003),#604,.T.);
#8199=ADVANCED_FACE('',(#1004),#605,.T.);
#8200=ADVANCED_FACE('',(#1005),#606,.T.);
#8201=ADVANCED_FACE('',(#1006),#607,.T.);
#8202=ADVANCED_FACE('',(#1007),#608,.T.);
#8203=ADVANCED_FACE('',(#1008),#609,.T.);
#8204=ADVANCED_FACE('',(#1009),#610,.T.);
#8205=ADVANCED_FACE('',(#1010),#611,.T.);
#8206=ADVANCED_FACE('',(#1011),#612,.T.);
#8207=ADVANCED_FACE('',(#1012),#613,.T.);
#8208=ADVANCED_FACE('',(#1013),#614,.T.);
#8209=ADVANCED_FACE('',(#1014),#615,.T.);
#8210=ADVANCED_FACE('',(#1015),#616,.T.);
#8211=ADVANCED_FACE('',(#1016),#617,.T.);
#8212=ADVANCED_FACE('',(#1017),#618,.T.);
#8213=ADVANCED_FACE('',(#1018),#619,.F.);
#8214=ADVANCED_FACE('',(#1019),#620,.F.);
#8215=ADVANCED_FACE('',(#1020),#621,.F.);
#8216=ADVANCED_FACE('',(#1021),#622,.F.);
#8217=ADVANCED_FACE('',(#1022),#623,.T.);
#8218=ADVANCED_FACE('',(#1023),#624,.T.);
#8219=ADVANCED_FACE('',(#1024),#625,.T.);
#8220=ADVANCED_FACE('',(#1025),#626,.T.);
#8221=ADVANCED_FACE('',(#1026),#627,.T.);
#8222=ADVANCED_FACE('',(#1027),#628,.T.);
#8223=ADVANCED_FACE('',(#1028),#629,.F.);
#8224=ADVANCED_FACE('',(#1029),#7710,.F.);
#8225=ADVANCED_FACE('',(#1030,#361),#630,.F.);
#8226=ADVANCED_FACE('',(#1031),#7711,.F.);
#8227=ADVANCED_FACE('',(#1032,#362),#631,.T.);
#8228=ADVANCED_FACE('',(#1033,#363),#632,.F.);
#8229=ADVANCED_FACE('',(#1034),#7712,.F.);
#8230=ADVANCED_FACE('',(#1035),#633,.T.);
#8231=ADVANCED_FACE('',(#1036),#634,.T.);
#8232=ADVANCED_FACE('',(#1037),#635,.T.);
#8233=ADVANCED_FACE('',(#1038),#636,.T.);
#8234=ADVANCED_FACE('',(#1039),#637,.T.);
#8235=ADVANCED_FACE('',(#1040),#638,.T.);
#8236=ADVANCED_FACE('',(#1041,#364),#639,.T.);
#8237=ADVANCED_FACE('',(#1042),#58,.T.);
#8238=ADVANCED_FACE('',(#1043),#640,.T.);
#8239=ADVANCED_FACE('',(#1044),#7713,.T.);
#8240=ADVANCED_FACE('',(#1045),#641,.F.);
#8241=ADVANCED_FACE('',(#1046),#642,.F.);
#8242=ADVANCED_FACE('',(#1047),#643,.F.);
#8243=ADVANCED_FACE('',(#1048),#644,.F.);
#8244=ADVANCED_FACE('',(#1049),#645,.F.);
#8245=ADVANCED_FACE('',(#1050),#646,.F.);
#8246=ADVANCED_FACE('',(#1051),#647,.F.);
#8247=ADVANCED_FACE('',(#1052),#648,.F.);
#8248=ADVANCED_FACE('',(#1053),#649,.F.);
#8249=ADVANCED_FACE('',(#1054),#650,.F.);
#8250=ADVANCED_FACE('',(#1055),#651,.F.);
#8251=ADVANCED_FACE('',(#1056),#652,.F.);
#8252=ADVANCED_FACE('',(#1057),#653,.F.);
#8253=ADVANCED_FACE('',(#1058,#365),#654,.T.);
#8254=ADVANCED_FACE('',(#1059),#47,.F.);
#8255=ADVANCED_FACE('',(#1060),#7714,.T.);
#8256=ADVANCED_FACE('',(#1061,#366),#655,.T.);
#8257=CLOSED_SHELL('',(#7851,#7852,#7853,#7854,#7855,#7856,#7857,#7858,
#7859,#7860,#7861,#7862,#7863,#7864,#7865,#7866,#7867,#7868,#7869,#7870,
#7871,#7872,#7873,#7874,#7875,#7876,#7877,#7878,#7879,#7880,#7881,#7882,
#7883,#7884,#7885,#7886,#7887,#7888,#7889,#7890,#7891,#7892,#7893,#7894,
#7895,#7896,#7897,#7898,#7899,#7900,#7901,#7902,#7903,#7904,#7905,#7906,
#7907,#7908,#7909,#7910,#7911,#7912,#7913,#7914,#7915,#7916,#7917,#7918,
#7919,#7920,#7921,#7922,#7923,#7924,#7925,#7926,#7927,#7928,#7929,#7930,
#7931,#7932,#7933,#7934,#7935,#7936,#7937,#7938,#7939,#7940,#7941));
#8258=CLOSED_SHELL('',(#7942,#7943,#7944,#7945,#7946,#7947,#7948,#7949,
#7950,#7951,#7952,#7953,#7954,#7955,#7956,#7957,#7958,#7959,#7960,#7961,
#7962,#7963,#7964,#7965,#7966,#7967,#7968,#7969,#7970,#7971,#7972,#7973,
#7974,#7975,#7976,#7977,#7978,#7979,#7980,#7981,#7982,#7983,#7984,#7985,
#7986,#7987,#7988,#7989,#7990,#7991,#7992,#7993,#7994,#7995,#7996,#7997,
#7998,#7999,#8000,#8001,#8002,#8003,#8004,#8005,#8006,#8007,#8008,#8009,
#8010,#8011,#8012,#8013,#8014,#8015,#8016,#8017,#8018,#8019,#8020,#8021,
#8022,#8023,#8024,#8025,#8026,#8027,#8028,#8029,#8030,#8031,#8032,#8033,
#8034,#8035,#8036,#8037,#8038,#8039,#8040,#8041,#8042,#8043,#8044,#8045,
#8046,#8047,#8048,#8049,#8050,#8051,#8052,#8053,#8054,#8055,#8056,#8057,
#8058,#8059,#8060,#8061,#8062,#8063,#8064,#8065,#8066,#8067,#8068,#8069,
#8070,#8071,#8072,#8073,#8074,#8075,#8076,#8077,#8078,#8079,#8080,#8081,
#8082,#8083,#8084,#8085,#8086,#8087,#8088,#8089,#8090,#8091,#8092,#8093,
#8094,#8095,#8096,#8097,#8098,#8099,#8100,#8101,#8102,#8103,#8104,#8105,
#8106,#8107));
#8259=CLOSED_SHELL('',(#8108,#8109,#8110,#8111,#8112,#8113,#8114,#8115,
#8116,#8117,#8118,#8119,#8120,#8121,#8122,#8123,#8124,#8125,#8126,#8127,
#8128,#8129,#8130,#8131,#8132,#8133,#8134,#8135,#8136,#8137,#8138,#8139,
#8140,#8141,#8142,#8143,#8144,#8145,#8146,#8147,#8148,#8149,#8150,#8151,
#8152,#8153,#8154,#8155,#8156,#8157,#8158,#8159,#8160,#8161,#8162,#8163,
#8164,#8165,#8166,#8167,#8168,#8169,#8170,#8171,#8172,#8173,#8174,#8175,
#8176,#8177,#8178,#8179,#8180,#8181,#8182,#8183,#8184,#8185,#8186,#8187,
#8188,#8189,#8190,#8191,#8192,#8193,#8194,#8195,#8196,#8197));
#8260=CLOSED_SHELL('',(#8198,#8199,#8200,#8201,#8202,#8203));
#8261=CLOSED_SHELL('',(#8204,#8205,#8206,#8207,#8208,#8209,#8210,#8211,
#8212,#8213));
#8262=CLOSED_SHELL('',(#8214,#8215,#8216,#8217,#8218,#8219,#8220,#8221,
#8222,#8223));
#8263=CLOSED_SHELL('',(#8224,#8225,#8226,#8227,#8228,#8229,#8230,#8231,
#8232,#8233,#8234,#8235,#8236));
#8264=CLOSED_SHELL('',(#8237,#8238,#8239,#8240,#8241,#8242,#8243,#8244,
#8245,#8246,#8247,#8248,#8249,#8250,#8251,#8252,#8253,#8254,#8255,#8256));
#8265=DERIVED_UNIT_ELEMENT(#8272,1.);
#8266=DERIVED_UNIT_ELEMENT(#13760,-3.);
#8267=DERIVED_UNIT_ELEMENT(#8272,1.);
#8268=DERIVED_UNIT_ELEMENT(#13760,-3.);
#8269=DERIVED_UNIT_ELEMENT(#8272,1.);
#8270=DERIVED_UNIT_ELEMENT(#13760,-3.);
#8271=DIMENSIONAL_EXPONENTS(0.,1.,0.,0.,0.,0.,0.);
#8272=(
CONVERSION_BASED_UNIT('gram',#8274)
MASS_UNIT()
NAMED_UNIT(#8271)
);
#8273=(
MASS_UNIT()
NAMED_UNIT(*)
SI_UNIT(.KILO.,.GRAM.)
);
#8274=MASS_MEASURE_WITH_UNIT(MASS_MEASURE(0.001),#8273);
#8275=DERIVED_UNIT((#8265,#8266));
#8276=DERIVED_UNIT((#8267,#8268));
#8277=DERIVED_UNIT((#8269,#8270));
#8278=MEASURE_REPRESENTATION_ITEM('density measure',
POSITIVE_RATIO_MEASURE(1.),#8275);
#8279=MEASURE_REPRESENTATION_ITEM('density measure',
POSITIVE_RATIO_MEASURE(1.),#8276);
#8280=MEASURE_REPRESENTATION_ITEM('density measure',
POSITIVE_RATIO_MEASURE(1.),#8277);
#8281=PROPERTY_DEFINITION_REPRESENTATION(#8296,#8287);
#8282=PROPERTY_DEFINITION_REPRESENTATION(#8297,#8288);
#8283=PROPERTY_DEFINITION_REPRESENTATION(#8298,#8289);
#8284=PROPERTY_DEFINITION_REPRESENTATION(#8299,#8290);
#8285=PROPERTY_DEFINITION_REPRESENTATION(#8300,#8291);
#8286=PROPERTY_DEFINITION_REPRESENTATION(#8301,#8292);
#8287=REPRESENTATION('material name',(#8293),#13755);
#8288=REPRESENTATION('density',(#8278),#13755);
#8289=REPRESENTATION('material name',(#8294),#13756);
#8290=REPRESENTATION('density',(#8279),#13756);
#8291=REPRESENTATION('material name',(#8295),#13757);
#8292=REPRESENTATION('density',(#8280),#13757);
#8293=DESCRIPTIVE_REPRESENTATION_ITEM('Generic','Generic');
#8294=DESCRIPTIVE_REPRESENTATION_ITEM('Generic','Generic');
#8295=DESCRIPTIVE_REPRESENTATION_ITEM('Generic','Generic');
#8296=PROPERTY_DEFINITION('material property','material name',#13786);
#8297=PROPERTY_DEFINITION('material property','density of part',#13786);
#8298=PROPERTY_DEFINITION('material property','material name',#13787);
#8299=PROPERTY_DEFINITION('material property','density of part',#13787);
#8300=PROPERTY_DEFINITION('material property','material name',#13788);
#8301=PROPERTY_DEFINITION('material property','density of part',#13788);
#8302=PRESENTATION_STYLE_ASSIGNMENT((#8312));
#8303=PRESENTATION_STYLE_ASSIGNMENT((#8313));
#8304=PRESENTATION_STYLE_ASSIGNMENT((#8314));
#8305=PRESENTATION_STYLE_ASSIGNMENT((#8315));
#8306=PRESENTATION_STYLE_ASSIGNMENT((#8316));
#8307=PRESENTATION_STYLE_ASSIGNMENT((#8317));
#8308=PRESENTATION_STYLE_ASSIGNMENT((#8318));
#8309=PRESENTATION_STYLE_ASSIGNMENT((#8319));
#8310=PRESENTATION_STYLE_ASSIGNMENT((#8320));
#8311=PRESENTATION_STYLE_ASSIGNMENT((#8321));
#8312=SURFACE_STYLE_USAGE(.BOTH.,#8342);
#8313=SURFACE_STYLE_USAGE(.BOTH.,#8343);
#8314=SURFACE_STYLE_USAGE(.BOTH.,#8344);
#8315=SURFACE_STYLE_USAGE(.BOTH.,#8345);
#8316=SURFACE_STYLE_USAGE(.BOTH.,#8346);
#8317=SURFACE_STYLE_USAGE(.BOTH.,#8347);
#8318=SURFACE_STYLE_USAGE(.BOTH.,#8348);
#8319=SURFACE_STYLE_USAGE(.BOTH.,#8349);
#8320=SURFACE_STYLE_USAGE(.BOTH.,#8350);
#8321=SURFACE_STYLE_USAGE(.BOTH.,#8351);
#8322=SURFACE_STYLE_RENDERING_WITH_PROPERTIES($,#8382,(#8332));
#8323=SURFACE_STYLE_RENDERING_WITH_PROPERTIES($,#8383,(#8333));
#8324=SURFACE_STYLE_RENDERING_WITH_PROPERTIES($,#8384,(#8334));
#8325=SURFACE_STYLE_RENDERING_WITH_PROPERTIES($,#8385,(#8335));
#8326=SURFACE_STYLE_RENDERING_WITH_PROPERTIES($,#8386,(#8336));
#8327=SURFACE_STYLE_RENDERING_WITH_PROPERTIES($,#8387,(#8337));
#8328=SURFACE_STYLE_RENDERING_WITH_PROPERTIES($,#8388,(#8338));
#8329=SURFACE_STYLE_RENDERING_WITH_PROPERTIES($,#8389,(#8339));
#8330=SURFACE_STYLE_RENDERING_WITH_PROPERTIES($,#8390,(#8340));
#8331=SURFACE_STYLE_RENDERING_WITH_PROPERTIES($,#8391,(#8341));
#8332=SURFACE_STYLE_TRANSPARENT(0.);
#8333=SURFACE_STYLE_TRANSPARENT(0.);
#8334=SURFACE_STYLE_TRANSPARENT(0.);
#8335=SURFACE_STYLE_TRANSPARENT(0.);
#8336=SURFACE_STYLE_TRANSPARENT(0.);
#8337=SURFACE_STYLE_TRANSPARENT(0.);
#8338=SURFACE_STYLE_TRANSPARENT(0.);
#8339=SURFACE_STYLE_TRANSPARENT(0.);
#8340=SURFACE_STYLE_TRANSPARENT(0.);
#8341=SURFACE_STYLE_TRANSPARENT(0.);
#8342=SURFACE_SIDE_STYLE('',(#8352,#8322));
#8343=SURFACE_SIDE_STYLE('',(#8353,#8323));
#8344=SURFACE_SIDE_STYLE('',(#8354,#8324));
#8345=SURFACE_SIDE_STYLE('',(#8355,#8325));
#8346=SURFACE_SIDE_STYLE('',(#8356,#8326));
#8347=SURFACE_SIDE_STYLE('',(#8357,#8327));
#8348=SURFACE_SIDE_STYLE('',(#8358,#8328));
#8349=SURFACE_SIDE_STYLE('',(#8359,#8329));
#8350=SURFACE_SIDE_STYLE('',(#8360,#8330));
#8351=SURFACE_SIDE_STYLE('',(#8361,#8331));
#8352=SURFACE_STYLE_FILL_AREA(#8362);
#8353=SURFACE_STYLE_FILL_AREA(#8363);
#8354=SURFACE_STYLE_FILL_AREA(#8364);
#8355=SURFACE_STYLE_FILL_AREA(#8365);
#8356=SURFACE_STYLE_FILL_AREA(#8366);
#8357=SURFACE_STYLE_FILL_AREA(#8367);
#8358=SURFACE_STYLE_FILL_AREA(#8368);
#8359=SURFACE_STYLE_FILL_AREA(#8369);
#8360=SURFACE_STYLE_FILL_AREA(#8370);
#8361=SURFACE_STYLE_FILL_AREA(#8371);
#8362=FILL_AREA_STYLE('',(#8372));
#8363=FILL_AREA_STYLE('',(#8373));
#8364=FILL_AREA_STYLE('',(#8374));
#8365=FILL_AREA_STYLE('',(#8375));
#8366=FILL_AREA_STYLE('',(#8376));
#8367=FILL_AREA_STYLE('',(#8377));
#8368=FILL_AREA_STYLE('',(#8378));
#8369=FILL_AREA_STYLE('',(#8379));
#8370=FILL_AREA_STYLE('',(#8380));
#8371=FILL_AREA_STYLE('',(#8381));
#8372=FILL_AREA_STYLE_COLOUR('',#8382);
#8373=FILL_AREA_STYLE_COLOUR('',#8383);
#8374=FILL_AREA_STYLE_COLOUR('',#8384);
#8375=FILL_AREA_STYLE_COLOUR('',#8385);
#8376=FILL_AREA_STYLE_COLOUR('',#8386);
#8377=FILL_AREA_STYLE_COLOUR('',#8387);
#8378=FILL_AREA_STYLE_COLOUR('',#8388);
#8379=FILL_AREA_STYLE_COLOUR('',#8389);
#8380=FILL_AREA_STYLE_COLOUR('',#8390);
#8381=FILL_AREA_STYLE_COLOUR('',#8391);
#8382=COLOUR_RGB('',0.749019607843137,0.749019607843137,0.749019607843137);
#8383=COLOUR_RGB('',0.541176470588235,0.231372549019608,0.231372549019608);
#8384=COLOUR_RGB('',1.,0.890196078431372,0.709803921568627);
#8385=COLOUR_RGB('',0.0509803921568627,0.615686274509804,0.0509803921568627);
#8386=COLOUR_RGB('',0.250980392156863,0.250980392156863,0.250980392156863);
#8387=COLOUR_RGB('',0.745098039215686,0.737254901960784,0.729411764705882);
#8388=COLOUR_RGB('',0.501960784313725,0.501960784313725,0.501960784313725);
#8389=COLOUR_RGB('',0.92156862745098,0.92156862745098,0.92156862745098);
#8390=COLOUR_RGB('',0.745098039215686,0.737254901960784,0.729411764705882);
#8391=COLOUR_RGB('',0.,0.,0.);
#8392=DATE_TIME_ROLE('creation_date');
#8393=DATE_TIME_ROLE('creation_date');
#8394=DATE_TIME_ROLE('creation_date');
#8395=DATE_TIME_ROLE('creation_date');
#8396=APPLIED_DATE_AND_TIME_ASSIGNMENT(#8400,#8392,(#13785));
#8397=APPLIED_DATE_AND_TIME_ASSIGNMENT(#8401,#8393,(#13786));
#8398=APPLIED_DATE_AND_TIME_ASSIGNMENT(#8402,#8394,(#13787));
#8399=APPLIED_DATE_AND_TIME_ASSIGNMENT(#8403,#8395,(#13788));
#8400=DATE_AND_TIME(#8404,#8408);
#8401=DATE_AND_TIME(#8405,#8409);
#8402=DATE_AND_TIME(#8406,#8410);
#8403=DATE_AND_TIME(#8407,#8411);
#8404=CALENDAR_DATE(2025,16,5);
#8405=CALENDAR_DATE(2025,16,5);
#8406=CALENDAR_DATE(2025,16,5);
#8407=CALENDAR_DATE(2025,16,5);
#8408=LOCAL_TIME(0,0,0.,#8412);
#8409=LOCAL_TIME(0,0,0.,#8413);
#8410=LOCAL_TIME(0,0,0.,#8414);
#8411=LOCAL_TIME(0,0,0.,#8415);
#8412=COORDINATED_UNIVERSAL_TIME_OFFSET(0,0,.BEHIND.);
#8413=COORDINATED_UNIVERSAL_TIME_OFFSET(0,0,.BEHIND.);
#8414=COORDINATED_UNIVERSAL_TIME_OFFSET(0,0,.BEHIND.);
#8415=COORDINATED_UNIVERSAL_TIME_OFFSET(0,0,.BEHIND.);
#8416=AXIS2_PLACEMENT_3D('',#10958,#8974,#8975);
#8417=AXIS2_PLACEMENT_3D('',#10959,#8976,#8977);
#8418=AXIS2_PLACEMENT_3D('',#10960,#8978,#8979);
#8419=AXIS2_PLACEMENT_3D('',#10963,#8980,#8981);
#8420=AXIS2_PLACEMENT_3D('',#10967,#8983,#8984);
#8421=AXIS2_PLACEMENT_3D('',#10969,#8986,#8987);
#8422=AXIS2_PLACEMENT_3D('',#10975,#8991,#8992);
#8423=AXIS2_PLACEMENT_3D('',#10979,#8994,#8995);
#8424=AXIS2_PLACEMENT_3D('',#10983,#8997,#8998);
#8425=AXIS2_PLACEMENT_3D('',#10986,#9000,#9001);
#8426=AXIS2_PLACEMENT_3D('',#10987,#9002,#9003);
#8427=AXIS2_PLACEMENT_3D('',#10991,#9005,#9006);
#8428=AXIS2_PLACEMENT_3D('',#10993,#9008,#9009);
#8429=AXIS2_PLACEMENT_3D('',#10997,#9012,#9013);
#8430=AXIS2_PLACEMENT_3D('',#11000,#9015,#9016);
#8431=AXIS2_PLACEMENT_3D('',#11001,#9017,#9018);
#8432=AXIS2_PLACEMENT_3D('',#11003,#9019,#9020);
#8433=AXIS2_PLACEMENT_3D('',#11005,#9022,#9023);
#8434=AXIS2_PLACEMENT_3D('',#11007,#9025,#9026);
#8435=AXIS2_PLACEMENT_3D('',#11009,#9028,#9029);
#8436=AXIS2_PLACEMENT_3D('',#11011,#9030,#9031);
#8437=AXIS2_PLACEMENT_3D('',#11014,#9033,#9034);
#8438=AXIS2_PLACEMENT_3D('',#11015,#9035,#9036);
#8439=AXIS2_PLACEMENT_3D('',#11017,#9037,#9038);
#8440=AXIS2_PLACEMENT_3D('',#11020,#9040,#9041);
#8441=AXIS2_PLACEMENT_3D('',#11021,#9042,#9043);
#8442=AXIS2_PLACEMENT_3D('',#11023,#9044,#9045);
#8443=AXIS2_PLACEMENT_3D('',#11026,#9047,#9048);
#8444=AXIS2_PLACEMENT_3D('',#11027,#9049,#9050);
#8445=AXIS2_PLACEMENT_3D('',#11029,#9051,#9052);
#8446=AXIS2_PLACEMENT_3D('',#11032,#9054,#9055);
#8447=AXIS2_PLACEMENT_3D('',#11033,#9056,#9057);
#8448=AXIS2_PLACEMENT_3D('',#11035,#9058,#9059);
#8449=AXIS2_PLACEMENT_3D('',#11038,#9061,#9062);
#8450=AXIS2_PLACEMENT_3D('',#11039,#9063,#9064);
#8451=AXIS2_PLACEMENT_3D('',#11041,#9065,#9066);
#8452=AXIS2_PLACEMENT_3D('',#11044,#9068,#9069);
#8453=AXIS2_PLACEMENT_3D('',#11045,#9070,#9071);
#8454=AXIS2_PLACEMENT_3D('',#11047,#9072,#9073);
#8455=AXIS2_PLACEMENT_3D('',#11050,#9075,#9076);
#8456=AXIS2_PLACEMENT_3D('',#11051,#9077,#9078);
#8457=AXIS2_PLACEMENT_3D('',#11053,#9079,#9080);
#8458=AXIS2_PLACEMENT_3D('',#11056,#9082,#9083);
#8459=AXIS2_PLACEMENT_3D('',#11057,#9084,#9085);
#8460=AXIS2_PLACEMENT_3D('',#11059,#9086,#9087);
#8461=AXIS2_PLACEMENT_3D('',#11062,#9089,#9090);
#8462=AXIS2_PLACEMENT_3D('',#11063,#9091,#9092);
#8463=AXIS2_PLACEMENT_3D('',#11065,#9093,#9094);
#8464=AXIS2_PLACEMENT_3D('',#11068,#9096,#9097);
#8465=AXIS2_PLACEMENT_3D('',#11069,#9098,#9099);
#8466=AXIS2_PLACEMENT_3D('',#11071,#9100,#9101);
#8467=AXIS2_PLACEMENT_3D('',#11074,#9103,#9104);
#8468=AXIS2_PLACEMENT_3D('',#11075,#9105,#9106);
#8469=AXIS2_PLACEMENT_3D('',#11077,#9107,#9108);
#8470=AXIS2_PLACEMENT_3D('',#11080,#9110,#9111);
#8471=AXIS2_PLACEMENT_3D('',#11081,#9112,#9113);
#8472=AXIS2_PLACEMENT_3D('',#11083,#9114,#9115);
#8473=AXIS2_PLACEMENT_3D('',#11086,#9117,#9118);
#8474=AXIS2_PLACEMENT_3D('',#11087,#9119,#9120);
#8475=AXIS2_PLACEMENT_3D('',#11089,#9121,#9122);
#8476=AXIS2_PLACEMENT_3D('',#11092,#9124,#9125);
#8477=AXIS2_PLACEMENT_3D('',#11093,#9126,#9127);
#8478=AXIS2_PLACEMENT_3D('',#11095,#9128,#9129);
#8479=AXIS2_PLACEMENT_3D('',#11098,#9131,#9132);
#8480=AXIS2_PLACEMENT_3D('',#11099,#9133,#9134);
#8481=AXIS2_PLACEMENT_3D('',#11101,#9135,#9136);
#8482=AXIS2_PLACEMENT_3D('',#11104,#9138,#9139);
#8483=AXIS2_PLACEMENT_3D('',#11105,#9140,#9141);
#8484=AXIS2_PLACEMENT_3D('',#11107,#9142,#9143);
#8485=AXIS2_PLACEMENT_3D('',#11110,#9145,#9146);
#8486=AXIS2_PLACEMENT_3D('',#11111,#9147,#9148);
#8487=AXIS2_PLACEMENT_3D('',#11113,#9149,#9150);
#8488=AXIS2_PLACEMENT_3D('',#11116,#9152,#9153);
#8489=AXIS2_PLACEMENT_3D('',#11117,#9154,#9155);
#8490=AXIS2_PLACEMENT_3D('',#11119,#9156,#9157);
#8491=AXIS2_PLACEMENT_3D('',#11122,#9159,#9160);
#8492=AXIS2_PLACEMENT_3D('',#11123,#9161,#9162);
#8493=AXIS2_PLACEMENT_3D('',#11125,#9163,#9164);
#8494=AXIS2_PLACEMENT_3D('',#11128,#9166,#9167);
#8495=AXIS2_PLACEMENT_3D('',#11129,#9168,#9169);
#8496=AXIS2_PLACEMENT_3D('',#11131,#9170,#9171);
#8497=AXIS2_PLACEMENT_3D('',#11134,#9173,#9174);
#8498=AXIS2_PLACEMENT_3D('',#11135,#9175,#9176);
#8499=AXIS2_PLACEMENT_3D('',#11137,#9177,#9178);
#8500=AXIS2_PLACEMENT_3D('',#11140,#9180,#9181);
#8501=AXIS2_PLACEMENT_3D('',#11141,#9182,#9183);
#8502=AXIS2_PLACEMENT_3D('',#11143,#9184,#9185);
#8503=AXIS2_PLACEMENT_3D('',#11146,#9187,#9188);
#8504=AXIS2_PLACEMENT_3D('',#11147,#9189,#9190);
#8505=AXIS2_PLACEMENT_3D('',#11149,#9191,#9192);
#8506=AXIS2_PLACEMENT_3D('',#11152,#9194,#9195);
#8507=AXIS2_PLACEMENT_3D('',#11153,#9196,#9197);
#8508=AXIS2_PLACEMENT_3D('',#11155,#9198,#9199);
#8509=AXIS2_PLACEMENT_3D('',#11158,#9201,#9202);
#8510=AXIS2_PLACEMENT_3D('',#11159,#9203,#9204);
#8511=AXIS2_PLACEMENT_3D('',#11161,#9205,#9206);
#8512=AXIS2_PLACEMENT_3D('',#11164,#9208,#9209);
#8513=AXIS2_PLACEMENT_3D('',#11165,#9210,#9211);
#8514=AXIS2_PLACEMENT_3D('',#11167,#9212,#9213);
#8515=AXIS2_PLACEMENT_3D('',#11170,#9215,#9216);
#8516=AXIS2_PLACEMENT_3D('',#11171,#9217,#9218);
#8517=AXIS2_PLACEMENT_3D('',#11173,#9219,#9220);
#8518=AXIS2_PLACEMENT_3D('',#11176,#9222,#9223);
#8519=AXIS2_PLACEMENT_3D('',#11177,#9224,#9225);
#8520=AXIS2_PLACEMENT_3D('',#11179,#9226,#9227);
#8521=AXIS2_PLACEMENT_3D('',#11182,#9229,#9230);
#8522=AXIS2_PLACEMENT_3D('',#11183,#9231,#9232);
#8523=AXIS2_PLACEMENT_3D('',#11185,#9233,#9234);
#8524=AXIS2_PLACEMENT_3D('',#11188,#9236,#9237);
#8525=AXIS2_PLACEMENT_3D('',#11189,#9238,#9239);
#8526=AXIS2_PLACEMENT_3D('',#11191,#9240,#9241);
#8527=AXIS2_PLACEMENT_3D('',#11194,#9243,#9244);
#8528=AXIS2_PLACEMENT_3D('',#11195,#9245,#9246);
#8529=AXIS2_PLACEMENT_3D('',#11197,#9247,#9248);
#8530=AXIS2_PLACEMENT_3D('',#11200,#9250,#9251);
#8531=AXIS2_PLACEMENT_3D('',#11201,#9252,#9253);
#8532=AXIS2_PLACEMENT_3D('',#11203,#9254,#9255);
#8533=AXIS2_PLACEMENT_3D('',#11206,#9257,#9258);
#8534=AXIS2_PLACEMENT_3D('',#11207,#9259,#9260);
#8535=AXIS2_PLACEMENT_3D('',#11209,#9261,#9262);
#8536=AXIS2_PLACEMENT_3D('',#11212,#9264,#9265);
#8537=AXIS2_PLACEMENT_3D('',#11213,#9266,#9267);
#8538=AXIS2_PLACEMENT_3D('',#11215,#9268,#9269);
#8539=AXIS2_PLACEMENT_3D('',#11218,#9271,#9272);
#8540=AXIS2_PLACEMENT_3D('',#11219,#9273,#9274);
#8541=AXIS2_PLACEMENT_3D('',#11221,#9275,#9276);
#8542=AXIS2_PLACEMENT_3D('',#11224,#9278,#9279);
#8543=AXIS2_PLACEMENT_3D('',#11225,#9280,#9281);
#8544=AXIS2_PLACEMENT_3D('',#11227,#9282,#9283);
#8545=AXIS2_PLACEMENT_3D('',#11230,#9285,#9286);
#8546=AXIS2_PLACEMENT_3D('',#11231,#9287,#9288);
#8547=AXIS2_PLACEMENT_3D('',#11233,#9289,#9290);
#8548=AXIS2_PLACEMENT_3D('',#11236,#9292,#9293);
#8549=AXIS2_PLACEMENT_3D('',#11237,#9294,#9295);
#8550=AXIS2_PLACEMENT_3D('',#11239,#9296,#9297);
#8551=AXIS2_PLACEMENT_3D('',#11242,#9299,#9300);
#8552=AXIS2_PLACEMENT_3D('',#11243,#9301,#9302);
#8553=AXIS2_PLACEMENT_3D('',#11245,#9303,#9304);
#8554=AXIS2_PLACEMENT_3D('',#11248,#9306,#9307);
#8555=AXIS2_PLACEMENT_3D('',#11249,#9308,#9309);
#8556=AXIS2_PLACEMENT_3D('',#11251,#9310,#9311);
#8557=AXIS2_PLACEMENT_3D('',#11253,#9312,#9313);
#8558=AXIS2_PLACEMENT_3D('',#11254,#9314,#9315);
#8559=AXIS2_PLACEMENT_3D('',#11256,#9316,#9317);
#8560=AXIS2_PLACEMENT_3D('',#11258,#9318,#9319);
#8561=AXIS2_PLACEMENT_3D('',#11259,#9320,#9321);
#8562=AXIS2_PLACEMENT_3D('',#11261,#9322,#9323);
#8563=AXIS2_PLACEMENT_3D('',#11263,#9324,#9325);
#8564=AXIS2_PLACEMENT_3D('',#11264,#9326,#9327);
#8565=AXIS2_PLACEMENT_3D('',#11266,#9328,#9329);
#8566=AXIS2_PLACEMENT_3D('',#11268,#9330,#9331);
#8567=AXIS2_PLACEMENT_3D('',#11269,#9332,#9333);
#8568=AXIS2_PLACEMENT_3D('',#11271,#9334,#9335);
#8569=AXIS2_PLACEMENT_3D('',#11273,#9336,#9337);
#8570=AXIS2_PLACEMENT_3D('',#11274,#9338,#9339);
#8571=AXIS2_PLACEMENT_3D('',#11276,#9340,#9341);
#8572=AXIS2_PLACEMENT_3D('',#11278,#9342,#9343);
#8573=AXIS2_PLACEMENT_3D('',#11279,#9344,#9345);
#8574=AXIS2_PLACEMENT_3D('',#11281,#9346,#9347);
#8575=AXIS2_PLACEMENT_3D('',#11283,#9348,#9349);
#8576=AXIS2_PLACEMENT_3D('',#11284,#9350,#9351);
#8577=AXIS2_PLACEMENT_3D('',#11286,#9352,#9353);
#8578=AXIS2_PLACEMENT_3D('',#11288,#9354,#9355);
#8579=AXIS2_PLACEMENT_3D('',#11289,#9356,#9357);
#8580=AXIS2_PLACEMENT_3D('',#11292,#9358,#9359);
#8581=AXIS2_PLACEMENT_3D('',#11296,#9361,#9362);
#8582=AXIS2_PLACEMENT_3D('',#11298,#9364,#9365);
#8583=AXIS2_PLACEMENT_3D('',#11304,#9369,#9370);
#8584=AXIS2_PLACEMENT_3D('',#11307,#9371,#9372);
#8585=AXIS2_PLACEMENT_3D('',#11311,#9374,#9375);
#8586=AXIS2_PLACEMENT_3D('',#11313,#9377,#9378);
#8587=AXIS2_PLACEMENT_3D('',#11316,#9381,#9382);
#8588=AXIS2_PLACEMENT_3D('',#11320,#9384,#9385);
#8589=AXIS2_PLACEMENT_3D('',#11324,#9387,#9388);
#8590=AXIS2_PLACEMENT_3D('',#11328,#9390,#9391);
#8591=AXIS2_PLACEMENT_3D('',#11332,#9393,#9394);
#8592=AXIS2_PLACEMENT_3D('',#11336,#9396,#9397);
#8593=AXIS2_PLACEMENT_3D('',#11340,#9399,#9400);
#8594=AXIS2_PLACEMENT_3D('',#11344,#9402,#9403);
#8595=AXIS2_PLACEMENT_3D('',#11348,#9405,#9406);
#8596=AXIS2_PLACEMENT_3D('',#11352,#9408,#9409);
#8597=AXIS2_PLACEMENT_3D('',#11355,#9411,#9412);
#8598=AXIS2_PLACEMENT_3D('',#11357,#9413,#9414);
#8599=AXIS2_PLACEMENT_3D('',#11359,#9415,#9416);
#8600=AXIS2_PLACEMENT_3D('',#11361,#9417,#9418);
#8601=AXIS2_PLACEMENT_3D('',#11363,#9419,#9420);
#8602=AXIS2_PLACEMENT_3D('',#11364,#9421,#9422);
#8603=AXIS2_PLACEMENT_3D('',#11367,#9423,#9424);
#8604=AXIS2_PLACEMENT_3D('',#11370,#9427,#9428);
#8605=AXIS2_PLACEMENT_3D('',#11374,#9431,#9432);
#8606=AXIS2_PLACEMENT_3D('',#11375,#9433,#9434);
#8607=AXIS2_PLACEMENT_3D('',#11376,#9435,#9436);
#8608=AXIS2_PLACEMENT_3D('',#11379,#9437,#9438);
#8609=AXIS2_PLACEMENT_3D('',#11382,#9441,#9442);
#8610=AXIS2_PLACEMENT_3D('',#11386,#9445,#9446);
#8611=AXIS2_PLACEMENT_3D('',#11389,#9448,#9449);
#8612=AXIS2_PLACEMENT_3D('',#11390,#9450,#9451);
#8613=AXIS2_PLACEMENT_3D('',#11394,#9454,#9455);
#8614=AXIS2_PLACEMENT_3D('',#11397,#9457,#9458);
#8615=AXIS2_PLACEMENT_3D('',#11398,#9459,#9460);
#8616=AXIS2_PLACEMENT_3D('',#11402,#9463,#9464);
#8617=AXIS2_PLACEMENT_3D('',#11404,#9465,#9466);
#8618=AXIS2_PLACEMENT_3D('',#11406,#9468,#9469);
#8619=AXIS2_PLACEMENT_3D('',#11410,#9472,#9473);
#8620=AXIS2_PLACEMENT_3D('',#11413,#9474,#9475);
#8621=AXIS2_PLACEMENT_3D('',#11416,#9478,#9479);
#8622=AXIS2_PLACEMENT_3D('',#11420,#9482,#9483);
#8623=AXIS2_PLACEMENT_3D('',#11422,#9484,#9485);
#8624=AXIS2_PLACEMENT_3D('',#11424,#9487,#9488);
#8625=AXIS2_PLACEMENT_3D('',#11427,#9489,#9490);
#8626=AXIS2_PLACEMENT_3D('',#11430,#9493,#9494);
#8627=AXIS2_PLACEMENT_3D('',#11432,#9496,#9497);
#8628=AXIS2_PLACEMENT_3D('',#11434,#9498,#9499);
#8629=AXIS2_PLACEMENT_3D('',#11436,#9501,#9502);
#8630=AXIS2_PLACEMENT_3D('',#11438,#9504,#9505);
#8631=AXIS2_PLACEMENT_3D('',#11440,#9506,#9507);
#8632=AXIS2_PLACEMENT_3D('',#11442,#9509,#9510);
#8633=AXIS2_PLACEMENT_3D('',#11444,#9511,#9512);
#8634=AXIS2_PLACEMENT_3D('',#11446,#9514,#9515);
#8635=AXIS2_PLACEMENT_3D('',#11448,#9516,#9517);
#8636=AXIS2_PLACEMENT_3D('',#11450,#9519,#9520);
#8637=AXIS2_PLACEMENT_3D('',#11452,#9521,#9522);
#8638=AXIS2_PLACEMENT_3D('',#11454,#9524,#9525);
#8639=AXIS2_PLACEMENT_3D('',#11456,#9527,#9528);
#8640=AXIS2_PLACEMENT_3D('',#11458,#9530,#9531);
#8641=AXIS2_PLACEMENT_3D('',#11460,#9533,#9534);
#8642=AXIS2_PLACEMENT_3D('',#11462,#9536,#9537);
#8643=AXIS2_PLACEMENT_3D('',#11464,#9539,#9540);
#8644=AXIS2_PLACEMENT_3D('',#11466,#9542,#9543);
#8645=AXIS2_PLACEMENT_3D('',#11467,#9544,#9545);
#8646=AXIS2_PLACEMENT_3D('',#11476,#9550,#9551);
#8647=AXIS2_PLACEMENT_3D('',#11482,#9555,#9556);
#8648=AXIS2_PLACEMENT_3D('',#11488,#9560,#9561);
#8649=AXIS2_PLACEMENT_3D('',#11491,#9564,#9565);
#8650=AXIS2_PLACEMENT_3D('',#11500,#9570,#9571);
#8651=AXIS2_PLACEMENT_3D('',#11506,#9575,#9576);
#8652=AXIS2_PLACEMENT_3D('',#11512,#9580,#9581);
#8653=AXIS2_PLACEMENT_3D('',#11515,#9584,#9585);
#8654=AXIS2_PLACEMENT_3D('',#11524,#9590,#9591);
#8655=AXIS2_PLACEMENT_3D('',#11530,#9595,#9596);
#8656=AXIS2_PLACEMENT_3D('',#11536,#9600,#9601);
#8657=AXIS2_PLACEMENT_3D('',#11539,#9604,#9605);
#8658=AXIS2_PLACEMENT_3D('',#11548,#9610,#9611);
#8659=AXIS2_PLACEMENT_3D('',#11554,#9615,#9616);
#8660=AXIS2_PLACEMENT_3D('',#11560,#9620,#9621);
#8661=AXIS2_PLACEMENT_3D('',#11563,#9624,#9625);
#8662=AXIS2_PLACEMENT_3D('',#11572,#9630,#9631);
#8663=AXIS2_PLACEMENT_3D('',#11578,#9635,#9636);
#8664=AXIS2_PLACEMENT_3D('',#11584,#9640,#9641);
#8665=AXIS2_PLACEMENT_3D('',#11587,#9644,#9645);
#8666=AXIS2_PLACEMENT_3D('',#11596,#9650,#9651);
#8667=AXIS2_PLACEMENT_3D('',#11602,#9655,#9656);
#8668=AXIS2_PLACEMENT_3D('',#11608,#9660,#9661);
#8669=AXIS2_PLACEMENT_3D('',#11611,#9664,#9665);
#8670=AXIS2_PLACEMENT_3D('',#11620,#9670,#9671);
#8671=AXIS2_PLACEMENT_3D('',#11626,#9675,#9676);
#8672=AXIS2_PLACEMENT_3D('',#11632,#9680,#9681);
#8673=AXIS2_PLACEMENT_3D('',#11635,#9684,#9685);
#8674=AXIS2_PLACEMENT_3D('',#11644,#9690,#9691);
#8675=AXIS2_PLACEMENT_3D('',#11650,#9695,#9696);
#8676=AXIS2_PLACEMENT_3D('',#11656,#9700,#9701);
#8677=AXIS2_PLACEMENT_3D('',#11659,#9704,#9705);
#8678=AXIS2_PLACEMENT_3D('',#11668,#9710,#9711);
#8679=AXIS2_PLACEMENT_3D('',#11674,#9715,#9716);
#8680=AXIS2_PLACEMENT_3D('',#11680,#9720,#9721);
#8681=AXIS2_PLACEMENT_3D('',#11683,#9724,#9725);
#8682=AXIS2_PLACEMENT_3D('',#11692,#9730,#9731);
#8683=AXIS2_PLACEMENT_3D('',#11698,#9735,#9736);
#8684=AXIS2_PLACEMENT_3D('',#11704,#9740,#9741);
#8685=AXIS2_PLACEMENT_3D('',#11707,#9744,#9745);
#8686=AXIS2_PLACEMENT_3D('',#11716,#9750,#9751);
#8687=AXIS2_PLACEMENT_3D('',#11722,#9755,#9756);
#8688=AXIS2_PLACEMENT_3D('',#11728,#9760,#9761);
#8689=AXIS2_PLACEMENT_3D('',#11731,#9764,#9765);
#8690=AXIS2_PLACEMENT_3D('',#11740,#9770,#9771);
#8691=AXIS2_PLACEMENT_3D('',#11746,#9775,#9776);
#8692=AXIS2_PLACEMENT_3D('',#11752,#9780,#9781);
#8693=AXIS2_PLACEMENT_3D('',#11755,#9784,#9785);
#8694=AXIS2_PLACEMENT_3D('',#11764,#9790,#9791);
#8695=AXIS2_PLACEMENT_3D('',#11770,#9795,#9796);
#8696=AXIS2_PLACEMENT_3D('',#11776,#9800,#9801);
#8697=AXIS2_PLACEMENT_3D('',#11779,#9804,#9805);
#8698=AXIS2_PLACEMENT_3D('',#11788,#9810,#9811);
#8699=AXIS2_PLACEMENT_3D('',#11794,#9815,#9816);
#8700=AXIS2_PLACEMENT_3D('',#11800,#9820,#9821);
#8701=AXIS2_PLACEMENT_3D('',#11803,#9824,#9825);
#8702=AXIS2_PLACEMENT_3D('',#11812,#9830,#9831);
#8703=AXIS2_PLACEMENT_3D('',#11818,#9835,#9836);
#8704=AXIS2_PLACEMENT_3D('',#11824,#9840,#9841);
#8705=AXIS2_PLACEMENT_3D('',#11827,#9844,#9845);
#8706=AXIS2_PLACEMENT_3D('',#11836,#9850,#9851);
#8707=AXIS2_PLACEMENT_3D('',#11842,#9855,#9856);
#8708=AXIS2_PLACEMENT_3D('',#11848,#9860,#9861);
#8709=AXIS2_PLACEMENT_3D('',#11851,#9864,#9865);
#8710=AXIS2_PLACEMENT_3D('',#11860,#9870,#9871);
#8711=AXIS2_PLACEMENT_3D('',#11866,#9875,#9876);
#8712=AXIS2_PLACEMENT_3D('',#11872,#9880,#9881);
#8713=AXIS2_PLACEMENT_3D('',#11875,#9884,#9885);
#8714=AXIS2_PLACEMENT_3D('',#11884,#9890,#9891);
#8715=AXIS2_PLACEMENT_3D('',#11890,#9895,#9896);
#8716=AXIS2_PLACEMENT_3D('',#11896,#9900,#9901);
#8717=AXIS2_PLACEMENT_3D('',#11899,#9904,#9905);
#8718=AXIS2_PLACEMENT_3D('',#11908,#9910,#9911);
#8719=AXIS2_PLACEMENT_3D('',#11914,#9915,#9916);
#8720=AXIS2_PLACEMENT_3D('',#11920,#9920,#9921);
#8721=AXIS2_PLACEMENT_3D('',#11923,#9924,#9925);
#8722=AXIS2_PLACEMENT_3D('',#11932,#9930,#9931);
#8723=AXIS2_PLACEMENT_3D('',#11938,#9935,#9936);
#8724=AXIS2_PLACEMENT_3D('',#11944,#9940,#9941);
#8725=AXIS2_PLACEMENT_3D('',#11947,#9944,#9945);
#8726=AXIS2_PLACEMENT_3D('',#11956,#9950,#9951);
#8727=AXIS2_PLACEMENT_3D('',#11962,#9955,#9956);
#8728=AXIS2_PLACEMENT_3D('',#11968,#9960,#9961);
#8729=AXIS2_PLACEMENT_3D('',#11971,#9964,#9965);
#8730=AXIS2_PLACEMENT_3D('',#11980,#9970,#9971);
#8731=AXIS2_PLACEMENT_3D('',#11986,#9975,#9976);
#8732=AXIS2_PLACEMENT_3D('',#11992,#9980,#9981);
#8733=AXIS2_PLACEMENT_3D('',#11995,#9984,#9985);
#8734=AXIS2_PLACEMENT_3D('',#12004,#9990,#9991);
#8735=AXIS2_PLACEMENT_3D('',#12010,#9995,#9996);
#8736=AXIS2_PLACEMENT_3D('',#12016,#10000,#10001);
#8737=AXIS2_PLACEMENT_3D('',#12019,#10004,#10005);
#8738=AXIS2_PLACEMENT_3D('',#12028,#10010,#10011);
#8739=AXIS2_PLACEMENT_3D('',#12034,#10015,#10016);
#8740=AXIS2_PLACEMENT_3D('',#12040,#10020,#10021);
#8741=AXIS2_PLACEMENT_3D('',#12043,#10024,#10025);
#8742=AXIS2_PLACEMENT_3D('',#12052,#10030,#10031);
#8743=AXIS2_PLACEMENT_3D('',#12058,#10035,#10036);
#8744=AXIS2_PLACEMENT_3D('',#12064,#10040,#10041);
#8745=AXIS2_PLACEMENT_3D('',#12067,#10044,#10045);
#8746=AXIS2_PLACEMENT_3D('',#12076,#10050,#10051);
#8747=AXIS2_PLACEMENT_3D('',#12082,#10055,#10056);
#8748=AXIS2_PLACEMENT_3D('',#12088,#10060,#10061);
#8749=AXIS2_PLACEMENT_3D('',#12091,#10064,#10065);
#8750=AXIS2_PLACEMENT_3D('',#12100,#10070,#10071);
#8751=AXIS2_PLACEMENT_3D('',#12106,#10075,#10076);
#8752=AXIS2_PLACEMENT_3D('',#12112,#10080,#10081);
#8753=AXIS2_PLACEMENT_3D('',#12115,#10084,#10085);
#8754=AXIS2_PLACEMENT_3D('',#12124,#10090,#10091);
#8755=AXIS2_PLACEMENT_3D('',#12130,#10095,#10096);
#8756=AXIS2_PLACEMENT_3D('',#12136,#10100,#10101);
#8757=AXIS2_PLACEMENT_3D('',#12139,#10104,#10105);
#8758=AXIS2_PLACEMENT_3D('',#12148,#10110,#10111);
#8759=AXIS2_PLACEMENT_3D('',#12154,#10115,#10116);
#8760=AXIS2_PLACEMENT_3D('',#12160,#10120,#10121);
#8761=AXIS2_PLACEMENT_3D('',#12163,#10124,#10125);
#8762=AXIS2_PLACEMENT_3D('',#12172,#10130,#10131);
#8763=AXIS2_PLACEMENT_3D('',#12178,#10135,#10136);
#8764=AXIS2_PLACEMENT_3D('',#12184,#10140,#10141);
#8765=AXIS2_PLACEMENT_3D('',#12187,#10144,#10145);
#8766=AXIS2_PLACEMENT_3D('',#12196,#10150,#10151);
#8767=AXIS2_PLACEMENT_3D('',#12202,#10155,#10156);
#8768=AXIS2_PLACEMENT_3D('',#12208,#10160,#10161);
#8769=AXIS2_PLACEMENT_3D('',#12211,#10164,#10165);
#8770=AXIS2_PLACEMENT_3D('',#12220,#10170,#10171);
#8771=AXIS2_PLACEMENT_3D('',#12226,#10175,#10176);
#8772=AXIS2_PLACEMENT_3D('',#12232,#10180,#10181);
#8773=AXIS2_PLACEMENT_3D('',#12235,#10184,#10185);
#8774=AXIS2_PLACEMENT_3D('',#12244,#10190,#10191);
#8775=AXIS2_PLACEMENT_3D('',#12250,#10195,#10196);
#8776=AXIS2_PLACEMENT_3D('',#12256,#10200,#10201);
#8777=AXIS2_PLACEMENT_3D('',#12259,#10204,#10205);
#8778=AXIS2_PLACEMENT_3D('',#12268,#10210,#10211);
#8779=AXIS2_PLACEMENT_3D('',#12274,#10215,#10216);
#8780=AXIS2_PLACEMENT_3D('',#12280,#10220,#10221);
#8781=AXIS2_PLACEMENT_3D('',#12283,#10224,#10225);
#8782=AXIS2_PLACEMENT_3D('',#12292,#10230,#10231);
#8783=AXIS2_PLACEMENT_3D('',#12298,#10235,#10236);
#8784=AXIS2_PLACEMENT_3D('',#12304,#10240,#10241);
#8785=AXIS2_PLACEMENT_3D('',#12307,#10244,#10245);
#8786=AXIS2_PLACEMENT_3D('',#12316,#10250,#10251);
#8787=AXIS2_PLACEMENT_3D('',#12322,#10255,#10256);
#8788=AXIS2_PLACEMENT_3D('',#12328,#10260,#10261);
#8789=AXIS2_PLACEMENT_3D('',#12331,#10264,#10265);
#8790=AXIS2_PLACEMENT_3D('',#12340,#10270,#10271);
#8791=AXIS2_PLACEMENT_3D('',#12346,#10275,#10276);
#8792=AXIS2_PLACEMENT_3D('',#12352,#10280,#10281);
#8793=AXIS2_PLACEMENT_3D('',#12355,#10284,#10285);
#8794=AXIS2_PLACEMENT_3D('',#12364,#10290,#10291);
#8795=AXIS2_PLACEMENT_3D('',#12370,#10295,#10296);
#8796=AXIS2_PLACEMENT_3D('',#12376,#10300,#10301);
#8797=AXIS2_PLACEMENT_3D('',#12379,#10304,#10305);
#8798=AXIS2_PLACEMENT_3D('',#12388,#10310,#10311);
#8799=AXIS2_PLACEMENT_3D('',#12394,#10315,#10316);
#8800=AXIS2_PLACEMENT_3D('',#12400,#10320,#10321);
#8801=AXIS2_PLACEMENT_3D('',#12403,#10324,#10325);
#8802=AXIS2_PLACEMENT_3D('',#12412,#10330,#10331);
#8803=AXIS2_PLACEMENT_3D('',#12418,#10335,#10336);
#8804=AXIS2_PLACEMENT_3D('',#12424,#10340,#10341);
#8805=AXIS2_PLACEMENT_3D('',#12427,#10344,#10345);
#8806=AXIS2_PLACEMENT_3D('',#12436,#10350,#10351);
#8807=AXIS2_PLACEMENT_3D('',#12442,#10355,#10356);
#8808=AXIS2_PLACEMENT_3D('',#12448,#10360,#10361);
#8809=AXIS2_PLACEMENT_3D('',#12451,#10364,#10365);
#8810=AXIS2_PLACEMENT_3D('',#12452,#10366,#10367);
#8811=AXIS2_PLACEMENT_3D('',#12553,#10372,#10373);
#8812=AXIS2_PLACEMENT_3D('',#12658,#10378,#10379);
#8813=AXIS2_PLACEMENT_3D('',#12683,#10382,#10383);
#8814=AXIS2_PLACEMENT_3D('',#12717,#10389,#10390);
#8815=AXIS2_PLACEMENT_3D('',#12747,#10394,#10395);
#8816=AXIS2_PLACEMENT_3D('',#12756,#10400,#10401);
#8817=AXIS2_PLACEMENT_3D('',#12762,#10405,#10406);
#8818=AXIS2_PLACEMENT_3D('',#12765,#10409,#10410);
#8819=AXIS2_PLACEMENT_3D('',#12821,#10416,#10417);
#8820=AXIS2_PLACEMENT_3D('',#12872,#10424,#10425);
#8821=AXIS2_PLACEMENT_3D('',#12916,#10430,#10431);
#8822=AXIS2_PLACEMENT_3D('',#12962,#10437,#10438);
#8823=AXIS2_PLACEMENT_3D('',#12966,#10441,#10442);
#8824=AXIS2_PLACEMENT_3D('',#12968,#10444,#10445);
#8825=AXIS2_PLACEMENT_3D('',#13025,#10454,#10455);
#8826=AXIS2_PLACEMENT_3D('',#13059,#10461,#10462);
#8827=AXIS2_PLACEMENT_3D('',#13091,#10467,#10468);
#8828=AXIS2_PLACEMENT_3D('',#13095,#10471,#10472);
#8829=AXIS2_PLACEMENT_3D('',#13099,#10475,#10476);
#8830=AXIS2_PLACEMENT_3D('',#13131,#10481,#10482);
#8831=AXIS2_PLACEMENT_3D('',#13163,#10487,#10488);
#8832=AXIS2_PLACEMENT_3D('',#13167,#10491,#10492);
#8833=AXIS2_PLACEMENT_3D('',#13169,#10494,#10495);
#8834=AXIS2_PLACEMENT_3D('',#13203,#10500,#10501);
#8835=AXIS2_PLACEMENT_3D('',#13237,#10507,#10508);
#8836=AXIS2_PLACEMENT_3D('',#13255,#10512,#10513);
#8837=AXIS2_PLACEMENT_3D('',#13287,#10518,#10519);
#8838=AXIS2_PLACEMENT_3D('',#13289,#10521,#10522);
#8839=AXIS2_PLACEMENT_3D('',#13294,#10524,#10525);
#8840=AXIS2_PLACEMENT_3D('',#13298,#10527,#10528);
#8841=AXIS2_PLACEMENT_3D('',#13302,#10530,#10531);
#8842=AXIS2_PLACEMENT_3D('',#13305,#10533,#10534);
#8843=AXIS2_PLACEMENT_3D('',#13306,#10535,#10536);
#8844=AXIS2_PLACEMENT_3D('',#13307,#10537,#10538);
#8845=AXIS2_PLACEMENT_3D('',#13309,#10539,#10540);
#8846=AXIS2_PLACEMENT_3D('',#13312,#10542,#10543);
#8847=AXIS2_PLACEMENT_3D('',#13313,#10544,#10545);
#8848=AXIS2_PLACEMENT_3D('',#13319,#10549,#10550);
#8849=AXIS2_PLACEMENT_3D('',#13321,#10551,#10552);
#8850=AXIS2_PLACEMENT_3D('',#13323,#10554,#10555);
#8851=AXIS2_PLACEMENT_3D('',#13327,#10558,#10559);
#8852=AXIS2_PLACEMENT_3D('',#13329,#10560,#10561);
#8853=AXIS2_PLACEMENT_3D('',#13331,#10563,#10564);
#8854=AXIS2_PLACEMENT_3D('',#13335,#10567,#10568);
#8855=AXIS2_PLACEMENT_3D('',#13337,#10569,#10570);
#8856=AXIS2_PLACEMENT_3D('',#13339,#10572,#10573);
#8857=AXIS2_PLACEMENT_3D('',#13343,#10576,#10577);
#8858=AXIS2_PLACEMENT_3D('',#13344,#10578,#10579);
#8859=AXIS2_PLACEMENT_3D('',#13345,#10580,#10581);
#8860=AXIS2_PLACEMENT_3D('',#13349,#10583,#10584);
#8861=AXIS2_PLACEMENT_3D('',#13351,#10586,#10587);
#8862=AXIS2_PLACEMENT_3D('',#13355,#10590,#10591);
#8863=AXIS2_PLACEMENT_3D('',#13358,#10593,#10594);
#8864=AXIS2_PLACEMENT_3D('',#13359,#10595,#10596);
#8865=AXIS2_PLACEMENT_3D('',#13363,#10599,#10600);
#8866=AXIS2_PLACEMENT_3D('',#13364,#10601,#10602);
#8867=AXIS2_PLACEMENT_3D('',#13367,#10603,#10604);
#8868=AXIS2_PLACEMENT_3D('',#13371,#10606,#10607);
#8869=AXIS2_PLACEMENT_3D('',#13373,#10609,#10610);
#8870=AXIS2_PLACEMENT_3D('',#13377,#10612,#10613);
#8871=AXIS2_PLACEMENT_3D('',#13381,#10615,#10616);
#8872=AXIS2_PLACEMENT_3D('',#13385,#10618,#10619);
#8873=AXIS2_PLACEMENT_3D('',#13390,#10622,#10623);
#8874=AXIS2_PLACEMENT_3D('',#13393,#10625,#10626);
#8875=AXIS2_PLACEMENT_3D('',#13394,#10627,#10628);
#8876=AXIS2_PLACEMENT_3D('',#13398,#10631,#10632);
#8877=AXIS2_PLACEMENT_3D('',#13400,#10634,#10635);
#8878=AXIS2_PLACEMENT_3D('',#13402,#10636,#10637);
#8879=AXIS2_PLACEMENT_3D('',#13404,#10639,#10640);
#8880=AXIS2_PLACEMENT_3D('',#13408,#10642,#10643);
#8881=AXIS2_PLACEMENT_3D('',#13410,#10645,#10646);
#8882=AXIS2_PLACEMENT_3D('',#13414,#10649,#10650);
#8883=AXIS2_PLACEMENT_3D('',#13416,#10652,#10653);
#8884=AXIS2_PLACEMENT_3D('',#13418,#10655,#10656);
#8885=AXIS2_PLACEMENT_3D('',#13419,#10657,#10658);
#8886=AXIS2_PLACEMENT_3D('',#13422,#10660,#10661);
#8887=AXIS2_PLACEMENT_3D('',#13423,#10662,#10663);
#8888=AXIS2_PLACEMENT_3D('',#13425,#10665,#10666);
#8889=AXIS2_PLACEMENT_3D('',#13427,#10668,#10669);
#8890=AXIS2_PLACEMENT_3D('',#13428,#10670,#10671);
#8891=AXIS2_PLACEMENT_3D('',#13437,#10676,#10677);
#8892=AXIS2_PLACEMENT_3D('',#13443,#10681,#10682);
#8893=AXIS2_PLACEMENT_3D('',#13449,#10686,#10687);
#8894=AXIS2_PLACEMENT_3D('',#13452,#10690,#10691);
#8895=AXIS2_PLACEMENT_3D('',#13453,#10692,#10693);
#8896=AXIS2_PLACEMENT_3D('',#13454,#10694,#10695);
#8897=AXIS2_PLACEMENT_3D('',#13463,#10700,#10701);
#8898=AXIS2_PLACEMENT_3D('',#13469,#10705,#10706);
#8899=AXIS2_PLACEMENT_3D('',#13475,#10710,#10711);
#8900=AXIS2_PLACEMENT_3D('',#13481,#10715,#10716);
#8901=AXIS2_PLACEMENT_3D('',#13487,#10720,#10721);
#8902=AXIS2_PLACEMENT_3D('',#13493,#10725,#10726);
#8903=AXIS2_PLACEMENT_3D('',#13499,#10730,#10731);
#8904=AXIS2_PLACEMENT_3D('',#13502,#10734,#10735);
#8905=AXIS2_PLACEMENT_3D('',#13503,#10736,#10737);
#8906=AXIS2_PLACEMENT_3D('',#13504,#10738,#10739);
#8907=AXIS2_PLACEMENT_3D('',#13513,#10744,#10745);
#8908=AXIS2_PLACEMENT_3D('',#13522,#10750,#10751);
#8909=AXIS2_PLACEMENT_3D('',#13525,#10754,#10755);
#8910=AXIS2_PLACEMENT_3D('',#13531,#10759,#10760);
#8911=AXIS2_PLACEMENT_3D('',#13537,#10764,#10765);
#8912=AXIS2_PLACEMENT_3D('',#13543,#10769,#10770);
#8913=AXIS2_PLACEMENT_3D('',#13547,#10773,#10774);
#8914=AXIS2_PLACEMENT_3D('',#13551,#10777,#10778);
#8915=AXIS2_PLACEMENT_3D('',#13553,#10780,#10781);
#8916=AXIS2_PLACEMENT_3D('',#13554,#10782,#10783);
#8917=AXIS2_PLACEMENT_3D('',#13555,#10784,#10785);
#8918=AXIS2_PLACEMENT_3D('',#13557,#10786,#10787);
#8919=AXIS2_PLACEMENT_3D('',#13560,#10789,#10790);
#8920=AXIS2_PLACEMENT_3D('',#13561,#10791,#10792);
#8921=AXIS2_PLACEMENT_3D('',#13563,#10793,#10794);
#8922=AXIS2_PLACEMENT_3D('',#13564,#10795,#10796);
#8923=AXIS2_PLACEMENT_3D('',#13566,#10797,#10798);
#8924=AXIS2_PLACEMENT_3D('',#13569,#10800,#10801);
#8925=AXIS2_PLACEMENT_3D('',#13570,#10802,#10803);
#8926=AXIS2_PLACEMENT_3D('',#13572,#10804,#10805);
#8927=AXIS2_PLACEMENT_3D('',#13573,#10806,#10807);
#8928=AXIS2_PLACEMENT_3D('',#13586,#10814,#10815);
#8929=AXIS2_PLACEMENT_3D('',#13588,#10817,#10818);
#8930=AXIS2_PLACEMENT_3D('',#13594,#10822,#10823);
#8931=AXIS2_PLACEMENT_3D('',#13598,#10826,#10827);
#8932=AXIS2_PLACEMENT_3D('',#13602,#10830,#10831);
#8933=AXIS2_PLACEMENT_3D('',#13606,#10834,#10835);
#8934=AXIS2_PLACEMENT_3D('',#13610,#10838,#10839);
#8935=AXIS2_PLACEMENT_3D('',#13612,#10841,#10842);
#8936=AXIS2_PLACEMENT_3D('',#13613,#10843,#10844);
#8937=AXIS2_PLACEMENT_3D('',#13614,#10845,#10846);
#8938=AXIS2_PLACEMENT_3D('',#13616,#10847,#10848);
#8939=AXIS2_PLACEMENT_3D('',#13620,#10850,#10851);
#8940=AXIS2_PLACEMENT_3D('',#13621,#10852,#10853);
#8941=AXIS2_PLACEMENT_3D('',#13622,#10854,#10855);
#8942=AXIS2_PLACEMENT_3D('',#13623,#10856,#10857);
#8943=AXIS2_PLACEMENT_3D('',#13626,#10859,#10860);
#8944=AXIS2_PLACEMENT_3D('',#13627,#10861,#10862);
#8945=AXIS2_PLACEMENT_3D('',#13636,#10867,#10868);
#8946=AXIS2_PLACEMENT_3D('',#13642,#10872,#10873);
#8947=AXIS2_PLACEMENT_3D('',#13648,#10877,#10878);
#8948=AXIS2_PLACEMENT_3D('',#13654,#10882,#10883);
#8949=AXIS2_PLACEMENT_3D('',#13660,#10887,#10888);
#8950=AXIS2_PLACEMENT_3D('',#13666,#10892,#10893);
#8951=AXIS2_PLACEMENT_3D('',#13672,#10897,#10898);
#8952=AXIS2_PLACEMENT_3D('',#13678,#10902,#10903);
#8953=AXIS2_PLACEMENT_3D('',#13684,#10907,#10908);
#8954=AXIS2_PLACEMENT_3D('',#13690,#10912,#10913);
#8955=AXIS2_PLACEMENT_3D('',#13696,#10917,#10918);
#8956=AXIS2_PLACEMENT_3D('',#13699,#10921,#10922);
#8957=AXIS2_PLACEMENT_3D('',#13700,#10923,#10924);
#8958=AXIS2_PLACEMENT_3D('',#13702,#10925,#10926);
#8959=AXIS2_PLACEMENT_3D('',#13732,#10927,#10928);
#8960=AXIS2_PLACEMENT_3D('',#13733,#10929,#10930);
#8961=AXIS2_PLACEMENT_3D('',#13734,#10931,#10932);
#8962=AXIS2_PLACEMENT_3D('',#13735,#10933,#10934);
#8963=AXIS2_PLACEMENT_3D('',#13737,#10935,#10936);
#8964=AXIS2_PLACEMENT_3D('',#13739,#10938,#10939);
#8965=AXIS2_PLACEMENT_3D('',#13740,#10940,#10941);
#8966=AXIS2_PLACEMENT_3D('',#13741,#10942,#10943);
#8967=AXIS2_PLACEMENT_3D('',#13742,#10944,#10945);
#8968=AXIS2_PLACEMENT_3D('',#13743,#10946,#10947);
#8969=AXIS2_PLACEMENT_3D('',#13744,#10948,#10949);
#8970=AXIS2_PLACEMENT_3D('',#13745,#10950,#10951);
#8971=AXIS2_PLACEMENT_3D('',#13746,#10952,#10953);
#8972=AXIS2_PLACEMENT_3D('',#13747,#10954,#10955);
#8973=AXIS2_PLACEMENT_3D('',#13748,#10956,#10957);
#8974=DIRECTION('axis',(0.,0.,1.));
#8975=DIRECTION('refdir',(1.,0.,0.));
#8976=DIRECTION('axis',(0.,0.,1.));
#8977=DIRECTION('refdir',(1.,0.,0.));
#8978=DIRECTION('center_axis',(0.,1.,0.));
#8979=DIRECTION('ref_axis',(-0.707106781186547,0.,-0.707106781186547));
#8980=DIRECTION('center_axis',(0.,-1.,0.));
#8981=DIRECTION('ref_axis',(-0.707106781186547,0.,-0.707106781186547));
#8982=DIRECTION('',(0.,-1.,0.));
#8983=DIRECTION('center_axis',(0.,-1.,0.));
#8984=DIRECTION('ref_axis',(-0.707106781186547,0.,-0.707106781186547));
#8985=DIRECTION('',(0.,1.,0.));
#8986=DIRECTION('center_axis',(-1.75876914792104E-16,0.,-1.));
#8987=DIRECTION('ref_axis',(-1.,0.,1.75876914792104E-16));
#8988=DIRECTION('',(-1.,0.,1.75876914792104E-16));
#8989=DIRECTION('',(0.,1.,0.));
#8990=DIRECTION('',(1.,0.,-1.75876914792104E-16));
#8991=DIRECTION('center_axis',(0.,1.,0.));
#8992=DIRECTION('ref_axis',(0.,0.,1.));
#8993=DIRECTION('',(5.67720335248041E-16,0.,1.));
#8994=DIRECTION('center_axis',(0.,-1.,0.));
#8995=DIRECTION('ref_axis',(-0.707106781186546,0.,0.707106781186549));
#8996=DIRECTION('',(1.,0.,-6.98334808733354E-16));
#8997=DIRECTION('center_axis',(0.,-1.,0.));
#8998=DIRECTION('ref_axis',(0.707106781186548,0.,0.707106781186547));
#8999=DIRECTION('',(-6.98334808733354E-16,0.,-1.));
#9000=DIRECTION('center_axis',(0.,-1.,0.));
#9001=DIRECTION('ref_axis',(0.707106781186546,0.,-0.707106781186549));
#9002=DIRECTION('center_axis',(0.,1.,0.));
#9003=DIRECTION('ref_axis',(-0.707106781186546,0.,0.707106781186549));
#9004=DIRECTION('',(0.,-1.,0.));
#9005=DIRECTION('center_axis',(0.,-1.,0.));
#9006=DIRECTION('ref_axis',(-0.707106781186546,0.,0.707106781186549));
#9007=DIRECTION('',(0.,1.,0.));
#9008=DIRECTION('center_axis',(6.98334808733354E-16,0.,1.));
#9009=DIRECTION('ref_axis',(1.,0.,-6.98334808733354E-16));
#9010=DIRECTION('',(-1.,0.,6.98334808733354E-16));
#9011=DIRECTION('',(0.,-1.,0.));
#9012=DIRECTION('center_axis',(0.,1.,0.));
#9013=DIRECTION('ref_axis',(0.707106781186546,0.,-0.707106781186549));
#9014=DIRECTION('',(0.,-1.,0.));
#9015=DIRECTION('center_axis',(0.,-1.,0.));
#9016=DIRECTION('ref_axis',(0.707106781186546,0.,-0.707106781186549));
#9017=DIRECTION('center_axis',(0.,1.,0.));
#9018=DIRECTION('ref_axis',(0.707106781186548,0.,0.707106781186547));
#9019=DIRECTION('center_axis',(0.,-1.,0.));
#9020=DIRECTION('ref_axis',(0.707106781186548,0.,0.707106781186547));
#9021=DIRECTION('',(0.,1.,0.));
#9022=DIRECTION('center_axis',(1.,0.,-6.98334808733354E-16));
#9023=DIRECTION('ref_axis',(-6.98334808733354E-16,0.,-1.));
#9024=DIRECTION('',(6.98334808733354E-16,0.,1.));
#9025=DIRECTION('center_axis',(-1.,0.,5.67720335248041E-16));
#9026=DIRECTION('ref_axis',(5.67720335248041E-16,0.,1.));
#9027=DIRECTION('',(-5.67720335248041E-16,0.,-1.));
#9028=DIRECTION('center_axis',(0.,-1.,0.));
#9029=DIRECTION('ref_axis',(1.,0.,-1.75876914792104E-16));
#9030=DIRECTION('center_axis',(0.,-1.,0.));
#9031=DIRECTION('ref_axis',(1.,0.,-1.75876914792104E-16));
#9032=DIRECTION('',(0.,-1.,0.));
#9033=DIRECTION('center_axis',(0.,1.,0.));
#9034=DIRECTION('ref_axis',(1.,0.,-1.75876914792104E-16));
#9035=DIRECTION('center_axis',(0.,-1.,0.));
#9036=DIRECTION('ref_axis',(1.,0.,-1.75876914792104E-16));
#9037=DIRECTION('center_axis',(0.,-1.,0.));
#9038=DIRECTION('ref_axis',(1.,0.,-1.75876914792104E-16));
#9039=DIRECTION('',(0.,-1.,0.));
#9040=DIRECTION('center_axis',(0.,1.,0.));
#9041=DIRECTION('ref_axis',(1.,0.,-1.75876914792104E-16));
#9042=DIRECTION('center_axis',(0.,-1.,0.));
#9043=DIRECTION('ref_axis',(1.,0.,-1.75876914792104E-16));
#9044=DIRECTION('center_axis',(0.,-1.,0.));
#9045=DIRECTION('ref_axis',(1.,0.,-1.75876914792104E-16));
#9046=DIRECTION('',(0.,-1.,0.));
#9047=DIRECTION('center_axis',(0.,1.,0.));
#9048=DIRECTION('ref_axis',(1.,0.,-1.75876914792104E-16));
#9049=DIRECTION('center_axis',(0.,-1.,0.));
#9050=DIRECTION('ref_axis',(1.,0.,-1.75876914792104E-16));
#9051=DIRECTION('center_axis',(0.,-1.,0.));
#9052=DIRECTION('ref_axis',(1.,0.,-1.75876914792104E-16));
#9053=DIRECTION('',(0.,-1.,0.));
#9054=DIRECTION('center_axis',(0.,1.,0.));
#9055=DIRECTION('ref_axis',(1.,0.,-1.75876914792104E-16));
#9056=DIRECTION('center_axis',(0.,-1.,0.));
#9057=DIRECTION('ref_axis',(1.,0.,-1.75876914792104E-16));
#9058=DIRECTION('center_axis',(0.,-1.,0.));
#9059=DIRECTION('ref_axis',(1.,0.,-1.75876914792104E-16));
#9060=DIRECTION('',(0.,-1.,0.));
#9061=DIRECTION('center_axis',(0.,1.,0.));
#9062=DIRECTION('ref_axis',(1.,0.,-1.75876914792104E-16));
#9063=DIRECTION('center_axis',(0.,-1.,0.));
#9064=DIRECTION('ref_axis',(1.,0.,-1.75876914792104E-16));
#9065=DIRECTION('center_axis',(0.,-1.,0.));
#9066=DIRECTION('ref_axis',(1.,0.,-1.75876914792104E-16));
#9067=DIRECTION('',(0.,-1.,0.));
#9068=DIRECTION('center_axis',(0.,1.,0.));
#9069=DIRECTION('ref_axis',(1.,0.,-1.75876914792104E-16));
#9070=DIRECTION('center_axis',(0.,-1.,0.));
#9071=DIRECTION('ref_axis',(1.,0.,-1.75876914792104E-16));
#9072=DIRECTION('center_axis',(0.,-1.,0.));
#9073=DIRECTION('ref_axis',(1.,0.,-1.75876914792104E-16));
#9074=DIRECTION('',(0.,-1.,0.));
#9075=DIRECTION('center_axis',(0.,1.,0.));
#9076=DIRECTION('ref_axis',(1.,0.,-1.75876914792104E-16));
#9077=DIRECTION('center_axis',(0.,-1.,0.));
#9078=DIRECTION('ref_axis',(1.,0.,-1.75876914792104E-16));
#9079=DIRECTION('center_axis',(0.,-1.,0.));
#9080=DIRECTION('ref_axis',(1.,0.,-1.75876914792104E-16));
#9081=DIRECTION('',(0.,-1.,0.));
#9082=DIRECTION('center_axis',(0.,1.,0.));
#9083=DIRECTION('ref_axis',(1.,0.,-1.75876914792104E-16));
#9084=DIRECTION('center_axis',(0.,-1.,0.));
#9085=DIRECTION('ref_axis',(1.,0.,-1.75876914792104E-16));
#9086=DIRECTION('center_axis',(0.,-1.,0.));
#9087=DIRECTION('ref_axis',(1.,0.,-1.75876914792104E-16));
#9088=DIRECTION('',(0.,-1.,0.));
#9089=DIRECTION('center_axis',(0.,1.,0.));
#9090=DIRECTION('ref_axis',(1.,0.,-1.75876914792104E-16));
#9091=DIRECTION('center_axis',(0.,-1.,0.));
#9092=DIRECTION('ref_axis',(1.,0.,-1.75876914792104E-16));
#9093=DIRECTION('center_axis',(0.,-1.,0.));
#9094=DIRECTION('ref_axis',(1.,0.,-1.75876914792104E-16));
#9095=DIRECTION('',(0.,-1.,0.));
#9096=DIRECTION('center_axis',(0.,1.,0.));
#9097=DIRECTION('ref_axis',(1.,0.,-1.75876914792104E-16));
#9098=DIRECTION('center_axis',(0.,-1.,0.));
#9099=DIRECTION('ref_axis',(1.,0.,-1.75876914792104E-16));
#9100=DIRECTION('center_axis',(0.,-1.,0.));
#9101=DIRECTION('ref_axis',(1.,0.,-1.75876914792104E-16));
#9102=DIRECTION('',(0.,-1.,0.));
#9103=DIRECTION('center_axis',(0.,1.,0.));
#9104=DIRECTION('ref_axis',(1.,0.,-1.75876914792104E-16));
#9105=DIRECTION('center_axis',(0.,-1.,0.));
#9106=DIRECTION('ref_axis',(1.,0.,-1.75876914792104E-16));
#9107=DIRECTION('center_axis',(0.,-1.,0.));
#9108=DIRECTION('ref_axis',(1.,0.,-1.75876914792104E-16));
#9109=DIRECTION('',(0.,-1.,0.));
#9110=DIRECTION('center_axis',(0.,1.,0.));
#9111=DIRECTION('ref_axis',(1.,0.,-1.75876914792104E-16));
#9112=DIRECTION('center_axis',(0.,-1.,0.));
#9113=DIRECTION('ref_axis',(1.,0.,-1.75876914792104E-16));
#9114=DIRECTION('center_axis',(0.,-1.,0.));
#9115=DIRECTION('ref_axis',(1.,0.,-1.75876914792104E-16));
#9116=DIRECTION('',(0.,-1.,0.));
#9117=DIRECTION('center_axis',(0.,1.,0.));
#9118=DIRECTION('ref_axis',(1.,0.,-1.75876914792104E-16));
#9119=DIRECTION('center_axis',(0.,-1.,0.));
#9120=DIRECTION('ref_axis',(1.,0.,-1.75876914792104E-16));
#9121=DIRECTION('center_axis',(0.,-1.,0.));
#9122=DIRECTION('ref_axis',(1.,0.,-1.75876914792104E-16));
#9123=DIRECTION('',(0.,-1.,0.));
#9124=DIRECTION('center_axis',(0.,1.,0.));
#9125=DIRECTION('ref_axis',(1.,0.,-1.75876914792104E-16));
#9126=DIRECTION('center_axis',(0.,-1.,0.));
#9127=DIRECTION('ref_axis',(1.,0.,-1.75876914792104E-16));
#9128=DIRECTION('center_axis',(0.,-1.,0.));
#9129=DIRECTION('ref_axis',(1.,0.,-1.75876914792104E-16));
#9130=DIRECTION('',(0.,-1.,0.));
#9131=DIRECTION('center_axis',(0.,1.,0.));
#9132=DIRECTION('ref_axis',(1.,0.,-1.75876914792104E-16));
#9133=DIRECTION('center_axis',(0.,-1.,0.));
#9134=DIRECTION('ref_axis',(1.,0.,-1.75876914792104E-16));
#9135=DIRECTION('center_axis',(0.,-1.,0.));
#9136=DIRECTION('ref_axis',(1.,0.,-1.75876914792104E-16));
#9137=DIRECTION('',(0.,-1.,0.));
#9138=DIRECTION('center_axis',(0.,1.,0.));
#9139=DIRECTION('ref_axis',(1.,0.,-1.75876914792104E-16));
#9140=DIRECTION('center_axis',(0.,-1.,0.));
#9141=DIRECTION('ref_axis',(1.,0.,-1.75876914792104E-16));
#9142=DIRECTION('center_axis',(0.,-1.,0.));
#9143=DIRECTION('ref_axis',(1.,0.,-1.75876914792104E-16));
#9144=DIRECTION('',(0.,-1.,0.));
#9145=DIRECTION('center_axis',(0.,1.,0.));
#9146=DIRECTION('ref_axis',(1.,0.,-1.75876914792104E-16));
#9147=DIRECTION('center_axis',(0.,-1.,0.));
#9148=DIRECTION('ref_axis',(1.,0.,-1.75876914792104E-16));
#9149=DIRECTION('center_axis',(0.,-1.,0.));
#9150=DIRECTION('ref_axis',(1.,0.,-1.75876914792104E-16));
#9151=DIRECTION('',(0.,-1.,0.));
#9152=DIRECTION('center_axis',(0.,1.,0.));
#9153=DIRECTION('ref_axis',(1.,0.,-1.75876914792104E-16));
#9154=DIRECTION('center_axis',(0.,-1.,0.));
#9155=DIRECTION('ref_axis',(1.,0.,-1.75876914792104E-16));
#9156=DIRECTION('center_axis',(0.,-1.,0.));
#9157=DIRECTION('ref_axis',(1.,0.,-1.75876914792104E-16));
#9158=DIRECTION('',(0.,-1.,0.));
#9159=DIRECTION('center_axis',(0.,1.,0.));
#9160=DIRECTION('ref_axis',(1.,0.,-1.75876914792104E-16));
#9161=DIRECTION('center_axis',(0.,-1.,0.));
#9162=DIRECTION('ref_axis',(1.,0.,-1.75876914792104E-16));
#9163=DIRECTION('center_axis',(0.,-1.,0.));
#9164=DIRECTION('ref_axis',(1.,0.,-1.75876914792104E-16));
#9165=DIRECTION('',(0.,-1.,0.));
#9166=DIRECTION('center_axis',(0.,1.,0.));
#9167=DIRECTION('ref_axis',(1.,0.,-1.75876914792104E-16));
#9168=DIRECTION('center_axis',(0.,-1.,0.));
#9169=DIRECTION('ref_axis',(1.,0.,-1.75876914792104E-16));
#9170=DIRECTION('center_axis',(0.,-1.,0.));
#9171=DIRECTION('ref_axis',(1.,0.,-1.75876914792104E-16));
#9172=DIRECTION('',(0.,-1.,0.));
#9173=DIRECTION('center_axis',(0.,1.,0.));
#9174=DIRECTION('ref_axis',(1.,0.,-1.75876914792104E-16));
#9175=DIRECTION('center_axis',(0.,-1.,0.));
#9176=DIRECTION('ref_axis',(1.,0.,-1.75876914792104E-16));
#9177=DIRECTION('center_axis',(0.,-1.,0.));
#9178=DIRECTION('ref_axis',(1.,0.,-1.75876914792104E-16));
#9179=DIRECTION('',(0.,-1.,0.));
#9180=DIRECTION('center_axis',(0.,1.,0.));
#9181=DIRECTION('ref_axis',(1.,0.,-1.75876914792104E-16));
#9182=DIRECTION('center_axis',(0.,-1.,0.));
#9183=DIRECTION('ref_axis',(1.,0.,-1.75876914792104E-16));
#9184=DIRECTION('center_axis',(0.,-1.,0.));
#9185=DIRECTION('ref_axis',(1.,0.,-1.75876914792104E-16));
#9186=DIRECTION('',(0.,-1.,0.));
#9187=DIRECTION('center_axis',(0.,1.,0.));
#9188=DIRECTION('ref_axis',(1.,0.,-1.75876914792104E-16));
#9189=DIRECTION('center_axis',(0.,-1.,0.));
#9190=DIRECTION('ref_axis',(1.,0.,-1.75876914792104E-16));
#9191=DIRECTION('center_axis',(0.,-1.,0.));
#9192=DIRECTION('ref_axis',(1.,0.,-1.75876914792104E-16));
#9193=DIRECTION('',(0.,-1.,0.));
#9194=DIRECTION('center_axis',(0.,1.,0.));
#9195=DIRECTION('ref_axis',(1.,0.,-1.75876914792104E-16));
#9196=DIRECTION('center_axis',(0.,-1.,0.));
#9197=DIRECTION('ref_axis',(1.,0.,-1.75876914792104E-16));
#9198=DIRECTION('center_axis',(0.,-1.,0.));
#9199=DIRECTION('ref_axis',(1.,0.,-1.75876914792104E-16));
#9200=DIRECTION('',(0.,-1.,0.));
#9201=DIRECTION('center_axis',(0.,1.,0.));
#9202=DIRECTION('ref_axis',(1.,0.,-1.75876914792104E-16));
#9203=DIRECTION('center_axis',(0.,-1.,0.));
#9204=DIRECTION('ref_axis',(1.,0.,-1.75876914792104E-16));
#9205=DIRECTION('center_axis',(0.,-1.,0.));
#9206=DIRECTION('ref_axis',(1.,0.,-1.75876914792104E-16));
#9207=DIRECTION('',(0.,-1.,0.));
#9208=DIRECTION('center_axis',(0.,1.,0.));
#9209=DIRECTION('ref_axis',(1.,0.,-1.75876914792104E-16));
#9210=DIRECTION('center_axis',(0.,-1.,0.));
#9211=DIRECTION('ref_axis',(1.,0.,-1.75876914792104E-16));
#9212=DIRECTION('center_axis',(0.,-1.,0.));
#9213=DIRECTION('ref_axis',(1.,0.,-1.75876914792104E-16));
#9214=DIRECTION('',(0.,-1.,0.));
#9215=DIRECTION('center_axis',(0.,1.,0.));
#9216=DIRECTION('ref_axis',(1.,0.,-1.75876914792104E-16));
#9217=DIRECTION('center_axis',(0.,-1.,0.));
#9218=DIRECTION('ref_axis',(1.,0.,-1.75876914792104E-16));
#9219=DIRECTION('center_axis',(0.,-1.,0.));
#9220=DIRECTION('ref_axis',(1.,0.,-1.75876914792104E-16));
#9221=DIRECTION('',(0.,-1.,0.));
#9222=DIRECTION('center_axis',(0.,1.,0.));
#9223=DIRECTION('ref_axis',(1.,0.,-1.75876914792104E-16));
#9224=DIRECTION('center_axis',(0.,-1.,0.));
#9225=DIRECTION('ref_axis',(1.,0.,-1.75876914792104E-16));
#9226=DIRECTION('center_axis',(0.,-1.,0.));
#9227=DIRECTION('ref_axis',(1.,0.,-1.75876914792104E-16));
#9228=DIRECTION('',(0.,-1.,0.));
#9229=DIRECTION('center_axis',(0.,1.,0.));
#9230=DIRECTION('ref_axis',(1.,0.,-1.75876914792104E-16));
#9231=DIRECTION('center_axis',(0.,-1.,0.));
#9232=DIRECTION('ref_axis',(1.,0.,-1.75876914792104E-16));
#9233=DIRECTION('center_axis',(0.,-1.,0.));
#9234=DIRECTION('ref_axis',(1.,0.,-1.75876914792104E-16));
#9235=DIRECTION('',(0.,-1.,0.));
#9236=DIRECTION('center_axis',(0.,1.,0.));
#9237=DIRECTION('ref_axis',(1.,0.,-1.75876914792104E-16));
#9238=DIRECTION('center_axis',(0.,-1.,0.));
#9239=DIRECTION('ref_axis',(1.,0.,-1.75876914792104E-16));
#9240=DIRECTION('center_axis',(0.,-1.,0.));
#9241=DIRECTION('ref_axis',(1.,0.,-1.75876914792104E-16));
#9242=DIRECTION('',(0.,-1.,0.));
#9243=DIRECTION('center_axis',(0.,1.,0.));
#9244=DIRECTION('ref_axis',(1.,0.,-1.75876914792104E-16));
#9245=DIRECTION('center_axis',(0.,-1.,0.));
#9246=DIRECTION('ref_axis',(1.,0.,-1.75876914792104E-16));
#9247=DIRECTION('center_axis',(0.,-1.,0.));
#9248=DIRECTION('ref_axis',(1.,0.,-1.75876914792104E-16));
#9249=DIRECTION('',(0.,-1.,0.));
#9250=DIRECTION('center_axis',(0.,1.,0.));
#9251=DIRECTION('ref_axis',(1.,0.,-1.75876914792104E-16));
#9252=DIRECTION('center_axis',(0.,-1.,0.));
#9253=DIRECTION('ref_axis',(1.,0.,-1.75876914792104E-16));
#9254=DIRECTION('center_axis',(0.,-1.,0.));
#9255=DIRECTION('ref_axis',(1.,0.,-1.75876914792104E-16));
#9256=DIRECTION('',(0.,-1.,0.));
#9257=DIRECTION('center_axis',(0.,1.,0.));
#9258=DIRECTION('ref_axis',(1.,0.,-1.75876914792104E-16));
#9259=DIRECTION('center_axis',(0.,-1.,0.));
#9260=DIRECTION('ref_axis',(1.,0.,-1.75876914792104E-16));
#9261=DIRECTION('center_axis',(0.,-1.,0.));
#9262=DIRECTION('ref_axis',(1.,0.,-1.75876914792104E-16));
#9263=DIRECTION('',(0.,-1.,0.));
#9264=DIRECTION('center_axis',(0.,1.,0.));
#9265=DIRECTION('ref_axis',(1.,0.,-1.75876914792104E-16));
#9266=DIRECTION('center_axis',(0.,-1.,0.));
#9267=DIRECTION('ref_axis',(1.,0.,-1.75876914792104E-16));
#9268=DIRECTION('center_axis',(0.,-1.,0.));
#9269=DIRECTION('ref_axis',(1.,0.,-1.75876914792104E-16));
#9270=DIRECTION('',(0.,-1.,0.));
#9271=DIRECTION('center_axis',(0.,1.,0.));
#9272=DIRECTION('ref_axis',(1.,0.,-1.75876914792104E-16));
#9273=DIRECTION('center_axis',(0.,-1.,0.));
#9274=DIRECTION('ref_axis',(1.,0.,-1.75876914792104E-16));
#9275=DIRECTION('center_axis',(0.,-1.,0.));
#9276=DIRECTION('ref_axis',(1.,0.,-1.75876914792104E-16));
#9277=DIRECTION('',(0.,-1.,0.));
#9278=DIRECTION('center_axis',(0.,1.,0.));
#9279=DIRECTION('ref_axis',(1.,0.,-1.75876914792104E-16));
#9280=DIRECTION('center_axis',(0.,-1.,0.));
#9281=DIRECTION('ref_axis',(1.,0.,-1.75876914792104E-16));
#9282=DIRECTION('center_axis',(0.,-1.,0.));
#9283=DIRECTION('ref_axis',(1.,0.,-1.75876914792104E-16));
#9284=DIRECTION('',(0.,-1.,0.));
#9285=DIRECTION('center_axis',(0.,1.,0.));
#9286=DIRECTION('ref_axis',(1.,0.,-1.75876914792104E-16));
#9287=DIRECTION('center_axis',(0.,-1.,0.));
#9288=DIRECTION('ref_axis',(1.,0.,-1.75876914792104E-16));
#9289=DIRECTION('center_axis',(0.,-1.,0.));
#9290=DIRECTION('ref_axis',(1.,0.,-1.75876914792104E-16));
#9291=DIRECTION('',(0.,-1.,0.));
#9292=DIRECTION('center_axis',(0.,1.,0.));
#9293=DIRECTION('ref_axis',(1.,0.,-1.75876914792104E-16));
#9294=DIRECTION('center_axis',(0.,-1.,0.));
#9295=DIRECTION('ref_axis',(1.,0.,-1.75876914792104E-16));
#9296=DIRECTION('center_axis',(0.,-1.,0.));
#9297=DIRECTION('ref_axis',(1.,0.,-1.75876914792104E-16));
#9298=DIRECTION('',(0.,-1.,0.));
#9299=DIRECTION('center_axis',(0.,1.,0.));
#9300=DIRECTION('ref_axis',(1.,0.,-1.75876914792104E-16));
#9301=DIRECTION('center_axis',(0.,-1.,0.));
#9302=DIRECTION('ref_axis',(1.,0.,-1.75876914792104E-16));
#9303=DIRECTION('center_axis',(0.,-1.,0.));
#9304=DIRECTION('ref_axis',(1.,0.,-1.75876914792104E-16));
#9305=DIRECTION('',(0.,-1.,0.));
#9306=DIRECTION('center_axis',(0.,1.,0.));
#9307=DIRECTION('ref_axis',(1.,0.,-1.75876914792104E-16));
#9308=DIRECTION('center_axis',(0.,1.,0.));
#9309=DIRECTION('ref_axis',(0.,0.,1.));
#9310=DIRECTION('center_axis',(0.,1.,0.));
#9311=DIRECTION('ref_axis',(-1.,0.,0.));
#9312=DIRECTION('center_axis',(0.,-1.,0.));
#9313=DIRECTION('ref_axis',(1.,0.,0.));
#9314=DIRECTION('center_axis',(0.,1.,0.));
#9315=DIRECTION('ref_axis',(0.,0.,1.));
#9316=DIRECTION('center_axis',(0.,-1.,0.));
#9317=DIRECTION('ref_axis',(-1.,0.,0.));
#9318=DIRECTION('center_axis',(0.,-1.,0.));
#9319=DIRECTION('ref_axis',(1.,0.,0.));
#9320=DIRECTION('center_axis',(0.,1.,0.));
#9321=DIRECTION('ref_axis',(0.,0.,1.));
#9322=DIRECTION('center_axis',(0.,1.,0.));
#9323=DIRECTION('ref_axis',(-1.,0.,0.));
#9324=DIRECTION('center_axis',(0.,-1.,0.));
#9325=DIRECTION('ref_axis',(1.,0.,0.));
#9326=DIRECTION('center_axis',(0.,1.,0.));
#9327=DIRECTION('ref_axis',(0.,0.,1.));
#9328=DIRECTION('center_axis',(0.,-1.,0.));
#9329=DIRECTION('ref_axis',(-1.,0.,0.));
#9330=DIRECTION('center_axis',(0.,-1.,0.));
#9331=DIRECTION('ref_axis',(1.,0.,0.));
#9332=DIRECTION('center_axis',(0.,1.,0.));
#9333=DIRECTION('ref_axis',(0.,0.,1.));
#9334=DIRECTION('center_axis',(0.,1.,0.));
#9335=DIRECTION('ref_axis',(-1.,0.,0.));
#9336=DIRECTION('center_axis',(0.,-1.,0.));
#9337=DIRECTION('ref_axis',(1.,0.,0.));
#9338=DIRECTION('center_axis',(0.,1.,0.));
#9339=DIRECTION('ref_axis',(0.,0.,1.));
#9340=DIRECTION('center_axis',(0.,-1.,0.));
#9341=DIRECTION('ref_axis',(-1.,0.,0.));
#9342=DIRECTION('center_axis',(0.,-1.,0.));
#9343=DIRECTION('ref_axis',(1.,0.,0.));
#9344=DIRECTION('center_axis',(0.,1.,0.));
#9345=DIRECTION('ref_axis',(0.,0.,1.));
#9346=DIRECTION('center_axis',(0.,1.,0.));
#9347=DIRECTION('ref_axis',(-1.,0.,0.));
#9348=DIRECTION('center_axis',(0.,-1.,0.));
#9349=DIRECTION('ref_axis',(1.,0.,0.));
#9350=DIRECTION('center_axis',(0.,1.,0.));
#9351=DIRECTION('ref_axis',(0.,0.,1.));
#9352=DIRECTION('center_axis',(0.,-1.,0.));
#9353=DIRECTION('ref_axis',(-1.,0.,0.));
#9354=DIRECTION('center_axis',(0.,-1.,0.));
#9355=DIRECTION('ref_axis',(1.,0.,0.));
#9356=DIRECTION('center_axis',(0.,1.,0.));
#9357=DIRECTION('ref_axis',(-0.707106781186548,0.,0.707106781186548));
#9358=DIRECTION('center_axis',(0.,-1.,0.));
#9359=DIRECTION('ref_axis',(-0.707106781186548,0.,0.707106781186548));
#9360=DIRECTION('',(0.,1.,0.));
#9361=DIRECTION('center_axis',(0.,1.,0.));
#9362=DIRECTION('ref_axis',(-0.707106781186548,0.,0.707106781186548));
#9363=DIRECTION('',(0.,-1.,0.));
#9364=DIRECTION('center_axis',(1.,0.,-2.22044604925031E-16));
#9365=DIRECTION('ref_axis',(-2.22044604925031E-16,0.,-1.));
#9366=DIRECTION('',(-2.22044604925031E-16,0.,-1.));
#9367=DIRECTION('',(0.,-1.,0.));
#9368=DIRECTION('',(-2.22044604925031E-16,0.,-1.));
#9369=DIRECTION('center_axis',(0.,1.,0.));
#9370=DIRECTION('ref_axis',(0.707106781186551,0.,-0.707106781186544));
#9371=DIRECTION('center_axis',(0.,-1.,0.));
#9372=DIRECTION('ref_axis',(0.707106781186551,0.,-0.707106781186544));
#9373=DIRECTION('',(0.,-1.,0.));
#9374=DIRECTION('center_axis',(0.,1.,0.));
#9375=DIRECTION('ref_axis',(0.707106781186551,0.,-0.707106781186544));
#9376=DIRECTION('',(0.,1.,0.));
#9377=DIRECTION('center_axis',(-3.6432471297935E-16,0.,-1.));
#9378=DIRECTION('ref_axis',(-1.,0.,3.6432471297935E-16));
#9379=DIRECTION('',(-1.,0.,3.6432471297935E-16));
#9380=DIRECTION('',(-1.,0.,3.6432471297935E-16));
#9381=DIRECTION('center_axis',(0.,1.,0.));
#9382=DIRECTION('ref_axis',(0.,0.,1.));
#9383=DIRECTION('',(-1.86984930463184E-16,0.,-1.));
#9384=DIRECTION('center_axis',(0.,1.,0.));
#9385=DIRECTION('ref_axis',(0.707106781186546,0.,0.707106781186549));
#9386=DIRECTION('',(1.,0.,0.));
#9387=DIRECTION('center_axis',(0.,1.,0.));
#9388=DIRECTION('ref_axis',(-0.707106781186549,0.,0.707106781186546));
#9389=DIRECTION('',(0.,0.,1.));
#9390=DIRECTION('center_axis',(0.,-1.,0.));
#9391=DIRECTION('ref_axis',(0.707106781186548,0.,-0.707106781186547));
#9392=DIRECTION('',(1.,0.,0.));
#9393=DIRECTION('center_axis',(0.,-1.,0.));
#9394=DIRECTION('ref_axis',(-0.707106781186549,0.,-0.707106781186546));
#9395=DIRECTION('',(0.,0.,-1.));
#9396=DIRECTION('center_axis',(0.,1.,0.));
#9397=DIRECTION('ref_axis',(0.707106781186549,0.,0.707106781186546));
#9398=DIRECTION('',(1.,0.,-5.07530525542928E-16));
#9399=DIRECTION('center_axis',(0.,1.,0.));
#9400=DIRECTION('ref_axis',(-0.707106781186546,0.,0.707106781186549));
#9401=DIRECTION('',(1.36642833800019E-16,0.,1.));
#9402=DIRECTION('center_axis',(0.,1.,0.));
#9403=DIRECTION('ref_axis',(-0.707106781186546,0.,-0.707106781186549));
#9404=DIRECTION('',(-1.,0.,1.57199720300907E-16));
#9405=DIRECTION('center_axis',(0.,1.,0.));
#9406=DIRECTION('ref_axis',(0.707106781186546,0.,-0.707106781186549));
#9407=DIRECTION('',(0.,0.,-1.));
#9408=DIRECTION('center_axis',(0.,1.,0.));
#9409=DIRECTION('ref_axis',(0.707106781186551,0.,0.707106781186544));
#9410=DIRECTION('',(1.,0.,0.));
#9411=DIRECTION('center_axis',(0.,-1.,0.));
#9412=DIRECTION('ref_axis',(-0.707106781186549,0.,-0.707106781186546));
#9413=DIRECTION('center_axis',(0.,-1.,0.));
#9414=DIRECTION('ref_axis',(1.,0.,0.));
#9415=DIRECTION('center_axis',(0.,-1.,0.));
#9416=DIRECTION('ref_axis',(1.,0.,0.));
#9417=DIRECTION('center_axis',(0.,-1.,0.));
#9418=DIRECTION('ref_axis',(1.,0.,0.));
#9419=DIRECTION('center_axis',(0.,-1.,0.));
#9420=DIRECTION('ref_axis',(1.,0.,0.));
#9421=DIRECTION('center_axis',(0.,1.,0.));
#9422=DIRECTION('ref_axis',(0.707106781186551,0.,0.707106781186544));
#9423=DIRECTION('center_axis',(0.,-1.,0.));
#9424=DIRECTION('ref_axis',(0.707106781186551,0.,0.707106781186544));
#9425=DIRECTION('',(0.,-1.,0.));
#9426=DIRECTION('',(0.,1.,0.));
#9427=DIRECTION('center_axis',(0.,0.,1.));
#9428=DIRECTION('ref_axis',(1.,0.,0.));
#9429=DIRECTION('',(1.,0.,0.));
#9430=DIRECTION('',(0.,1.,0.));
#9431=DIRECTION('center_axis',(0.,1.,0.));
#9432=DIRECTION('ref_axis',(-0.707106781186549,0.,-0.707106781186546));
#9433=DIRECTION('center_axis',(0.,1.,0.));
#9434=DIRECTION('ref_axis',(-0.707106781186549,0.,-0.707106781186546));
#9435=DIRECTION('center_axis',(0.,1.,0.));
#9436=DIRECTION('ref_axis',(0.707106781186549,0.,0.707106781186546));
#9437=DIRECTION('center_axis',(0.,-1.,0.));
#9438=DIRECTION('ref_axis',(0.707106781186549,0.,0.707106781186546));
#9439=DIRECTION('',(0.,-1.,0.));
#9440=DIRECTION('',(0.,1.,0.));
#9441=DIRECTION('center_axis',(1.,0.,0.));
#9442=DIRECTION('ref_axis',(0.,0.,-1.));
#9443=DIRECTION('',(0.,-1.,0.));
#9444=DIRECTION('',(0.,0.,-1.));
#9445=DIRECTION('center_axis',(0.,1.,0.));
#9446=DIRECTION('ref_axis',(-0.707106781186549,0.,-0.707106781186546));
#9447=DIRECTION('',(0.,1.,0.));
#9448=DIRECTION('center_axis',(0.,1.,0.));
#9449=DIRECTION('ref_axis',(-0.707106781186549,0.,-0.707106781186546));
#9450=DIRECTION('center_axis',(0.,0.,1.));
#9451=DIRECTION('ref_axis',(1.,0.,0.));
#9452=DIRECTION('',(0.,-1.,0.));
#9453=DIRECTION('',(1.,0.,0.));
#9454=DIRECTION('center_axis',(0.,1.,0.));
#9455=DIRECTION('ref_axis',(0.707106781186548,0.,-0.707106781186547));
#9456=DIRECTION('',(0.,1.,0.));
#9457=DIRECTION('center_axis',(0.,1.,0.));
#9458=DIRECTION('ref_axis',(0.707106781186548,0.,-0.707106781186547));
#9459=DIRECTION('center_axis',(-1.,0.,0.));
#9460=DIRECTION('ref_axis',(0.,0.,1.));
#9461=DIRECTION('',(0.,-1.,0.));
#9462=DIRECTION('',(0.,0.,1.));
#9463=DIRECTION('center_axis',(0.,1.,0.));
#9464=DIRECTION('ref_axis',(-0.707106781186549,0.,0.707106781186546));
#9465=DIRECTION('center_axis',(0.,-1.,0.));
#9466=DIRECTION('ref_axis',(-0.707106781186549,0.,0.707106781186546));
#9467=DIRECTION('',(0.,1.,0.));
#9468=DIRECTION('center_axis',(0.,0.,1.));
#9469=DIRECTION('ref_axis',(1.,0.,0.));
#9470=DIRECTION('',(0.,-1.,0.));
#9471=DIRECTION('',(1.,0.,0.));
#9472=DIRECTION('center_axis',(0.,1.,0.));
#9473=DIRECTION('ref_axis',(-0.707106781186546,0.,-0.707106781186549));
#9474=DIRECTION('center_axis',(0.,-1.,0.));
#9475=DIRECTION('ref_axis',(-0.707106781186546,0.,-0.707106781186549));
#9476=DIRECTION('',(0.,-1.,0.));
#9477=DIRECTION('',(0.,1.,0.));
#9478=DIRECTION('center_axis',(-1.57199720300907E-16,0.,-1.));
#9479=DIRECTION('ref_axis',(-1.,0.,1.57199720300907E-16));
#9480=DIRECTION('',(-1.,0.,1.57199720300907E-16));
#9481=DIRECTION('',(0.,1.,0.));
#9482=DIRECTION('center_axis',(0.,1.,0.));
#9483=DIRECTION('ref_axis',(0.707106781186546,0.,-0.707106781186549));
#9484=DIRECTION('center_axis',(0.,-1.,0.));
#9485=DIRECTION('ref_axis',(0.707106781186546,0.,-0.707106781186549));
#9486=DIRECTION('',(0.,-1.,0.));
#9487=DIRECTION('center_axis',(0.,1.,0.));
#9488=DIRECTION('ref_axis',(-0.707106781186546,0.,0.707106781186549));
#9489=DIRECTION('center_axis',(0.,-1.,0.));
#9490=DIRECTION('ref_axis',(-0.707106781186546,0.,0.707106781186549));
#9491=DIRECTION('',(0.,-1.,0.));
#9492=DIRECTION('',(0.,1.,0.));
#9493=DIRECTION('center_axis',(5.07530525542928E-16,0.,1.));
#9494=DIRECTION('ref_axis',(1.,0.,-5.07530525542928E-16));
#9495=DIRECTION('',(1.,0.,-5.07530525542928E-16));
#9496=DIRECTION('center_axis',(0.,1.,0.));
#9497=DIRECTION('ref_axis',(0.707106781186546,0.,0.707106781186549));
#9498=DIRECTION('center_axis',(0.,-1.,0.));
#9499=DIRECTION('ref_axis',(0.707106781186546,0.,0.707106781186549));
#9500=DIRECTION('',(0.,1.,0.));
#9501=DIRECTION('center_axis',(0.,1.,0.));
#9502=DIRECTION('ref_axis',(1.,0.,0.));
#9503=DIRECTION('',(0.,-1.,0.));
#9504=DIRECTION('center_axis',(0.,1.,0.));
#9505=DIRECTION('ref_axis',(1.,0.,0.));
#9506=DIRECTION('center_axis',(0.,-1.,0.));
#9507=DIRECTION('ref_axis',(1.,0.,0.));
#9508=DIRECTION('',(0.,-1.,0.));
#9509=DIRECTION('center_axis',(0.,1.,0.));
#9510=DIRECTION('ref_axis',(1.,0.,0.));
#9511=DIRECTION('center_axis',(0.,-1.,0.));
#9512=DIRECTION('ref_axis',(1.,0.,0.));
#9513=DIRECTION('',(0.,-1.,0.));
#9514=DIRECTION('center_axis',(0.,1.,0.));
#9515=DIRECTION('ref_axis',(1.,0.,0.));
#9516=DIRECTION('center_axis',(0.,-1.,0.));
#9517=DIRECTION('ref_axis',(1.,0.,0.));
#9518=DIRECTION('',(0.,-1.,0.));
#9519=DIRECTION('center_axis',(0.,1.,0.));
#9520=DIRECTION('ref_axis',(1.,0.,0.));
#9521=DIRECTION('center_axis',(0.,-1.,0.));
#9522=DIRECTION('ref_axis',(1.,0.,0.));
#9523=DIRECTION('',(0.,-1.,0.));
#9524=DIRECTION('center_axis',(0.,1.,0.));
#9525=DIRECTION('ref_axis',(1.,0.,0.));
#9526=DIRECTION('',(0.,-1.,0.));
#9527=DIRECTION('center_axis',(0.,1.,0.));
#9528=DIRECTION('ref_axis',(1.,0.,0.));
#9529=DIRECTION('',(0.,-1.,0.));
#9530=DIRECTION('center_axis',(0.,1.,0.));
#9531=DIRECTION('ref_axis',(1.,0.,0.));
#9532=DIRECTION('',(0.,-1.,0.));
#9533=DIRECTION('center_axis',(-1.,0.,1.36642833800019E-16));
#9534=DIRECTION('ref_axis',(1.36642833800019E-16,0.,1.));
#9535=DIRECTION('',(1.36642833800019E-16,0.,1.));
#9536=DIRECTION('center_axis',(1.,0.,0.));
#9537=DIRECTION('ref_axis',(0.,0.,-1.));
#9538=DIRECTION('',(0.,0.,-1.));
#9539=DIRECTION('center_axis',(1.,0.,-1.86984930463184E-16));
#9540=DIRECTION('ref_axis',(-1.86984930463184E-16,0.,-1.));
#9541=DIRECTION('',(-1.86984930463184E-16,0.,-1.));
#9542=DIRECTION('center_axis',(0.,1.,0.));
#9543=DIRECTION('ref_axis',(0.,0.,1.));
#9544=DIRECTION('center_axis',(1.75876914792104E-16,0.,1.));
#9545=DIRECTION('ref_axis',(-1.,0.,1.75876914792104E-16));
#9546=DIRECTION('',(1.,0.,-1.75876914792104E-16));
#9547=DIRECTION('',(0.,-1.,0.));
#9548=DIRECTION('',(-1.,0.,1.75876914792104E-16));
#9549=DIRECTION('',(0.,-1.,0.));
#9550=DIRECTION('center_axis',(1.,0.,-3.74940727530434E-15));
#9551=DIRECTION('ref_axis',(3.74940727530434E-15,0.,1.));
#9552=DIRECTION('',(-3.74940727530434E-15,0.,-1.));
#9553=DIRECTION('',(3.74940727530434E-15,0.,1.));
#9554=DIRECTION('',(0.,-1.,0.));
#9555=DIRECTION('center_axis',(-1.75876914792104E-16,0.,-1.));
#9556=DIRECTION('ref_axis',(1.,0.,-1.75876914792104E-16));
#9557=DIRECTION('',(-1.,0.,1.75876914792104E-16));
#9558=DIRECTION('',(1.,0.,-1.75876914792104E-16));
#9559=DIRECTION('',(0.,-1.,0.));
#9560=DIRECTION('center_axis',(-1.,0.,3.70990367139589E-17));
#9561=DIRECTION('ref_axis',(-3.70990367139589E-17,0.,-1.));
#9562=DIRECTION('',(3.70990367139589E-17,0.,1.));
#9563=DIRECTION('',(-3.70990367139589E-17,0.,-1.));
#9564=DIRECTION('center_axis',(1.75876914792104E-16,0.,1.));
#9565=DIRECTION('ref_axis',(-1.,0.,1.75876914792104E-16));
#9566=DIRECTION('',(1.,0.,-1.75876914792104E-16));
#9567=DIRECTION('',(0.,-1.,0.));
#9568=DIRECTION('',(-1.,0.,1.75876914792104E-16));
#9569=DIRECTION('',(0.,-1.,0.));
#9570=DIRECTION('center_axis',(1.,0.,-3.74940727530434E-15));
#9571=DIRECTION('ref_axis',(3.74940727530434E-15,0.,1.));
#9572=DIRECTION('',(-3.74940727530434E-15,0.,-1.));
#9573=DIRECTION('',(3.74940727530434E-15,0.,1.));
#9574=DIRECTION('',(0.,-1.,0.));
#9575=DIRECTION('center_axis',(-1.75876914792104E-16,0.,-1.));
#9576=DIRECTION('ref_axis',(1.,0.,-1.75876914792104E-16));
#9577=DIRECTION('',(-1.,0.,1.75876914792104E-16));
#9578=DIRECTION('',(1.,0.,-1.75876914792104E-16));
#9579=DIRECTION('',(0.,-1.,0.));
#9580=DIRECTION('center_axis',(-1.,0.,3.70990367139589E-17));
#9581=DIRECTION('ref_axis',(-3.70990367139589E-17,0.,-1.));
#9582=DIRECTION('',(3.70990367139589E-17,0.,1.));
#9583=DIRECTION('',(-3.70990367139589E-17,0.,-1.));
#9584=DIRECTION('center_axis',(1.75876914792104E-16,0.,1.));
#9585=DIRECTION('ref_axis',(-1.,0.,1.75876914792104E-16));
#9586=DIRECTION('',(1.,0.,-1.75876914792104E-16));
#9587=DIRECTION('',(0.,-1.,0.));
#9588=DIRECTION('',(-1.,0.,1.75876914792104E-16));
#9589=DIRECTION('',(0.,-1.,0.));
#9590=DIRECTION('center_axis',(1.,0.,-3.74940727530434E-15));
#9591=DIRECTION('ref_axis',(3.74940727530434E-15,0.,1.));
#9592=DIRECTION('',(-3.74940727530434E-15,0.,-1.));
#9593=DIRECTION('',(3.74940727530434E-15,0.,1.));
#9594=DIRECTION('',(0.,-1.,0.));
#9595=DIRECTION('center_axis',(-1.75876914792104E-16,0.,-1.));
#9596=DIRECTION('ref_axis',(1.,0.,-1.75876914792104E-16));
#9597=DIRECTION('',(-1.,0.,1.75876914792104E-16));
#9598=DIRECTION('',(1.,0.,-1.75876914792104E-16));
#9599=DIRECTION('',(0.,-1.,0.));
#9600=DIRECTION('center_axis',(-1.,0.,3.70990367139589E-17));
#9601=DIRECTION('ref_axis',(-3.70990367139589E-17,0.,-1.));
#9602=DIRECTION('',(3.70990367139589E-17,0.,1.));
#9603=DIRECTION('',(-3.70990367139589E-17,0.,-1.));
#9604=DIRECTION('center_axis',(1.75876914792104E-16,0.,1.));
#9605=DIRECTION('ref_axis',(-1.,0.,1.75876914792104E-16));
#9606=DIRECTION('',(1.,0.,-1.75876914792104E-16));
#9607=DIRECTION('',(0.,-1.,0.));
#9608=DIRECTION('',(-1.,0.,1.75876914792104E-16));
#9609=DIRECTION('',(0.,-1.,0.));
#9610=DIRECTION('center_axis',(1.,0.,-3.74940727530434E-15));
#9611=DIRECTION('ref_axis',(3.74940727530434E-15,0.,1.));
#9612=DIRECTION('',(-3.74940727530434E-15,0.,-1.));
#9613=DIRECTION('',(3.74940727530434E-15,0.,1.));
#9614=DIRECTION('',(0.,-1.,0.));
#9615=DIRECTION('center_axis',(-1.75876914792104E-16,0.,-1.));
#9616=DIRECTION('ref_axis',(1.,0.,-1.75876914792104E-16));
#9617=DIRECTION('',(-1.,0.,1.75876914792104E-16));
#9618=DIRECTION('',(1.,0.,-1.75876914792104E-16));
#9619=DIRECTION('',(0.,-1.,0.));
#9620=DIRECTION('center_axis',(-1.,0.,3.70990367139589E-17));
#9621=DIRECTION('ref_axis',(-3.70990367139589E-17,0.,-1.));
#9622=DIRECTION('',(3.70990367139589E-17,0.,1.));
#9623=DIRECTION('',(-3.70990367139589E-17,0.,-1.));
#9624=DIRECTION('center_axis',(1.75876914792104E-16,0.,1.));
#9625=DIRECTION('ref_axis',(-1.,0.,1.75876914792104E-16));
#9626=DIRECTION('',(1.,0.,-1.75876914792104E-16));
#9627=DIRECTION('',(0.,-1.,0.));
#9628=DIRECTION('',(-1.,0.,1.75876914792104E-16));
#9629=DIRECTION('',(0.,-1.,0.));
#9630=DIRECTION('center_axis',(1.,0.,-3.74940727530434E-15));
#9631=DIRECTION('ref_axis',(3.74940727530434E-15,0.,1.));
#9632=DIRECTION('',(-3.74940727530434E-15,0.,-1.));
#9633=DIRECTION('',(3.74940727530434E-15,0.,1.));
#9634=DIRECTION('',(0.,-1.,0.));
#9635=DIRECTION('center_axis',(-1.75876914792104E-16,0.,-1.));
#9636=DIRECTION('ref_axis',(1.,0.,-1.75876914792104E-16));
#9637=DIRECTION('',(-1.,0.,1.75876914792104E-16));
#9638=DIRECTION('',(1.,0.,-1.75876914792104E-16));
#9639=DIRECTION('',(0.,-1.,0.));
#9640=DIRECTION('center_axis',(-1.,0.,3.70990367139589E-17));
#9641=DIRECTION('ref_axis',(-3.70990367139589E-17,0.,-1.));
#9642=DIRECTION('',(3.70990367139589E-17,0.,1.));
#9643=DIRECTION('',(-3.70990367139589E-17,0.,-1.));
#9644=DIRECTION('center_axis',(1.75876914792104E-16,0.,1.));
#9645=DIRECTION('ref_axis',(-1.,0.,1.75876914792104E-16));
#9646=DIRECTION('',(1.,0.,-1.75876914792104E-16));
#9647=DIRECTION('',(0.,-1.,0.));
#9648=DIRECTION('',(-1.,0.,1.75876914792104E-16));
#9649=DIRECTION('',(0.,-1.,0.));
#9650=DIRECTION('center_axis',(1.,0.,-3.74940727530434E-15));
#9651=DIRECTION('ref_axis',(3.74940727530434E-15,0.,1.));
#9652=DIRECTION('',(-3.74940727530434E-15,0.,-1.));
#9653=DIRECTION('',(3.74940727530434E-15,0.,1.));
#9654=DIRECTION('',(0.,-1.,0.));
#9655=DIRECTION('center_axis',(-1.75876914792104E-16,0.,-1.));
#9656=DIRECTION('ref_axis',(1.,0.,-1.75876914792104E-16));
#9657=DIRECTION('',(-1.,0.,1.75876914792104E-16));
#9658=DIRECTION('',(1.,0.,-1.75876914792104E-16));
#9659=DIRECTION('',(0.,-1.,0.));
#9660=DIRECTION('center_axis',(-1.,0.,3.70990367139589E-17));
#9661=DIRECTION('ref_axis',(-3.70990367139589E-17,0.,-1.));
#9662=DIRECTION('',(3.70990367139589E-17,0.,1.));
#9663=DIRECTION('',(-3.70990367139589E-17,0.,-1.));
#9664=DIRECTION('center_axis',(1.75876914792104E-16,0.,1.));
#9665=DIRECTION('ref_axis',(-1.,0.,1.75876914792104E-16));
#9666=DIRECTION('',(1.,0.,-1.75876914792104E-16));
#9667=DIRECTION('',(0.,-1.,0.));
#9668=DIRECTION('',(-1.,0.,1.75876914792104E-16));
#9669=DIRECTION('',(0.,-1.,0.));
#9670=DIRECTION('center_axis',(1.,0.,-3.74940727530434E-15));
#9671=DIRECTION('ref_axis',(3.74940727530434E-15,0.,1.));
#9672=DIRECTION('',(-3.74940727530434E-15,0.,-1.));
#9673=DIRECTION('',(3.74940727530434E-15,0.,1.));
#9674=DIRECTION('',(0.,-1.,0.));
#9675=DIRECTION('center_axis',(-1.75876914792104E-16,0.,-1.));
#9676=DIRECTION('ref_axis',(1.,0.,-1.75876914792104E-16));
#9677=DIRECTION('',(-1.,0.,1.75876914792104E-16));
#9678=DIRECTION('',(1.,0.,-1.75876914792104E-16));
#9679=DIRECTION('',(0.,-1.,0.));
#9680=DIRECTION('center_axis',(-1.,0.,3.70990367139589E-17));
#9681=DIRECTION('ref_axis',(-3.70990367139589E-17,0.,-1.));
#9682=DIRECTION('',(3.70990367139589E-17,0.,1.));
#9683=DIRECTION('',(-3.70990367139589E-17,0.,-1.));
#9684=DIRECTION('center_axis',(1.75876914792104E-16,0.,1.));
#9685=DIRECTION('ref_axis',(-1.,0.,1.75876914792104E-16));
#9686=DIRECTION('',(1.,0.,-1.75876914792104E-16));
#9687=DIRECTION('',(0.,-1.,0.));
#9688=DIRECTION('',(-1.,0.,1.75876914792104E-16));
#9689=DIRECTION('',(0.,-1.,0.));
#9690=DIRECTION('center_axis',(1.,0.,-3.74940727530434E-15));
#9691=DIRECTION('ref_axis',(3.74940727530434E-15,0.,1.));
#9692=DIRECTION('',(-3.74940727530434E-15,0.,-1.));
#9693=DIRECTION('',(3.74940727530434E-15,0.,1.));
#9694=DIRECTION('',(0.,-1.,0.));
#9695=DIRECTION('center_axis',(-1.75876914792104E-16,0.,-1.));
#9696=DIRECTION('ref_axis',(1.,0.,-1.75876914792104E-16));
#9697=DIRECTION('',(-1.,0.,1.75876914792104E-16));
#9698=DIRECTION('',(1.,0.,-1.75876914792104E-16));
#9699=DIRECTION('',(0.,-1.,0.));
#9700=DIRECTION('center_axis',(-1.,0.,3.70990367139589E-17));
#9701=DIRECTION('ref_axis',(-3.70990367139589E-17,0.,-1.));
#9702=DIRECTION('',(3.70990367139589E-17,0.,1.));
#9703=DIRECTION('',(-3.70990367139589E-17,0.,-1.));
#9704=DIRECTION('center_axis',(1.75876914792104E-16,0.,1.));
#9705=DIRECTION('ref_axis',(-1.,0.,1.75876914792104E-16));
#9706=DIRECTION('',(1.,0.,-1.75876914792104E-16));
#9707=DIRECTION('',(0.,-1.,0.));
#9708=DIRECTION('',(-1.,0.,1.75876914792104E-16));
#9709=DIRECTION('',(0.,-1.,0.));
#9710=DIRECTION('center_axis',(1.,0.,-3.74940727530434E-15));
#9711=DIRECTION('ref_axis',(3.74940727530434E-15,0.,1.));
#9712=DIRECTION('',(-3.74940727530434E-15,0.,-1.));
#9713=DIRECTION('',(3.74940727530434E-15,0.,1.));
#9714=DIRECTION('',(0.,-1.,0.));
#9715=DIRECTION('center_axis',(-1.75876914792104E-16,0.,-1.));
#9716=DIRECTION('ref_axis',(1.,0.,-1.75876914792104E-16));
#9717=DIRECTION('',(-1.,0.,1.75876914792104E-16));
#9718=DIRECTION('',(1.,0.,-1.75876914792104E-16));
#9719=DIRECTION('',(0.,-1.,0.));
#9720=DIRECTION('center_axis',(-1.,0.,3.70990367139589E-17));
#9721=DIRECTION('ref_axis',(-3.70990367139589E-17,0.,-1.));
#9722=DIRECTION('',(3.70990367139589E-17,0.,1.));
#9723=DIRECTION('',(-3.70990367139589E-17,0.,-1.));
#9724=DIRECTION('center_axis',(1.75876914792104E-16,0.,1.));
#9725=DIRECTION('ref_axis',(-1.,0.,1.75876914792104E-16));
#9726=DIRECTION('',(1.,0.,-1.75876914792104E-16));
#9727=DIRECTION('',(0.,-1.,0.));
#9728=DIRECTION('',(-1.,0.,1.75876914792104E-16));
#9729=DIRECTION('',(0.,-1.,0.));
#9730=DIRECTION('center_axis',(1.,0.,-3.74940727530434E-15));
#9731=DIRECTION('ref_axis',(3.74940727530434E-15,0.,1.));
#9732=DIRECTION('',(-3.74940727530434E-15,0.,-1.));
#9733=DIRECTION('',(3.74940727530434E-15,0.,1.));
#9734=DIRECTION('',(0.,-1.,0.));
#9735=DIRECTION('center_axis',(-1.75876914792104E-16,0.,-1.));
#9736=DIRECTION('ref_axis',(1.,0.,-1.75876914792104E-16));
#9737=DIRECTION('',(-1.,0.,1.75876914792104E-16));
#9738=DIRECTION('',(1.,0.,-1.75876914792104E-16));
#9739=DIRECTION('',(0.,-1.,0.));
#9740=DIRECTION('center_axis',(-1.,0.,3.70990367139589E-17));
#9741=DIRECTION('ref_axis',(-3.70990367139589E-17,0.,-1.));
#9742=DIRECTION('',(3.70990367139589E-17,0.,1.));
#9743=DIRECTION('',(-3.70990367139589E-17,0.,-1.));
#9744=DIRECTION('center_axis',(1.75876914792104E-16,0.,1.));
#9745=DIRECTION('ref_axis',(-1.,0.,1.75876914792104E-16));
#9746=DIRECTION('',(1.,0.,-1.75876914792104E-16));
#9747=DIRECTION('',(0.,-1.,0.));
#9748=DIRECTION('',(-1.,0.,1.75876914792104E-16));
#9749=DIRECTION('',(0.,-1.,0.));
#9750=DIRECTION('center_axis',(1.,0.,-3.74940727530434E-15));
#9751=DIRECTION('ref_axis',(3.74940727530434E-15,0.,1.));
#9752=DIRECTION('',(-3.74940727530434E-15,0.,-1.));
#9753=DIRECTION('',(3.74940727530434E-15,0.,1.));
#9754=DIRECTION('',(0.,-1.,0.));
#9755=DIRECTION('center_axis',(-1.75876914792104E-16,0.,-1.));
#9756=DIRECTION('ref_axis',(1.,0.,-1.75876914792104E-16));
#9757=DIRECTION('',(-1.,0.,1.75876914792104E-16));
#9758=DIRECTION('',(1.,0.,-1.75876914792104E-16));
#9759=DIRECTION('',(0.,-1.,0.));
#9760=DIRECTION('center_axis',(-1.,0.,3.70990367139589E-17));
#9761=DIRECTION('ref_axis',(-3.70990367139589E-17,0.,-1.));
#9762=DIRECTION('',(3.70990367139589E-17,0.,1.));
#9763=DIRECTION('',(-3.70990367139589E-17,0.,-1.));
#9764=DIRECTION('center_axis',(1.75876914792104E-16,0.,1.));
#9765=DIRECTION('ref_axis',(-1.,0.,1.75876914792104E-16));
#9766=DIRECTION('',(1.,0.,-1.75876914792104E-16));
#9767=DIRECTION('',(0.,-1.,0.));
#9768=DIRECTION('',(-1.,0.,1.75876914792104E-16));
#9769=DIRECTION('',(0.,-1.,0.));
#9770=DIRECTION('center_axis',(1.,0.,-3.74940727530434E-15));
#9771=DIRECTION('ref_axis',(3.74940727530434E-15,0.,1.));
#9772=DIRECTION('',(-3.74940727530434E-15,0.,-1.));
#9773=DIRECTION('',(3.74940727530434E-15,0.,1.));
#9774=DIRECTION('',(0.,-1.,0.));
#9775=DIRECTION('center_axis',(-1.75876914792104E-16,0.,-1.));
#9776=DIRECTION('ref_axis',(1.,0.,-1.75876914792104E-16));
#9777=DIRECTION('',(-1.,0.,1.75876914792104E-16));
#9778=DIRECTION('',(1.,0.,-1.75876914792104E-16));
#9779=DIRECTION('',(0.,-1.,0.));
#9780=DIRECTION('center_axis',(-1.,0.,3.70990367139589E-17));
#9781=DIRECTION('ref_axis',(-3.70990367139589E-17,0.,-1.));
#9782=DIRECTION('',(3.70990367139589E-17,0.,1.));
#9783=DIRECTION('',(-3.70990367139589E-17,0.,-1.));
#9784=DIRECTION('center_axis',(1.75876914792104E-16,0.,1.));
#9785=DIRECTION('ref_axis',(-1.,0.,1.75876914792104E-16));
#9786=DIRECTION('',(1.,0.,-1.75876914792104E-16));
#9787=DIRECTION('',(0.,-1.,0.));
#9788=DIRECTION('',(-1.,0.,1.75876914792104E-16));
#9789=DIRECTION('',(0.,-1.,0.));
#9790=DIRECTION('center_axis',(1.,0.,-3.74940727530434E-15));
#9791=DIRECTION('ref_axis',(3.74940727530434E-15,0.,1.));
#9792=DIRECTION('',(-3.74940727530434E-15,0.,-1.));
#9793=DIRECTION('',(3.74940727530434E-15,0.,1.));
#9794=DIRECTION('',(0.,-1.,0.));
#9795=DIRECTION('center_axis',(-1.75876914792104E-16,0.,-1.));
#9796=DIRECTION('ref_axis',(1.,0.,-1.75876914792104E-16));
#9797=DIRECTION('',(-1.,0.,1.75876914792104E-16));
#9798=DIRECTION('',(1.,0.,-1.75876914792104E-16));
#9799=DIRECTION('',(0.,-1.,0.));
#9800=DIRECTION('center_axis',(-1.,0.,3.70990367139589E-17));
#9801=DIRECTION('ref_axis',(-3.70990367139589E-17,0.,-1.));
#9802=DIRECTION('',(3.70990367139589E-17,0.,1.));
#9803=DIRECTION('',(-3.70990367139589E-17,0.,-1.));
#9804=DIRECTION('center_axis',(1.75876914792104E-16,0.,1.));
#9805=DIRECTION('ref_axis',(-1.,0.,1.75876914792104E-16));
#9806=DIRECTION('',(1.,0.,-1.75876914792104E-16));
#9807=DIRECTION('',(0.,-1.,0.));
#9808=DIRECTION('',(-1.,0.,1.75876914792104E-16));
#9809=DIRECTION('',(0.,-1.,0.));
#9810=DIRECTION('center_axis',(1.,0.,-3.74940727530434E-15));
#9811=DIRECTION('ref_axis',(3.74940727530434E-15,0.,1.));
#9812=DIRECTION('',(-3.74940727530434E-15,0.,-1.));
#9813=DIRECTION('',(3.74940727530434E-15,0.,1.));
#9814=DIRECTION('',(0.,-1.,0.));
#9815=DIRECTION('center_axis',(-1.75876914792104E-16,0.,-1.));
#9816=DIRECTION('ref_axis',(1.,0.,-1.75876914792104E-16));
#9817=DIRECTION('',(-1.,0.,1.75876914792104E-16));
#9818=DIRECTION('',(1.,0.,-1.75876914792104E-16));
#9819=DIRECTION('',(0.,-1.,0.));
#9820=DIRECTION('center_axis',(-1.,0.,3.70990367139589E-17));
#9821=DIRECTION('ref_axis',(-3.70990367139589E-17,0.,-1.));
#9822=DIRECTION('',(3.70990367139589E-17,0.,1.));
#9823=DIRECTION('',(-3.70990367139589E-17,0.,-1.));
#9824=DIRECTION('center_axis',(1.75876914792104E-16,0.,1.));
#9825=DIRECTION('ref_axis',(-1.,0.,1.75876914792104E-16));
#9826=DIRECTION('',(1.,0.,-1.75876914792104E-16));
#9827=DIRECTION('',(0.,-1.,0.));
#9828=DIRECTION('',(-1.,0.,1.75876914792104E-16));
#9829=DIRECTION('',(0.,-1.,0.));
#9830=DIRECTION('center_axis',(1.,0.,-3.74940727530434E-15));
#9831=DIRECTION('ref_axis',(3.74940727530434E-15,0.,1.));
#9832=DIRECTION('',(-3.74940727530434E-15,0.,-1.));
#9833=DIRECTION('',(3.74940727530434E-15,0.,1.));
#9834=DIRECTION('',(0.,-1.,0.));
#9835=DIRECTION('center_axis',(-1.75876914792104E-16,0.,-1.));
#9836=DIRECTION('ref_axis',(1.,0.,-1.75876914792104E-16));
#9837=DIRECTION('',(-1.,0.,1.75876914792104E-16));
#9838=DIRECTION('',(1.,0.,-1.75876914792104E-16));
#9839=DIRECTION('',(0.,-1.,0.));
#9840=DIRECTION('center_axis',(-1.,0.,3.70990367139589E-17));
#9841=DIRECTION('ref_axis',(-3.70990367139589E-17,0.,-1.));
#9842=DIRECTION('',(3.70990367139589E-17,0.,1.));
#9843=DIRECTION('',(-3.70990367139589E-17,0.,-1.));
#9844=DIRECTION('center_axis',(1.75876914792104E-16,0.,1.));
#9845=DIRECTION('ref_axis',(-1.,0.,1.75876914792104E-16));
#9846=DIRECTION('',(1.,0.,-1.75876914792104E-16));
#9847=DIRECTION('',(0.,-1.,0.));
#9848=DIRECTION('',(-1.,0.,1.75876914792104E-16));
#9849=DIRECTION('',(0.,-1.,0.));
#9850=DIRECTION('center_axis',(1.,0.,-3.74940727530434E-15));
#9851=DIRECTION('ref_axis',(3.74940727530434E-15,0.,1.));
#9852=DIRECTION('',(-3.74940727530434E-15,0.,-1.));
#9853=DIRECTION('',(3.74940727530434E-15,0.,1.));
#9854=DIRECTION('',(0.,-1.,0.));
#9855=DIRECTION('center_axis',(-1.75876914792104E-16,0.,-1.));
#9856=DIRECTION('ref_axis',(1.,0.,-1.75876914792104E-16));
#9857=DIRECTION('',(-1.,0.,1.75876914792104E-16));
#9858=DIRECTION('',(1.,0.,-1.75876914792104E-16));
#9859=DIRECTION('',(0.,-1.,0.));
#9860=DIRECTION('center_axis',(-1.,0.,3.70990367139589E-17));
#9861=DIRECTION('ref_axis',(-3.70990367139589E-17,0.,-1.));
#9862=DIRECTION('',(3.70990367139589E-17,0.,1.));
#9863=DIRECTION('',(-3.70990367139589E-17,0.,-1.));
#9864=DIRECTION('center_axis',(1.75876914792104E-16,0.,1.));
#9865=DIRECTION('ref_axis',(-1.,0.,1.75876914792104E-16));
#9866=DIRECTION('',(1.,0.,-1.75876914792104E-16));
#9867=DIRECTION('',(0.,-1.,0.));
#9868=DIRECTION('',(-1.,0.,1.75876914792104E-16));
#9869=DIRECTION('',(0.,-1.,0.));
#9870=DIRECTION('center_axis',(1.,0.,-3.74940727530434E-15));
#9871=DIRECTION('ref_axis',(3.74940727530434E-15,0.,1.));
#9872=DIRECTION('',(-3.74940727530434E-15,0.,-1.));
#9873=DIRECTION('',(3.74940727530434E-15,0.,1.));
#9874=DIRECTION('',(0.,-1.,0.));
#9875=DIRECTION('center_axis',(-1.75876914792104E-16,0.,-1.));
#9876=DIRECTION('ref_axis',(1.,0.,-1.75876914792104E-16));
#9877=DIRECTION('',(-1.,0.,1.75876914792104E-16));
#9878=DIRECTION('',(1.,0.,-1.75876914792104E-16));
#9879=DIRECTION('',(0.,-1.,0.));
#9880=DIRECTION('center_axis',(-1.,0.,3.70990367139589E-17));
#9881=DIRECTION('ref_axis',(-3.70990367139589E-17,0.,-1.));
#9882=DIRECTION('',(3.70990367139589E-17,0.,1.));
#9883=DIRECTION('',(-3.70990367139589E-17,0.,-1.));
#9884=DIRECTION('center_axis',(1.75876914792104E-16,0.,1.));
#9885=DIRECTION('ref_axis',(-1.,0.,1.75876914792104E-16));
#9886=DIRECTION('',(1.,0.,-1.75876914792104E-16));
#9887=DIRECTION('',(0.,-1.,0.));
#9888=DIRECTION('',(-1.,0.,1.75876914792104E-16));
#9889=DIRECTION('',(0.,-1.,0.));
#9890=DIRECTION('center_axis',(1.,0.,-3.74940727530434E-15));
#9891=DIRECTION('ref_axis',(3.74940727530434E-15,0.,1.));
#9892=DIRECTION('',(-3.74940727530434E-15,0.,-1.));
#9893=DIRECTION('',(3.74940727530434E-15,0.,1.));
#9894=DIRECTION('',(0.,-1.,0.));
#9895=DIRECTION('center_axis',(-1.75876914792104E-16,0.,-1.));
#9896=DIRECTION('ref_axis',(1.,0.,-1.75876914792104E-16));
#9897=DIRECTION('',(-1.,0.,1.75876914792104E-16));
#9898=DIRECTION('',(1.,0.,-1.75876914792104E-16));
#9899=DIRECTION('',(0.,-1.,0.));
#9900=DIRECTION('center_axis',(-1.,0.,3.70990367139589E-17));
#9901=DIRECTION('ref_axis',(-3.70990367139589E-17,0.,-1.));
#9902=DIRECTION('',(3.70990367139589E-17,0.,1.));
#9903=DIRECTION('',(-3.70990367139589E-17,0.,-1.));
#9904=DIRECTION('center_axis',(1.75876914792104E-16,0.,1.));
#9905=DIRECTION('ref_axis',(-1.,0.,1.75876914792104E-16));
#9906=DIRECTION('',(1.,0.,-1.75876914792104E-16));
#9907=DIRECTION('',(0.,-1.,0.));
#9908=DIRECTION('',(-1.,0.,1.75876914792104E-16));
#9909=DIRECTION('',(0.,-1.,0.));
#9910=DIRECTION('center_axis',(1.,0.,-3.74940727530434E-15));
#9911=DIRECTION('ref_axis',(3.74940727530434E-15,0.,1.));
#9912=DIRECTION('',(-3.74940727530434E-15,0.,-1.));
#9913=DIRECTION('',(3.74940727530434E-15,0.,1.));
#9914=DIRECTION('',(0.,-1.,0.));
#9915=DIRECTION('center_axis',(-1.75876914792104E-16,0.,-1.));
#9916=DIRECTION('ref_axis',(1.,0.,-1.75876914792104E-16));
#9917=DIRECTION('',(-1.,0.,1.75876914792104E-16));
#9918=DIRECTION('',(1.,0.,-1.75876914792104E-16));
#9919=DIRECTION('',(0.,-1.,0.));
#9920=DIRECTION('center_axis',(-1.,0.,3.70990367139589E-17));
#9921=DIRECTION('ref_axis',(-3.70990367139589E-17,0.,-1.));
#9922=DIRECTION('',(3.70990367139589E-17,0.,1.));
#9923=DIRECTION('',(-3.70990367139589E-17,0.,-1.));
#9924=DIRECTION('center_axis',(1.75876914792104E-16,0.,1.));
#9925=DIRECTION('ref_axis',(-1.,0.,1.75876914792104E-16));
#9926=DIRECTION('',(1.,0.,-1.75876914792104E-16));
#9927=DIRECTION('',(0.,-1.,0.));
#9928=DIRECTION('',(-1.,0.,1.75876914792104E-16));
#9929=DIRECTION('',(0.,-1.,0.));
#9930=DIRECTION('center_axis',(1.,0.,-3.74940727530434E-15));
#9931=DIRECTION('ref_axis',(3.74940727530434E-15,0.,1.));
#9932=DIRECTION('',(-3.74940727530434E-15,0.,-1.));
#9933=DIRECTION('',(3.74940727530434E-15,0.,1.));
#9934=DIRECTION('',(0.,-1.,0.));
#9935=DIRECTION('center_axis',(-1.75876914792104E-16,0.,-1.));
#9936=DIRECTION('ref_axis',(1.,0.,-1.75876914792104E-16));
#9937=DIRECTION('',(-1.,0.,1.75876914792104E-16));
#9938=DIRECTION('',(1.,0.,-1.75876914792104E-16));
#9939=DIRECTION('',(0.,-1.,0.));
#9940=DIRECTION('center_axis',(-1.,0.,3.70990367139589E-17));
#9941=DIRECTION('ref_axis',(-3.70990367139589E-17,0.,-1.));
#9942=DIRECTION('',(3.70990367139589E-17,0.,1.));
#9943=DIRECTION('',(-3.70990367139589E-17,0.,-1.));
#9944=DIRECTION('center_axis',(1.75876914792104E-16,0.,1.));
#9945=DIRECTION('ref_axis',(-1.,0.,1.75876914792104E-16));
#9946=DIRECTION('',(1.,0.,-1.75876914792104E-16));
#9947=DIRECTION('',(0.,-1.,0.));
#9948=DIRECTION('',(-1.,0.,1.75876914792104E-16));
#9949=DIRECTION('',(0.,-1.,0.));
#9950=DIRECTION('center_axis',(1.,0.,-3.74940727530434E-15));
#9951=DIRECTION('ref_axis',(3.74940727530434E-15,0.,1.));
#9952=DIRECTION('',(-3.74940727530434E-15,0.,-1.));
#9953=DIRECTION('',(3.74940727530434E-15,0.,1.));
#9954=DIRECTION('',(0.,-1.,0.));
#9955=DIRECTION('center_axis',(-1.75876914792104E-16,0.,-1.));
#9956=DIRECTION('ref_axis',(1.,0.,-1.75876914792104E-16));
#9957=DIRECTION('',(-1.,0.,1.75876914792104E-16));
#9958=DIRECTION('',(1.,0.,-1.75876914792104E-16));
#9959=DIRECTION('',(0.,-1.,0.));
#9960=DIRECTION('center_axis',(-1.,0.,3.70990367139589E-17));
#9961=DIRECTION('ref_axis',(-3.70990367139589E-17,0.,-1.));
#9962=DIRECTION('',(3.70990367139589E-17,0.,1.));
#9963=DIRECTION('',(-3.70990367139589E-17,0.,-1.));
#9964=DIRECTION('center_axis',(1.75876914792104E-16,0.,1.));
#9965=DIRECTION('ref_axis',(-1.,0.,1.75876914792104E-16));
#9966=DIRECTION('',(1.,0.,-1.75876914792104E-16));
#9967=DIRECTION('',(0.,-1.,0.));
#9968=DIRECTION('',(-1.,0.,1.75876914792104E-16));
#9969=DIRECTION('',(0.,-1.,0.));
#9970=DIRECTION('center_axis',(1.,0.,-3.74940727530434E-15));
#9971=DIRECTION('ref_axis',(3.74940727530434E-15,0.,1.));
#9972=DIRECTION('',(-3.74940727530434E-15,0.,-1.));
#9973=DIRECTION('',(3.74940727530434E-15,0.,1.));
#9974=DIRECTION('',(0.,-1.,0.));
#9975=DIRECTION('center_axis',(-1.75876914792104E-16,0.,-1.));
#9976=DIRECTION('ref_axis',(1.,0.,-1.75876914792104E-16));
#9977=DIRECTION('',(-1.,0.,1.75876914792104E-16));
#9978=DIRECTION('',(1.,0.,-1.75876914792104E-16));
#9979=DIRECTION('',(0.,-1.,0.));
#9980=DIRECTION('center_axis',(-1.,0.,3.70990367139589E-17));
#9981=DIRECTION('ref_axis',(-3.70990367139589E-17,0.,-1.));
#9982=DIRECTION('',(3.70990367139589E-17,0.,1.));
#9983=DIRECTION('',(-3.70990367139589E-17,0.,-1.));
#9984=DIRECTION('center_axis',(1.75876914792104E-16,0.,1.));
#9985=DIRECTION('ref_axis',(-1.,0.,1.75876914792104E-16));
#9986=DIRECTION('',(1.,0.,-1.75876914792104E-16));
#9987=DIRECTION('',(0.,-1.,0.));
#9988=DIRECTION('',(-1.,0.,1.75876914792104E-16));
#9989=DIRECTION('',(0.,-1.,0.));
#9990=DIRECTION('center_axis',(1.,0.,-3.74940727530434E-15));
#9991=DIRECTION('ref_axis',(3.74940727530434E-15,0.,1.));
#9992=DIRECTION('',(-3.74940727530434E-15,0.,-1.));
#9993=DIRECTION('',(3.74940727530434E-15,0.,1.));
#9994=DIRECTION('',(0.,-1.,0.));
#9995=DIRECTION('center_axis',(-1.75876914792104E-16,0.,-1.));
#9996=DIRECTION('ref_axis',(1.,0.,-1.75876914792104E-16));
#9997=DIRECTION('',(-1.,0.,1.75876914792104E-16));
#9998=DIRECTION('',(1.,0.,-1.75876914792104E-16));
#9999=DIRECTION('',(0.,-1.,0.));
#10000=DIRECTION('center_axis',(-1.,0.,3.70990367139589E-17));
#10001=DIRECTION('ref_axis',(-3.70990367139589E-17,0.,-1.));
#10002=DIRECTION('',(3.70990367139589E-17,0.,1.));
#10003=DIRECTION('',(-3.70990367139589E-17,0.,-1.));
#10004=DIRECTION('center_axis',(1.75876914792104E-16,0.,1.));
#10005=DIRECTION('ref_axis',(-1.,0.,1.75876914792104E-16));
#10006=DIRECTION('',(1.,0.,-1.75876914792104E-16));
#10007=DIRECTION('',(0.,-1.,0.));
#10008=DIRECTION('',(-1.,0.,1.75876914792104E-16));
#10009=DIRECTION('',(0.,-1.,0.));
#10010=DIRECTION('center_axis',(1.,0.,-3.74940727530434E-15));
#10011=DIRECTION('ref_axis',(3.74940727530434E-15,0.,1.));
#10012=DIRECTION('',(-3.74940727530434E-15,0.,-1.));
#10013=DIRECTION('',(3.74940727530434E-15,0.,1.));
#10014=DIRECTION('',(0.,-1.,0.));
#10015=DIRECTION('center_axis',(-1.75876914792104E-16,0.,-1.));
#10016=DIRECTION('ref_axis',(1.,0.,-1.75876914792104E-16));
#10017=DIRECTION('',(-1.,0.,1.75876914792104E-16));
#10018=DIRECTION('',(1.,0.,-1.75876914792104E-16));
#10019=DIRECTION('',(0.,-1.,0.));
#10020=DIRECTION('center_axis',(-1.,0.,3.70990367139589E-17));
#10021=DIRECTION('ref_axis',(-3.70990367139589E-17,0.,-1.));
#10022=DIRECTION('',(3.70990367139589E-17,0.,1.));
#10023=DIRECTION('',(-3.70990367139589E-17,0.,-1.));
#10024=DIRECTION('center_axis',(1.75876914792104E-16,0.,1.));
#10025=DIRECTION('ref_axis',(-1.,0.,1.75876914792104E-16));
#10026=DIRECTION('',(1.,0.,-1.75876914792104E-16));
#10027=DIRECTION('',(0.,-1.,0.));
#10028=DIRECTION('',(-1.,0.,1.75876914792104E-16));
#10029=DIRECTION('',(0.,-1.,0.));
#10030=DIRECTION('center_axis',(1.,0.,-3.74940727530434E-15));
#10031=DIRECTION('ref_axis',(3.74940727530434E-15,0.,1.));
#10032=DIRECTION('',(-3.74940727530434E-15,0.,-1.));
#10033=DIRECTION('',(3.74940727530434E-15,0.,1.));
#10034=DIRECTION('',(0.,-1.,0.));
#10035=DIRECTION('center_axis',(-1.75876914792104E-16,0.,-1.));
#10036=DIRECTION('ref_axis',(1.,0.,-1.75876914792104E-16));
#10037=DIRECTION('',(-1.,0.,1.75876914792104E-16));
#10038=DIRECTION('',(1.,0.,-1.75876914792104E-16));
#10039=DIRECTION('',(0.,-1.,0.));
#10040=DIRECTION('center_axis',(-1.,0.,3.70990367139589E-17));
#10041=DIRECTION('ref_axis',(-3.70990367139589E-17,0.,-1.));
#10042=DIRECTION('',(3.70990367139589E-17,0.,1.));
#10043=DIRECTION('',(-3.70990367139589E-17,0.,-1.));
#10044=DIRECTION('center_axis',(1.75876914792104E-16,0.,1.));
#10045=DIRECTION('ref_axis',(-1.,0.,1.75876914792104E-16));
#10046=DIRECTION('',(1.,0.,-1.75876914792104E-16));
#10047=DIRECTION('',(0.,-1.,0.));
#10048=DIRECTION('',(-1.,0.,1.75876914792104E-16));
#10049=DIRECTION('',(0.,-1.,0.));
#10050=DIRECTION('center_axis',(1.,0.,-3.74940727530434E-15));
#10051=DIRECTION('ref_axis',(3.74940727530434E-15,0.,1.));
#10052=DIRECTION('',(-3.74940727530434E-15,0.,-1.));
#10053=DIRECTION('',(3.74940727530434E-15,0.,1.));
#10054=DIRECTION('',(0.,-1.,0.));
#10055=DIRECTION('center_axis',(-1.75876914792104E-16,0.,-1.));
#10056=DIRECTION('ref_axis',(1.,0.,-1.75876914792104E-16));
#10057=DIRECTION('',(-1.,0.,1.75876914792104E-16));
#10058=DIRECTION('',(1.,0.,-1.75876914792104E-16));
#10059=DIRECTION('',(0.,-1.,0.));
#10060=DIRECTION('center_axis',(-1.,0.,3.70990367139589E-17));
#10061=DIRECTION('ref_axis',(-3.70990367139589E-17,0.,-1.));
#10062=DIRECTION('',(3.70990367139589E-17,0.,1.));
#10063=DIRECTION('',(-3.70990367139589E-17,0.,-1.));
#10064=DIRECTION('center_axis',(1.75876914792104E-16,0.,1.));
#10065=DIRECTION('ref_axis',(-1.,0.,1.75876914792104E-16));
#10066=DIRECTION('',(1.,0.,-1.75876914792104E-16));
#10067=DIRECTION('',(0.,-1.,0.));
#10068=DIRECTION('',(-1.,0.,1.75876914792104E-16));
#10069=DIRECTION('',(0.,-1.,0.));
#10070=DIRECTION('center_axis',(1.,0.,-3.74940727530434E-15));
#10071=DIRECTION('ref_axis',(3.74940727530434E-15,0.,1.));
#10072=DIRECTION('',(-3.74940727530434E-15,0.,-1.));
#10073=DIRECTION('',(3.74940727530434E-15,0.,1.));
#10074=DIRECTION('',(0.,-1.,0.));
#10075=DIRECTION('center_axis',(-1.75876914792104E-16,0.,-1.));
#10076=DIRECTION('ref_axis',(1.,0.,-1.75876914792104E-16));
#10077=DIRECTION('',(-1.,0.,1.75876914792104E-16));
#10078=DIRECTION('',(1.,0.,-1.75876914792104E-16));
#10079=DIRECTION('',(0.,-1.,0.));
#10080=DIRECTION('center_axis',(-1.,0.,3.70990367139589E-17));
#10081=DIRECTION('ref_axis',(-3.70990367139589E-17,0.,-1.));
#10082=DIRECTION('',(3.70990367139589E-17,0.,1.));
#10083=DIRECTION('',(-3.70990367139589E-17,0.,-1.));
#10084=DIRECTION('center_axis',(1.75876914792104E-16,0.,1.));
#10085=DIRECTION('ref_axis',(-1.,0.,1.75876914792104E-16));
#10086=DIRECTION('',(1.,0.,-1.75876914792104E-16));
#10087=DIRECTION('',(0.,-1.,0.));
#10088=DIRECTION('',(-1.,0.,1.75876914792104E-16));
#10089=DIRECTION('',(0.,-1.,0.));
#10090=DIRECTION('center_axis',(1.,0.,-3.74940727530434E-15));
#10091=DIRECTION('ref_axis',(3.74940727530434E-15,0.,1.));
#10092=DIRECTION('',(-3.74940727530434E-15,0.,-1.));
#10093=DIRECTION('',(3.74940727530434E-15,0.,1.));
#10094=DIRECTION('',(0.,-1.,0.));
#10095=DIRECTION('center_axis',(-1.75876914792104E-16,0.,-1.));
#10096=DIRECTION('ref_axis',(1.,0.,-1.75876914792104E-16));
#10097=DIRECTION('',(-1.,0.,1.75876914792104E-16));
#10098=DIRECTION('',(1.,0.,-1.75876914792104E-16));
#10099=DIRECTION('',(0.,-1.,0.));
#10100=DIRECTION('center_axis',(-1.,0.,3.70990367139589E-17));
#10101=DIRECTION('ref_axis',(-3.70990367139589E-17,0.,-1.));
#10102=DIRECTION('',(3.70990367139589E-17,0.,1.));
#10103=DIRECTION('',(-3.70990367139589E-17,0.,-1.));
#10104=DIRECTION('center_axis',(1.75876914792104E-16,0.,1.));
#10105=DIRECTION('ref_axis',(-1.,0.,1.75876914792104E-16));
#10106=DIRECTION('',(1.,0.,-1.75876914792104E-16));
#10107=DIRECTION('',(0.,-1.,0.));
#10108=DIRECTION('',(-1.,0.,1.75876914792104E-16));
#10109=DIRECTION('',(0.,-1.,0.));
#10110=DIRECTION('center_axis',(1.,0.,-3.74940727530434E-15));
#10111=DIRECTION('ref_axis',(3.74940727530434E-15,0.,1.));
#10112=DIRECTION('',(-3.74940727530434E-15,0.,-1.));
#10113=DIRECTION('',(3.74940727530434E-15,0.,1.));
#10114=DIRECTION('',(0.,-1.,0.));
#10115=DIRECTION('center_axis',(-1.75876914792104E-16,0.,-1.));
#10116=DIRECTION('ref_axis',(1.,0.,-1.75876914792104E-16));
#10117=DIRECTION('',(-1.,0.,1.75876914792104E-16));
#10118=DIRECTION('',(1.,0.,-1.75876914792104E-16));
#10119=DIRECTION('',(0.,-1.,0.));
#10120=DIRECTION('center_axis',(-1.,0.,3.70990367139589E-17));
#10121=DIRECTION('ref_axis',(-3.70990367139589E-17,0.,-1.));
#10122=DIRECTION('',(3.70990367139589E-17,0.,1.));
#10123=DIRECTION('',(-3.70990367139589E-17,0.,-1.));
#10124=DIRECTION('center_axis',(1.75876914792104E-16,0.,1.));
#10125=DIRECTION('ref_axis',(-1.,0.,1.75876914792104E-16));
#10126=DIRECTION('',(1.,0.,-1.75876914792104E-16));
#10127=DIRECTION('',(0.,-1.,0.));
#10128=DIRECTION('',(-1.,0.,1.75876914792104E-16));
#10129=DIRECTION('',(0.,-1.,0.));
#10130=DIRECTION('center_axis',(1.,0.,-3.74940727530434E-15));
#10131=DIRECTION('ref_axis',(3.74940727530434E-15,0.,1.));
#10132=DIRECTION('',(-3.74940727530434E-15,0.,-1.));
#10133=DIRECTION('',(3.74940727530434E-15,0.,1.));
#10134=DIRECTION('',(0.,-1.,0.));
#10135=DIRECTION('center_axis',(-1.75876914792104E-16,0.,-1.));
#10136=DIRECTION('ref_axis',(1.,0.,-1.75876914792104E-16));
#10137=DIRECTION('',(-1.,0.,1.75876914792104E-16));
#10138=DIRECTION('',(1.,0.,-1.75876914792104E-16));
#10139=DIRECTION('',(0.,-1.,0.));
#10140=DIRECTION('center_axis',(-1.,0.,3.70990367139589E-17));
#10141=DIRECTION('ref_axis',(-3.70990367139589E-17,0.,-1.));
#10142=DIRECTION('',(3.70990367139589E-17,0.,1.));
#10143=DIRECTION('',(-3.70990367139589E-17,0.,-1.));
#10144=DIRECTION('center_axis',(1.75876914792104E-16,0.,1.));
#10145=DIRECTION('ref_axis',(-1.,0.,1.75876914792104E-16));
#10146=DIRECTION('',(1.,0.,-1.75876914792104E-16));
#10147=DIRECTION('',(0.,-1.,0.));
#10148=DIRECTION('',(-1.,0.,1.75876914792104E-16));
#10149=DIRECTION('',(0.,-1.,0.));
#10150=DIRECTION('center_axis',(1.,0.,-3.74940727530434E-15));
#10151=DIRECTION('ref_axis',(3.74940727530434E-15,0.,1.));
#10152=DIRECTION('',(-3.74940727530434E-15,0.,-1.));
#10153=DIRECTION('',(3.74940727530434E-15,0.,1.));
#10154=DIRECTION('',(0.,-1.,0.));
#10155=DIRECTION('center_axis',(-1.75876914792104E-16,0.,-1.));
#10156=DIRECTION('ref_axis',(1.,0.,-1.75876914792104E-16));
#10157=DIRECTION('',(-1.,0.,1.75876914792104E-16));
#10158=DIRECTION('',(1.,0.,-1.75876914792104E-16));
#10159=DIRECTION('',(0.,-1.,0.));
#10160=DIRECTION('center_axis',(-1.,0.,3.70990367139589E-17));
#10161=DIRECTION('ref_axis',(-3.70990367139589E-17,0.,-1.));
#10162=DIRECTION('',(3.70990367139589E-17,0.,1.));
#10163=DIRECTION('',(-3.70990367139589E-17,0.,-1.));
#10164=DIRECTION('center_axis',(1.75876914792104E-16,0.,1.));
#10165=DIRECTION('ref_axis',(-1.,0.,1.75876914792104E-16));
#10166=DIRECTION('',(1.,0.,-1.75876914792104E-16));
#10167=DIRECTION('',(0.,-1.,0.));
#10168=DIRECTION('',(-1.,0.,1.75876914792104E-16));
#10169=DIRECTION('',(0.,-1.,0.));
#10170=DIRECTION('center_axis',(1.,0.,-3.74940727530434E-15));
#10171=DIRECTION('ref_axis',(3.74940727530434E-15,0.,1.));
#10172=DIRECTION('',(-3.74940727530434E-15,0.,-1.));
#10173=DIRECTION('',(3.74940727530434E-15,0.,1.));
#10174=DIRECTION('',(0.,-1.,0.));
#10175=DIRECTION('center_axis',(-1.75876914792104E-16,0.,-1.));
#10176=DIRECTION('ref_axis',(1.,0.,-1.75876914792104E-16));
#10177=DIRECTION('',(-1.,0.,1.75876914792104E-16));
#10178=DIRECTION('',(1.,0.,-1.75876914792104E-16));
#10179=DIRECTION('',(0.,-1.,0.));
#10180=DIRECTION('center_axis',(-1.,0.,3.70990367139589E-17));
#10181=DIRECTION('ref_axis',(-3.70990367139589E-17,0.,-1.));
#10182=DIRECTION('',(3.70990367139589E-17,0.,1.));
#10183=DIRECTION('',(-3.70990367139589E-17,0.,-1.));
#10184=DIRECTION('center_axis',(1.75876914792104E-16,0.,1.));
#10185=DIRECTION('ref_axis',(-1.,0.,1.75876914792104E-16));
#10186=DIRECTION('',(1.,0.,-1.75876914792104E-16));
#10187=DIRECTION('',(0.,-1.,0.));
#10188=DIRECTION('',(-1.,0.,1.75876914792104E-16));
#10189=DIRECTION('',(0.,-1.,0.));
#10190=DIRECTION('center_axis',(1.,0.,-3.74940727530434E-15));
#10191=DIRECTION('ref_axis',(3.74940727530434E-15,0.,1.));
#10192=DIRECTION('',(-3.74940727530434E-15,0.,-1.));
#10193=DIRECTION('',(3.74940727530434E-15,0.,1.));
#10194=DIRECTION('',(0.,-1.,0.));
#10195=DIRECTION('center_axis',(-1.75876914792104E-16,0.,-1.));
#10196=DIRECTION('ref_axis',(1.,0.,-1.75876914792104E-16));
#10197=DIRECTION('',(-1.,0.,1.75876914792104E-16));
#10198=DIRECTION('',(1.,0.,-1.75876914792104E-16));
#10199=DIRECTION('',(0.,-1.,0.));
#10200=DIRECTION('center_axis',(-1.,0.,3.70990367139589E-17));
#10201=DIRECTION('ref_axis',(-3.70990367139589E-17,0.,-1.));
#10202=DIRECTION('',(3.70990367139589E-17,0.,1.));
#10203=DIRECTION('',(-3.70990367139589E-17,0.,-1.));
#10204=DIRECTION('center_axis',(1.75876914792104E-16,0.,1.));
#10205=DIRECTION('ref_axis',(-1.,0.,1.75876914792104E-16));
#10206=DIRECTION('',(1.,0.,-1.75876914792104E-16));
#10207=DIRECTION('',(0.,-1.,0.));
#10208=DIRECTION('',(-1.,0.,1.75876914792104E-16));
#10209=DIRECTION('',(0.,-1.,0.));
#10210=DIRECTION('center_axis',(1.,0.,-3.74940727530434E-15));
#10211=DIRECTION('ref_axis',(3.74940727530434E-15,0.,1.));
#10212=DIRECTION('',(-3.74940727530434E-15,0.,-1.));
#10213=DIRECTION('',(3.74940727530434E-15,0.,1.));
#10214=DIRECTION('',(0.,-1.,0.));
#10215=DIRECTION('center_axis',(-1.75876914792104E-16,0.,-1.));
#10216=DIRECTION('ref_axis',(1.,0.,-1.75876914792104E-16));
#10217=DIRECTION('',(-1.,0.,1.75876914792104E-16));
#10218=DIRECTION('',(1.,0.,-1.75876914792104E-16));
#10219=DIRECTION('',(0.,-1.,0.));
#10220=DIRECTION('center_axis',(-1.,0.,3.70990367139589E-17));
#10221=DIRECTION('ref_axis',(-3.70990367139589E-17,0.,-1.));
#10222=DIRECTION('',(3.70990367139589E-17,0.,1.));
#10223=DIRECTION('',(-3.70990367139589E-17,0.,-1.));
#10224=DIRECTION('center_axis',(1.75876914792104E-16,0.,1.));
#10225=DIRECTION('ref_axis',(-1.,0.,1.75876914792104E-16));
#10226=DIRECTION('',(1.,0.,-1.75876914792104E-16));
#10227=DIRECTION('',(0.,-1.,0.));
#10228=DIRECTION('',(-1.,0.,1.75876914792104E-16));
#10229=DIRECTION('',(0.,-1.,0.));
#10230=DIRECTION('center_axis',(1.,0.,-3.74940727530434E-15));
#10231=DIRECTION('ref_axis',(3.74940727530434E-15,0.,1.));
#10232=DIRECTION('',(-3.74940727530434E-15,0.,-1.));
#10233=DIRECTION('',(3.74940727530434E-15,0.,1.));
#10234=DIRECTION('',(0.,-1.,0.));
#10235=DIRECTION('center_axis',(-1.75876914792104E-16,0.,-1.));
#10236=DIRECTION('ref_axis',(1.,0.,-1.75876914792104E-16));
#10237=DIRECTION('',(-1.,0.,1.75876914792104E-16));
#10238=DIRECTION('',(1.,0.,-1.75876914792104E-16));
#10239=DIRECTION('',(0.,-1.,0.));
#10240=DIRECTION('center_axis',(-1.,0.,3.70990367139589E-17));
#10241=DIRECTION('ref_axis',(-3.70990367139589E-17,0.,-1.));
#10242=DIRECTION('',(3.70990367139589E-17,0.,1.));
#10243=DIRECTION('',(-3.70990367139589E-17,0.,-1.));
#10244=DIRECTION('center_axis',(1.75876914792104E-16,0.,1.));
#10245=DIRECTION('ref_axis',(-1.,0.,1.75876914792104E-16));
#10246=DIRECTION('',(1.,0.,-1.75876914792104E-16));
#10247=DIRECTION('',(0.,-1.,0.));
#10248=DIRECTION('',(-1.,0.,1.75876914792104E-16));
#10249=DIRECTION('',(0.,-1.,0.));
#10250=DIRECTION('center_axis',(1.,0.,-3.74940727530434E-15));
#10251=DIRECTION('ref_axis',(3.74940727530434E-15,0.,1.));
#10252=DIRECTION('',(-3.74940727530434E-15,0.,-1.));
#10253=DIRECTION('',(3.74940727530434E-15,0.,1.));
#10254=DIRECTION('',(0.,-1.,0.));
#10255=DIRECTION('center_axis',(-1.75876914792104E-16,0.,-1.));
#10256=DIRECTION('ref_axis',(1.,0.,-1.75876914792104E-16));
#10257=DIRECTION('',(-1.,0.,1.75876914792104E-16));
#10258=DIRECTION('',(1.,0.,-1.75876914792104E-16));
#10259=DIRECTION('',(0.,-1.,0.));
#10260=DIRECTION('center_axis',(-1.,0.,3.70990367139589E-17));
#10261=DIRECTION('ref_axis',(-3.70990367139589E-17,0.,-1.));
#10262=DIRECTION('',(3.70990367139589E-17,0.,1.));
#10263=DIRECTION('',(-3.70990367139589E-17,0.,-1.));
#10264=DIRECTION('center_axis',(1.75876914792104E-16,0.,1.));
#10265=DIRECTION('ref_axis',(-1.,0.,1.75876914792104E-16));
#10266=DIRECTION('',(1.,0.,-1.75876914792104E-16));
#10267=DIRECTION('',(0.,-1.,0.));
#10268=DIRECTION('',(-1.,0.,1.75876914792104E-16));
#10269=DIRECTION('',(0.,-1.,0.));
#10270=DIRECTION('center_axis',(1.,0.,-3.74940727530434E-15));
#10271=DIRECTION('ref_axis',(3.74940727530434E-15,0.,1.));
#10272=DIRECTION('',(-3.74940727530434E-15,0.,-1.));
#10273=DIRECTION('',(3.74940727530434E-15,0.,1.));
#10274=DIRECTION('',(0.,-1.,0.));
#10275=DIRECTION('center_axis',(-1.75876914792104E-16,0.,-1.));
#10276=DIRECTION('ref_axis',(1.,0.,-1.75876914792104E-16));
#10277=DIRECTION('',(-1.,0.,1.75876914792104E-16));
#10278=DIRECTION('',(1.,0.,-1.75876914792104E-16));
#10279=DIRECTION('',(0.,-1.,0.));
#10280=DIRECTION('center_axis',(-1.,0.,3.70990367139589E-17));
#10281=DIRECTION('ref_axis',(-3.70990367139589E-17,0.,-1.));
#10282=DIRECTION('',(3.70990367139589E-17,0.,1.));
#10283=DIRECTION('',(-3.70990367139589E-17,0.,-1.));
#10284=DIRECTION('center_axis',(1.75876914792104E-16,0.,1.));
#10285=DIRECTION('ref_axis',(-1.,0.,1.75876914792104E-16));
#10286=DIRECTION('',(1.,0.,-1.75876914792104E-16));
#10287=DIRECTION('',(0.,-1.,0.));
#10288=DIRECTION('',(-1.,0.,1.75876914792104E-16));
#10289=DIRECTION('',(0.,-1.,0.));
#10290=DIRECTION('center_axis',(1.,0.,-3.74940727530434E-15));
#10291=DIRECTION('ref_axis',(3.74940727530434E-15,0.,1.));
#10292=DIRECTION('',(-3.74940727530434E-15,0.,-1.));
#10293=DIRECTION('',(3.74940727530434E-15,0.,1.));
#10294=DIRECTION('',(0.,-1.,0.));
#10295=DIRECTION('center_axis',(-1.75876914792104E-16,0.,-1.));
#10296=DIRECTION('ref_axis',(1.,0.,-1.75876914792104E-16));
#10297=DIRECTION('',(-1.,0.,1.75876914792104E-16));
#10298=DIRECTION('',(1.,0.,-1.75876914792104E-16));
#10299=DIRECTION('',(0.,-1.,0.));
#10300=DIRECTION('center_axis',(-1.,0.,3.70990367139589E-17));
#10301=DIRECTION('ref_axis',(-3.70990367139589E-17,0.,-1.));
#10302=DIRECTION('',(3.70990367139589E-17,0.,1.));
#10303=DIRECTION('',(-3.70990367139589E-17,0.,-1.));
#10304=DIRECTION('center_axis',(1.75876914792104E-16,0.,1.));
#10305=DIRECTION('ref_axis',(-1.,0.,1.75876914792104E-16));
#10306=DIRECTION('',(1.,0.,-1.75876914792104E-16));
#10307=DIRECTION('',(0.,-1.,0.));
#10308=DIRECTION('',(-1.,0.,1.75876914792104E-16));
#10309=DIRECTION('',(0.,-1.,0.));
#10310=DIRECTION('center_axis',(1.,0.,-3.74940727530434E-15));
#10311=DIRECTION('ref_axis',(3.74940727530434E-15,0.,1.));
#10312=DIRECTION('',(-3.74940727530434E-15,0.,-1.));
#10313=DIRECTION('',(3.74940727530434E-15,0.,1.));
#10314=DIRECTION('',(0.,-1.,0.));
#10315=DIRECTION('center_axis',(-1.75876914792104E-16,0.,-1.));
#10316=DIRECTION('ref_axis',(1.,0.,-1.75876914792104E-16));
#10317=DIRECTION('',(-1.,0.,1.75876914792104E-16));
#10318=DIRECTION('',(1.,0.,-1.75876914792104E-16));
#10319=DIRECTION('',(0.,-1.,0.));
#10320=DIRECTION('center_axis',(-1.,0.,3.70990367139589E-17));
#10321=DIRECTION('ref_axis',(-3.70990367139589E-17,0.,-1.));
#10322=DIRECTION('',(3.70990367139589E-17,0.,1.));
#10323=DIRECTION('',(-3.70990367139589E-17,0.,-1.));
#10324=DIRECTION('center_axis',(1.75876914792104E-16,0.,1.));
#10325=DIRECTION('ref_axis',(-1.,0.,1.75876914792104E-16));
#10326=DIRECTION('',(1.,0.,-1.75876914792104E-16));
#10327=DIRECTION('',(0.,-1.,0.));
#10328=DIRECTION('',(-1.,0.,1.75876914792104E-16));
#10329=DIRECTION('',(0.,-1.,0.));
#10330=DIRECTION('center_axis',(1.,0.,-3.74940727530434E-15));
#10331=DIRECTION('ref_axis',(3.74940727530434E-15,0.,1.));
#10332=DIRECTION('',(-3.74940727530434E-15,0.,-1.));
#10333=DIRECTION('',(3.74940727530434E-15,0.,1.));
#10334=DIRECTION('',(0.,-1.,0.));
#10335=DIRECTION('center_axis',(-1.75876914792104E-16,0.,-1.));
#10336=DIRECTION('ref_axis',(1.,0.,-1.75876914792104E-16));
#10337=DIRECTION('',(-1.,0.,1.75876914792104E-16));
#10338=DIRECTION('',(1.,0.,-1.75876914792104E-16));
#10339=DIRECTION('',(0.,-1.,0.));
#10340=DIRECTION('center_axis',(-1.,0.,3.70990367139589E-17));
#10341=DIRECTION('ref_axis',(-3.70990367139589E-17,0.,-1.));
#10342=DIRECTION('',(3.70990367139589E-17,0.,1.));
#10343=DIRECTION('',(-3.70990367139589E-17,0.,-1.));
#10344=DIRECTION('center_axis',(-1.60047992460815E-15,0.,1.));
#10345=DIRECTION('ref_axis',(1.,0.,1.60047992460815E-15));
#10346=DIRECTION('',(1.,0.,1.60047992460815E-15));
#10347=DIRECTION('',(0.,1.,0.));
#10348=DIRECTION('',(1.,0.,1.60047992460815E-15));
#10349=DIRECTION('',(0.,1.,0.));
#10350=DIRECTION('center_axis',(-1.,0.,2.96267818487655E-16));
#10351=DIRECTION('ref_axis',(2.96267818487655E-16,0.,1.));
#10352=DIRECTION('',(2.96267818487655E-16,0.,1.));
#10353=DIRECTION('',(2.96267818487655E-16,0.,1.));
#10354=DIRECTION('',(0.,1.,0.));
#10355=DIRECTION('center_axis',(-8.42010729567198E-16,0.,-1.));
#10356=DIRECTION('ref_axis',(-1.,0.,8.42010729567198E-16));
#10357=DIRECTION('',(-1.,0.,8.42010729567198E-16));
#10358=DIRECTION('',(-1.,0.,8.42010729567198E-16));
#10359=DIRECTION('',(0.,1.,0.));
#10360=DIRECTION('center_axis',(1.,0.,-2.96267818487655E-16));
#10361=DIRECTION('ref_axis',(-2.96267818487655E-16,0.,-1.));
#10362=DIRECTION('',(-2.96267818487655E-16,0.,-1.));
#10363=DIRECTION('',(-2.96267818487655E-16,0.,-1.));
#10364=DIRECTION('center_axis',(0.,1.,0.));
#10365=DIRECTION('ref_axis',(0.,0.,1.));
#10366=DIRECTION('center_axis',(0.,1.,0.));
#10367=DIRECTION('ref_axis',(0.,0.,1.));
#10368=DIRECTION('',(0.,1.,0.));
#10369=DIRECTION('',(0.,1.,0.));
#10370=DIRECTION('',(0.,1.,0.));
#10371=DIRECTION('',(0.,1.,0.));
#10372=DIRECTION('center_axis',(0.,1.,0.));
#10373=DIRECTION('ref_axis',(0.,0.,1.));
#10374=DIRECTION('',(0.,1.,0.));
#10375=DIRECTION('',(0.,1.,0.));
#10376=DIRECTION('',(0.,1.,0.));
#10377=DIRECTION('',(0.,1.,0.));
#10378=DIRECTION('center_axis',(0.,1.,0.));
#10379=DIRECTION('ref_axis',(0.,0.,1.));
#10380=DIRECTION('',(0.,0.,1.));
#10381=DIRECTION('',(0.,0.,-1.));
#10382=DIRECTION('center_axis',(-1.,0.,0.));
#10383=DIRECTION('ref_axis',(0.,0.,1.));
#10384=DIRECTION('',(0.,0.,1.));
#10385=DIRECTION('',(0.,1.,0.));
#10386=DIRECTION('',(0.,1.,0.));
#10387=DIRECTION('',(0.,1.,0.));
#10388=DIRECTION('',(0.,1.,0.));
#10389=DIRECTION('center_axis',(1.,0.,0.));
#10390=DIRECTION('ref_axis',(0.,0.,-1.));
#10391=DIRECTION('',(0.,0.,-1.));
#10392=DIRECTION('',(0.,1.,0.));
#10393=DIRECTION('',(0.,1.,0.));
#10394=DIRECTION('center_axis',(0.,0.,1.));
#10395=DIRECTION('ref_axis',(1.,0.,0.));
#10396=DIRECTION('',(-1.,0.,0.));
#10397=DIRECTION('',(0.,1.,0.));
#10398=DIRECTION('',(1.,0.,0.));
#10399=DIRECTION('',(0.,1.,0.));
#10400=DIRECTION('center_axis',(0.939320579390286,0.,-0.343040594002952));
#10401=DIRECTION('ref_axis',(-0.343040594002952,0.,-0.939320579390286));
#10402=DIRECTION('',(0.343040594002952,0.,0.939320579390286));
#10403=DIRECTION('',(-0.343040594002952,0.,-0.939320579390286));
#10404=DIRECTION('',(0.,1.,0.));
#10405=DIRECTION('center_axis',(-0.941047869306323,0.,-0.338273421471493));
#10406=DIRECTION('ref_axis',(-0.338273421471493,0.,0.941047869306323));
#10407=DIRECTION('',(0.338273421471493,0.,-0.941047869306323));
#10408=DIRECTION('',(-0.338273421471493,0.,0.941047869306323));
#10409=DIRECTION('center_axis',(0.,1.,0.));
#10410=DIRECTION('ref_axis',(0.,0.,1.));
#10411=DIRECTION('',(0.353057252434246,0.,0.935601718950741));
#10412=DIRECTION('',(-0.375100021762775,4.56058433458322E-16,-0.92698434381254));
#10413=DIRECTION('',(-0.365931902845117,0.,0.930641629457952));
#10414=DIRECTION('',(0.350493685683767,0.,-0.93656509453204));
#10415=DIRECTION('',(1.,0.,0.));
#10416=DIRECTION('center_axis',(-0.935601718950741,0.,0.353057252434246));
#10417=DIRECTION('ref_axis',(0.353057252434246,0.,0.935601718950741));
#10418=DIRECTION('',(0.353057252434246,0.,0.935601718950741));
#10419=DIRECTION('',(0.,1.,0.));
#10420=DIRECTION('',(0.,1.,0.));
#10421=DIRECTION('',(0.,1.,0.));
#10422=DIRECTION('',(0.,1.,0.));
#10423=DIRECTION('',(0.,1.,0.));
#10424=DIRECTION('center_axis',(0.92698434381254,0.,-0.375100021762775));
#10425=DIRECTION('ref_axis',(-0.375100021762775,0.,-0.92698434381254));
#10426=DIRECTION('',(-0.375100021762775,0.,-0.92698434381254));
#10427=DIRECTION('',(0.,1.,0.));
#10428=DIRECTION('',(0.,1.,0.));
#10429=DIRECTION('',(0.,1.,0.));
#10430=DIRECTION('center_axis',(-0.930641629457952,0.,-0.365931902845117));
#10431=DIRECTION('ref_axis',(-0.365931902845117,0.,0.930641629457952));
#10432=DIRECTION('',(-0.365931902845117,0.,0.930641629457952));
#10433=DIRECTION('',(0.,1.,0.));
#10434=DIRECTION('',(0.,1.,0.));
#10435=DIRECTION('',(0.,1.,0.));
#10436=DIRECTION('',(0.,1.,0.));
#10437=DIRECTION('center_axis',(0.93656509453204,0.,0.350493685683767));
#10438=DIRECTION('ref_axis',(0.350493685683767,0.,-0.93656509453204));
#10439=DIRECTION('',(0.350493685683767,0.,-0.93656509453204));
#10440=DIRECTION('',(0.,1.,0.));
#10441=DIRECTION('center_axis',(0.,0.,1.));
#10442=DIRECTION('ref_axis',(1.,0.,0.));
#10443=DIRECTION('',(1.,0.,0.));
#10444=DIRECTION('center_axis',(0.,1.,0.));
#10445=DIRECTION('ref_axis',(0.,0.,1.));
#10446=DIRECTION('',(0.,0.,-1.));
#10447=DIRECTION('',(0.,-4.0324672997418E-16,1.));
#10448=DIRECTION('',(0.,0.,-1.));
#10449=DIRECTION('',(1.,0.,0.));
#10450=DIRECTION('',(0.,0.,1.));
#10451=DIRECTION('',(0.,0.,-1.));
#10452=DIRECTION('',(0.,0.,1.));
#10453=DIRECTION('',(-1.,0.,0.));
#10454=DIRECTION('center_axis',(1.,0.,0.));
#10455=DIRECTION('ref_axis',(0.,0.,-1.));
#10456=DIRECTION('',(0.,0.,-1.));
#10457=DIRECTION('',(0.,1.,0.));
#10458=DIRECTION('',(0.,1.,0.));
#10459=DIRECTION('',(0.,1.,0.));
#10460=DIRECTION('',(0.,1.,0.));
#10461=DIRECTION('center_axis',(-1.,0.,0.));
#10462=DIRECTION('ref_axis',(0.,0.,1.));
#10463=DIRECTION('',(0.,0.,1.));
#10464=DIRECTION('',(0.,1.,0.));
#10465=DIRECTION('',(0.,1.,0.));
#10466=DIRECTION('',(0.,1.,0.));
#10467=DIRECTION('center_axis',(1.,0.,0.));
#10468=DIRECTION('ref_axis',(0.,0.,-1.));
#10469=DIRECTION('',(0.,0.,-1.));
#10470=DIRECTION('',(0.,1.,0.));
#10471=DIRECTION('center_axis',(0.,0.,1.));
#10472=DIRECTION('ref_axis',(1.,0.,0.));
#10473=DIRECTION('',(1.,0.,0.));
#10474=DIRECTION('',(0.,1.,0.));
#10475=DIRECTION('center_axis',(-1.,0.,0.));
#10476=DIRECTION('ref_axis',(0.,0.,1.));
#10477=DIRECTION('',(0.,0.,1.));
#10478=DIRECTION('',(0.,1.,0.));
#10479=DIRECTION('',(0.,1.,0.));
#10480=DIRECTION('',(0.,1.,0.));
#10481=DIRECTION('center_axis',(1.,0.,0.));
#10482=DIRECTION('ref_axis',(0.,0.,-1.));
#10483=DIRECTION('',(0.,0.,-1.));
#10484=DIRECTION('',(0.,1.,0.));
#10485=DIRECTION('',(0.,1.,0.));
#10486=DIRECTION('',(0.,1.,0.));
#10487=DIRECTION('center_axis',(-1.,0.,0.));
#10488=DIRECTION('ref_axis',(0.,0.,1.));
#10489=DIRECTION('',(0.,0.,1.));
#10490=DIRECTION('',(0.,1.,0.));
#10491=DIRECTION('center_axis',(0.,0.,-1.));
#10492=DIRECTION('ref_axis',(-1.,0.,0.));
#10493=DIRECTION('',(-1.,0.,0.));
#10494=DIRECTION('center_axis',(0.,1.,0.));
#10495=DIRECTION('ref_axis',(0.,0.,1.));
#10496=DIRECTION('',(0.,0.,-1.));
#10497=DIRECTION('',(0.,0.,1.));
#10498=DIRECTION('',(1.,0.,0.));
#10499=DIRECTION('',(-1.,0.,0.));
#10500=DIRECTION('center_axis',(1.,0.,0.));
#10501=DIRECTION('ref_axis',(0.,0.,-1.));
#10502=DIRECTION('',(0.,0.,-1.));
#10503=DIRECTION('',(0.,1.,0.));
#10504=DIRECTION('',(0.,1.,0.));
#10505=DIRECTION('',(0.,1.,0.));
#10506=DIRECTION('',(0.,1.,0.));
#10507=DIRECTION('center_axis',(-1.,0.,0.));
#10508=DIRECTION('ref_axis',(0.,0.,1.));
#10509=DIRECTION('',(0.,0.,1.));
#10510=DIRECTION('',(0.,1.,0.));
#10511=DIRECTION('',(0.,1.,0.));
#10512=DIRECTION('center_axis',(0.,0.,1.));
#10513=DIRECTION('ref_axis',(1.,0.,0.));
#10514=DIRECTION('',(1.,0.,0.));
#10515=DIRECTION('',(0.,1.,0.));
#10516=DIRECTION('',(0.,1.,0.));
#10517=DIRECTION('',(0.,1.,0.));
#10518=DIRECTION('center_axis',(0.,0.,-1.));
#10519=DIRECTION('ref_axis',(-1.,0.,0.));
#10520=DIRECTION('',(-1.,0.,0.));
#10521=DIRECTION('center_axis',(0.,1.,0.));
#10522=DIRECTION('ref_axis',(0.,0.,1.));
#10523=DIRECTION('',(1.,0.,-1.75876914792104E-16));
#10524=DIRECTION('center_axis',(0.,-1.,0.));
#10525=DIRECTION('ref_axis',(-0.707106781186548,0.,-0.707106781186548));
#10526=DIRECTION('',(-1.75876914792104E-16,0.,-1.));
#10527=DIRECTION('center_axis',(0.,-1.,0.));
#10528=DIRECTION('ref_axis',(-0.707106781186547,0.,0.707106781186548));
#10529=DIRECTION('',(-1.,0.,1.75876914792104E-16));
#10530=DIRECTION('center_axis',(0.,-1.,0.));
#10531=DIRECTION('ref_axis',(0.707106781186548,0.,0.707106781186547));
#10532=DIRECTION('',(1.75876914792104E-16,0.,1.));
#10533=DIRECTION('center_axis',(0.,-1.,0.));
#10534=DIRECTION('ref_axis',(0.707106781186548,0.,-0.707106781186547));
#10535=DIRECTION('center_axis',(0.,1.,0.));
#10536=DIRECTION('ref_axis',(0.,0.,1.));
#10537=DIRECTION('center_axis',(0.,-1.,0.));
#10538=DIRECTION('ref_axis',(1.,0.,-1.75876914792104E-16));
#10539=DIRECTION('center_axis',(0.,-1.,0.));
#10540=DIRECTION('ref_axis',(1.,0.,-1.75876914792104E-16));
#10541=DIRECTION('',(0.,-1.,0.));
#10542=DIRECTION('center_axis',(0.,1.,0.));
#10543=DIRECTION('ref_axis',(1.,0.,-1.75876914792104E-16));
#10544=DIRECTION('center_axis',(-1.52313876149193E-16,0.5,-0.866025403784438));
#10545=DIRECTION('ref_axis',(-1.,0.,1.75876914792104E-16));
#10546=DIRECTION('',(0.,0.866025403784439,0.499999999999999));
#10547=DIRECTION('',(0.,-0.866025403784439,-0.5));
#10548=DIRECTION('',(-1.,0.,1.75876914792104E-16));
#10549=DIRECTION('center_axis',(0.,-1.,0.));
#10550=DIRECTION('ref_axis',(-0.707106781186548,0.,-0.707106781186548));
#10551=DIRECTION('center_axis',(0.,1.,0.));
#10552=DIRECTION('ref_axis',(-0.707106781186548,0.,-0.707106781186548));
#10553=DIRECTION('',(0.499999999999999,0.866025403784439,0.));
#10554=DIRECTION('center_axis',(-0.866025403784439,0.5,1.52313876149193E-16));
#10555=DIRECTION('ref_axis',(1.75876914792104E-16,0.,1.));
#10556=DIRECTION('',(0.5,0.866025403784439,-1.29095700537809E-15));
#10557=DIRECTION('',(1.75876914792104E-16,0.,1.));
#10558=DIRECTION('center_axis',(0.,-1.,0.));
#10559=DIRECTION('ref_axis',(-0.707106781186547,0.,0.707106781186548));
#10560=DIRECTION('center_axis',(0.,1.,0.));
#10561=DIRECTION('ref_axis',(-0.707106781186547,0.,0.707106781186548));
#10562=DIRECTION('',(0.,0.866025403784439,-0.499999999999999));
#10563=DIRECTION('center_axis',(1.52313876149193E-16,0.500000000000001,
0.866025403784438));
#10564=DIRECTION('ref_axis',(1.,0.,-1.75876914792104E-16));
#10565=DIRECTION('',(1.29095700537809E-15,0.866025403784438,-0.5));
#10566=DIRECTION('',(1.,0.,-1.75876914792104E-16));
#10567=DIRECTION('center_axis',(0.,-1.,0.));
#10568=DIRECTION('ref_axis',(0.707106781186548,0.,0.707106781186547));
#10569=DIRECTION('center_axis',(0.,1.,0.));
#10570=DIRECTION('ref_axis',(0.707106781186548,0.,0.707106781186547));
#10571=DIRECTION('',(-0.499999999999999,0.866025403784439,0.));
#10572=DIRECTION('center_axis',(0.866025403784438,0.5,-1.52313876149193E-16));
#10573=DIRECTION('ref_axis',(-1.75876914792104E-16,0.,-1.));
#10574=DIRECTION('',(-0.5,0.866025403784438,0.));
#10575=DIRECTION('',(-1.75876914792104E-16,0.,-1.));
#10576=DIRECTION('center_axis',(0.,-1.,0.));
#10577=DIRECTION('ref_axis',(0.707106781186548,0.,-0.707106781186547));
#10578=DIRECTION('center_axis',(0.,1.,0.));
#10579=DIRECTION('ref_axis',(0.707106781186548,0.,-0.707106781186547));
#10580=DIRECTION('center_axis',(0.,1.,0.));
#10581=DIRECTION('ref_axis',(-0.707106781186547,0.,0.707106781186548));
#10582=DIRECTION('',(0.,-1.,0.));
#10583=DIRECTION('center_axis',(0.,-1.,0.));
#10584=DIRECTION('ref_axis',(-0.707106781186547,0.,0.707106781186548));
#10585=DIRECTION('',(0.,1.,0.));
#10586=DIRECTION('center_axis',(-1.,0.,1.75876914792104E-16));
#10587=DIRECTION('ref_axis',(1.75876914792104E-16,0.,1.));
#10588=DIRECTION('',(0.,1.,0.));
#10589=DIRECTION('',(-1.75876914792104E-16,0.,-1.));
#10590=DIRECTION('center_axis',(0.,1.,0.));
#10591=DIRECTION('ref_axis',(-0.707106781186548,0.,-0.707106781186548));
#10592=DIRECTION('',(0.,-1.,0.));
#10593=DIRECTION('center_axis',(0.,-1.,0.));
#10594=DIRECTION('ref_axis',(-0.707106781186548,0.,-0.707106781186548));
#10595=DIRECTION('center_axis',(-1.75876914792104E-16,0.,-1.));
#10596=DIRECTION('ref_axis',(-1.,0.,1.75876914792104E-16));
#10597=DIRECTION('',(0.,1.,0.));
#10598=DIRECTION('',(1.,0.,-1.75876914792104E-16));
#10599=DIRECTION('center_axis',(0.,1.,0.));
#10600=DIRECTION('ref_axis',(0.,0.,1.));
#10601=DIRECTION('center_axis',(0.,1.,0.));
#10602=DIRECTION('ref_axis',(-0.707106781186547,0.,-0.707106781186547));
#10603=DIRECTION('center_axis',(0.,-1.,0.));
#10604=DIRECTION('ref_axis',(-0.707106781186547,0.,-0.707106781186547));
#10605=DIRECTION('',(0.,-1.,0.));
#10606=DIRECTION('center_axis',(0.,1.,0.));
#10607=DIRECTION('ref_axis',(-0.707106781186547,0.,-0.707106781186547));
#10608=DIRECTION('',(0.,1.,0.));
#10609=DIRECTION('center_axis',(0.,1.,0.));
#10610=DIRECTION('ref_axis',(0.,0.,1.));
#10611=DIRECTION('',(5.67720335248041E-16,0.,1.));
#10612=DIRECTION('center_axis',(0.,-1.,0.));
#10613=DIRECTION('ref_axis',(-0.707106781186546,0.,0.707106781186549));
#10614=DIRECTION('',(1.,0.,-6.98334808733354E-16));
#10615=DIRECTION('center_axis',(0.,-1.,0.));
#10616=DIRECTION('ref_axis',(0.707106781186548,0.,0.707106781186547));
#10617=DIRECTION('',(-6.98334808733354E-16,0.,-1.));
#10618=DIRECTION('center_axis',(0.,-1.,0.));
#10619=DIRECTION('ref_axis',(0.707106781186546,0.,-0.707106781186549));
#10620=DIRECTION('',(-1.,0.,1.75876914792104E-16));
#10621=DIRECTION('',(-1.,0.,1.75876914792104E-16));
#10622=DIRECTION('center_axis',(0.,-1.,0.));
#10623=DIRECTION('ref_axis',(0.707106781186548,0.,-0.707106781186547));
#10624=DIRECTION('',(1.75876914792104E-16,0.,1.));
#10625=DIRECTION('center_axis',(0.,-1.,0.));
#10626=DIRECTION('ref_axis',(0.707106781186548,0.,0.707106781186547));
#10627=DIRECTION('center_axis',(-1.,0.,5.67720335248041E-16));
#10628=DIRECTION('ref_axis',(5.67720335248041E-16,0.,1.));
#10629=DIRECTION('',(5.67720335248041E-16,0.,1.));
#10630=DIRECTION('',(0.,-1.,0.));
#10631=DIRECTION('center_axis',(1.75876914792104E-16,0.,1.));
#10632=DIRECTION('ref_axis',(1.,0.,-1.75876914792104E-16));
#10633=DIRECTION('',(0.,-1.,0.));
#10634=DIRECTION('center_axis',(0.,1.,0.));
#10635=DIRECTION('ref_axis',(-0.707106781186546,0.,0.707106781186549));
#10636=DIRECTION('center_axis',(0.,1.,0.));
#10637=DIRECTION('ref_axis',(-0.707106781186546,0.,0.707106781186549));
#10638=DIRECTION('',(0.,1.,0.));
#10639=DIRECTION('center_axis',(0.,1.,0.));
#10640=DIRECTION('ref_axis',(0.707106781186546,0.,-0.707106781186549));
#10641=DIRECTION('',(0.,-1.,0.));
#10642=DIRECTION('center_axis',(0.,1.,0.));
#10643=DIRECTION('ref_axis',(0.707106781186546,0.,-0.707106781186549));
#10644=DIRECTION('',(0.,1.,0.));
#10645=DIRECTION('center_axis',(1.,0.,-6.98334808733354E-16));
#10646=DIRECTION('ref_axis',(-6.98334808733354E-16,0.,-1.));
#10647=DIRECTION('',(0.,1.,0.));
#10648=DIRECTION('',(-6.98334808733354E-16,0.,-1.));
#10649=DIRECTION('center_axis',(0.,1.,0.));
#10650=DIRECTION('ref_axis',(0.707106781186548,0.,-0.707106781186547));
#10651=DIRECTION('',(0.,-1.,0.));
#10652=DIRECTION('center_axis',(0.,1.,0.));
#10653=DIRECTION('ref_axis',(0.707106781186548,0.,0.707106781186547));
#10654=DIRECTION('',(0.,1.,0.));
#10655=DIRECTION('center_axis',(1.,0.,-1.75876914792104E-16));
#10656=DIRECTION('ref_axis',(-1.75876914792104E-16,0.,-1.));
#10657=DIRECTION('center_axis',(0.,1.,0.));
#10658=DIRECTION('ref_axis',(0.707106781186548,0.,0.707106781186547));
#10659=DIRECTION('',(0.,-1.,0.));
#10660=DIRECTION('center_axis',(0.,1.,0.));
#10661=DIRECTION('ref_axis',(0.707106781186548,0.,0.707106781186547));
#10662=DIRECTION('center_axis',(6.98334808733354E-16,0.,1.));
#10663=DIRECTION('ref_axis',(1.,0.,-6.98334808733354E-16));
#10664=DIRECTION('',(1.,0.,-6.98334808733354E-16));
#10665=DIRECTION('center_axis',(-1.75876914792104E-16,0.,-1.));
#10666=DIRECTION('ref_axis',(-1.,0.,1.75876914792104E-16));
#10667=DIRECTION('',(-1.,0.,1.75876914792104E-16));
#10668=DIRECTION('center_axis',(0.,1.,0.));
#10669=DIRECTION('ref_axis',(0.,0.,1.));
#10670=DIRECTION('center_axis',(-1.,2.96059473233375E-15,1.38777878078145E-16));
#10671=DIRECTION('ref_axis',(-2.96059473233375E-15,-1.,5.20700267472615E-31));
#10672=DIRECTION('',(2.96059473233375E-15,1.,-5.20700267472615E-31));
#10673=DIRECTION('',(1.38777878078145E-16,0.,1.));
#10674=DIRECTION('',(-2.96059473233375E-15,-1.,5.20700267472615E-31));
#10675=DIRECTION('',(1.38777878078145E-16,0.,1.));
#10676=DIRECTION('center_axis',(0.,1.,0.));
#10677=DIRECTION('ref_axis',(-1.,0.,1.75876914792104E-16));
#10678=DIRECTION('',(1.,0.,-1.75876914792104E-16));
#10679=DIRECTION('',(-1.,0.,1.75876914792104E-16));
#10680=DIRECTION('',(1.38777878078145E-16,0.,1.));
#10681=DIRECTION('center_axis',(1.,0.,-1.38777878078145E-16));
#10682=DIRECTION('ref_axis',(0.,1.,0.));
#10683=DIRECTION('',(0.,-1.,0.));
#10684=DIRECTION('',(0.,1.,0.));
#10685=DIRECTION('',(1.38777878078145E-16,0.,1.));
#10686=DIRECTION('center_axis',(-1.30614473485313E-16,-1.,1.81263994765858E-32));
#10687=DIRECTION('ref_axis',(1.,-1.30614473485313E-16,-1.75876914792104E-16));
#10688=DIRECTION('',(-1.,1.30614473485313E-16,1.75876914792104E-16));
#10689=DIRECTION('',(1.,-1.30614473485313E-16,-1.75876914792104E-16));
#10690=DIRECTION('center_axis',(-1.75876914792104E-16,0.,-1.));
#10691=DIRECTION('ref_axis',(-1.,0.,1.75876914792104E-16));
#10692=DIRECTION('center_axis',(1.38777878078145E-16,0.,1.));
#10693=DIRECTION('ref_axis',(1.,0.,-1.38777878078145E-16));
#10694=DIRECTION('center_axis',(-1.79594901042305E-16,1.,0.));
#10695=DIRECTION('ref_axis',(-1.,-1.79594901042305E-16,1.75876914792104E-16));
#10696=DIRECTION('',(-1.,-1.79594901042305E-16,1.75876914792104E-16));
#10697=DIRECTION('',(0.,0.,1.));
#10698=DIRECTION('',(-1.,-1.79594901042305E-16,1.75876914792104E-16));
#10699=DIRECTION('',(0.,0.,1.));
#10700=DIRECTION('center_axis',(-1.,0.,0.));
#10701=DIRECTION('ref_axis',(0.,-1.,0.));
#10702=DIRECTION('',(0.,-1.,0.));
#10703=DIRECTION('',(0.,-1.,0.));
#10704=DIRECTION('',(0.,0.,1.));
#10705=DIRECTION('center_axis',(-3.02788097625043E-16,1.,0.));
#10706=DIRECTION('ref_axis',(-1.,-3.02788097625043E-16,1.75876914792104E-16));
#10707=DIRECTION('',(-1.,-3.02788097625043E-16,1.75876914792104E-16));
#10708=DIRECTION('',(-1.,-3.02788097625043E-16,1.75876914792104E-16));
#10709=DIRECTION('',(0.,0.,1.));
#10710=DIRECTION('center_axis',(1.,0.,0.));
#10711=DIRECTION('ref_axis',(0.,1.,0.));
#10712=DIRECTION('',(0.,1.,0.));
#10713=DIRECTION('',(0.,1.,0.));
#10714=DIRECTION('',(0.,0.,1.));
#10715=DIRECTION('center_axis',(0.,-1.,0.));
#10716=DIRECTION('ref_axis',(1.,0.,-1.75876914792104E-16));
#10717=DIRECTION('',(1.,0.,-1.75876914792104E-16));
#10718=DIRECTION('',(1.,0.,-1.75876914792104E-16));
#10719=DIRECTION('',(0.,0.,1.));
#10720=DIRECTION('center_axis',(-1.,-2.77555756156289E-16,0.));
#10721=DIRECTION('ref_axis',(2.77555756156289E-16,-1.,-4.88156500755576E-32));
#10722=DIRECTION('',(2.77555756156289E-16,-1.,-4.88156500755576E-32));
#10723=DIRECTION('',(2.77555756156289E-16,-1.,-4.88156500755576E-32));
#10724=DIRECTION('',(0.,0.,1.));
#10725=DIRECTION('center_axis',(0.,1.,0.));
#10726=DIRECTION('ref_axis',(-1.,0.,1.75876914792104E-16));
#10727=DIRECTION('',(-1.,0.,1.75876914792104E-16));
#10728=DIRECTION('',(-1.,0.,1.75876914792104E-16));
#10729=DIRECTION('',(0.,0.,1.));
#10730=DIRECTION('center_axis',(1.,0.,0.));
#10731=DIRECTION('ref_axis',(0.,1.,0.));
#10732=DIRECTION('',(0.,1.,0.));
#10733=DIRECTION('',(0.,1.,0.));
#10734=DIRECTION('center_axis',(0.,0.,1.));
#10735=DIRECTION('ref_axis',(1.,0.,0.));
#10736=DIRECTION('center_axis',(1.75876914792104E-16,0.,1.));
#10737=DIRECTION('ref_axis',(1.,0.,-1.75876914792104E-16));
#10738=DIRECTION('center_axis',(1.,0.,-1.75876914792104E-16));
#10739=DIRECTION('ref_axis',(1.75876914792104E-16,0.,1.));
#10740=DIRECTION('',(1.75876914792104E-16,0.,1.));
#10741=DIRECTION('',(0.,1.,0.));
#10742=DIRECTION('',(1.75876914792104E-16,0.,1.));
#10743=DIRECTION('',(0.,-1.,0.));
#10744=DIRECTION('center_axis',(-1.,0.,1.75876914792104E-16));
#10745=DIRECTION('ref_axis',(-1.75876914792104E-16,0.,-1.));
#10746=DIRECTION('',(-1.75876914792104E-16,0.,-1.));
#10747=DIRECTION('',(0.,1.,0.));
#10748=DIRECTION('',(-1.75876914792104E-16,0.,-1.));
#10749=DIRECTION('',(0.,-1.,0.));
#10750=DIRECTION('center_axis',(0.,-1.,0.));
#10751=DIRECTION('ref_axis',(0.,0.,-1.));
#10752=DIRECTION('',(-1.,0.,1.75876914792104E-16));
#10753=DIRECTION('',(1.,0.,-1.75876914792104E-16));
#10754=DIRECTION('center_axis',(0.,1.,0.));
#10755=DIRECTION('ref_axis',(0.,0.,1.));
#10756=DIRECTION('',(-1.,0.,1.75876914792104E-16));
#10757=DIRECTION('',(1.75876914792104E-16,0.,1.));
#10758=DIRECTION('',(1.,0.,-1.75876914792104E-16));
#10759=DIRECTION('center_axis',(0.,1.,0.));
#10760=DIRECTION('ref_axis',(0.,0.,1.));
#10761=DIRECTION('',(1.,0.,-1.75876914792104E-16));
#10762=DIRECTION('',(-1.75876914792104E-16,0.,-1.));
#10763=DIRECTION('',(-1.,0.,1.75876914792104E-16));
#10764=DIRECTION('center_axis',(1.75876914792104E-16,0.,1.));
#10765=DIRECTION('ref_axis',(1.,0.,-1.75876914792104E-16));
#10766=DIRECTION('',(0.,1.,0.));
#10767=DIRECTION('',(1.,0.,-1.75876914792104E-16));
#10768=DIRECTION('',(0.,1.,0.));
#10769=DIRECTION('center_axis',(1.,0.,-1.75876914792104E-16));
#10770=DIRECTION('ref_axis',(-1.75876914792104E-16,0.,-1.));
#10771=DIRECTION('',(-1.75876914792104E-16,0.,-1.));
#10772=DIRECTION('',(0.,1.,0.));
#10773=DIRECTION('center_axis',(-1.,0.,1.75876914792104E-16));
#10774=DIRECTION('ref_axis',(1.75876914792104E-16,0.,1.));
#10775=DIRECTION('',(1.75876914792104E-16,0.,1.));
#10776=DIRECTION('',(0.,1.,0.));
#10777=DIRECTION('center_axis',(-1.75876914792104E-16,0.,-1.));
#10778=DIRECTION('ref_axis',(-1.,0.,1.75876914792104E-16));
#10779=DIRECTION('',(-1.,0.,1.75876914792104E-16));
#10780=DIRECTION('center_axis',(0.,1.,0.));
#10781=DIRECTION('ref_axis',(0.,0.,1.));
#10782=DIRECTION('axis',(0.,0.,1.));
#10783=DIRECTION('refdir',(1.,0.,0.));
#10784=DIRECTION('center_axis',(0.,-1.,0.));
#10785=DIRECTION('ref_axis',(1.,0.,0.));
#10786=DIRECTION('center_axis',(0.,1.,0.));
#10787=DIRECTION('ref_axis',(1.,0.,0.));
#10788=DIRECTION('',(0.,1.,0.));
#10789=DIRECTION('center_axis',(0.,-1.,0.));
#10790=DIRECTION('ref_axis',(1.,0.,0.));
#10791=DIRECTION('center_axis',(0.,1.,0.));
#10792=DIRECTION('ref_axis',(0.,0.,1.));
#10793=DIRECTION('center_axis',(0.,-1.,0.));
#10794=DIRECTION('ref_axis',(1.,0.,0.));
#10795=DIRECTION('center_axis',(0.,-1.,0.));
#10796=DIRECTION('ref_axis',(1.,0.,0.));
#10797=DIRECTION('center_axis',(0.,-1.,0.));
#10798=DIRECTION('ref_axis',(1.,0.,0.));
#10799=DIRECTION('',(0.,-1.,0.));
#10800=DIRECTION('center_axis',(0.,-1.,0.));
#10801=DIRECTION('ref_axis',(1.,0.,0.));
#10802=DIRECTION('center_axis',(0.,1.,0.));
#10803=DIRECTION('ref_axis',(0.,0.,1.));
#10804=DIRECTION('center_axis',(0.,1.,0.));
#10805=DIRECTION('ref_axis',(1.,0.,0.));
#10806=DIRECTION('center_axis',(0.,1.,0.));
#10807=DIRECTION('ref_axis',(0.,0.,1.));
#10808=DIRECTION('',(-1.,0.,-1.06831260354642E-16));
#10809=DIRECTION('',(-0.5,0.,-0.866025403784439));
#10810=DIRECTION('',(0.5,0.,-0.866025403784439));
#10811=DIRECTION('',(1.,0.,0.));
#10812=DIRECTION('',(0.5,0.,0.866025403784438));
#10813=DIRECTION('',(-0.5,0.,0.866025403784439));
#10814=DIRECTION('center_axis',(0.,1.,0.));
#10815=DIRECTION('ref_axis',(1.,0.,0.));
#10816=DIRECTION('',(0.,-1.,0.));
#10817=DIRECTION('center_axis',(-0.866025403784439,0.,0.5));
#10818=DIRECTION('ref_axis',(0.5,0.,0.866025403784439));
#10819=DIRECTION('',(0.,-1.,0.));
#10820=DIRECTION('',(0.5,0.,0.866025403784439));
#10821=DIRECTION('',(0.,1.,0.));
#10822=DIRECTION('center_axis',(-0.866025403784439,0.,-0.5));
#10823=DIRECTION('ref_axis',(-0.5,0.,0.866025403784439));
#10824=DIRECTION('',(-0.5,0.,0.866025403784439));
#10825=DIRECTION('',(0.,1.,0.));
#10826=DIRECTION('center_axis',(0.,0.,-1.));
#10827=DIRECTION('ref_axis',(-1.,0.,0.));
#10828=DIRECTION('',(-1.,0.,0.));
#10829=DIRECTION('',(0.,1.,0.));
#10830=DIRECTION('center_axis',(0.866025403784438,0.,-0.5));
#10831=DIRECTION('ref_axis',(-0.5,0.,-0.866025403784438));
#10832=DIRECTION('',(-0.5,0.,-0.866025403784438));
#10833=DIRECTION('',(0.,1.,0.));
#10834=DIRECTION('center_axis',(0.866025403784439,0.,0.5));
#10835=DIRECTION('ref_axis',(0.5,0.,-0.866025403784439));
#10836=DIRECTION('',(0.5,0.,-0.866025403784439));
#10837=DIRECTION('',(0.,1.,0.));
#10838=DIRECTION('center_axis',(-1.06831260354642E-16,0.,1.));
#10839=DIRECTION('ref_axis',(1.,0.,1.06831260354642E-16));
#10840=DIRECTION('',(1.,0.,1.06831260354642E-16));
#10841=DIRECTION('center_axis',(0.,1.,0.));
#10842=DIRECTION('ref_axis',(0.,0.,1.));
#10843=DIRECTION('axis',(0.,0.,1.));
#10844=DIRECTION('refdir',(1.,0.,0.));
#10845=DIRECTION('center_axis',(0.,1.,0.));
#10846=DIRECTION('ref_axis',(0.,0.,-1.));
#10847=DIRECTION('center_axis',(0.,1.,0.));
#10848=DIRECTION('ref_axis',(0.,0.,-1.));
#10849=DIRECTION('',(-8.65956056235494E-17,0.707106781186547,0.707106781186548));
#10850=DIRECTION('center_axis',(0.,-1.,0.));
#10851=DIRECTION('ref_axis',(0.,0.,-1.));
#10852=DIRECTION('center_axis',(0.,-1.,0.));
#10853=DIRECTION('ref_axis',(0.,0.,-1.));
#10854=DIRECTION('center_axis',(0.,-1.,0.));
#10855=DIRECTION('ref_axis',(0.,0.,-1.));
#10856=DIRECTION('center_axis',(0.,-1.,0.));
#10857=DIRECTION('ref_axis',(0.,0.,1.));
#10858=DIRECTION('',(0.,1.,0.));
#10859=DIRECTION('center_axis',(0.,-1.,0.));
#10860=DIRECTION('ref_axis',(1.,0.,0.));
#10861=DIRECTION('center_axis',(-1.,0.,0.));
#10862=DIRECTION('ref_axis',(0.,0.,-1.));
#10863=DIRECTION('',(0.,0.,-1.));
#10864=DIRECTION('',(0.,-1.,0.));
#10865=DIRECTION('',(0.,0.,-1.));
#10866=DIRECTION('',(0.,-1.,0.));
#10867=DIRECTION('center_axis',(0.,0.,1.));
#10868=DIRECTION('ref_axis',(-1.,0.,0.));
#10869=DIRECTION('',(-1.,0.,0.));
#10870=DIRECTION('',(0.,-1.,0.));
#10871=DIRECTION('',(-1.,0.,0.));
#10872=DIRECTION('center_axis',(1.,0.,-6.16790569236198E-17));
#10873=DIRECTION('ref_axis',(6.16790569236198E-17,0.,1.));
#10874=DIRECTION('',(6.16790569236198E-17,0.,1.));
#10875=DIRECTION('',(0.,-1.,0.));
#10876=DIRECTION('',(6.16790569236198E-17,0.,1.));
#10877=DIRECTION('center_axis',(4.93432455388959E-16,0.,1.));
#10878=DIRECTION('ref_axis',(-1.,0.,4.93432455388959E-16));
#10879=DIRECTION('',(-1.,0.,4.93432455388959E-16));
#10880=DIRECTION('',(0.,-1.,0.));
#10881=DIRECTION('',(-1.,0.,4.93432455388959E-16));
#10882=DIRECTION('center_axis',(1.,0.,0.));
#10883=DIRECTION('ref_axis',(0.,0.,1.));
#10884=DIRECTION('',(0.,0.,1.));
#10885=DIRECTION('',(0.,-1.,0.));
#10886=DIRECTION('',(0.,0.,1.));
#10887=DIRECTION('center_axis',(1.8503717077086E-16,0.,-1.));
#10888=DIRECTION('ref_axis',(1.,0.,1.8503717077086E-16));
#10889=DIRECTION('',(1.,0.,1.8503717077086E-16));
#10890=DIRECTION('',(0.,-1.,0.));
#10891=DIRECTION('',(1.,0.,1.8503717077086E-16));
#10892=DIRECTION('center_axis',(1.,0.,0.));
#10893=DIRECTION('ref_axis',(0.,0.,1.));
#10894=DIRECTION('',(0.,0.,1.));
#10895=DIRECTION('',(0.,-1.,0.));
#10896=DIRECTION('',(0.,0.,1.));
#10897=DIRECTION('center_axis',(3.70074341541719E-16,0.,-1.));
#10898=DIRECTION('ref_axis',(1.,0.,3.70074341541719E-16));
#10899=DIRECTION('',(1.,0.,3.70074341541719E-16));
#10900=DIRECTION('',(0.,-1.,0.));
#10901=DIRECTION('',(1.,0.,3.70074341541719E-16));
#10902=DIRECTION('center_axis',(-1.,0.,0.));
#10903=DIRECTION('ref_axis',(0.,0.,-1.));
#10904=DIRECTION('',(0.,0.,-1.));
#10905=DIRECTION('',(0.,-1.,0.));
#10906=DIRECTION('',(0.,0.,-1.));
#10907=DIRECTION('center_axis',(-3.08395284618099E-16,0.,-1.));
#10908=DIRECTION('ref_axis',(1.,0.,-3.08395284618099E-16));
#10909=DIRECTION('',(1.,0.,-3.08395284618099E-16));
#10910=DIRECTION('',(0.,-1.,0.));
#10911=DIRECTION('',(1.,0.,-3.08395284618099E-16));
#10912=DIRECTION('center_axis',(-1.,0.,0.));
#10913=DIRECTION('ref_axis',(0.,0.,-1.));
#10914=DIRECTION('',(0.,0.,-1.));
#10915=DIRECTION('',(0.,-1.,0.));
#10916=DIRECTION('',(0.,0.,-1.));
#10917=DIRECTION('center_axis',(-4.93432455388959E-16,0.,1.));
#10918=DIRECTION('ref_axis',(-1.,0.,-4.93432455388959E-16));
#10919=DIRECTION('',(-1.,0.,-4.93432455388959E-16));
#10920=DIRECTION('',(-1.,0.,-4.93432455388959E-16));
#10921=DIRECTION('center_axis',(0.,-1.,0.));
#10922=DIRECTION('ref_axis',(0.,0.,-1.));
#10923=DIRECTION('center_axis',(0.,1.,0.));
#10924=DIRECTION('ref_axis',(0.,0.,1.));
#10925=DIRECTION('center_axis',(0.,-1.,0.));
#10926=DIRECTION('ref_axis',(1.,0.,0.));
#10927=DIRECTION('center_axis',(0.,-1.,0.));
#10928=DIRECTION('ref_axis',(1.,0.,0.));
#10929=DIRECTION('center_axis',(-1.,0.,-1.22464679914735E-16));
#10930=DIRECTION('ref_axis',(-1.22464679914735E-16,0.,1.));
#10931=DIRECTION('center_axis',(0.,-1.,0.));
#10932=DIRECTION('ref_axis',(1.,0.,0.));
#10933=DIRECTION('center_axis',(0.,-1.,0.));
#10934=DIRECTION('ref_axis',(0.,0.,1.));
#10935=DIRECTION('center_axis',(0.,-1.,0.));
#10936=DIRECTION('ref_axis',(1.,0.,0.));
#10937=DIRECTION('',(0.,1.,0.));
#10938=DIRECTION('center_axis',(0.,-1.,0.));
#10939=DIRECTION('ref_axis',(0.,0.,-1.));
#10940=DIRECTION('',(0.,0.,1.));
#10941=DIRECTION('',(1.,0.,0.));
#10942=DIRECTION('',(0.,0.,1.));
#10943=DIRECTION('',(1.,0.,0.));
#10944=DIRECTION('',(0.,0.,1.));
#10945=DIRECTION('',(1.,0.,0.));
#10946=DIRECTION('',(0.,0.,1.));
#10947=DIRECTION('',(1.,0.,0.));
#10948=DIRECTION('',(0.,0.,1.));
#10949=DIRECTION('',(1.,0.,0.));
#10950=DIRECTION('',(0.,0.,1.));
#10951=DIRECTION('',(1.,0.,0.));
#10952=DIRECTION('',(0.,0.,1.));
#10953=DIRECTION('',(1.,0.,0.));
#10954=DIRECTION('',(0.,0.,1.));
#10955=DIRECTION('',(1.,0.,0.));
#10956=DIRECTION('',(0.,0.,1.));
#10957=DIRECTION('',(1.,0.,0.));
#10958=CARTESIAN_POINT('',(0.,0.,0.));
#10959=CARTESIAN_POINT('',(0.,0.,0.));
#10960=CARTESIAN_POINT('Origin',(-5.75000000000001,1.55,-5.5));
#10961=CARTESIAN_POINT('',(-7.25000000000001,2.55,-5.5));
#10962=CARTESIAN_POINT('',(-5.75000000000001,2.55,-7.));
#10963=CARTESIAN_POINT('Origin',(-5.75000000000001,2.55,-5.5));
#10964=CARTESIAN_POINT('',(-5.75000000000001,1.55,-7.));
#10965=CARTESIAN_POINT('',(-5.75000000000001,1.55,-7.));
#10966=CARTESIAN_POINT('',(-7.25000000000001,1.55,-5.5));
#10967=CARTESIAN_POINT('Origin',(-5.75000000000001,1.55,-5.5));
#10968=CARTESIAN_POINT('',(-7.25000000000001,1.55,-5.5));
#10969=CARTESIAN_POINT('Origin',(9.74999999999999,1.55,-7.));
#10970=CARTESIAN_POINT('',(8.24999999999999,2.55,-7.));
#10971=CARTESIAN_POINT('',(9.74999999999999,2.55,-7.));
#10972=CARTESIAN_POINT('',(8.24999999999999,1.55,-7.));
#10973=CARTESIAN_POINT('',(8.24999999999999,1.55,-7.));
#10974=CARTESIAN_POINT('',(4.875,1.55,-7.));
#10975=CARTESIAN_POINT('Origin',(1.25,2.55,1.50000000000001));
#10976=CARTESIAN_POINT('',(-7.25,2.55,8.50000000000001));
#10977=CARTESIAN_POINT('',(-7.25000000000001,2.55,-7.));
#10978=CARTESIAN_POINT('',(-5.75,2.55,10.));
#10979=CARTESIAN_POINT('Origin',(-5.75,2.55,8.50000000000001));
#10980=CARTESIAN_POINT('',(8.25000000000001,2.55,10.));
#10981=CARTESIAN_POINT('',(-7.25,2.55,10.));
#10982=CARTESIAN_POINT('',(9.75,2.55,8.5));
#10983=CARTESIAN_POINT('Origin',(8.25,2.55,8.5));
#10984=CARTESIAN_POINT('',(9.74999999999999,2.55,-5.5));
#10985=CARTESIAN_POINT('',(9.75000000000001,2.55,10.));
#10986=CARTESIAN_POINT('Origin',(8.24999999999999,2.55,-5.5));
#10987=CARTESIAN_POINT('Origin',(-5.75,1.55,8.50000000000001));
#10988=CARTESIAN_POINT('',(-7.25,1.55,8.50000000000001));
#10989=CARTESIAN_POINT('',(-7.25,1.55,8.50000000000001));
#10990=CARTESIAN_POINT('',(-5.75,1.55,10.));
#10991=CARTESIAN_POINT('Origin',(-5.75,1.55,8.50000000000001));
#10992=CARTESIAN_POINT('',(-5.75,1.55,10.));
#10993=CARTESIAN_POINT('Origin',(-7.25,1.55,10.));
#10994=CARTESIAN_POINT('',(8.25000000000001,1.55,10.));
#10995=CARTESIAN_POINT('',(-3.625,1.55,10.));
#10996=CARTESIAN_POINT('',(8.25000000000001,1.55,10.));
#10997=CARTESIAN_POINT('Origin',(8.24999999999999,1.55,-5.5));
#10998=CARTESIAN_POINT('',(9.74999999999999,1.55,-5.5));
#10999=CARTESIAN_POINT('',(9.74999999999999,1.55,-5.5));
#11000=CARTESIAN_POINT('Origin',(8.24999999999999,1.55,-5.5));
#11001=CARTESIAN_POINT('Origin',(8.25,1.55,8.5));
#11002=CARTESIAN_POINT('',(9.75,1.55,8.5));
#11003=CARTESIAN_POINT('Origin',(8.25,1.55,8.5));
#11004=CARTESIAN_POINT('',(9.75,1.55,8.5));
#11005=CARTESIAN_POINT('Origin',(9.75000000000001,1.55,10.));
#11006=CARTESIAN_POINT('',(9.75,1.55,4.99999999999999));
#11007=CARTESIAN_POINT('Origin',(-7.25000000000001,1.55,-7.));
#11008=CARTESIAN_POINT('',(-7.25000000000001,1.55,-3.5));
#11009=CARTESIAN_POINT('Origin',(-22.98,1.55,-24.13));
#11010=CARTESIAN_POINT('',(-23.6871067811866,1.55,-24.13));
#11011=CARTESIAN_POINT('Origin',(-22.98,1.55,-24.13));
#11012=CARTESIAN_POINT('',(-23.6871067811866,0.,-24.13));
#11013=CARTESIAN_POINT('',(-23.6871067811866,1.55,-24.13));
#11014=CARTESIAN_POINT('Origin',(-22.98,0.,-24.13));
#11015=CARTESIAN_POINT('Origin',(-22.98,1.55,-21.59));
#11016=CARTESIAN_POINT('',(-23.6871067811866,1.55,-21.59));
#11017=CARTESIAN_POINT('Origin',(-22.98,1.55,-21.59));
#11018=CARTESIAN_POINT('',(-23.6871067811866,0.,-21.59));
#11019=CARTESIAN_POINT('',(-23.6871067811866,1.55,-21.59));
#11020=CARTESIAN_POINT('Origin',(-22.98,0.,-21.59));
#11021=CARTESIAN_POINT('Origin',(-22.98,1.55,-19.05));
#11022=CARTESIAN_POINT('',(-23.6871067811866,1.55,-19.05));
#11023=CARTESIAN_POINT('Origin',(-22.98,1.55,-19.05));
#11024=CARTESIAN_POINT('',(-23.6871067811866,0.,-19.05));
#11025=CARTESIAN_POINT('',(-23.6871067811866,1.55,-19.05));
#11026=CARTESIAN_POINT('Origin',(-22.98,0.,-19.05));
#11027=CARTESIAN_POINT('Origin',(-22.98,1.55,-16.51));
#11028=CARTESIAN_POINT('',(-23.6871067811866,1.55,-16.51));
#11029=CARTESIAN_POINT('Origin',(-22.98,1.55,-16.51));
#11030=CARTESIAN_POINT('',(-23.6871067811866,0.,-16.51));
#11031=CARTESIAN_POINT('',(-23.6871067811866,1.55,-16.51));
#11032=CARTESIAN_POINT('Origin',(-22.98,0.,-16.51));
#11033=CARTESIAN_POINT('Origin',(-22.98,1.55,-13.97));
#11034=CARTESIAN_POINT('',(-23.6871067811866,1.55,-13.97));
#11035=CARTESIAN_POINT('Origin',(-22.98,1.55,-13.97));
#11036=CARTESIAN_POINT('',(-23.6871067811866,0.,-13.97));
#11037=CARTESIAN_POINT('',(-23.6871067811866,1.55,-13.97));
#11038=CARTESIAN_POINT('Origin',(-22.98,0.,-13.97));
#11039=CARTESIAN_POINT('Origin',(-22.98,1.55,-11.43));
#11040=CARTESIAN_POINT('',(-23.6871067811866,1.55,-11.43));
#11041=CARTESIAN_POINT('Origin',(-22.98,1.55,-11.43));
#11042=CARTESIAN_POINT('',(-23.6871067811866,0.,-11.43));
#11043=CARTESIAN_POINT('',(-23.6871067811866,1.55,-11.43));
#11044=CARTESIAN_POINT('Origin',(-22.98,0.,-11.43));
#11045=CARTESIAN_POINT('Origin',(-22.98,1.55,-8.88999999999999));
#11046=CARTESIAN_POINT('',(-23.6871067811866,1.55,-8.88999999999999));
#11047=CARTESIAN_POINT('Origin',(-22.98,1.55,-8.88999999999999));
#11048=CARTESIAN_POINT('',(-23.6871067811866,0.,-8.88999999999999));
#11049=CARTESIAN_POINT('',(-23.6871067811866,1.55,-8.88999999999999));
#11050=CARTESIAN_POINT('Origin',(-22.98,0.,-8.88999999999999));
#11051=CARTESIAN_POINT('Origin',(-22.98,1.55,-6.34999999999999));
#11052=CARTESIAN_POINT('',(-23.6871067811866,1.55,-6.34999999999999));
#11053=CARTESIAN_POINT('Origin',(-22.98,1.55,-6.34999999999999));
#11054=CARTESIAN_POINT('',(-23.6871067811866,0.,-6.34999999999999));
#11055=CARTESIAN_POINT('',(-23.6871067811866,1.55,-6.34999999999999));
#11056=CARTESIAN_POINT('Origin',(-22.98,0.,-6.34999999999999));
#11057=CARTESIAN_POINT('Origin',(-22.98,1.55,-3.80999999999999));
#11058=CARTESIAN_POINT('',(-23.6871067811865,1.55,-3.80999999999999));
#11059=CARTESIAN_POINT('Origin',(-22.98,1.55,-3.80999999999999));
#11060=CARTESIAN_POINT('',(-23.6871067811865,0.,-3.80999999999999));
#11061=CARTESIAN_POINT('',(-23.6871067811865,1.55,-3.80999999999999));
#11062=CARTESIAN_POINT('Origin',(-22.98,0.,-3.80999999999999));
#11063=CARTESIAN_POINT('Origin',(-22.98,1.55,-1.26999999999999));
#11064=CARTESIAN_POINT('',(-23.6871067811865,1.55,-1.26999999999999));
#11065=CARTESIAN_POINT('Origin',(-22.98,1.55,-1.26999999999999));
#11066=CARTESIAN_POINT('',(-23.6871067811865,0.,-1.26999999999999));
#11067=CARTESIAN_POINT('',(-23.6871067811865,1.55,-1.26999999999999));
#11068=CARTESIAN_POINT('Origin',(-22.98,0.,-1.26999999999999));
#11069=CARTESIAN_POINT('Origin',(-22.98,1.55,1.27000000000001));
#11070=CARTESIAN_POINT('',(-23.6871067811865,1.55,1.27000000000001));
#11071=CARTESIAN_POINT('Origin',(-22.98,1.55,1.27000000000001));
#11072=CARTESIAN_POINT('',(-23.6871067811865,0.,1.27000000000001));
#11073=CARTESIAN_POINT('',(-23.6871067811865,1.55,1.27000000000001));
#11074=CARTESIAN_POINT('Origin',(-22.98,0.,1.27000000000001));
#11075=CARTESIAN_POINT('Origin',(-22.98,1.55,3.81000000000001));
#11076=CARTESIAN_POINT('',(-23.6871067811865,1.55,3.81000000000001));
#11077=CARTESIAN_POINT('Origin',(-22.98,1.55,3.81000000000001));
#11078=CARTESIAN_POINT('',(-23.6871067811865,0.,3.81000000000001));
#11079=CARTESIAN_POINT('',(-23.6871067811865,1.55,3.81000000000001));
#11080=CARTESIAN_POINT('Origin',(-22.98,0.,3.81000000000001));
#11081=CARTESIAN_POINT('Origin',(-22.98,1.55,6.35000000000001));
#11082=CARTESIAN_POINT('',(-23.6871067811865,1.55,6.35000000000001));
#11083=CARTESIAN_POINT('Origin',(-22.98,1.55,6.35000000000001));
#11084=CARTESIAN_POINT('',(-23.6871067811865,0.,6.35000000000001));
#11085=CARTESIAN_POINT('',(-23.6871067811865,1.55,6.35000000000001));
#11086=CARTESIAN_POINT('Origin',(-22.98,0.,6.35000000000001));
#11087=CARTESIAN_POINT('Origin',(-22.98,1.55,8.89000000000001));
#11088=CARTESIAN_POINT('',(-23.6871067811865,1.55,8.89000000000001));
#11089=CARTESIAN_POINT('Origin',(-22.98,1.55,8.89000000000001));
#11090=CARTESIAN_POINT('',(-23.6871067811865,0.,8.89000000000001));
#11091=CARTESIAN_POINT('',(-23.6871067811865,1.55,8.89000000000001));
#11092=CARTESIAN_POINT('Origin',(-22.98,0.,8.89000000000001));
#11093=CARTESIAN_POINT('Origin',(-22.98,1.55,11.43));
#11094=CARTESIAN_POINT('',(-23.6871067811865,1.55,11.43));
#11095=CARTESIAN_POINT('Origin',(-22.98,1.55,11.43));
#11096=CARTESIAN_POINT('',(-23.6871067811865,0.,11.43));
#11097=CARTESIAN_POINT('',(-23.6871067811865,1.55,11.43));
#11098=CARTESIAN_POINT('Origin',(-22.98,0.,11.43));
#11099=CARTESIAN_POINT('Origin',(-22.98,1.55,13.97));
#11100=CARTESIAN_POINT('',(-23.6871067811865,1.55,13.97));
#11101=CARTESIAN_POINT('Origin',(-22.98,1.55,13.97));
#11102=CARTESIAN_POINT('',(-23.6871067811865,0.,13.97));
#11103=CARTESIAN_POINT('',(-23.6871067811865,1.55,13.97));
#11104=CARTESIAN_POINT('Origin',(-22.98,0.,13.97));
#11105=CARTESIAN_POINT('Origin',(-22.98,1.55,16.51));
#11106=CARTESIAN_POINT('',(-23.6871067811865,1.55,16.51));
#11107=CARTESIAN_POINT('Origin',(-22.98,1.55,16.51));
#11108=CARTESIAN_POINT('',(-23.6871067811865,0.,16.51));
#11109=CARTESIAN_POINT('',(-23.6871067811865,1.55,16.51));
#11110=CARTESIAN_POINT('Origin',(-22.98,0.,16.51));
#11111=CARTESIAN_POINT('Origin',(-22.98,1.55,19.05));
#11112=CARTESIAN_POINT('',(-23.6871067811865,1.55,19.05));
#11113=CARTESIAN_POINT('Origin',(-22.98,1.55,19.05));
#11114=CARTESIAN_POINT('',(-23.6871067811865,0.,19.05));
#11115=CARTESIAN_POINT('',(-23.6871067811865,1.55,19.05));
#11116=CARTESIAN_POINT('Origin',(-22.98,0.,19.05));
#11117=CARTESIAN_POINT('Origin',(-22.98,1.55,21.59));
#11118=CARTESIAN_POINT('',(-23.6871067811865,1.55,21.59));
#11119=CARTESIAN_POINT('Origin',(-22.98,1.55,21.59));
#11120=CARTESIAN_POINT('',(-23.6871067811865,0.,21.59));
#11121=CARTESIAN_POINT('',(-23.6871067811865,1.55,21.59));
#11122=CARTESIAN_POINT('Origin',(-22.98,0.,21.59));
#11123=CARTESIAN_POINT('Origin',(-22.98,1.55,24.13));
#11124=CARTESIAN_POINT('',(-23.6871067811865,1.55,24.13));
#11125=CARTESIAN_POINT('Origin',(-22.98,1.55,24.13));
#11126=CARTESIAN_POINT('',(-23.6871067811865,0.,24.13));
#11127=CARTESIAN_POINT('',(-23.6871067811865,1.55,24.13));
#11128=CARTESIAN_POINT('Origin',(-22.98,0.,24.13));
#11129=CARTESIAN_POINT('Origin',(-25.52,1.55,-24.13));
#11130=CARTESIAN_POINT('',(-26.2271067811866,1.55,-24.13));
#11131=CARTESIAN_POINT('Origin',(-25.52,1.55,-24.13));
#11132=CARTESIAN_POINT('',(-26.2271067811866,0.,-24.13));
#11133=CARTESIAN_POINT('',(-26.2271067811866,1.55,-24.13));
#11134=CARTESIAN_POINT('Origin',(-25.52,0.,-24.13));
#11135=CARTESIAN_POINT('Origin',(-25.52,1.55,-21.59));
#11136=CARTESIAN_POINT('',(-26.2271067811866,1.55,-21.59));
#11137=CARTESIAN_POINT('Origin',(-25.52,1.55,-21.59));
#11138=CARTESIAN_POINT('',(-26.2271067811866,0.,-21.59));
#11139=CARTESIAN_POINT('',(-26.2271067811866,1.55,-21.59));
#11140=CARTESIAN_POINT('Origin',(-25.52,0.,-21.59));
#11141=CARTESIAN_POINT('Origin',(-25.52,1.55,-19.05));
#11142=CARTESIAN_POINT('',(-26.2271067811865,1.55,-19.05));
#11143=CARTESIAN_POINT('Origin',(-25.52,1.55,-19.05));
#11144=CARTESIAN_POINT('',(-26.2271067811865,0.,-19.05));
#11145=CARTESIAN_POINT('',(-26.2271067811865,1.55,-19.05));
#11146=CARTESIAN_POINT('Origin',(-25.52,0.,-19.05));
#11147=CARTESIAN_POINT('Origin',(-25.52,1.55,-16.51));
#11148=CARTESIAN_POINT('',(-26.2271067811865,1.55,-16.51));
#11149=CARTESIAN_POINT('Origin',(-25.52,1.55,-16.51));
#11150=CARTESIAN_POINT('',(-26.2271067811865,0.,-16.51));
#11151=CARTESIAN_POINT('',(-26.2271067811865,1.55,-16.51));
#11152=CARTESIAN_POINT('Origin',(-25.52,0.,-16.51));
#11153=CARTESIAN_POINT('Origin',(-25.52,1.55,-13.97));
#11154=CARTESIAN_POINT('',(-26.2271067811865,1.55,-13.97));
#11155=CARTESIAN_POINT('Origin',(-25.52,1.55,-13.97));
#11156=CARTESIAN_POINT('',(-26.2271067811865,0.,-13.97));
#11157=CARTESIAN_POINT('',(-26.2271067811865,1.55,-13.97));
#11158=CARTESIAN_POINT('Origin',(-25.52,0.,-13.97));
#11159=CARTESIAN_POINT('Origin',(-25.52,1.55,-11.43));
#11160=CARTESIAN_POINT('',(-26.2271067811865,1.55,-11.43));
#11161=CARTESIAN_POINT('Origin',(-25.52,1.55,-11.43));
#11162=CARTESIAN_POINT('',(-26.2271067811865,0.,-11.43));
#11163=CARTESIAN_POINT('',(-26.2271067811865,1.55,-11.43));
#11164=CARTESIAN_POINT('Origin',(-25.52,0.,-11.43));
#11165=CARTESIAN_POINT('Origin',(-25.52,1.55,-8.88999999999999));
#11166=CARTESIAN_POINT('',(-26.2271067811865,1.55,-8.88999999999999));
#11167=CARTESIAN_POINT('Origin',(-25.52,1.55,-8.88999999999999));
#11168=CARTESIAN_POINT('',(-26.2271067811865,0.,-8.88999999999999));
#11169=CARTESIAN_POINT('',(-26.2271067811865,1.55,-8.88999999999999));
#11170=CARTESIAN_POINT('Origin',(-25.52,0.,-8.88999999999999));
#11171=CARTESIAN_POINT('Origin',(-25.52,1.55,-6.34999999999999));
#11172=CARTESIAN_POINT('',(-26.2271067811865,1.55,-6.34999999999999));
#11173=CARTESIAN_POINT('Origin',(-25.52,1.55,-6.34999999999999));
#11174=CARTESIAN_POINT('',(-26.2271067811865,0.,-6.34999999999999));
#11175=CARTESIAN_POINT('',(-26.2271067811865,1.55,-6.34999999999999));
#11176=CARTESIAN_POINT('Origin',(-25.52,0.,-6.34999999999999));
#11177=CARTESIAN_POINT('Origin',(-25.52,1.55,-3.80999999999999));
#11178=CARTESIAN_POINT('',(-26.2271067811865,1.55,-3.80999999999999));
#11179=CARTESIAN_POINT('Origin',(-25.52,1.55,-3.80999999999999));
#11180=CARTESIAN_POINT('',(-26.2271067811865,0.,-3.80999999999999));
#11181=CARTESIAN_POINT('',(-26.2271067811865,1.55,-3.80999999999999));
#11182=CARTESIAN_POINT('Origin',(-25.52,0.,-3.80999999999999));
#11183=CARTESIAN_POINT('Origin',(-25.52,1.55,-1.26999999999999));
#11184=CARTESIAN_POINT('',(-26.2271067811865,1.55,-1.26999999999999));
#11185=CARTESIAN_POINT('Origin',(-25.52,1.55,-1.26999999999999));
#11186=CARTESIAN_POINT('',(-26.2271067811865,0.,-1.26999999999999));
#11187=CARTESIAN_POINT('',(-26.2271067811865,1.55,-1.26999999999999));
#11188=CARTESIAN_POINT('Origin',(-25.52,0.,-1.26999999999999));
#11189=CARTESIAN_POINT('Origin',(-25.52,1.55,1.27000000000001));
#11190=CARTESIAN_POINT('',(-26.2271067811865,1.55,1.27000000000001));
#11191=CARTESIAN_POINT('Origin',(-25.52,1.55,1.27000000000001));
#11192=CARTESIAN_POINT('',(-26.2271067811865,0.,1.27000000000001));
#11193=CARTESIAN_POINT('',(-26.2271067811865,1.55,1.27000000000001));
#11194=CARTESIAN_POINT('Origin',(-25.52,0.,1.27000000000001));
#11195=CARTESIAN_POINT('Origin',(-25.52,1.55,3.81000000000001));
#11196=CARTESIAN_POINT('',(-26.2271067811865,1.55,3.81000000000001));
#11197=CARTESIAN_POINT('Origin',(-25.52,1.55,3.81000000000001));
#11198=CARTESIAN_POINT('',(-26.2271067811865,0.,3.81000000000001));
#11199=CARTESIAN_POINT('',(-26.2271067811865,1.55,3.81000000000001));
#11200=CARTESIAN_POINT('Origin',(-25.52,0.,3.81000000000001));
#11201=CARTESIAN_POINT('Origin',(-25.52,1.55,6.35000000000001));
#11202=CARTESIAN_POINT('',(-26.2271067811865,1.55,6.35000000000001));
#11203=CARTESIAN_POINT('Origin',(-25.52,1.55,6.35000000000001));
#11204=CARTESIAN_POINT('',(-26.2271067811865,0.,6.35000000000001));
#11205=CARTESIAN_POINT('',(-26.2271067811865,1.55,6.35000000000001));
#11206=CARTESIAN_POINT('Origin',(-25.52,0.,6.35000000000001));
#11207=CARTESIAN_POINT('Origin',(-25.52,1.55,8.89000000000001));
#11208=CARTESIAN_POINT('',(-26.2271067811865,1.55,8.89000000000001));
#11209=CARTESIAN_POINT('Origin',(-25.52,1.55,8.89000000000001));
#11210=CARTESIAN_POINT('',(-26.2271067811865,0.,8.89000000000001));
#11211=CARTESIAN_POINT('',(-26.2271067811865,1.55,8.89000000000001));
#11212=CARTESIAN_POINT('Origin',(-25.52,0.,8.89000000000001));
#11213=CARTESIAN_POINT('Origin',(-25.52,1.55,11.43));
#11214=CARTESIAN_POINT('',(-26.2271067811865,1.55,11.43));
#11215=CARTESIAN_POINT('Origin',(-25.52,1.55,11.43));
#11216=CARTESIAN_POINT('',(-26.2271067811865,0.,11.43));
#11217=CARTESIAN_POINT('',(-26.2271067811865,1.55,11.43));
#11218=CARTESIAN_POINT('Origin',(-25.52,0.,11.43));
#11219=CARTESIAN_POINT('Origin',(-25.52,1.55,13.97));
#11220=CARTESIAN_POINT('',(-26.2271067811865,1.55,13.97));
#11221=CARTESIAN_POINT('Origin',(-25.52,1.55,13.97));
#11222=CARTESIAN_POINT('',(-26.2271067811865,0.,13.97));
#11223=CARTESIAN_POINT('',(-26.2271067811865,1.55,13.97));
#11224=CARTESIAN_POINT('Origin',(-25.52,0.,13.97));
#11225=CARTESIAN_POINT('Origin',(-25.52,1.55,16.51));
#11226=CARTESIAN_POINT('',(-26.2271067811865,1.55,16.51));
#11227=CARTESIAN_POINT('Origin',(-25.52,1.55,16.51));
#11228=CARTESIAN_POINT('',(-26.2271067811865,0.,16.51));
#11229=CARTESIAN_POINT('',(-26.2271067811865,1.55,16.51));
#11230=CARTESIAN_POINT('Origin',(-25.52,0.,16.51));
#11231=CARTESIAN_POINT('Origin',(-25.52,1.55,19.05));
#11232=CARTESIAN_POINT('',(-26.2271067811865,1.55,19.05));
#11233=CARTESIAN_POINT('Origin',(-25.52,1.55,19.05));
#11234=CARTESIAN_POINT('',(-26.2271067811865,0.,19.05));
#11235=CARTESIAN_POINT('',(-26.2271067811865,1.55,19.05));
#11236=CARTESIAN_POINT('Origin',(-25.52,0.,19.05));
#11237=CARTESIAN_POINT('Origin',(-25.52,1.55,21.59));
#11238=CARTESIAN_POINT('',(-26.2271067811865,1.55,21.59));
#11239=CARTESIAN_POINT('Origin',(-25.52,1.55,21.59));
#11240=CARTESIAN_POINT('',(-26.2271067811865,0.,21.59));
#11241=CARTESIAN_POINT('',(-26.2271067811865,1.55,21.59));
#11242=CARTESIAN_POINT('Origin',(-25.52,0.,21.59));
#11243=CARTESIAN_POINT('Origin',(-25.52,1.55,24.13));
#11244=CARTESIAN_POINT('',(-26.2271067811865,1.55,24.13));
#11245=CARTESIAN_POINT('Origin',(-25.52,1.55,24.13));
#11246=CARTESIAN_POINT('',(-26.2271067811865,0.,24.13));
#11247=CARTESIAN_POINT('',(-26.2271067811865,1.55,24.13));
#11248=CARTESIAN_POINT('Origin',(-25.52,0.,24.13));
#11249=CARTESIAN_POINT('Origin',(0.,0.,0.));
#11250=CARTESIAN_POINT('',(27.75,0.,-29.));
#11251=CARTESIAN_POINT('Origin',(24.75,0.,-29.));
#11252=CARTESIAN_POINT('',(23.5,0.,-29.));
#11253=CARTESIAN_POINT('Origin',(24.75,0.,-29.));
#11254=CARTESIAN_POINT('Origin',(0.,1.55,0.));
#11255=CARTESIAN_POINT('',(27.75,1.55,-29.));
#11256=CARTESIAN_POINT('Origin',(24.75,1.55,-29.));
#11257=CARTESIAN_POINT('',(23.5,1.55,-29.));
#11258=CARTESIAN_POINT('Origin',(24.75,1.55,-29.));
#11259=CARTESIAN_POINT('Origin',(0.,0.,0.));
#11260=CARTESIAN_POINT('',(-21.25,0.,-29.));
#11261=CARTESIAN_POINT('Origin',(-24.25,0.,-29.));
#11262=CARTESIAN_POINT('',(-25.5,0.,-29.));
#11263=CARTESIAN_POINT('Origin',(-24.25,0.,-29.));
#11264=CARTESIAN_POINT('Origin',(0.,1.55,0.));
#11265=CARTESIAN_POINT('',(-21.25,1.55,-29.));
#11266=CARTESIAN_POINT('Origin',(-24.25,1.55,-29.));
#11267=CARTESIAN_POINT('',(-25.5,1.55,-29.));
#11268=CARTESIAN_POINT('Origin',(-24.25,1.55,-29.));
#11269=CARTESIAN_POINT('Origin',(0.,0.,0.));
#11270=CARTESIAN_POINT('',(27.75,0.,29.));
#11271=CARTESIAN_POINT('Origin',(24.75,0.,29.));
#11272=CARTESIAN_POINT('',(23.5,0.,29.));
#11273=CARTESIAN_POINT('Origin',(24.75,0.,29.));
#11274=CARTESIAN_POINT('Origin',(0.,1.55,0.));
#11275=CARTESIAN_POINT('',(27.75,1.55,29.));
#11276=CARTESIAN_POINT('Origin',(24.75,1.55,29.));
#11277=CARTESIAN_POINT('',(23.5,1.55,29.));
#11278=CARTESIAN_POINT('Origin',(24.75,1.55,29.));
#11279=CARTESIAN_POINT('Origin',(0.,0.,0.));
#11280=CARTESIAN_POINT('',(-21.25,0.,29.));
#11281=CARTESIAN_POINT('Origin',(-24.25,0.,29.));
#11282=CARTESIAN_POINT('',(-25.5,0.,29.));
#11283=CARTESIAN_POINT('Origin',(-24.25,0.,29.));
#11284=CARTESIAN_POINT('Origin',(0.,1.55,0.));
#11285=CARTESIAN_POINT('',(-21.25,1.55,29.));
#11286=CARTESIAN_POINT('Origin',(-24.25,1.55,29.));
#11287=CARTESIAN_POINT('',(-25.5,1.55,29.));
#11288=CARTESIAN_POINT('Origin',(-24.25,1.55,29.));
#11289=CARTESIAN_POINT('Origin',(10.9659311173917,0.,-16.));
#11290=CARTESIAN_POINT('',(10.9659311173917,0.,-15.));
#11291=CARTESIAN_POINT('',(9.96593111739168,0.,-16.));
#11292=CARTESIAN_POINT('Origin',(10.9659311173917,0.,-16.));
#11293=CARTESIAN_POINT('',(9.96593111739168,1.55,-16.));
#11294=CARTESIAN_POINT('',(9.96593111739168,0.,-16.));
#11295=CARTESIAN_POINT('',(10.9659311173917,1.55,-15.));
#11296=CARTESIAN_POINT('Origin',(10.9659311173917,1.55,-16.));
#11297=CARTESIAN_POINT('',(10.9659311173917,0.,-15.));
#11298=CARTESIAN_POINT('Origin',(9.96593111739168,0.,-15.));
#11299=CARTESIAN_POINT('',(9.96593111739168,0.,-24.));
#11300=CARTESIAN_POINT('',(9.96593111739168,0.,-15.));
#11301=CARTESIAN_POINT('',(9.96593111739168,1.55,-24.));
#11302=CARTESIAN_POINT('',(9.96593111739168,0.,-24.));
#11303=CARTESIAN_POINT('',(9.96593111739168,1.55,-15.));
#11304=CARTESIAN_POINT('Origin',(27.25,0.,-14.));
#11305=CARTESIAN_POINT('',(27.25,1.55,-15.));
#11306=CARTESIAN_POINT('',(28.25,1.55,-14.));
#11307=CARTESIAN_POINT('Origin',(27.25,1.55,-14.));
#11308=CARTESIAN_POINT('',(28.25,0.,-14.));
#11309=CARTESIAN_POINT('',(28.25,0.,-14.));
#11310=CARTESIAN_POINT('',(27.25,0.,-15.));
#11311=CARTESIAN_POINT('Origin',(27.25,0.,-14.));
#11312=CARTESIAN_POINT('',(27.25,0.,-15.));
#11313=CARTESIAN_POINT('Origin',(28.25,0.,-15.));
#11314=CARTESIAN_POINT('',(28.25,1.55,-15.));
#11315=CARTESIAN_POINT('',(28.25,0.,-15.));
#11316=CARTESIAN_POINT('Origin',(0.,0.,0.));
#11317=CARTESIAN_POINT('',(28.25,0.,29.5));
#11318=CARTESIAN_POINT('',(28.25,0.,32.5));
#11319=CARTESIAN_POINT('',(25.25,0.,32.5));
#11320=CARTESIAN_POINT('Origin',(25.25,0.,29.5));
#11321=CARTESIAN_POINT('',(8.25000000000002,0.,32.5));
#11322=CARTESIAN_POINT('',(7.25000000000001,0.,32.5));
#11323=CARTESIAN_POINT('',(7.25000000000002,0.,31.5));
#11324=CARTESIAN_POINT('Origin',(8.25000000000002,0.,31.5));
#11325=CARTESIAN_POINT('',(7.25000000000002,0.,28.5));
#11326=CARTESIAN_POINT('',(7.25000000000002,0.,27.5));
#11327=CARTESIAN_POINT('',(6.25000000000002,0.,27.5));
#11328=CARTESIAN_POINT('Origin',(6.25000000000002,0.,28.5));
#11329=CARTESIAN_POINT('',(-9.74999999999998,0.,27.5));
#11330=CARTESIAN_POINT('',(-10.75,0.,27.5));
#11331=CARTESIAN_POINT('',(-10.75,0.,28.5));
#11332=CARTESIAN_POINT('Origin',(-9.74999999999998,0.,28.5));
#11333=CARTESIAN_POINT('',(-10.75,0.,31.5));
#11334=CARTESIAN_POINT('',(-10.75,0.,32.5));
#11335=CARTESIAN_POINT('',(-11.75,0.,32.5));
#11336=CARTESIAN_POINT('Origin',(-11.75,0.,31.5));
#11337=CARTESIAN_POINT('',(-25.25,0.,32.5));
#11338=CARTESIAN_POINT('',(-28.25,0.,32.5));
#11339=CARTESIAN_POINT('',(-28.25,0.,29.5));
#11340=CARTESIAN_POINT('Origin',(-25.25,0.,29.5));
#11341=CARTESIAN_POINT('',(-28.25,0.,-29.5));
#11342=CARTESIAN_POINT('',(-28.25,0.,-32.5));
#11343=CARTESIAN_POINT('',(-25.25,0.,-32.5));
#11344=CARTESIAN_POINT('Origin',(-25.25,0.,-29.5));
#11345=CARTESIAN_POINT('',(25.25,0.,-32.5));
#11346=CARTESIAN_POINT('',(28.25,0.,-32.5));
#11347=CARTESIAN_POINT('',(28.25,0.,-29.5));
#11348=CARTESIAN_POINT('Origin',(25.25,0.,-29.5));
#11349=CARTESIAN_POINT('',(28.25,0.,-26.));
#11350=CARTESIAN_POINT('',(28.25,0.,-25.));
#11351=CARTESIAN_POINT('',(27.25,0.,-25.));
#11352=CARTESIAN_POINT('Origin',(27.25,0.,-26.));
#11353=CARTESIAN_POINT('',(10.9659311173917,0.,-25.));
#11354=CARTESIAN_POINT('',(9.96593111739168,0.,-25.));
#11355=CARTESIAN_POINT('Origin',(10.9659311173917,0.,-24.));
#11356=CARTESIAN_POINT('',(-20.,0.,-29.));
#11357=CARTESIAN_POINT('Origin',(-18.25,0.,-29.));
#11358=CARTESIAN_POINT('',(-11.75,0.,-10.));
#11359=CARTESIAN_POINT('Origin',(-10.25,0.,-10.));
#11360=CARTESIAN_POINT('',(11.25,0.,13.));
#11361=CARTESIAN_POINT('Origin',(12.75,0.,13.));
#11362=CARTESIAN_POINT('',(17.,0.,29.));
#11363=CARTESIAN_POINT('Origin',(18.75,0.,29.));
#11364=CARTESIAN_POINT('Origin',(27.25,0.,-26.));
#11365=CARTESIAN_POINT('',(28.25,1.55,-26.));
#11366=CARTESIAN_POINT('',(27.25,1.55,-25.));
#11367=CARTESIAN_POINT('Origin',(27.25,1.55,-26.));
#11368=CARTESIAN_POINT('',(27.25,0.,-25.));
#11369=CARTESIAN_POINT('',(28.25,0.,-26.));
#11370=CARTESIAN_POINT('Origin',(9.96593111739168,0.,-25.));
#11371=CARTESIAN_POINT('',(10.9659311173917,1.55,-25.));
#11372=CARTESIAN_POINT('',(9.96593111739168,1.55,-25.));
#11373=CARTESIAN_POINT('',(10.9659311173917,0.,-25.));
#11374=CARTESIAN_POINT('Origin',(10.9659311173917,0.,-24.));
#11375=CARTESIAN_POINT('Origin',(10.9659311173917,1.55,-24.));
#11376=CARTESIAN_POINT('Origin',(-11.75,0.,31.5));
#11377=CARTESIAN_POINT('',(-10.75,1.55,31.5));
#11378=CARTESIAN_POINT('',(-11.75,1.55,32.5));
#11379=CARTESIAN_POINT('Origin',(-11.75,1.55,31.5));
#11380=CARTESIAN_POINT('',(-11.75,0.,32.5));
#11381=CARTESIAN_POINT('',(-10.75,0.,31.5));
#11382=CARTESIAN_POINT('Origin',(-10.75,0.,32.5));
#11383=CARTESIAN_POINT('',(-10.75,1.55,28.5));
#11384=CARTESIAN_POINT('',(-10.75,0.,28.5));
#11385=CARTESIAN_POINT('',(-10.75,1.55,32.5));
#11386=CARTESIAN_POINT('Origin',(-9.74999999999998,0.,28.5));
#11387=CARTESIAN_POINT('',(-9.74999999999998,1.55,27.5));
#11388=CARTESIAN_POINT('',(-9.74999999999998,0.,27.5));
#11389=CARTESIAN_POINT('Origin',(-9.74999999999998,1.55,28.5));
#11390=CARTESIAN_POINT('Origin',(-10.75,0.,27.5));
#11391=CARTESIAN_POINT('',(6.25000000000002,1.55,27.5));
#11392=CARTESIAN_POINT('',(6.25000000000002,0.,27.5));
#11393=CARTESIAN_POINT('',(-10.75,1.55,27.5));
#11394=CARTESIAN_POINT('Origin',(6.25000000000002,0.,28.5));
#11395=CARTESIAN_POINT('',(7.25000000000002,1.55,28.5));
#11396=CARTESIAN_POINT('',(7.25000000000002,0.,28.5));
#11397=CARTESIAN_POINT('Origin',(6.25000000000002,1.55,28.5));
#11398=CARTESIAN_POINT('Origin',(7.25000000000002,0.,27.5));
#11399=CARTESIAN_POINT('',(7.25000000000002,1.55,31.5));
#11400=CARTESIAN_POINT('',(7.25000000000002,0.,31.5));
#11401=CARTESIAN_POINT('',(7.25000000000002,1.55,27.5));
#11402=CARTESIAN_POINT('Origin',(8.25000000000002,0.,31.5));
#11403=CARTESIAN_POINT('',(8.25000000000002,1.55,32.5));
#11404=CARTESIAN_POINT('Origin',(8.25000000000002,1.55,31.5));
#11405=CARTESIAN_POINT('',(8.25000000000002,0.,32.5));
#11406=CARTESIAN_POINT('Origin',(7.25000000000002,0.,32.5));
#11407=CARTESIAN_POINT('',(25.25,1.55,32.5));
#11408=CARTESIAN_POINT('',(25.25,0.,32.5));
#11409=CARTESIAN_POINT('',(7.25000000000001,1.55,32.5));
#11410=CARTESIAN_POINT('Origin',(-25.25,0.,-29.5));
#11411=CARTESIAN_POINT('',(-28.25,1.55,-29.5));
#11412=CARTESIAN_POINT('',(-25.25,1.55,-32.5));
#11413=CARTESIAN_POINT('Origin',(-25.25,1.55,-29.5));
#11414=CARTESIAN_POINT('',(-25.25,0.,-32.5));
#11415=CARTESIAN_POINT('',(-28.25,0.,-29.5));
#11416=CARTESIAN_POINT('Origin',(28.25,0.,-32.5));
#11417=CARTESIAN_POINT('',(25.25,1.55,-32.5));
#11418=CARTESIAN_POINT('',(28.25,1.55,-32.5));
#11419=CARTESIAN_POINT('',(25.25,0.,-32.5));
#11420=CARTESIAN_POINT('Origin',(25.25,0.,-29.5));
#11421=CARTESIAN_POINT('',(28.25,1.55,-29.5));
#11422=CARTESIAN_POINT('Origin',(25.25,1.55,-29.5));
#11423=CARTESIAN_POINT('',(28.25,0.,-29.5));
#11424=CARTESIAN_POINT('Origin',(-25.25,0.,29.5));
#11425=CARTESIAN_POINT('',(-25.25,1.55,32.5));
#11426=CARTESIAN_POINT('',(-28.25,1.55,29.5));
#11427=CARTESIAN_POINT('Origin',(-25.25,1.55,29.5));
#11428=CARTESIAN_POINT('',(-28.25,0.,29.5));
#11429=CARTESIAN_POINT('',(-25.25,0.,32.5));
#11430=CARTESIAN_POINT('Origin',(-28.25,0.,32.5));
#11431=CARTESIAN_POINT('',(-28.25,1.55,32.5));
#11432=CARTESIAN_POINT('Origin',(25.25,0.,29.5));
#11433=CARTESIAN_POINT('',(28.25,1.55,29.5));
#11434=CARTESIAN_POINT('Origin',(25.25,1.55,29.5));
#11435=CARTESIAN_POINT('',(28.25,0.,29.5));
#11436=CARTESIAN_POINT('Origin',(-24.25,0.,29.));
#11437=CARTESIAN_POINT('',(-25.5,0.,29.));
#11438=CARTESIAN_POINT('Origin',(18.75,0.,29.));
#11439=CARTESIAN_POINT('',(17.,1.55,29.));
#11440=CARTESIAN_POINT('Origin',(18.75,1.55,29.));
#11441=CARTESIAN_POINT('',(17.,0.,29.));
#11442=CARTESIAN_POINT('Origin',(12.75,0.,13.));
#11443=CARTESIAN_POINT('',(11.25,1.55,13.));
#11444=CARTESIAN_POINT('Origin',(12.75,1.55,13.));
#11445=CARTESIAN_POINT('',(11.25,0.,13.));
#11446=CARTESIAN_POINT('Origin',(-10.25,0.,-10.));
#11447=CARTESIAN_POINT('',(-11.75,1.55,-10.));
#11448=CARTESIAN_POINT('Origin',(-10.25,1.55,-10.));
#11449=CARTESIAN_POINT('',(-11.75,0.,-10.));
#11450=CARTESIAN_POINT('Origin',(-18.25,0.,-29.));
#11451=CARTESIAN_POINT('',(-20.,1.55,-29.));
#11452=CARTESIAN_POINT('Origin',(-18.25,1.55,-29.));
#11453=CARTESIAN_POINT('',(-20.,0.,-29.));
#11454=CARTESIAN_POINT('Origin',(-24.25,0.,-29.));
#11455=CARTESIAN_POINT('',(-25.5,0.,-29.));
#11456=CARTESIAN_POINT('Origin',(24.75,0.,-29.));
#11457=CARTESIAN_POINT('',(23.5,0.,-29.));
#11458=CARTESIAN_POINT('Origin',(24.75,0.,29.));
#11459=CARTESIAN_POINT('',(23.5,0.,29.));
#11460=CARTESIAN_POINT('Origin',(-28.25,0.,-32.5));
#11461=CARTESIAN_POINT('',(-28.25,1.55,-32.5));
#11462=CARTESIAN_POINT('Origin',(28.25,0.,-25.));
#11463=CARTESIAN_POINT('',(28.25,1.55,-25.));
#11464=CARTESIAN_POINT('Origin',(28.25,0.,32.5));
#11465=CARTESIAN_POINT('',(28.25,1.55,32.5));
#11466=CARTESIAN_POINT('Origin',(0.,1.55,0.));
#11467=CARTESIAN_POINT('Origin',(-22.48,6.05,-23.63));
#11468=CARTESIAN_POINT('',(-23.48,1.55,-23.63));
#11469=CARTESIAN_POINT('',(-22.48,1.55,-23.63));
#11470=CARTESIAN_POINT('',(-23.365,1.55,-23.63));
#11471=CARTESIAN_POINT('',(-23.48,6.05,-23.63));
#11472=CARTESIAN_POINT('',(-23.48,6.05,-23.63));
#11473=CARTESIAN_POINT('',(-22.48,6.05,-23.63));
#11474=CARTESIAN_POINT('',(-23.365,6.05,-23.63));
#11475=CARTESIAN_POINT('',(-22.48,6.05,-23.63));
#11476=CARTESIAN_POINT('Origin',(-22.48,6.05,-24.63));
#11477=CARTESIAN_POINT('',(-22.48,1.55,-24.63));
#11478=CARTESIAN_POINT('',(-22.48,1.55,-12.315));
#11479=CARTESIAN_POINT('',(-22.48,6.05,-24.63));
#11480=CARTESIAN_POINT('',(-22.48,6.05,-12.315));
#11481=CARTESIAN_POINT('',(-22.48,6.05,-24.63));
#11482=CARTESIAN_POINT('Origin',(-23.48,6.05,-24.63));
#11483=CARTESIAN_POINT('',(-23.48,1.55,-24.63));
#11484=CARTESIAN_POINT('',(-23.865,1.55,-24.63));
#11485=CARTESIAN_POINT('',(-23.48,6.05,-24.63));
#11486=CARTESIAN_POINT('',(-23.865,6.05,-24.63));
#11487=CARTESIAN_POINT('',(-23.48,6.05,-24.63));
#11488=CARTESIAN_POINT('Origin',(-23.48,6.05,-23.63));
#11489=CARTESIAN_POINT('',(-23.48,1.55,-11.815));
#11490=CARTESIAN_POINT('',(-23.48,6.05,-11.815));
#11491=CARTESIAN_POINT('Origin',(-22.48,6.05,-21.09));
#11492=CARTESIAN_POINT('',(-23.48,1.55,-21.09));
#11493=CARTESIAN_POINT('',(-22.48,1.55,-21.09));
#11494=CARTESIAN_POINT('',(-23.365,1.55,-21.09));
#11495=CARTESIAN_POINT('',(-23.48,6.05,-21.09));
#11496=CARTESIAN_POINT('',(-23.48,6.05,-21.09));
#11497=CARTESIAN_POINT('',(-22.48,6.05,-21.09));
#11498=CARTESIAN_POINT('',(-23.365,6.05,-21.09));
#11499=CARTESIAN_POINT('',(-22.48,6.05,-21.09));
#11500=CARTESIAN_POINT('Origin',(-22.48,6.05,-22.09));
#11501=CARTESIAN_POINT('',(-22.48,1.55,-22.09));
#11502=CARTESIAN_POINT('',(-22.48,1.55,-11.045));
#11503=CARTESIAN_POINT('',(-22.48,6.05,-22.09));
#11504=CARTESIAN_POINT('',(-22.48,6.05,-11.045));
#11505=CARTESIAN_POINT('',(-22.48,6.05,-22.09));
#11506=CARTESIAN_POINT('Origin',(-23.48,6.05,-22.09));
#11507=CARTESIAN_POINT('',(-23.48,1.55,-22.09));
#11508=CARTESIAN_POINT('',(-23.865,1.55,-22.09));
#11509=CARTESIAN_POINT('',(-23.48,6.05,-22.09));
#11510=CARTESIAN_POINT('',(-23.865,6.05,-22.09));
#11511=CARTESIAN_POINT('',(-23.48,6.05,-22.09));
#11512=CARTESIAN_POINT('Origin',(-23.48,6.05,-21.09));
#11513=CARTESIAN_POINT('',(-23.48,1.55,-10.545));
#11514=CARTESIAN_POINT('',(-23.48,6.05,-10.545));
#11515=CARTESIAN_POINT('Origin',(-22.48,6.05,-18.55));
#11516=CARTESIAN_POINT('',(-23.48,1.55,-18.55));
#11517=CARTESIAN_POINT('',(-22.48,1.55,-18.55));
#11518=CARTESIAN_POINT('',(-23.365,1.55,-18.55));
#11519=CARTESIAN_POINT('',(-23.48,6.05,-18.55));
#11520=CARTESIAN_POINT('',(-23.48,6.05,-18.55));
#11521=CARTESIAN_POINT('',(-22.48,6.05,-18.55));
#11522=CARTESIAN_POINT('',(-23.365,6.05,-18.55));
#11523=CARTESIAN_POINT('',(-22.48,6.05,-18.55));
#11524=CARTESIAN_POINT('Origin',(-22.48,6.05,-19.55));
#11525=CARTESIAN_POINT('',(-22.48,1.55,-19.55));
#11526=CARTESIAN_POINT('',(-22.48,1.55,-9.77499999999998));
#11527=CARTESIAN_POINT('',(-22.48,6.05,-19.55));
#11528=CARTESIAN_POINT('',(-22.48,6.05,-9.77499999999998));
#11529=CARTESIAN_POINT('',(-22.48,6.05,-19.55));
#11530=CARTESIAN_POINT('Origin',(-23.48,6.05,-19.55));
#11531=CARTESIAN_POINT('',(-23.48,1.55,-19.55));
#11532=CARTESIAN_POINT('',(-23.865,1.55,-19.55));
#11533=CARTESIAN_POINT('',(-23.48,6.05,-19.55));
#11534=CARTESIAN_POINT('',(-23.865,6.05,-19.55));
#11535=CARTESIAN_POINT('',(-23.48,6.05,-19.55));
#11536=CARTESIAN_POINT('Origin',(-23.48,6.05,-18.55));
#11537=CARTESIAN_POINT('',(-23.48,1.55,-9.27499999999998));
#11538=CARTESIAN_POINT('',(-23.48,6.05,-9.27499999999998));
#11539=CARTESIAN_POINT('Origin',(-22.48,6.05,-16.01));
#11540=CARTESIAN_POINT('',(-23.48,1.55,-16.01));
#11541=CARTESIAN_POINT('',(-22.48,1.55,-16.01));
#11542=CARTESIAN_POINT('',(-23.365,1.55,-16.01));
#11543=CARTESIAN_POINT('',(-23.48,6.05,-16.01));
#11544=CARTESIAN_POINT('',(-23.48,6.05,-16.01));
#11545=CARTESIAN_POINT('',(-22.48,6.05,-16.01));
#11546=CARTESIAN_POINT('',(-23.365,6.05,-16.01));
#11547=CARTESIAN_POINT('',(-22.48,6.05,-16.01));
#11548=CARTESIAN_POINT('Origin',(-22.48,6.05,-17.01));
#11549=CARTESIAN_POINT('',(-22.48,1.55,-17.01));
#11550=CARTESIAN_POINT('',(-22.48,1.55,-8.50499999999999));
#11551=CARTESIAN_POINT('',(-22.48,6.05,-17.01));
#11552=CARTESIAN_POINT('',(-22.48,6.05,-8.50499999999999));
#11553=CARTESIAN_POINT('',(-22.48,6.05,-17.01));
#11554=CARTESIAN_POINT('Origin',(-23.48,6.05,-17.01));
#11555=CARTESIAN_POINT('',(-23.48,1.55,-17.01));
#11556=CARTESIAN_POINT('',(-23.865,1.55,-17.01));
#11557=CARTESIAN_POINT('',(-23.48,6.05,-17.01));
#11558=CARTESIAN_POINT('',(-23.865,6.05,-17.01));
#11559=CARTESIAN_POINT('',(-23.48,6.05,-17.01));
#11560=CARTESIAN_POINT('Origin',(-23.48,6.05,-16.01));
#11561=CARTESIAN_POINT('',(-23.48,1.55,-8.00499999999999));
#11562=CARTESIAN_POINT('',(-23.48,6.05,-8.00499999999999));
#11563=CARTESIAN_POINT('Origin',(-22.48,6.05,-13.47));
#11564=CARTESIAN_POINT('',(-23.48,1.55,-13.47));
#11565=CARTESIAN_POINT('',(-22.48,1.55,-13.47));
#11566=CARTESIAN_POINT('',(-23.365,1.55,-13.47));
#11567=CARTESIAN_POINT('',(-23.48,6.05,-13.47));
#11568=CARTESIAN_POINT('',(-23.48,6.05,-13.47));
#11569=CARTESIAN_POINT('',(-22.48,6.05,-13.47));
#11570=CARTESIAN_POINT('',(-23.365,6.05,-13.47));
#11571=CARTESIAN_POINT('',(-22.48,6.05,-13.47));
#11572=CARTESIAN_POINT('Origin',(-22.48,6.05,-14.47));
#11573=CARTESIAN_POINT('',(-22.48,1.55,-14.47));
#11574=CARTESIAN_POINT('',(-22.48,1.55,-7.23499999999999));
#11575=CARTESIAN_POINT('',(-22.48,6.05,-14.47));
#11576=CARTESIAN_POINT('',(-22.48,6.05,-7.23499999999999));
#11577=CARTESIAN_POINT('',(-22.48,6.05,-14.47));
#11578=CARTESIAN_POINT('Origin',(-23.48,6.05,-14.47));
#11579=CARTESIAN_POINT('',(-23.48,1.55,-14.47));
#11580=CARTESIAN_POINT('',(-23.865,1.55,-14.47));
#11581=CARTESIAN_POINT('',(-23.48,6.05,-14.47));
#11582=CARTESIAN_POINT('',(-23.865,6.05,-14.47));
#11583=CARTESIAN_POINT('',(-23.48,6.05,-14.47));
#11584=CARTESIAN_POINT('Origin',(-23.48,6.05,-13.47));
#11585=CARTESIAN_POINT('',(-23.48,1.55,-6.73499999999999));
#11586=CARTESIAN_POINT('',(-23.48,6.05,-6.73499999999999));
#11587=CARTESIAN_POINT('Origin',(-22.48,6.05,-10.93));
#11588=CARTESIAN_POINT('',(-23.48,1.55,-10.93));
#11589=CARTESIAN_POINT('',(-22.48,1.55,-10.93));
#11590=CARTESIAN_POINT('',(-23.365,1.55,-10.93));
#11591=CARTESIAN_POINT('',(-23.48,6.05,-10.93));
#11592=CARTESIAN_POINT('',(-23.48,6.05,-10.93));
#11593=CARTESIAN_POINT('',(-22.48,6.05,-10.93));
#11594=CARTESIAN_POINT('',(-23.365,6.05,-10.93));
#11595=CARTESIAN_POINT('',(-22.48,6.05,-10.93));
#11596=CARTESIAN_POINT('Origin',(-22.48,6.05,-11.93));
#11597=CARTESIAN_POINT('',(-22.48,1.55,-11.93));
#11598=CARTESIAN_POINT('',(-22.48,1.55,-5.96499999999999));
#11599=CARTESIAN_POINT('',(-22.48,6.05,-11.93));
#11600=CARTESIAN_POINT('',(-22.48,6.05,-5.96499999999999));
#11601=CARTESIAN_POINT('',(-22.48,6.05,-11.93));
#11602=CARTESIAN_POINT('Origin',(-23.48,6.05,-11.93));
#11603=CARTESIAN_POINT('',(-23.48,1.55,-11.93));
#11604=CARTESIAN_POINT('',(-23.865,1.55,-11.93));
#11605=CARTESIAN_POINT('',(-23.48,6.05,-11.93));
#11606=CARTESIAN_POINT('',(-23.865,6.05,-11.93));
#11607=CARTESIAN_POINT('',(-23.48,6.05,-11.93));
#11608=CARTESIAN_POINT('Origin',(-23.48,6.05,-10.93));
#11609=CARTESIAN_POINT('',(-23.48,1.55,-5.46499999999999));
#11610=CARTESIAN_POINT('',(-23.48,6.05,-5.46499999999999));
#11611=CARTESIAN_POINT('Origin',(-22.48,6.05,-8.38999999999999));
#11612=CARTESIAN_POINT('',(-23.48,1.55,-8.38999999999999));
#11613=CARTESIAN_POINT('',(-22.48,1.55,-8.38999999999999));
#11614=CARTESIAN_POINT('',(-23.365,1.55,-8.38999999999999));
#11615=CARTESIAN_POINT('',(-23.48,6.05,-8.38999999999999));
#11616=CARTESIAN_POINT('',(-23.48,6.05,-8.38999999999999));
#11617=CARTESIAN_POINT('',(-22.48,6.05,-8.38999999999999));
#11618=CARTESIAN_POINT('',(-23.365,6.05,-8.38999999999999));
#11619=CARTESIAN_POINT('',(-22.48,6.05,-8.38999999999999));
#11620=CARTESIAN_POINT('Origin',(-22.48,6.05,-9.38999999999999));
#11621=CARTESIAN_POINT('',(-22.48,1.55,-9.38999999999999));
#11622=CARTESIAN_POINT('',(-22.48,1.55,-4.69499999999999));
#11623=CARTESIAN_POINT('',(-22.48,6.05,-9.38999999999999));
#11624=CARTESIAN_POINT('',(-22.48,6.05,-4.69499999999999));
#11625=CARTESIAN_POINT('',(-22.48,6.05,-9.38999999999999));
#11626=CARTESIAN_POINT('Origin',(-23.48,6.05,-9.38999999999999));
#11627=CARTESIAN_POINT('',(-23.48,1.55,-9.38999999999999));
#11628=CARTESIAN_POINT('',(-23.865,1.55,-9.38999999999999));
#11629=CARTESIAN_POINT('',(-23.48,6.05,-9.38999999999999));
#11630=CARTESIAN_POINT('',(-23.865,6.05,-9.38999999999999));
#11631=CARTESIAN_POINT('',(-23.48,6.05,-9.38999999999999));
#11632=CARTESIAN_POINT('Origin',(-23.48,6.05,-8.38999999999999));
#11633=CARTESIAN_POINT('',(-23.48,1.55,-4.19499999999999));
#11634=CARTESIAN_POINT('',(-23.48,6.05,-4.19499999999999));
#11635=CARTESIAN_POINT('Origin',(-22.48,6.05,-5.84999999999999));
#11636=CARTESIAN_POINT('',(-23.48,1.55,-5.84999999999999));
#11637=CARTESIAN_POINT('',(-22.48,1.55,-5.84999999999999));
#11638=CARTESIAN_POINT('',(-23.365,1.55,-5.84999999999999));
#11639=CARTESIAN_POINT('',(-23.48,6.05,-5.84999999999999));
#11640=CARTESIAN_POINT('',(-23.48,6.05,-5.84999999999999));
#11641=CARTESIAN_POINT('',(-22.48,6.05,-5.84999999999999));
#11642=CARTESIAN_POINT('',(-23.365,6.05,-5.84999999999999));
#11643=CARTESIAN_POINT('',(-22.48,6.05,-5.84999999999999));
#11644=CARTESIAN_POINT('Origin',(-22.48,6.05,-6.84999999999999));
#11645=CARTESIAN_POINT('',(-22.48,1.55,-6.84999999999999));
#11646=CARTESIAN_POINT('',(-22.48,1.55,-3.42499999999999));
#11647=CARTESIAN_POINT('',(-22.48,6.05,-6.84999999999999));
#11648=CARTESIAN_POINT('',(-22.48,6.05,-3.42499999999999));
#11649=CARTESIAN_POINT('',(-22.48,6.05,-6.84999999999999));
#11650=CARTESIAN_POINT('Origin',(-23.48,6.05,-6.84999999999999));
#11651=CARTESIAN_POINT('',(-23.48,1.55,-6.84999999999999));
#11652=CARTESIAN_POINT('',(-23.865,1.55,-6.84999999999999));
#11653=CARTESIAN_POINT('',(-23.48,6.05,-6.84999999999999));
#11654=CARTESIAN_POINT('',(-23.865,6.05,-6.84999999999999));
#11655=CARTESIAN_POINT('',(-23.48,6.05,-6.84999999999999));
#11656=CARTESIAN_POINT('Origin',(-23.48,6.05,-5.84999999999999));
#11657=CARTESIAN_POINT('',(-23.48,1.55,-2.92499999999999));
#11658=CARTESIAN_POINT('',(-23.48,6.05,-2.92499999999999));
#11659=CARTESIAN_POINT('Origin',(-22.48,6.05,-3.30999999999999));
#11660=CARTESIAN_POINT('',(-23.48,1.55,-3.30999999999999));
#11661=CARTESIAN_POINT('',(-22.48,1.55,-3.30999999999999));
#11662=CARTESIAN_POINT('',(-23.365,1.55,-3.30999999999999));
#11663=CARTESIAN_POINT('',(-23.48,6.05,-3.30999999999999));
#11664=CARTESIAN_POINT('',(-23.48,6.05,-3.30999999999999));
#11665=CARTESIAN_POINT('',(-22.48,6.05,-3.30999999999999));
#11666=CARTESIAN_POINT('',(-23.365,6.05,-3.30999999999999));
#11667=CARTESIAN_POINT('',(-22.48,6.05,-3.30999999999999));
#11668=CARTESIAN_POINT('Origin',(-22.48,6.05,-4.30999999999999));
#11669=CARTESIAN_POINT('',(-22.48,1.55,-4.30999999999999));
#11670=CARTESIAN_POINT('',(-22.48,1.55,-2.15499999999999));
#11671=CARTESIAN_POINT('',(-22.48,6.05,-4.30999999999999));
#11672=CARTESIAN_POINT('',(-22.48,6.05,-2.15499999999999));
#11673=CARTESIAN_POINT('',(-22.48,6.05,-4.30999999999999));
#11674=CARTESIAN_POINT('Origin',(-23.48,6.05,-4.30999999999999));
#11675=CARTESIAN_POINT('',(-23.48,1.55,-4.30999999999999));
#11676=CARTESIAN_POINT('',(-23.865,1.55,-4.30999999999999));
#11677=CARTESIAN_POINT('',(-23.48,6.05,-4.30999999999999));
#11678=CARTESIAN_POINT('',(-23.865,6.05,-4.30999999999999));
#11679=CARTESIAN_POINT('',(-23.48,6.05,-4.30999999999999));
#11680=CARTESIAN_POINT('Origin',(-23.48,6.05,-3.30999999999999));
#11681=CARTESIAN_POINT('',(-23.48,1.55,-1.65499999999999));
#11682=CARTESIAN_POINT('',(-23.48,6.05,-1.65499999999999));
#11683=CARTESIAN_POINT('Origin',(-22.48,6.05,-0.769999999999991));
#11684=CARTESIAN_POINT('',(-23.48,1.55,-0.769999999999991));
#11685=CARTESIAN_POINT('',(-22.48,1.55,-0.769999999999991));
#11686=CARTESIAN_POINT('',(-23.365,1.55,-0.769999999999991));
#11687=CARTESIAN_POINT('',(-23.48,6.05,-0.769999999999991));
#11688=CARTESIAN_POINT('',(-23.48,6.05,-0.769999999999991));
#11689=CARTESIAN_POINT('',(-22.48,6.05,-0.769999999999991));
#11690=CARTESIAN_POINT('',(-23.365,6.05,-0.769999999999991));
#11691=CARTESIAN_POINT('',(-22.48,6.05,-0.769999999999991));
#11692=CARTESIAN_POINT('Origin',(-22.48,6.05,-1.76999999999999));
#11693=CARTESIAN_POINT('',(-22.48,1.55,-1.76999999999999));
#11694=CARTESIAN_POINT('',(-22.48,1.55,-0.884999999999991));
#11695=CARTESIAN_POINT('',(-22.48,6.05,-1.76999999999999));
#11696=CARTESIAN_POINT('',(-22.48,6.05,-0.88499999999999));
#11697=CARTESIAN_POINT('',(-22.48,6.05,-1.76999999999999));
#11698=CARTESIAN_POINT('Origin',(-23.48,6.05,-1.76999999999999));
#11699=CARTESIAN_POINT('',(-23.48,1.55,-1.76999999999999));
#11700=CARTESIAN_POINT('',(-23.865,1.55,-1.76999999999999));
#11701=CARTESIAN_POINT('',(-23.48,6.05,-1.76999999999999));
#11702=CARTESIAN_POINT('',(-23.865,6.05,-1.76999999999999));
#11703=CARTESIAN_POINT('',(-23.48,6.05,-1.76999999999999));
#11704=CARTESIAN_POINT('Origin',(-23.48,6.05,-0.769999999999991));
#11705=CARTESIAN_POINT('',(-23.48,1.55,-0.38499999999999));
#11706=CARTESIAN_POINT('',(-23.48,6.05,-0.384999999999989));
#11707=CARTESIAN_POINT('Origin',(-22.48,6.05,1.77000000000001));
#11708=CARTESIAN_POINT('',(-23.48,1.55,1.77000000000001));
#11709=CARTESIAN_POINT('',(-22.48,1.55,1.77000000000001));
#11710=CARTESIAN_POINT('',(-23.365,1.55,1.77000000000001));
#11711=CARTESIAN_POINT('',(-23.48,6.05,1.77000000000001));
#11712=CARTESIAN_POINT('',(-23.48,6.05,1.77000000000001));
#11713=CARTESIAN_POINT('',(-22.48,6.05,1.77000000000001));
#11714=CARTESIAN_POINT('',(-23.365,6.05,1.77000000000001));
#11715=CARTESIAN_POINT('',(-22.48,6.05,1.77000000000001));
#11716=CARTESIAN_POINT('Origin',(-22.48,6.05,0.770000000000013));
#11717=CARTESIAN_POINT('',(-22.48,1.55,0.770000000000013));
#11718=CARTESIAN_POINT('',(-22.48,1.55,0.385000000000009));
#11719=CARTESIAN_POINT('',(-22.48,6.05,0.770000000000013));
#11720=CARTESIAN_POINT('',(-22.48,6.05,0.38500000000001));
#11721=CARTESIAN_POINT('',(-22.48,6.05,0.770000000000013));
#11722=CARTESIAN_POINT('Origin',(-23.48,6.05,0.770000000000013));
#11723=CARTESIAN_POINT('',(-23.48,1.55,0.770000000000013));
#11724=CARTESIAN_POINT('',(-23.865,1.55,0.770000000000013));
#11725=CARTESIAN_POINT('',(-23.48,6.05,0.770000000000013));
#11726=CARTESIAN_POINT('',(-23.865,6.05,0.770000000000013));
#11727=CARTESIAN_POINT('',(-23.48,6.05,0.770000000000013));
#11728=CARTESIAN_POINT('Origin',(-23.48,6.05,1.77000000000001));
#11729=CARTESIAN_POINT('',(-23.48,1.55,0.88500000000001));
#11730=CARTESIAN_POINT('',(-23.48,6.05,0.885000000000011));
#11731=CARTESIAN_POINT('Origin',(-22.48,6.05,4.31000000000001));
#11732=CARTESIAN_POINT('',(-23.48,1.55,4.31000000000001));
#11733=CARTESIAN_POINT('',(-22.48,1.55,4.31000000000001));
#11734=CARTESIAN_POINT('',(-23.365,1.55,4.31000000000001));
#11735=CARTESIAN_POINT('',(-23.48,6.05,4.31000000000001));
#11736=CARTESIAN_POINT('',(-23.48,6.05,4.31000000000001));
#11737=CARTESIAN_POINT('',(-22.48,6.05,4.31000000000001));
#11738=CARTESIAN_POINT('',(-23.365,6.05,4.31000000000001));
#11739=CARTESIAN_POINT('',(-22.48,6.05,4.31000000000001));
#11740=CARTESIAN_POINT('Origin',(-22.48,6.05,3.31000000000001));
#11741=CARTESIAN_POINT('',(-22.48,1.55,3.31000000000001));
#11742=CARTESIAN_POINT('',(-22.48,1.55,1.65500000000001));
#11743=CARTESIAN_POINT('',(-22.48,6.05,3.31000000000001));
#11744=CARTESIAN_POINT('',(-22.48,6.05,1.65500000000001));
#11745=CARTESIAN_POINT('',(-22.48,6.05,3.31000000000001));
#11746=CARTESIAN_POINT('Origin',(-23.48,6.05,3.31000000000001));
#11747=CARTESIAN_POINT('',(-23.48,1.55,3.31000000000001));
#11748=CARTESIAN_POINT('',(-23.865,1.55,3.31000000000001));
#11749=CARTESIAN_POINT('',(-23.48,6.05,3.31000000000001));
#11750=CARTESIAN_POINT('',(-23.865,6.05,3.31000000000001));
#11751=CARTESIAN_POINT('',(-23.48,6.05,3.31000000000001));
#11752=CARTESIAN_POINT('Origin',(-23.48,6.05,4.31000000000001));
#11753=CARTESIAN_POINT('',(-23.48,1.55,2.15500000000001));
#11754=CARTESIAN_POINT('',(-23.48,6.05,2.15500000000001));
#11755=CARTESIAN_POINT('Origin',(-22.48,6.05,6.85000000000001));
#11756=CARTESIAN_POINT('',(-23.48,1.55,6.85000000000001));
#11757=CARTESIAN_POINT('',(-22.48,1.55,6.85000000000001));
#11758=CARTESIAN_POINT('',(-23.365,1.55,6.85000000000001));
#11759=CARTESIAN_POINT('',(-23.48,6.05,6.85000000000001));
#11760=CARTESIAN_POINT('',(-23.48,6.05,6.85000000000001));
#11761=CARTESIAN_POINT('',(-22.48,6.05,6.85000000000001));
#11762=CARTESIAN_POINT('',(-23.365,6.05,6.85000000000001));
#11763=CARTESIAN_POINT('',(-22.48,6.05,6.85000000000001));
#11764=CARTESIAN_POINT('Origin',(-22.48,6.05,5.85000000000001));
#11765=CARTESIAN_POINT('',(-22.48,1.55,5.85000000000001));
#11766=CARTESIAN_POINT('',(-22.48,1.55,2.92500000000001));
#11767=CARTESIAN_POINT('',(-22.48,6.05,5.85000000000001));
#11768=CARTESIAN_POINT('',(-22.48,6.05,2.92500000000001));
#11769=CARTESIAN_POINT('',(-22.48,6.05,5.85000000000001));
#11770=CARTESIAN_POINT('Origin',(-23.48,6.05,5.85000000000001));
#11771=CARTESIAN_POINT('',(-23.48,1.55,5.85000000000001));
#11772=CARTESIAN_POINT('',(-23.865,1.55,5.85000000000001));
#11773=CARTESIAN_POINT('',(-23.48,6.05,5.85000000000001));
#11774=CARTESIAN_POINT('',(-23.865,6.05,5.85000000000001));
#11775=CARTESIAN_POINT('',(-23.48,6.05,5.85000000000001));
#11776=CARTESIAN_POINT('Origin',(-23.48,6.05,6.85000000000001));
#11777=CARTESIAN_POINT('',(-23.48,1.55,3.42500000000001));
#11778=CARTESIAN_POINT('',(-23.48,6.05,3.42500000000001));
#11779=CARTESIAN_POINT('Origin',(-22.48,6.05,9.39000000000001));
#11780=CARTESIAN_POINT('',(-23.48,1.55,9.39000000000001));
#11781=CARTESIAN_POINT('',(-22.48,1.55,9.39000000000001));
#11782=CARTESIAN_POINT('',(-23.365,1.55,9.39000000000001));
#11783=CARTESIAN_POINT('',(-23.48,6.05,9.39000000000001));
#11784=CARTESIAN_POINT('',(-23.48,6.05,9.39000000000001));
#11785=CARTESIAN_POINT('',(-22.48,6.05,9.39000000000001));
#11786=CARTESIAN_POINT('',(-23.365,6.05,9.39000000000001));
#11787=CARTESIAN_POINT('',(-22.48,6.05,9.39000000000001));
#11788=CARTESIAN_POINT('Origin',(-22.48,6.05,8.39000000000001));
#11789=CARTESIAN_POINT('',(-22.48,1.55,8.39000000000001));
#11790=CARTESIAN_POINT('',(-22.48,1.55,4.19500000000001));
#11791=CARTESIAN_POINT('',(-22.48,6.05,8.39000000000001));
#11792=CARTESIAN_POINT('',(-22.48,6.05,4.19500000000001));
#11793=CARTESIAN_POINT('',(-22.48,6.05,8.39000000000001));
#11794=CARTESIAN_POINT('Origin',(-23.48,6.05,8.39000000000001));
#11795=CARTESIAN_POINT('',(-23.48,1.55,8.39000000000001));
#11796=CARTESIAN_POINT('',(-23.865,1.55,8.39000000000001));
#11797=CARTESIAN_POINT('',(-23.48,6.05,8.39000000000001));
#11798=CARTESIAN_POINT('',(-23.865,6.05,8.39000000000001));
#11799=CARTESIAN_POINT('',(-23.48,6.05,8.39000000000001));
#11800=CARTESIAN_POINT('Origin',(-23.48,6.05,9.39000000000001));
#11801=CARTESIAN_POINT('',(-23.48,1.55,4.69500000000001));
#11802=CARTESIAN_POINT('',(-23.48,6.05,4.69500000000001));
#11803=CARTESIAN_POINT('Origin',(-22.48,6.05,11.93));
#11804=CARTESIAN_POINT('',(-23.48,1.55,11.93));
#11805=CARTESIAN_POINT('',(-22.48,1.55,11.93));
#11806=CARTESIAN_POINT('',(-23.365,1.55,11.93));
#11807=CARTESIAN_POINT('',(-23.48,6.05,11.93));
#11808=CARTESIAN_POINT('',(-23.48,6.05,11.93));
#11809=CARTESIAN_POINT('',(-22.48,6.05,11.93));
#11810=CARTESIAN_POINT('',(-23.365,6.05,11.93));
#11811=CARTESIAN_POINT('',(-22.48,6.05,11.93));
#11812=CARTESIAN_POINT('Origin',(-22.48,6.05,10.93));
#11813=CARTESIAN_POINT('',(-22.48,1.55,10.93));
#11814=CARTESIAN_POINT('',(-22.48,1.55,5.46500000000001));
#11815=CARTESIAN_POINT('',(-22.48,6.05,10.93));
#11816=CARTESIAN_POINT('',(-22.48,6.05,5.46500000000001));
#11817=CARTESIAN_POINT('',(-22.48,6.05,10.93));
#11818=CARTESIAN_POINT('Origin',(-23.48,6.05,10.93));
#11819=CARTESIAN_POINT('',(-23.48,1.55,10.93));
#11820=CARTESIAN_POINT('',(-23.865,1.55,10.93));
#11821=CARTESIAN_POINT('',(-23.48,6.05,10.93));
#11822=CARTESIAN_POINT('',(-23.865,6.05,10.93));
#11823=CARTESIAN_POINT('',(-23.48,6.05,10.93));
#11824=CARTESIAN_POINT('Origin',(-23.48,6.05,11.93));
#11825=CARTESIAN_POINT('',(-23.48,1.55,5.96500000000001));
#11826=CARTESIAN_POINT('',(-23.48,6.05,5.96500000000001));
#11827=CARTESIAN_POINT('Origin',(-22.48,6.05,14.47));
#11828=CARTESIAN_POINT('',(-23.48,1.55,14.47));
#11829=CARTESIAN_POINT('',(-22.48,1.55,14.47));
#11830=CARTESIAN_POINT('',(-23.365,1.55,14.47));
#11831=CARTESIAN_POINT('',(-23.48,6.05,14.47));
#11832=CARTESIAN_POINT('',(-23.48,6.05,14.47));
#11833=CARTESIAN_POINT('',(-22.48,6.05,14.47));
#11834=CARTESIAN_POINT('',(-23.365,6.05,14.47));
#11835=CARTESIAN_POINT('',(-22.48,6.05,14.47));
#11836=CARTESIAN_POINT('Origin',(-22.48,6.05,13.47));
#11837=CARTESIAN_POINT('',(-22.48,1.55,13.47));
#11838=CARTESIAN_POINT('',(-22.48,1.55,6.73500000000001));
#11839=CARTESIAN_POINT('',(-22.48,6.05,13.47));
#11840=CARTESIAN_POINT('',(-22.48,6.05,6.73500000000001));
#11841=CARTESIAN_POINT('',(-22.48,6.05,13.47));
#11842=CARTESIAN_POINT('Origin',(-23.48,6.05,13.47));
#11843=CARTESIAN_POINT('',(-23.48,1.55,13.47));
#11844=CARTESIAN_POINT('',(-23.865,1.55,13.47));
#11845=CARTESIAN_POINT('',(-23.48,6.05,13.47));
#11846=CARTESIAN_POINT('',(-23.865,6.05,13.47));
#11847=CARTESIAN_POINT('',(-23.48,6.05,13.47));
#11848=CARTESIAN_POINT('Origin',(-23.48,6.05,14.47));
#11849=CARTESIAN_POINT('',(-23.48,1.55,7.23500000000001));
#11850=CARTESIAN_POINT('',(-23.48,6.05,7.23500000000001));
#11851=CARTESIAN_POINT('Origin',(-22.48,6.05,17.01));
#11852=CARTESIAN_POINT('',(-23.48,1.55,17.01));
#11853=CARTESIAN_POINT('',(-22.48,1.55,17.01));
#11854=CARTESIAN_POINT('',(-23.365,1.55,17.01));
#11855=CARTESIAN_POINT('',(-23.48,6.05,17.01));
#11856=CARTESIAN_POINT('',(-23.48,6.05,17.01));
#11857=CARTESIAN_POINT('',(-22.48,6.05,17.01));
#11858=CARTESIAN_POINT('',(-23.365,6.05,17.01));
#11859=CARTESIAN_POINT('',(-22.48,6.05,17.01));
#11860=CARTESIAN_POINT('Origin',(-22.48,6.05,16.01));
#11861=CARTESIAN_POINT('',(-22.48,1.55,16.01));
#11862=CARTESIAN_POINT('',(-22.48,1.55,8.00500000000001));
#11863=CARTESIAN_POINT('',(-22.48,6.05,16.01));
#11864=CARTESIAN_POINT('',(-22.48,6.05,8.00500000000001));
#11865=CARTESIAN_POINT('',(-22.48,6.05,16.01));
#11866=CARTESIAN_POINT('Origin',(-23.48,6.05,16.01));
#11867=CARTESIAN_POINT('',(-23.48,1.55,16.01));
#11868=CARTESIAN_POINT('',(-23.865,1.55,16.01));
#11869=CARTESIAN_POINT('',(-23.48,6.05,16.01));
#11870=CARTESIAN_POINT('',(-23.865,6.05,16.01));
#11871=CARTESIAN_POINT('',(-23.48,6.05,16.01));
#11872=CARTESIAN_POINT('Origin',(-23.48,6.05,17.01));
#11873=CARTESIAN_POINT('',(-23.48,1.55,8.50500000000001));
#11874=CARTESIAN_POINT('',(-23.48,6.05,8.50500000000001));
#11875=CARTESIAN_POINT('Origin',(-22.48,6.05,19.55));
#11876=CARTESIAN_POINT('',(-23.48,1.55,19.55));
#11877=CARTESIAN_POINT('',(-22.48,1.55,19.55));
#11878=CARTESIAN_POINT('',(-23.365,1.55,19.55));
#11879=CARTESIAN_POINT('',(-23.48,6.05,19.55));
#11880=CARTESIAN_POINT('',(-23.48,6.05,19.55));
#11881=CARTESIAN_POINT('',(-22.48,6.05,19.55));
#11882=CARTESIAN_POINT('',(-23.365,6.05,19.55));
#11883=CARTESIAN_POINT('',(-22.48,6.05,19.55));
#11884=CARTESIAN_POINT('Origin',(-22.48,6.05,18.55));
#11885=CARTESIAN_POINT('',(-22.48,1.55,18.55));
#11886=CARTESIAN_POINT('',(-22.48,1.55,9.27500000000001));
#11887=CARTESIAN_POINT('',(-22.48,6.05,18.55));
#11888=CARTESIAN_POINT('',(-22.48,6.05,9.27500000000001));
#11889=CARTESIAN_POINT('',(-22.48,6.05,18.55));
#11890=CARTESIAN_POINT('Origin',(-23.48,6.05,18.55));
#11891=CARTESIAN_POINT('',(-23.48,1.55,18.55));
#11892=CARTESIAN_POINT('',(-23.865,1.55,18.55));
#11893=CARTESIAN_POINT('',(-23.48,6.05,18.55));
#11894=CARTESIAN_POINT('',(-23.865,6.05,18.55));
#11895=CARTESIAN_POINT('',(-23.48,6.05,18.55));
#11896=CARTESIAN_POINT('Origin',(-23.48,6.05,19.55));
#11897=CARTESIAN_POINT('',(-23.48,1.55,9.77500000000001));
#11898=CARTESIAN_POINT('',(-23.48,6.05,9.77500000000001));
#11899=CARTESIAN_POINT('Origin',(-22.48,6.05,22.09));
#11900=CARTESIAN_POINT('',(-23.48,1.55,22.09));
#11901=CARTESIAN_POINT('',(-22.48,1.55,22.09));
#11902=CARTESIAN_POINT('',(-23.365,1.55,22.09));
#11903=CARTESIAN_POINT('',(-23.48,6.05,22.09));
#11904=CARTESIAN_POINT('',(-23.48,6.05,22.09));
#11905=CARTESIAN_POINT('',(-22.48,6.05,22.09));
#11906=CARTESIAN_POINT('',(-23.365,6.05,22.09));
#11907=CARTESIAN_POINT('',(-22.48,6.05,22.09));
#11908=CARTESIAN_POINT('Origin',(-22.48,6.05,21.09));
#11909=CARTESIAN_POINT('',(-22.48,1.55,21.09));
#11910=CARTESIAN_POINT('',(-22.48,1.55,10.545));
#11911=CARTESIAN_POINT('',(-22.48,6.05,21.09));
#11912=CARTESIAN_POINT('',(-22.48,6.05,10.545));
#11913=CARTESIAN_POINT('',(-22.48,6.05,21.09));
#11914=CARTESIAN_POINT('Origin',(-23.48,6.05,21.09));
#11915=CARTESIAN_POINT('',(-23.48,1.55,21.09));
#11916=CARTESIAN_POINT('',(-23.865,1.55,21.09));
#11917=CARTESIAN_POINT('',(-23.48,6.05,21.09));
#11918=CARTESIAN_POINT('',(-23.865,6.05,21.09));
#11919=CARTESIAN_POINT('',(-23.48,6.05,21.09));
#11920=CARTESIAN_POINT('Origin',(-23.48,6.05,22.09));
#11921=CARTESIAN_POINT('',(-23.48,1.55,11.045));
#11922=CARTESIAN_POINT('',(-23.48,6.05,11.045));
#11923=CARTESIAN_POINT('Origin',(-22.48,6.05,24.63));
#11924=CARTESIAN_POINT('',(-23.48,1.55,24.63));
#11925=CARTESIAN_POINT('',(-22.48,1.55,24.63));
#11926=CARTESIAN_POINT('',(-23.365,1.55,24.63));
#11927=CARTESIAN_POINT('',(-23.48,6.05,24.63));
#11928=CARTESIAN_POINT('',(-23.48,6.05,24.63));
#11929=CARTESIAN_POINT('',(-22.48,6.05,24.63));
#11930=CARTESIAN_POINT('',(-23.365,6.05,24.63));
#11931=CARTESIAN_POINT('',(-22.48,6.05,24.63));
#11932=CARTESIAN_POINT('Origin',(-22.48,6.05,23.63));
#11933=CARTESIAN_POINT('',(-22.48,1.55,23.63));
#11934=CARTESIAN_POINT('',(-22.48,1.55,11.815));
#11935=CARTESIAN_POINT('',(-22.48,6.05,23.63));
#11936=CARTESIAN_POINT('',(-22.48,6.05,11.815));
#11937=CARTESIAN_POINT('',(-22.48,6.05,23.63));
#11938=CARTESIAN_POINT('Origin',(-23.48,6.05,23.63));
#11939=CARTESIAN_POINT('',(-23.48,1.55,23.63));
#11940=CARTESIAN_POINT('',(-23.865,1.55,23.63));
#11941=CARTESIAN_POINT('',(-23.48,6.05,23.63));
#11942=CARTESIAN_POINT('',(-23.865,6.05,23.63));
#11943=CARTESIAN_POINT('',(-23.48,6.05,23.63));
#11944=CARTESIAN_POINT('Origin',(-23.48,6.05,24.63));
#11945=CARTESIAN_POINT('',(-23.48,1.55,12.315));
#11946=CARTESIAN_POINT('',(-23.48,6.05,12.315));
#11947=CARTESIAN_POINT('Origin',(-25.02,6.05,-23.63));
#11948=CARTESIAN_POINT('',(-26.02,1.55,-23.63));
#11949=CARTESIAN_POINT('',(-25.02,1.55,-23.63));
#11950=CARTESIAN_POINT('',(-24.635,1.55,-23.63));
#11951=CARTESIAN_POINT('',(-26.02,6.05,-23.63));
#11952=CARTESIAN_POINT('',(-26.02,6.05,-23.63));
#11953=CARTESIAN_POINT('',(-25.02,6.05,-23.63));
#11954=CARTESIAN_POINT('',(-24.635,6.05,-23.63));
#11955=CARTESIAN_POINT('',(-25.02,6.05,-23.63));
#11956=CARTESIAN_POINT('Origin',(-25.02,6.05,-24.63));
#11957=CARTESIAN_POINT('',(-25.02,1.55,-24.63));
#11958=CARTESIAN_POINT('',(-25.02,1.55,-12.315));
#11959=CARTESIAN_POINT('',(-25.02,6.05,-24.63));
#11960=CARTESIAN_POINT('',(-25.02,6.05,-12.315));
#11961=CARTESIAN_POINT('',(-25.02,6.05,-24.63));
#11962=CARTESIAN_POINT('Origin',(-26.02,6.05,-24.63));
#11963=CARTESIAN_POINT('',(-26.02,1.55,-24.63));
#11964=CARTESIAN_POINT('',(-25.135,1.55,-24.63));
#11965=CARTESIAN_POINT('',(-26.02,6.05,-24.63));
#11966=CARTESIAN_POINT('',(-25.135,6.05,-24.63));
#11967=CARTESIAN_POINT('',(-26.02,6.05,-24.63));
#11968=CARTESIAN_POINT('Origin',(-26.02,6.05,-23.63));
#11969=CARTESIAN_POINT('',(-26.02,1.55,-11.815));
#11970=CARTESIAN_POINT('',(-26.02,6.05,-11.815));
#11971=CARTESIAN_POINT('Origin',(-25.02,6.05,-21.09));
#11972=CARTESIAN_POINT('',(-26.02,1.55,-21.09));
#11973=CARTESIAN_POINT('',(-25.02,1.55,-21.09));
#11974=CARTESIAN_POINT('',(-24.635,1.55,-21.09));
#11975=CARTESIAN_POINT('',(-26.02,6.05,-21.09));
#11976=CARTESIAN_POINT('',(-26.02,6.05,-21.09));
#11977=CARTESIAN_POINT('',(-25.02,6.05,-21.09));
#11978=CARTESIAN_POINT('',(-24.635,6.05,-21.09));
#11979=CARTESIAN_POINT('',(-25.02,6.05,-21.09));
#11980=CARTESIAN_POINT('Origin',(-25.02,6.05,-22.09));
#11981=CARTESIAN_POINT('',(-25.02,1.55,-22.09));
#11982=CARTESIAN_POINT('',(-25.02,1.55,-11.045));
#11983=CARTESIAN_POINT('',(-25.02,6.05,-22.09));
#11984=CARTESIAN_POINT('',(-25.02,6.05,-11.045));
#11985=CARTESIAN_POINT('',(-25.02,6.05,-22.09));
#11986=CARTESIAN_POINT('Origin',(-26.02,6.05,-22.09));
#11987=CARTESIAN_POINT('',(-26.02,1.55,-22.09));
#11988=CARTESIAN_POINT('',(-25.135,1.55,-22.09));
#11989=CARTESIAN_POINT('',(-26.02,6.05,-22.09));
#11990=CARTESIAN_POINT('',(-25.135,6.05,-22.09));
#11991=CARTESIAN_POINT('',(-26.02,6.05,-22.09));
#11992=CARTESIAN_POINT('Origin',(-26.02,6.05,-21.09));
#11993=CARTESIAN_POINT('',(-26.02,1.55,-10.545));
#11994=CARTESIAN_POINT('',(-26.02,6.05,-10.545));
#11995=CARTESIAN_POINT('Origin',(-25.02,6.05,-18.55));
#11996=CARTESIAN_POINT('',(-26.02,1.55,-18.55));
#11997=CARTESIAN_POINT('',(-25.02,1.55,-18.55));
#11998=CARTESIAN_POINT('',(-24.635,1.55,-18.55));
#11999=CARTESIAN_POINT('',(-26.02,6.05,-18.55));
#12000=CARTESIAN_POINT('',(-26.02,6.05,-18.55));
#12001=CARTESIAN_POINT('',(-25.02,6.05,-18.55));
#12002=CARTESIAN_POINT('',(-24.635,6.05,-18.55));
#12003=CARTESIAN_POINT('',(-25.02,6.05,-18.55));
#12004=CARTESIAN_POINT('Origin',(-25.02,6.05,-19.55));
#12005=CARTESIAN_POINT('',(-25.02,1.55,-19.55));
#12006=CARTESIAN_POINT('',(-25.02,1.55,-9.77499999999999));
#12007=CARTESIAN_POINT('',(-25.02,6.05,-19.55));
#12008=CARTESIAN_POINT('',(-25.02,6.05,-9.77499999999999));
#12009=CARTESIAN_POINT('',(-25.02,6.05,-19.55));
#12010=CARTESIAN_POINT('Origin',(-26.02,6.05,-19.55));
#12011=CARTESIAN_POINT('',(-26.02,1.55,-19.55));
#12012=CARTESIAN_POINT('',(-25.135,1.55,-19.55));
#12013=CARTESIAN_POINT('',(-26.02,6.05,-19.55));
#12014=CARTESIAN_POINT('',(-25.135,6.05,-19.55));
#12015=CARTESIAN_POINT('',(-26.02,6.05,-19.55));
#12016=CARTESIAN_POINT('Origin',(-26.02,6.05,-18.55));
#12017=CARTESIAN_POINT('',(-26.02,1.55,-9.27499999999999));
#12018=CARTESIAN_POINT('',(-26.02,6.05,-9.27499999999999));
#12019=CARTESIAN_POINT('Origin',(-25.02,6.05,-16.01));
#12020=CARTESIAN_POINT('',(-26.02,1.55,-16.01));
#12021=CARTESIAN_POINT('',(-25.02,1.55,-16.01));
#12022=CARTESIAN_POINT('',(-24.635,1.55,-16.01));
#12023=CARTESIAN_POINT('',(-26.02,6.05,-16.01));
#12024=CARTESIAN_POINT('',(-26.02,6.05,-16.01));
#12025=CARTESIAN_POINT('',(-25.02,6.05,-16.01));
#12026=CARTESIAN_POINT('',(-24.635,6.05,-16.01));
#12027=CARTESIAN_POINT('',(-25.02,6.05,-16.01));
#12028=CARTESIAN_POINT('Origin',(-25.02,6.05,-17.01));
#12029=CARTESIAN_POINT('',(-25.02,1.55,-17.01));
#12030=CARTESIAN_POINT('',(-25.02,1.55,-8.50499999999999));
#12031=CARTESIAN_POINT('',(-25.02,6.05,-17.01));
#12032=CARTESIAN_POINT('',(-25.02,6.05,-8.50499999999999));
#12033=CARTESIAN_POINT('',(-25.02,6.05,-17.01));
#12034=CARTESIAN_POINT('Origin',(-26.02,6.05,-17.01));
#12035=CARTESIAN_POINT('',(-26.02,1.55,-17.01));
#12036=CARTESIAN_POINT('',(-25.135,1.55,-17.01));
#12037=CARTESIAN_POINT('',(-26.02,6.05,-17.01));
#12038=CARTESIAN_POINT('',(-25.135,6.05,-17.01));
#12039=CARTESIAN_POINT('',(-26.02,6.05,-17.01));
#12040=CARTESIAN_POINT('Origin',(-26.02,6.05,-16.01));
#12041=CARTESIAN_POINT('',(-26.02,1.55,-8.00499999999999));
#12042=CARTESIAN_POINT('',(-26.02,6.05,-8.00499999999999));
#12043=CARTESIAN_POINT('Origin',(-25.02,6.05,-13.47));
#12044=CARTESIAN_POINT('',(-26.02,1.55,-13.47));
#12045=CARTESIAN_POINT('',(-25.02,1.55,-13.47));
#12046=CARTESIAN_POINT('',(-24.635,1.55,-13.47));
#12047=CARTESIAN_POINT('',(-26.02,6.05,-13.47));
#12048=CARTESIAN_POINT('',(-26.02,6.05,-13.47));
#12049=CARTESIAN_POINT('',(-25.02,6.05,-13.47));
#12050=CARTESIAN_POINT('',(-24.635,6.05,-13.47));
#12051=CARTESIAN_POINT('',(-25.02,6.05,-13.47));
#12052=CARTESIAN_POINT('Origin',(-25.02,6.05,-14.47));
#12053=CARTESIAN_POINT('',(-25.02,1.55,-14.47));
#12054=CARTESIAN_POINT('',(-25.02,1.55,-7.23499999999999));
#12055=CARTESIAN_POINT('',(-25.02,6.05,-14.47));
#12056=CARTESIAN_POINT('',(-25.02,6.05,-7.23499999999999));
#12057=CARTESIAN_POINT('',(-25.02,6.05,-14.47));
#12058=CARTESIAN_POINT('Origin',(-26.02,6.05,-14.47));
#12059=CARTESIAN_POINT('',(-26.02,1.55,-14.47));
#12060=CARTESIAN_POINT('',(-25.135,1.55,-14.47));
#12061=CARTESIAN_POINT('',(-26.02,6.05,-14.47));
#12062=CARTESIAN_POINT('',(-25.135,6.05,-14.47));
#12063=CARTESIAN_POINT('',(-26.02,6.05,-14.47));
#12064=CARTESIAN_POINT('Origin',(-26.02,6.05,-13.47));
#12065=CARTESIAN_POINT('',(-26.02,1.55,-6.73499999999999));
#12066=CARTESIAN_POINT('',(-26.02,6.05,-6.73499999999999));
#12067=CARTESIAN_POINT('Origin',(-25.02,6.05,-10.93));
#12068=CARTESIAN_POINT('',(-26.02,1.55,-10.93));
#12069=CARTESIAN_POINT('',(-25.02,1.55,-10.93));
#12070=CARTESIAN_POINT('',(-24.635,1.55,-10.93));
#12071=CARTESIAN_POINT('',(-26.02,6.05,-10.93));
#12072=CARTESIAN_POINT('',(-26.02,6.05,-10.93));
#12073=CARTESIAN_POINT('',(-25.02,6.05,-10.93));
#12074=CARTESIAN_POINT('',(-24.635,6.05,-10.93));
#12075=CARTESIAN_POINT('',(-25.02,6.05,-10.93));
#12076=CARTESIAN_POINT('Origin',(-25.02,6.05,-11.93));
#12077=CARTESIAN_POINT('',(-25.02,1.55,-11.93));
#12078=CARTESIAN_POINT('',(-25.02,1.55,-5.96499999999999));
#12079=CARTESIAN_POINT('',(-25.02,6.05,-11.93));
#12080=CARTESIAN_POINT('',(-25.02,6.05,-5.96499999999999));
#12081=CARTESIAN_POINT('',(-25.02,6.05,-11.93));
#12082=CARTESIAN_POINT('Origin',(-26.02,6.05,-11.93));
#12083=CARTESIAN_POINT('',(-26.02,1.55,-11.93));
#12084=CARTESIAN_POINT('',(-25.135,1.55,-11.93));
#12085=CARTESIAN_POINT('',(-26.02,6.05,-11.93));
#12086=CARTESIAN_POINT('',(-25.135,6.05,-11.93));
#12087=CARTESIAN_POINT('',(-26.02,6.05,-11.93));
#12088=CARTESIAN_POINT('Origin',(-26.02,6.05,-10.93));
#12089=CARTESIAN_POINT('',(-26.02,1.55,-5.46499999999999));
#12090=CARTESIAN_POINT('',(-26.02,6.05,-5.46499999999999));
#12091=CARTESIAN_POINT('Origin',(-25.02,6.05,-8.39));
#12092=CARTESIAN_POINT('',(-26.02,1.55,-8.39));
#12093=CARTESIAN_POINT('',(-25.02,1.55,-8.39));
#12094=CARTESIAN_POINT('',(-24.635,1.55,-8.39));
#12095=CARTESIAN_POINT('',(-26.02,6.05,-8.39));
#12096=CARTESIAN_POINT('',(-26.02,6.05,-8.39));
#12097=CARTESIAN_POINT('',(-25.02,6.05,-8.39));
#12098=CARTESIAN_POINT('',(-24.635,6.05,-8.39));
#12099=CARTESIAN_POINT('',(-25.02,6.05,-8.39));
#12100=CARTESIAN_POINT('Origin',(-25.02,6.05,-9.38999999999999));
#12101=CARTESIAN_POINT('',(-25.02,1.55,-9.38999999999999));
#12102=CARTESIAN_POINT('',(-25.02,1.55,-4.69499999999999));
#12103=CARTESIAN_POINT('',(-25.02,6.05,-9.38999999999999));
#12104=CARTESIAN_POINT('',(-25.02,6.05,-4.69499999999999));
#12105=CARTESIAN_POINT('',(-25.02,6.05,-9.38999999999999));
#12106=CARTESIAN_POINT('Origin',(-26.02,6.05,-9.38999999999999));
#12107=CARTESIAN_POINT('',(-26.02,1.55,-9.38999999999999));
#12108=CARTESIAN_POINT('',(-25.135,1.55,-9.38999999999999));
#12109=CARTESIAN_POINT('',(-26.02,6.05,-9.38999999999999));
#12110=CARTESIAN_POINT('',(-25.135,6.05,-9.38999999999999));
#12111=CARTESIAN_POINT('',(-26.02,6.05,-9.38999999999999));
#12112=CARTESIAN_POINT('Origin',(-26.02,6.05,-8.39));
#12113=CARTESIAN_POINT('',(-26.02,1.55,-4.19499999999999));
#12114=CARTESIAN_POINT('',(-26.02,6.05,-4.19499999999999));
#12115=CARTESIAN_POINT('Origin',(-25.02,6.05,-5.85));
#12116=CARTESIAN_POINT('',(-26.02,1.55,-5.85));
#12117=CARTESIAN_POINT('',(-25.02,1.55,-5.85));
#12118=CARTESIAN_POINT('',(-24.635,1.55,-5.85));
#12119=CARTESIAN_POINT('',(-26.02,6.05,-5.85));
#12120=CARTESIAN_POINT('',(-26.02,6.05,-5.85));
#12121=CARTESIAN_POINT('',(-25.02,6.05,-5.85));
#12122=CARTESIAN_POINT('',(-24.635,6.05,-5.85));
#12123=CARTESIAN_POINT('',(-25.02,6.05,-5.85));
#12124=CARTESIAN_POINT('Origin',(-25.02,6.05,-6.84999999999999));
#12125=CARTESIAN_POINT('',(-25.02,1.55,-6.84999999999999));
#12126=CARTESIAN_POINT('',(-25.02,1.55,-3.42499999999999));
#12127=CARTESIAN_POINT('',(-25.02,6.05,-6.84999999999999));
#12128=CARTESIAN_POINT('',(-25.02,6.05,-3.42499999999999));
#12129=CARTESIAN_POINT('',(-25.02,6.05,-6.84999999999999));
#12130=CARTESIAN_POINT('Origin',(-26.02,6.05,-6.84999999999999));
#12131=CARTESIAN_POINT('',(-26.02,1.55,-6.84999999999999));
#12132=CARTESIAN_POINT('',(-25.135,1.55,-6.84999999999999));
#12133=CARTESIAN_POINT('',(-26.02,6.05,-6.84999999999999));
#12134=CARTESIAN_POINT('',(-25.135,6.05,-6.84999999999999));
#12135=CARTESIAN_POINT('',(-26.02,6.05,-6.84999999999999));
#12136=CARTESIAN_POINT('Origin',(-26.02,6.05,-5.85));
#12137=CARTESIAN_POINT('',(-26.02,1.55,-2.92499999999999));
#12138=CARTESIAN_POINT('',(-26.02,6.05,-2.92499999999999));
#12139=CARTESIAN_POINT('Origin',(-25.02,6.05,-3.31));
#12140=CARTESIAN_POINT('',(-26.02,1.55,-3.31));
#12141=CARTESIAN_POINT('',(-25.02,1.55,-3.31));
#12142=CARTESIAN_POINT('',(-24.635,1.55,-3.31));
#12143=CARTESIAN_POINT('',(-26.02,6.05,-3.31));
#12144=CARTESIAN_POINT('',(-26.02,6.05,-3.31));
#12145=CARTESIAN_POINT('',(-25.02,6.05,-3.31));
#12146=CARTESIAN_POINT('',(-24.635,6.05,-3.31));
#12147=CARTESIAN_POINT('',(-25.02,6.05,-3.31));
#12148=CARTESIAN_POINT('Origin',(-25.02,6.05,-4.30999999999999));
#12149=CARTESIAN_POINT('',(-25.02,1.55,-4.30999999999999));
#12150=CARTESIAN_POINT('',(-25.02,1.55,-2.15499999999999));
#12151=CARTESIAN_POINT('',(-25.02,6.05,-4.30999999999999));
#12152=CARTESIAN_POINT('',(-25.02,6.05,-2.15499999999999));
#12153=CARTESIAN_POINT('',(-25.02,6.05,-4.30999999999999));
#12154=CARTESIAN_POINT('Origin',(-26.02,6.05,-4.30999999999999));
#12155=CARTESIAN_POINT('',(-26.02,1.55,-4.30999999999999));
#12156=CARTESIAN_POINT('',(-25.135,1.55,-4.30999999999999));
#12157=CARTESIAN_POINT('',(-26.02,6.05,-4.30999999999999));
#12158=CARTESIAN_POINT('',(-25.135,6.05,-4.30999999999999));
#12159=CARTESIAN_POINT('',(-26.02,6.05,-4.30999999999999));
#12160=CARTESIAN_POINT('Origin',(-26.02,6.05,-3.31));
#12161=CARTESIAN_POINT('',(-26.02,1.55,-1.65499999999999));
#12162=CARTESIAN_POINT('',(-26.02,6.05,-1.65499999999999));
#12163=CARTESIAN_POINT('Origin',(-25.02,6.05,-0.769999999999995));
#12164=CARTESIAN_POINT('',(-26.02,1.55,-0.769999999999995));
#12165=CARTESIAN_POINT('',(-25.02,1.55,-0.769999999999995));
#12166=CARTESIAN_POINT('',(-24.635,1.55,-0.769999999999995));
#12167=CARTESIAN_POINT('',(-26.02,6.05,-0.769999999999995));
#12168=CARTESIAN_POINT('',(-26.02,6.05,-0.769999999999995));
#12169=CARTESIAN_POINT('',(-25.02,6.05,-0.769999999999995));
#12170=CARTESIAN_POINT('',(-24.635,6.05,-0.769999999999995));
#12171=CARTESIAN_POINT('',(-25.02,6.05,-0.769999999999995));
#12172=CARTESIAN_POINT('Origin',(-25.02,6.05,-1.76999999999999));
#12173=CARTESIAN_POINT('',(-25.02,1.55,-1.76999999999999));
#12174=CARTESIAN_POINT('',(-25.02,1.55,-0.884999999999989));
#12175=CARTESIAN_POINT('',(-25.02,6.05,-1.76999999999999));
#12176=CARTESIAN_POINT('',(-25.02,6.05,-0.884999999999988));
#12177=CARTESIAN_POINT('',(-25.02,6.05,-1.76999999999999));
#12178=CARTESIAN_POINT('Origin',(-26.02,6.05,-1.76999999999999));
#12179=CARTESIAN_POINT('',(-26.02,1.55,-1.76999999999999));
#12180=CARTESIAN_POINT('',(-25.135,1.55,-1.76999999999999));
#12181=CARTESIAN_POINT('',(-26.02,6.05,-1.76999999999999));
#12182=CARTESIAN_POINT('',(-25.135,6.05,-1.76999999999999));
#12183=CARTESIAN_POINT('',(-26.02,6.05,-1.76999999999999));
#12184=CARTESIAN_POINT('Origin',(-26.02,6.05,-0.769999999999995));
#12185=CARTESIAN_POINT('',(-26.02,1.55,-0.384999999999992));
#12186=CARTESIAN_POINT('',(-26.02,6.05,-0.384999999999991));
#12187=CARTESIAN_POINT('Origin',(-25.02,6.05,1.77));
#12188=CARTESIAN_POINT('',(-26.02,1.55,1.77));
#12189=CARTESIAN_POINT('',(-25.02,1.55,1.77));
#12190=CARTESIAN_POINT('',(-24.635,1.55,1.77));
#12191=CARTESIAN_POINT('',(-26.02,6.05,1.77));
#12192=CARTESIAN_POINT('',(-26.02,6.05,1.77));
#12193=CARTESIAN_POINT('',(-25.02,6.05,1.77));
#12194=CARTESIAN_POINT('',(-24.635,6.05,1.77));
#12195=CARTESIAN_POINT('',(-25.02,6.05,1.77));
#12196=CARTESIAN_POINT('Origin',(-25.02,6.05,0.770000000000008));
#12197=CARTESIAN_POINT('',(-25.02,1.55,0.770000000000008));
#12198=CARTESIAN_POINT('',(-25.02,1.55,0.385000000000011));
#12199=CARTESIAN_POINT('',(-25.02,6.05,0.770000000000008));
#12200=CARTESIAN_POINT('',(-25.02,6.05,0.385000000000012));
#12201=CARTESIAN_POINT('',(-25.02,6.05,0.770000000000008));
#12202=CARTESIAN_POINT('Origin',(-26.02,6.05,0.770000000000008));
#12203=CARTESIAN_POINT('',(-26.02,1.55,0.770000000000008));
#12204=CARTESIAN_POINT('',(-25.135,1.55,0.770000000000008));
#12205=CARTESIAN_POINT('',(-26.02,6.05,0.770000000000008));
#12206=CARTESIAN_POINT('',(-25.135,6.05,0.770000000000008));
#12207=CARTESIAN_POINT('',(-26.02,6.05,0.770000000000008));
#12208=CARTESIAN_POINT('Origin',(-26.02,6.05,1.77));
#12209=CARTESIAN_POINT('',(-26.02,1.55,0.885000000000008));
#12210=CARTESIAN_POINT('',(-26.02,6.05,0.885000000000009));
#12211=CARTESIAN_POINT('Origin',(-25.02,6.05,4.31));
#12212=CARTESIAN_POINT('',(-26.02,1.55,4.31));
#12213=CARTESIAN_POINT('',(-25.02,1.55,4.31));
#12214=CARTESIAN_POINT('',(-24.635,1.55,4.31));
#12215=CARTESIAN_POINT('',(-26.02,6.05,4.31));
#12216=CARTESIAN_POINT('',(-26.02,6.05,4.31));
#12217=CARTESIAN_POINT('',(-25.02,6.05,4.31));
#12218=CARTESIAN_POINT('',(-24.635,6.05,4.31));
#12219=CARTESIAN_POINT('',(-25.02,6.05,4.31));
#12220=CARTESIAN_POINT('Origin',(-25.02,6.05,3.31000000000001));
#12221=CARTESIAN_POINT('',(-25.02,1.55,3.31000000000001));
#12222=CARTESIAN_POINT('',(-25.02,1.55,1.65500000000001));
#12223=CARTESIAN_POINT('',(-25.02,6.05,3.31000000000001));
#12224=CARTESIAN_POINT('',(-25.02,6.05,1.65500000000001));
#12225=CARTESIAN_POINT('',(-25.02,6.05,3.31000000000001));
#12226=CARTESIAN_POINT('Origin',(-26.02,6.05,3.31000000000001));
#12227=CARTESIAN_POINT('',(-26.02,1.55,3.31000000000001));
#12228=CARTESIAN_POINT('',(-25.135,1.55,3.31000000000001));
#12229=CARTESIAN_POINT('',(-26.02,6.05,3.31000000000001));
#12230=CARTESIAN_POINT('',(-25.135,6.05,3.31000000000001));
#12231=CARTESIAN_POINT('',(-26.02,6.05,3.31000000000001));
#12232=CARTESIAN_POINT('Origin',(-26.02,6.05,4.31));
#12233=CARTESIAN_POINT('',(-26.02,1.55,2.15500000000001));
#12234=CARTESIAN_POINT('',(-26.02,6.05,2.15500000000001));
#12235=CARTESIAN_POINT('Origin',(-25.02,6.05,6.85));
#12236=CARTESIAN_POINT('',(-26.02,1.55,6.85));
#12237=CARTESIAN_POINT('',(-25.02,1.55,6.85));
#12238=CARTESIAN_POINT('',(-24.635,1.55,6.85));
#12239=CARTESIAN_POINT('',(-26.02,6.05,6.85));
#12240=CARTESIAN_POINT('',(-26.02,6.05,6.85));
#12241=CARTESIAN_POINT('',(-25.02,6.05,6.85));
#12242=CARTESIAN_POINT('',(-24.635,6.05,6.85));
#12243=CARTESIAN_POINT('',(-25.02,6.05,6.85));
#12244=CARTESIAN_POINT('Origin',(-25.02,6.05,5.85000000000001));
#12245=CARTESIAN_POINT('',(-25.02,1.55,5.85000000000001));
#12246=CARTESIAN_POINT('',(-25.02,1.55,2.92500000000001));
#12247=CARTESIAN_POINT('',(-25.02,6.05,5.85000000000001));
#12248=CARTESIAN_POINT('',(-25.02,6.05,2.92500000000001));
#12249=CARTESIAN_POINT('',(-25.02,6.05,5.85000000000001));
#12250=CARTESIAN_POINT('Origin',(-26.02,6.05,5.85000000000001));
#12251=CARTESIAN_POINT('',(-26.02,1.55,5.85000000000001));
#12252=CARTESIAN_POINT('',(-25.135,1.55,5.85000000000001));
#12253=CARTESIAN_POINT('',(-26.02,6.05,5.85000000000001));
#12254=CARTESIAN_POINT('',(-25.135,6.05,5.85000000000001));
#12255=CARTESIAN_POINT('',(-26.02,6.05,5.85000000000001));
#12256=CARTESIAN_POINT('Origin',(-26.02,6.05,6.85));
#12257=CARTESIAN_POINT('',(-26.02,1.55,3.42500000000001));
#12258=CARTESIAN_POINT('',(-26.02,6.05,3.42500000000001));
#12259=CARTESIAN_POINT('Origin',(-25.02,6.05,9.39));
#12260=CARTESIAN_POINT('',(-26.02,1.55,9.39));
#12261=CARTESIAN_POINT('',(-25.02,1.55,9.39));
#12262=CARTESIAN_POINT('',(-24.635,1.55,9.39));
#12263=CARTESIAN_POINT('',(-26.02,6.05,9.39));
#12264=CARTESIAN_POINT('',(-26.02,6.05,9.39));
#12265=CARTESIAN_POINT('',(-25.02,6.05,9.39));
#12266=CARTESIAN_POINT('',(-24.635,6.05,9.39));
#12267=CARTESIAN_POINT('',(-25.02,6.05,9.39));
#12268=CARTESIAN_POINT('Origin',(-25.02,6.05,8.39000000000001));
#12269=CARTESIAN_POINT('',(-25.02,1.55,8.39000000000001));
#12270=CARTESIAN_POINT('',(-25.02,1.55,4.19500000000001));
#12271=CARTESIAN_POINT('',(-25.02,6.05,8.39000000000001));
#12272=CARTESIAN_POINT('',(-25.02,6.05,4.19500000000001));
#12273=CARTESIAN_POINT('',(-25.02,6.05,8.39000000000001));
#12274=CARTESIAN_POINT('Origin',(-26.02,6.05,8.39000000000001));
#12275=CARTESIAN_POINT('',(-26.02,1.55,8.39000000000001));
#12276=CARTESIAN_POINT('',(-25.135,1.55,8.39000000000001));
#12277=CARTESIAN_POINT('',(-26.02,6.05,8.39000000000001));
#12278=CARTESIAN_POINT('',(-25.135,6.05,8.39000000000001));
#12279=CARTESIAN_POINT('',(-26.02,6.05,8.39000000000001));
#12280=CARTESIAN_POINT('Origin',(-26.02,6.05,9.39));
#12281=CARTESIAN_POINT('',(-26.02,1.55,4.69500000000001));
#12282=CARTESIAN_POINT('',(-26.02,6.05,4.69500000000001));
#12283=CARTESIAN_POINT('Origin',(-25.02,6.05,11.93));
#12284=CARTESIAN_POINT('',(-26.02,1.55,11.93));
#12285=CARTESIAN_POINT('',(-25.02,1.55,11.93));
#12286=CARTESIAN_POINT('',(-24.635,1.55,11.93));
#12287=CARTESIAN_POINT('',(-26.02,6.05,11.93));
#12288=CARTESIAN_POINT('',(-26.02,6.05,11.93));
#12289=CARTESIAN_POINT('',(-25.02,6.05,11.93));
#12290=CARTESIAN_POINT('',(-24.635,6.05,11.93));
#12291=CARTESIAN_POINT('',(-25.02,6.05,11.93));
#12292=CARTESIAN_POINT('Origin',(-25.02,6.05,10.93));
#12293=CARTESIAN_POINT('',(-25.02,1.55,10.93));
#12294=CARTESIAN_POINT('',(-25.02,1.55,5.46500000000001));
#12295=CARTESIAN_POINT('',(-25.02,6.05,10.93));
#12296=CARTESIAN_POINT('',(-25.02,6.05,5.46500000000001));
#12297=CARTESIAN_POINT('',(-25.02,6.05,10.93));
#12298=CARTESIAN_POINT('Origin',(-26.02,6.05,10.93));
#12299=CARTESIAN_POINT('',(-26.02,1.55,10.93));
#12300=CARTESIAN_POINT('',(-25.135,1.55,10.93));
#12301=CARTESIAN_POINT('',(-26.02,6.05,10.93));
#12302=CARTESIAN_POINT('',(-25.135,6.05,10.93));
#12303=CARTESIAN_POINT('',(-26.02,6.05,10.93));
#12304=CARTESIAN_POINT('Origin',(-26.02,6.05,11.93));
#12305=CARTESIAN_POINT('',(-26.02,1.55,5.96500000000001));
#12306=CARTESIAN_POINT('',(-26.02,6.05,5.96500000000001));
#12307=CARTESIAN_POINT('Origin',(-25.02,6.05,14.47));
#12308=CARTESIAN_POINT('',(-26.02,1.55,14.47));
#12309=CARTESIAN_POINT('',(-25.02,1.55,14.47));
#12310=CARTESIAN_POINT('',(-24.635,1.55,14.47));
#12311=CARTESIAN_POINT('',(-26.02,6.05,14.47));
#12312=CARTESIAN_POINT('',(-26.02,6.05,14.47));
#12313=CARTESIAN_POINT('',(-25.02,6.05,14.47));
#12314=CARTESIAN_POINT('',(-24.635,6.05,14.47));
#12315=CARTESIAN_POINT('',(-25.02,6.05,14.47));
#12316=CARTESIAN_POINT('Origin',(-25.02,6.05,13.47));
#12317=CARTESIAN_POINT('',(-25.02,1.55,13.47));
#12318=CARTESIAN_POINT('',(-25.02,1.55,6.73500000000001));
#12319=CARTESIAN_POINT('',(-25.02,6.05,13.47));
#12320=CARTESIAN_POINT('',(-25.02,6.05,6.73500000000001));
#12321=CARTESIAN_POINT('',(-25.02,6.05,13.47));
#12322=CARTESIAN_POINT('Origin',(-26.02,6.05,13.47));
#12323=CARTESIAN_POINT('',(-26.02,1.55,13.47));
#12324=CARTESIAN_POINT('',(-25.135,1.55,13.47));
#12325=CARTESIAN_POINT('',(-26.02,6.05,13.47));
#12326=CARTESIAN_POINT('',(-25.135,6.05,13.47));
#12327=CARTESIAN_POINT('',(-26.02,6.05,13.47));
#12328=CARTESIAN_POINT('Origin',(-26.02,6.05,14.47));
#12329=CARTESIAN_POINT('',(-26.02,1.55,7.23500000000001));
#12330=CARTESIAN_POINT('',(-26.02,6.05,7.23500000000001));
#12331=CARTESIAN_POINT('Origin',(-25.02,6.05,17.01));
#12332=CARTESIAN_POINT('',(-26.02,1.55,17.01));
#12333=CARTESIAN_POINT('',(-25.02,1.55,17.01));
#12334=CARTESIAN_POINT('',(-24.635,1.55,17.01));
#12335=CARTESIAN_POINT('',(-26.02,6.05,17.01));
#12336=CARTESIAN_POINT('',(-26.02,6.05,17.01));
#12337=CARTESIAN_POINT('',(-25.02,6.05,17.01));
#12338=CARTESIAN_POINT('',(-24.635,6.05,17.01));
#12339=CARTESIAN_POINT('',(-25.02,6.05,17.01));
#12340=CARTESIAN_POINT('Origin',(-25.02,6.05,16.01));
#12341=CARTESIAN_POINT('',(-25.02,1.55,16.01));
#12342=CARTESIAN_POINT('',(-25.02,1.55,8.00500000000001));
#12343=CARTESIAN_POINT('',(-25.02,6.05,16.01));
#12344=CARTESIAN_POINT('',(-25.02,6.05,8.00500000000001));
#12345=CARTESIAN_POINT('',(-25.02,6.05,16.01));
#12346=CARTESIAN_POINT('Origin',(-26.02,6.05,16.01));
#12347=CARTESIAN_POINT('',(-26.02,1.55,16.01));
#12348=CARTESIAN_POINT('',(-25.135,1.55,16.01));
#12349=CARTESIAN_POINT('',(-26.02,6.05,16.01));
#12350=CARTESIAN_POINT('',(-25.135,6.05,16.01));
#12351=CARTESIAN_POINT('',(-26.02,6.05,16.01));
#12352=CARTESIAN_POINT('Origin',(-26.02,6.05,17.01));
#12353=CARTESIAN_POINT('',(-26.02,1.55,8.50500000000001));
#12354=CARTESIAN_POINT('',(-26.02,6.05,8.50500000000001));
#12355=CARTESIAN_POINT('Origin',(-25.02,6.05,19.55));
#12356=CARTESIAN_POINT('',(-26.02,1.55,19.55));
#12357=CARTESIAN_POINT('',(-25.02,1.55,19.55));
#12358=CARTESIAN_POINT('',(-24.635,1.55,19.55));
#12359=CARTESIAN_POINT('',(-26.02,6.05,19.55));
#12360=CARTESIAN_POINT('',(-26.02,6.05,19.55));
#12361=CARTESIAN_POINT('',(-25.02,6.05,19.55));
#12362=CARTESIAN_POINT('',(-24.635,6.05,19.55));
#12363=CARTESIAN_POINT('',(-25.02,6.05,19.55));
#12364=CARTESIAN_POINT('Origin',(-25.02,6.05,18.55));
#12365=CARTESIAN_POINT('',(-25.02,1.55,18.55));
#12366=CARTESIAN_POINT('',(-25.02,1.55,9.27500000000001));
#12367=CARTESIAN_POINT('',(-25.02,6.05,18.55));
#12368=CARTESIAN_POINT('',(-25.02,6.05,9.27500000000001));
#12369=CARTESIAN_POINT('',(-25.02,6.05,18.55));
#12370=CARTESIAN_POINT('Origin',(-26.02,6.05,18.55));
#12371=CARTESIAN_POINT('',(-26.02,1.55,18.55));
#12372=CARTESIAN_POINT('',(-25.135,1.55,18.55));
#12373=CARTESIAN_POINT('',(-26.02,6.05,18.55));
#12374=CARTESIAN_POINT('',(-25.135,6.05,18.55));
#12375=CARTESIAN_POINT('',(-26.02,6.05,18.55));
#12376=CARTESIAN_POINT('Origin',(-26.02,6.05,19.55));
#12377=CARTESIAN_POINT('',(-26.02,1.55,9.77500000000001));
#12378=CARTESIAN_POINT('',(-26.02,6.05,9.77500000000001));
#12379=CARTESIAN_POINT('Origin',(-25.02,6.05,22.09));
#12380=CARTESIAN_POINT('',(-26.02,1.55,22.09));
#12381=CARTESIAN_POINT('',(-25.02,1.55,22.09));
#12382=CARTESIAN_POINT('',(-24.635,1.55,22.09));
#12383=CARTESIAN_POINT('',(-26.02,6.05,22.09));
#12384=CARTESIAN_POINT('',(-26.02,6.05,22.09));
#12385=CARTESIAN_POINT('',(-25.02,6.05,22.09));
#12386=CARTESIAN_POINT('',(-24.635,6.05,22.09));
#12387=CARTESIAN_POINT('',(-25.02,6.05,22.09));
#12388=CARTESIAN_POINT('Origin',(-25.02,6.05,21.09));
#12389=CARTESIAN_POINT('',(-25.02,1.55,21.09));
#12390=CARTESIAN_POINT('',(-25.02,1.55,10.545));
#12391=CARTESIAN_POINT('',(-25.02,6.05,21.09));
#12392=CARTESIAN_POINT('',(-25.02,6.05,10.545));
#12393=CARTESIAN_POINT('',(-25.02,6.05,21.09));
#12394=CARTESIAN_POINT('Origin',(-26.02,6.05,21.09));
#12395=CARTESIAN_POINT('',(-26.02,1.55,21.09));
#12396=CARTESIAN_POINT('',(-25.135,1.55,21.09));
#12397=CARTESIAN_POINT('',(-26.02,6.05,21.09));
#12398=CARTESIAN_POINT('',(-25.135,6.05,21.09));
#12399=CARTESIAN_POINT('',(-26.02,6.05,21.09));
#12400=CARTESIAN_POINT('Origin',(-26.02,6.05,22.09));
#12401=CARTESIAN_POINT('',(-26.02,1.55,11.045));
#12402=CARTESIAN_POINT('',(-26.02,6.05,11.045));
#12403=CARTESIAN_POINT('Origin',(-25.02,6.05,24.63));
#12404=CARTESIAN_POINT('',(-26.02,1.55,24.63));
#12405=CARTESIAN_POINT('',(-25.02,1.55,24.63));
#12406=CARTESIAN_POINT('',(-24.635,1.55,24.63));
#12407=CARTESIAN_POINT('',(-26.02,6.05,24.63));
#12408=CARTESIAN_POINT('',(-26.02,6.05,24.63));
#12409=CARTESIAN_POINT('',(-25.02,6.05,24.63));
#12410=CARTESIAN_POINT('',(-24.635,6.05,24.63));
#12411=CARTESIAN_POINT('',(-25.02,6.05,24.63));
#12412=CARTESIAN_POINT('Origin',(-25.02,6.05,23.63));
#12413=CARTESIAN_POINT('',(-25.02,1.55,23.63));
#12414=CARTESIAN_POINT('',(-25.02,1.55,11.815));
#12415=CARTESIAN_POINT('',(-25.02,6.05,23.63));
#12416=CARTESIAN_POINT('',(-25.02,6.05,11.815));
#12417=CARTESIAN_POINT('',(-25.02,6.05,23.63));
#12418=CARTESIAN_POINT('Origin',(-26.02,6.05,23.63));
#12419=CARTESIAN_POINT('',(-26.02,1.55,23.63));
#12420=CARTESIAN_POINT('',(-25.135,1.55,23.63));
#12421=CARTESIAN_POINT('',(-26.02,6.05,23.63));
#12422=CARTESIAN_POINT('',(-25.135,6.05,23.63));
#12423=CARTESIAN_POINT('',(-26.02,6.05,23.63));
#12424=CARTESIAN_POINT('Origin',(-26.02,6.05,24.63));
#12425=CARTESIAN_POINT('',(-26.02,1.55,12.315));
#12426=CARTESIAN_POINT('',(-26.02,6.05,12.315));
#12427=CARTESIAN_POINT('Origin',(-26.75,1.55,25.36));
#12428=CARTESIAN_POINT('',(-26.75,1.55,25.36));
#12429=CARTESIAN_POINT('',(-21.75,1.55,25.36));
#12430=CARTESIAN_POINT('',(-26.75,1.55,25.36));
#12431=CARTESIAN_POINT('',(-21.75,6.05,25.36));
#12432=CARTESIAN_POINT('',(-21.75,1.55,25.36));
#12433=CARTESIAN_POINT('',(-26.75,6.05,25.36));
#12434=CARTESIAN_POINT('',(-26.75,6.05,25.36));
#12435=CARTESIAN_POINT('',(-26.75,1.55,25.36));
#12436=CARTESIAN_POINT('Origin',(-26.75,1.55,-25.36));
#12437=CARTESIAN_POINT('',(-26.75,1.55,-25.36));
#12438=CARTESIAN_POINT('',(-26.75,1.55,-25.36));
#12439=CARTESIAN_POINT('',(-26.75,6.05,-25.36));
#12440=CARTESIAN_POINT('',(-26.75,6.05,-25.36));
#12441=CARTESIAN_POINT('',(-26.75,1.55,-25.36));
#12442=CARTESIAN_POINT('Origin',(-21.75,1.55,-25.36));
#12443=CARTESIAN_POINT('',(-21.75,1.55,-25.36));
#12444=CARTESIAN_POINT('',(-21.75,1.55,-25.36));
#12445=CARTESIAN_POINT('',(-21.75,6.05,-25.36));
#12446=CARTESIAN_POINT('',(-21.75,6.05,-25.36));
#12447=CARTESIAN_POINT('',(-21.75,1.55,-25.36));
#12448=CARTESIAN_POINT('Origin',(-21.75,1.55,25.36));
#12449=CARTESIAN_POINT('',(-21.75,1.55,25.36));
#12450=CARTESIAN_POINT('',(-21.75,6.05,25.36));
#12451=CARTESIAN_POINT('Origin',(-24.25,6.05,1.33226762955019E-14));
#12452=CARTESIAN_POINT('Origin',(-24.25,1.55,1.11022302462516E-14));
#12453=CARTESIAN_POINT('Ctrl Pts',(-2.27963673641878,3.8,4.19865476972659));
#12454=CARTESIAN_POINT('Ctrl Pts',(-2.27963673641878,3.81,4.19865476972659));
#12455=CARTESIAN_POINT('Ctrl Pts',(-2.27963673641878,3.8,4.3903863442823));
#12456=CARTESIAN_POINT('Ctrl Pts',(-2.27963673641878,3.81,4.3903863442823));
#12457=CARTESIAN_POINT('Ctrl Pts',(-2.15549399030357,3.8,4.67177656881012));
#12458=CARTESIAN_POINT('Ctrl Pts',(-2.15549399030357,3.81,4.67177656881012));
#12459=CARTESIAN_POINT('Ctrl Pts',(-1.92514022806756,3.8,4.8166097726112));
#12460=CARTESIAN_POINT('Ctrl Pts',(-1.92514022806756,3.81,4.8166097726112));
#12461=CARTESIAN_POINT('Ctrl Pts',(-1.77616893272931,3.8,4.8166097726112));
#12462=CARTESIAN_POINT('Ctrl Pts',(-1.77616893272931,3.81,4.8166097726112));
#12463=CARTESIAN_POINT('',(-2.27963673641878,3.8,4.19865476972659));
#12464=CARTESIAN_POINT('',(-1.77616893272931,3.8,4.8166097726112));
#12465=CARTESIAN_POINT('Ctrl Pts',(-2.27963673641878,3.8,4.19865476972659));
#12466=CARTESIAN_POINT('Ctrl Pts',(-2.27963673641878,3.8,4.3903863442823));
#12467=CARTESIAN_POINT('Ctrl Pts',(-2.15549399030357,3.8,4.67177656881012));
#12468=CARTESIAN_POINT('Ctrl Pts',(-1.92514022806756,3.8,4.8166097726112));
#12469=CARTESIAN_POINT('Ctrl Pts',(-1.77616893272931,3.8,4.8166097726112));
#12470=CARTESIAN_POINT('',(-2.27963673641878,3.81,4.19865476972659));
#12471=CARTESIAN_POINT('',(-2.27963673641878,3.8,4.19865476972659));
#12472=CARTESIAN_POINT('',(-1.77616893272931,3.81,4.8166097726112));
#12473=CARTESIAN_POINT('Ctrl Pts',(-1.77616893272931,3.81,4.8166097726112));
#12474=CARTESIAN_POINT('Ctrl Pts',(-1.92514022806756,3.81,4.8166097726112));
#12475=CARTESIAN_POINT('Ctrl Pts',(-2.15549399030357,3.81,4.67177656881012));
#12476=CARTESIAN_POINT('Ctrl Pts',(-2.27963673641878,3.81,4.3903863442823));
#12477=CARTESIAN_POINT('Ctrl Pts',(-2.27963673641878,3.81,4.19865476972659));
#12478=CARTESIAN_POINT('',(-1.77616893272931,3.8,4.8166097726112));
#12479=CARTESIAN_POINT('Ctrl Pts',(-1.77616893272931,3.8,4.8166097726112));
#12480=CARTESIAN_POINT('Ctrl Pts',(-1.77616893272931,3.81,4.8166097726112));
#12481=CARTESIAN_POINT('Ctrl Pts',(-1.66995791660852,3.8,4.8166097726112));
#12482=CARTESIAN_POINT('Ctrl Pts',(-1.66995791660852,3.81,4.8166097726112));
#12483=CARTESIAN_POINT('Ctrl Pts',(-1.49064061666432,3.8,4.73660666955917));
#12484=CARTESIAN_POINT('Ctrl Pts',(-1.49064061666432,3.81,4.73660666955917));
#12485=CARTESIAN_POINT('Ctrl Pts',(-1.35960105132049,3.8,4.58349728268375));
#12486=CARTESIAN_POINT('Ctrl Pts',(-1.35960105132049,3.81,4.58349728268375));
#12487=CARTESIAN_POINT('Ctrl Pts',(-1.28511540365136,3.8,4.34624670121912));
#12488=CARTESIAN_POINT('Ctrl Pts',(-1.28511540365136,3.81,4.34624670121912));
#12489=CARTESIAN_POINT('Ctrl Pts',(-1.28511540365136,3.8,4.19865476972659));
#12490=CARTESIAN_POINT('Ctrl Pts',(-1.28511540365136,3.81,4.19865476972659));
#12491=CARTESIAN_POINT('',(-1.28511540365136,3.8,4.19865476972659));
#12492=CARTESIAN_POINT('Ctrl Pts',(-1.77616893272931,3.8,4.8166097726112));
#12493=CARTESIAN_POINT('Ctrl Pts',(-1.66995791660852,3.8,4.8166097726112));
#12494=CARTESIAN_POINT('Ctrl Pts',(-1.49064061666432,3.8,4.73660666955917));
#12495=CARTESIAN_POINT('Ctrl Pts',(-1.35960105132049,3.8,4.58349728268375));
#12496=CARTESIAN_POINT('Ctrl Pts',(-1.28511540365136,3.8,4.34624670121912));
#12497=CARTESIAN_POINT('Ctrl Pts',(-1.28511540365136,3.8,4.19865476972659));
#12498=CARTESIAN_POINT('',(-1.28511540365136,3.81,4.19865476972659));
#12499=CARTESIAN_POINT('Ctrl Pts',(-1.28511540365136,3.81,4.19865476972659));
#12500=CARTESIAN_POINT('Ctrl Pts',(-1.28511540365136,3.81,4.34624670121912));
#12501=CARTESIAN_POINT('Ctrl Pts',(-1.35960105132049,3.81,4.58349728268375));
#12502=CARTESIAN_POINT('Ctrl Pts',(-1.49064061666432,3.81,4.73660666955917));
#12503=CARTESIAN_POINT('Ctrl Pts',(-1.66995791660852,3.81,4.8166097726112));
#12504=CARTESIAN_POINT('Ctrl Pts',(-1.77616893272931,3.81,4.8166097726112));
#12505=CARTESIAN_POINT('',(-1.28511540365136,3.8,4.19865476972659));
#12506=CARTESIAN_POINT('Ctrl Pts',(-1.28511540365136,3.8,4.19865476972659));
#12507=CARTESIAN_POINT('Ctrl Pts',(-1.28511540365136,3.81,4.19865476972659));
#12508=CARTESIAN_POINT('Ctrl Pts',(-1.28511540365136,3.8,4.04968347438833));
#12509=CARTESIAN_POINT('Ctrl Pts',(-1.28511540365136,3.81,4.04968347438833));
#12510=CARTESIAN_POINT('Ctrl Pts',(-1.35960105132049,3.8,3.80829480138653));
#12511=CARTESIAN_POINT('Ctrl Pts',(-1.35960105132049,3.81,3.80829480138653));
#12512=CARTESIAN_POINT('Ctrl Pts',(-1.49753743589294,3.8,3.64966795912821));
#12513=CARTESIAN_POINT('Ctrl Pts',(-1.49753743589294,3.81,3.64966795912821));
#12514=CARTESIAN_POINT('Ctrl Pts',(-1.67547537199141,3.8,3.57104421992191));
#12515=CARTESIAN_POINT('Ctrl Pts',(-1.67547537199141,3.81,3.57104421992191));
#12516=CARTESIAN_POINT('Ctrl Pts',(-1.78168638811221,3.8,3.57104421992191));
#12517=CARTESIAN_POINT('Ctrl Pts',(-1.78168638811221,3.81,3.57104421992191));
#12518=CARTESIAN_POINT('',(-1.78168638811221,3.8,3.57104421992191));
#12519=CARTESIAN_POINT('Ctrl Pts',(-1.28511540365136,3.8,4.19865476972659));
#12520=CARTESIAN_POINT('Ctrl Pts',(-1.28511540365136,3.8,4.04968347438833));
#12521=CARTESIAN_POINT('Ctrl Pts',(-1.35960105132049,3.8,3.80829480138653));
#12522=CARTESIAN_POINT('Ctrl Pts',(-1.49753743589294,3.8,3.64966795912821));
#12523=CARTESIAN_POINT('Ctrl Pts',(-1.67547537199141,3.8,3.57104421992191));
#12524=CARTESIAN_POINT('Ctrl Pts',(-1.78168638811221,3.8,3.57104421992191));
#12525=CARTESIAN_POINT('',(-1.78168638811221,3.81,3.57104421992191));
#12526=CARTESIAN_POINT('Ctrl Pts',(-1.78168638811221,3.81,3.57104421992191));
#12527=CARTESIAN_POINT('Ctrl Pts',(-1.67547537199141,3.81,3.57104421992191));
#12528=CARTESIAN_POINT('Ctrl Pts',(-1.49753743589294,3.81,3.64966795912821));
#12529=CARTESIAN_POINT('Ctrl Pts',(-1.35960105132049,3.81,3.80829480138653));
#12530=CARTESIAN_POINT('Ctrl Pts',(-1.28511540365136,3.81,4.04968347438833));
#12531=CARTESIAN_POINT('Ctrl Pts',(-1.28511540365136,3.81,4.19865476972659));
#12532=CARTESIAN_POINT('',(-1.78168638811221,3.8,3.57104421992191));
#12533=CARTESIAN_POINT('Ctrl Pts',(-1.78168638811221,3.8,3.57104421992191));
#12534=CARTESIAN_POINT('Ctrl Pts',(-1.78168638811221,3.81,3.57104421992191));
#12535=CARTESIAN_POINT('Ctrl Pts',(-1.91686404499321,3.8,3.57104421992191));
#12536=CARTESIAN_POINT('Ctrl Pts',(-1.91686404499321,3.81,3.57104421992191));
#12537=CARTESIAN_POINT('Ctrl Pts',(-2.14445907953777,3.8,3.70760124064864));
#12538=CARTESIAN_POINT('Ctrl Pts',(-2.14445907953777,3.81,3.70760124064864));
#12539=CARTESIAN_POINT('Ctrl Pts',(-2.27963673641878,3.8,3.99037082902218));
#12540=CARTESIAN_POINT('Ctrl Pts',(-2.27963673641878,3.81,3.99037082902218));
#12541=CARTESIAN_POINT('Ctrl Pts',(-2.27963673641878,3.8,4.19865476972659));
#12542=CARTESIAN_POINT('Ctrl Pts',(-2.27963673641878,3.81,4.19865476972659));
#12543=CARTESIAN_POINT('Ctrl Pts',(-1.78168638811221,3.8,3.57104421992191));
#12544=CARTESIAN_POINT('Ctrl Pts',(-1.91686404499321,3.8,3.57104421992191));
#12545=CARTESIAN_POINT('Ctrl Pts',(-2.14445907953777,3.8,3.70760124064864));
#12546=CARTESIAN_POINT('Ctrl Pts',(-2.27963673641878,3.8,3.99037082902218));
#12547=CARTESIAN_POINT('Ctrl Pts',(-2.27963673641878,3.8,4.19865476972659));
#12548=CARTESIAN_POINT('Ctrl Pts',(-2.27963673641878,3.81,4.19865476972659));
#12549=CARTESIAN_POINT('Ctrl Pts',(-2.27963673641878,3.81,3.99037082902218));
#12550=CARTESIAN_POINT('Ctrl Pts',(-2.14445907953777,3.81,3.70760124064864));
#12551=CARTESIAN_POINT('Ctrl Pts',(-1.91686404499321,3.81,3.57104421992191));
#12552=CARTESIAN_POINT('Ctrl Pts',(-1.78168638811221,3.81,3.57104421992191));
#12553=CARTESIAN_POINT('Origin',(1.25,3.81,1.50000000000002));
#12554=CARTESIAN_POINT('',(-1.77616893272931,3.81,5.09799999713901));
#12555=CARTESIAN_POINT('',(-2.63827133630717,3.81,4.19589604203514));
#12556=CARTESIAN_POINT('Ctrl Pts',(-1.77616893272931,3.81,5.09799999713901));
#12557=CARTESIAN_POINT('Ctrl Pts',(-2.04790361033705,3.81,5.09799999713901));
#12558=CARTESIAN_POINT('Ctrl Pts',(-2.4382635786771,3.81,4.87730178182308));
#12559=CARTESIAN_POINT('Ctrl Pts',(-2.63827133630717,3.81,4.47038944733433));
#12560=CARTESIAN_POINT('Ctrl Pts',(-2.63827133630717,3.81,4.19589604203514));
#12561=CARTESIAN_POINT('',(-0.926480803762968,3.81,4.19865476972659));
#12562=CARTESIAN_POINT('Ctrl Pts',(-0.926480803762968,3.81,4.19865476972659));
#12563=CARTESIAN_POINT('Ctrl Pts',(-0.926480803762968,3.81,4.40004189120238));
#12564=CARTESIAN_POINT('Ctrl Pts',(-1.04234736680383,3.81,4.73660666955917));
#12565=CARTESIAN_POINT('Ctrl Pts',(-1.26166621827404,3.81,4.97247788717807));
#12566=CARTESIAN_POINT('Ctrl Pts',(-1.57616117509924,3.81,5.09799999713901));
#12567=CARTESIAN_POINT('Ctrl Pts',(-1.77616893272931,3.81,5.09799999713901));
#12568=CARTESIAN_POINT('',(-1.78306575195793,3.81,3.28965399539409));
#12569=CARTESIAN_POINT('Ctrl Pts',(-1.78306575195793,3.81,3.28965399539409));
#12570=CARTESIAN_POINT('Ctrl Pts',(-1.57891990279069,3.81,3.28965399539409));
#12571=CARTESIAN_POINT('Ctrl Pts',(-1.25476939904542,3.81,3.42207292458365));
#12572=CARTESIAN_POINT('Ctrl Pts',(-1.03682991142093,3.81,3.66346159758545));
#12573=CARTESIAN_POINT('Ctrl Pts',(-0.926480803762968,3.81,4.00140573978797));
#12574=CARTESIAN_POINT('Ctrl Pts',(-0.926480803762968,3.81,4.19865476972659));
#12575=CARTESIAN_POINT('Ctrl Pts',(-2.63827133630717,3.81,4.19589604203514));
#12576=CARTESIAN_POINT('Ctrl Pts',(-2.63827133630717,3.81,3.99312955671363));
#12577=CARTESIAN_POINT('Ctrl Pts',(-2.52930159249492,3.81,3.66208223373973));
#12578=CARTESIAN_POINT('Ctrl Pts',(-2.30860337717899,3.81,3.41793483304648));
#12579=CARTESIAN_POINT('Ctrl Pts',(-1.98997032881662,3.81,3.28965399539409));
#12580=CARTESIAN_POINT('Ctrl Pts',(-1.78306575195793,3.81,3.28965399539409));
#12581=CARTESIAN_POINT('Ctrl Pts',(-1.77616893272931,3.8,5.09799999713901));
#12582=CARTESIAN_POINT('Ctrl Pts',(-1.77616893272931,3.81,5.09799999713901));
#12583=CARTESIAN_POINT('Ctrl Pts',(-2.04790361033705,3.8,5.09799999713901));
#12584=CARTESIAN_POINT('Ctrl Pts',(-2.04790361033705,3.81,5.09799999713901));
#12585=CARTESIAN_POINT('Ctrl Pts',(-2.4382635786771,3.8,4.87730178182308));
#12586=CARTESIAN_POINT('Ctrl Pts',(-2.4382635786771,3.81,4.87730178182308));
#12587=CARTESIAN_POINT('Ctrl Pts',(-2.63827133630717,3.8,4.47038944733433));
#12588=CARTESIAN_POINT('Ctrl Pts',(-2.63827133630717,3.81,4.47038944733433));
#12589=CARTESIAN_POINT('Ctrl Pts',(-2.63827133630717,3.8,4.19589604203514));
#12590=CARTESIAN_POINT('Ctrl Pts',(-2.63827133630717,3.81,4.19589604203514));
#12591=CARTESIAN_POINT('',(-1.77616893272931,3.8,5.09799999713901));
#12592=CARTESIAN_POINT('',(-2.63827133630717,3.8,4.19589604203514));
#12593=CARTESIAN_POINT('Ctrl Pts',(-1.77616893272931,3.8,5.09799999713901));
#12594=CARTESIAN_POINT('Ctrl Pts',(-2.04790361033705,3.8,5.09799999713901));
#12595=CARTESIAN_POINT('Ctrl Pts',(-2.4382635786771,3.8,4.87730178182308));
#12596=CARTESIAN_POINT('Ctrl Pts',(-2.63827133630717,3.8,4.47038944733433));
#12597=CARTESIAN_POINT('Ctrl Pts',(-2.63827133630717,3.8,4.19589604203514));
#12598=CARTESIAN_POINT('',(-1.77616893272931,3.8,5.09799999713901));
#12599=CARTESIAN_POINT('',(-2.63827133630717,3.8,4.19589604203514));
#12600=CARTESIAN_POINT('Ctrl Pts',(-0.926480803762968,3.8,4.19865476972659));
#12601=CARTESIAN_POINT('Ctrl Pts',(-0.926480803762968,3.81,4.19865476972659));
#12602=CARTESIAN_POINT('Ctrl Pts',(-0.926480803762968,3.8,4.40004189120238));
#12603=CARTESIAN_POINT('Ctrl Pts',(-0.926480803762968,3.81,4.40004189120238));
#12604=CARTESIAN_POINT('Ctrl Pts',(-1.04234736680383,3.8,4.73660666955917));
#12605=CARTESIAN_POINT('Ctrl Pts',(-1.04234736680383,3.81,4.73660666955917));
#12606=CARTESIAN_POINT('Ctrl Pts',(-1.26166621827404,3.8,4.97247788717807));
#12607=CARTESIAN_POINT('Ctrl Pts',(-1.26166621827404,3.81,4.97247788717807));
#12608=CARTESIAN_POINT('Ctrl Pts',(-1.57616117509924,3.8,5.09799999713901));
#12609=CARTESIAN_POINT('Ctrl Pts',(-1.57616117509924,3.81,5.09799999713901));
#12610=CARTESIAN_POINT('Ctrl Pts',(-1.77616893272931,3.8,5.09799999713901));
#12611=CARTESIAN_POINT('Ctrl Pts',(-1.77616893272931,3.81,5.09799999713901));
#12612=CARTESIAN_POINT('',(-0.926480803762968,3.8,4.19865476972659));
#12613=CARTESIAN_POINT('Ctrl Pts',(-0.926480803762968,3.8,4.19865476972659));
#12614=CARTESIAN_POINT('Ctrl Pts',(-0.926480803762968,3.8,4.40004189120238));
#12615=CARTESIAN_POINT('Ctrl Pts',(-1.04234736680383,3.8,4.73660666955917));
#12616=CARTESIAN_POINT('Ctrl Pts',(-1.26166621827404,3.8,4.97247788717807));
#12617=CARTESIAN_POINT('Ctrl Pts',(-1.57616117509924,3.8,5.09799999713901));
#12618=CARTESIAN_POINT('Ctrl Pts',(-1.77616893272931,3.8,5.09799999713901));
#12619=CARTESIAN_POINT('',(-0.926480803762968,3.8,4.19865476972659));
#12620=CARTESIAN_POINT('Ctrl Pts',(-1.78306575195793,3.8,3.28965399539409));
#12621=CARTESIAN_POINT('Ctrl Pts',(-1.78306575195793,3.81,3.28965399539409));
#12622=CARTESIAN_POINT('Ctrl Pts',(-1.57891990279069,3.8,3.28965399539409));
#12623=CARTESIAN_POINT('Ctrl Pts',(-1.57891990279069,3.81,3.28965399539409));
#12624=CARTESIAN_POINT('Ctrl Pts',(-1.25476939904542,3.8,3.42207292458365));
#12625=CARTESIAN_POINT('Ctrl Pts',(-1.25476939904542,3.81,3.42207292458365));
#12626=CARTESIAN_POINT('Ctrl Pts',(-1.03682991142093,3.8,3.66346159758545));
#12627=CARTESIAN_POINT('Ctrl Pts',(-1.03682991142093,3.81,3.66346159758545));
#12628=CARTESIAN_POINT('Ctrl Pts',(-0.926480803762968,3.8,4.00140573978797));
#12629=CARTESIAN_POINT('Ctrl Pts',(-0.926480803762968,3.81,4.00140573978797));
#12630=CARTESIAN_POINT('Ctrl Pts',(-0.926480803762968,3.8,4.19865476972659));
#12631=CARTESIAN_POINT('Ctrl Pts',(-0.926480803762968,3.81,4.19865476972659));
#12632=CARTESIAN_POINT('',(-1.78306575195793,3.8,3.28965399539409));
#12633=CARTESIAN_POINT('Ctrl Pts',(-1.78306575195793,3.8,3.28965399539409));
#12634=CARTESIAN_POINT('Ctrl Pts',(-1.57891990279069,3.8,3.28965399539409));
#12635=CARTESIAN_POINT('Ctrl Pts',(-1.25476939904542,3.8,3.42207292458365));
#12636=CARTESIAN_POINT('Ctrl Pts',(-1.03682991142093,3.8,3.66346159758545));
#12637=CARTESIAN_POINT('Ctrl Pts',(-0.926480803762968,3.8,4.00140573978797));
#12638=CARTESIAN_POINT('Ctrl Pts',(-0.926480803762968,3.8,4.19865476972659));
#12639=CARTESIAN_POINT('',(-1.78306575195793,3.8,3.28965399539409));
#12640=CARTESIAN_POINT('Ctrl Pts',(-2.63827133630717,3.8,4.19589604203514));
#12641=CARTESIAN_POINT('Ctrl Pts',(-2.63827133630717,3.81,4.19589604203514));
#12642=CARTESIAN_POINT('Ctrl Pts',(-2.63827133630717,3.8,3.99312955671363));
#12643=CARTESIAN_POINT('Ctrl Pts',(-2.63827133630717,3.81,3.99312955671363));
#12644=CARTESIAN_POINT('Ctrl Pts',(-2.52930159249492,3.8,3.66208223373973));
#12645=CARTESIAN_POINT('Ctrl Pts',(-2.52930159249492,3.81,3.66208223373973));
#12646=CARTESIAN_POINT('Ctrl Pts',(-2.30860337717899,3.8,3.41793483304648));
#12647=CARTESIAN_POINT('Ctrl Pts',(-2.30860337717899,3.81,3.41793483304648));
#12648=CARTESIAN_POINT('Ctrl Pts',(-1.98997032881662,3.8,3.28965399539409));
#12649=CARTESIAN_POINT('Ctrl Pts',(-1.98997032881662,3.81,3.28965399539409));
#12650=CARTESIAN_POINT('Ctrl Pts',(-1.78306575195793,3.8,3.28965399539409));
#12651=CARTESIAN_POINT('Ctrl Pts',(-1.78306575195793,3.81,3.28965399539409));
#12652=CARTESIAN_POINT('Ctrl Pts',(-2.63827133630717,3.8,4.19589604203514));
#12653=CARTESIAN_POINT('Ctrl Pts',(-2.63827133630717,3.8,3.99312955671363));
#12654=CARTESIAN_POINT('Ctrl Pts',(-2.52930159249492,3.8,3.66208223373973));
#12655=CARTESIAN_POINT('Ctrl Pts',(-2.30860337717899,3.8,3.41793483304648));
#12656=CARTESIAN_POINT('Ctrl Pts',(-1.98997032881662,3.8,3.28965399539409));
#12657=CARTESIAN_POINT('Ctrl Pts',(-1.78306575195793,3.8,3.28965399539409));
#12658=CARTESIAN_POINT('Origin',(1.25,3.81,1.50000000000002));
#12659=CARTESIAN_POINT('',(1.21705055879566,3.81,3.50621411917285));
#12660=CARTESIAN_POINT('',(1.21705055879566,3.81,4.88281923720598));
#12661=CARTESIAN_POINT('',(1.21705055879566,3.81,3.50621411917285));
#12662=CARTESIAN_POINT('',(1.04187135038864,3.81,3.28965399539409));
#12663=CARTESIAN_POINT('Ctrl Pts',(1.04187135038864,3.81,3.28965399539409));
#12664=CARTESIAN_POINT('Ctrl Pts',(1.11773636190349,3.81,3.28965399539409));
#12665=CARTESIAN_POINT('Ctrl Pts',(1.21705055879566,3.81,3.39862373920634));
#12666=CARTESIAN_POINT('Ctrl Pts',(1.21705055879566,3.81,3.50621411917285));
#12667=CARTESIAN_POINT('',(0.863933414290172,3.81,3.50621411917285));
#12668=CARTESIAN_POINT('Ctrl Pts',(0.863933414290172,3.81,3.50621411917285));
#12669=CARTESIAN_POINT('Ctrl Pts',(0.863933414290172,3.81,3.39724437536061));
#12670=CARTESIAN_POINT('Ctrl Pts',(0.963247611182343,3.81,3.28965399539409));
#12671=CARTESIAN_POINT('Ctrl Pts',(1.04187135038864,3.81,3.28965399539409));
#12672=CARTESIAN_POINT('',(0.863933414290172,3.81,4.88281923720598));
#12673=CARTESIAN_POINT('',(0.863933414290172,3.81,4.88281923720598));
#12674=CARTESIAN_POINT('',(1.04187135038864,3.81,5.09799999713901));
#12675=CARTESIAN_POINT('Ctrl Pts',(1.04187135038864,3.81,5.09799999713901));
#12676=CARTESIAN_POINT('Ctrl Pts',(0.963247611182343,3.81,5.09799999713901));
#12677=CARTESIAN_POINT('Ctrl Pts',(0.863933414290172,3.81,4.99178898101822));
#12678=CARTESIAN_POINT('Ctrl Pts',(0.863933414290172,3.81,4.88281923720598));
#12679=CARTESIAN_POINT('Ctrl Pts',(1.21705055879566,3.81,4.88281923720598));
#12680=CARTESIAN_POINT('Ctrl Pts',(1.21705055879566,3.81,4.99040961717249));
#12681=CARTESIAN_POINT('Ctrl Pts',(1.11911572574922,3.81,5.09799999713901));
#12682=CARTESIAN_POINT('Ctrl Pts',(1.04187135038864,3.81,5.09799999713901));
#12683=CARTESIAN_POINT('Origin',(1.21705055879566,3.8,4.19451667818941));
#12684=CARTESIAN_POINT('',(1.21705055879566,3.8,3.50621411917285));
#12685=CARTESIAN_POINT('',(1.21705055879566,3.8,4.88281923720598));
#12686=CARTESIAN_POINT('',(1.21705055879566,3.8,2.84725833909472));
#12687=CARTESIAN_POINT('',(1.21705055879566,3.8,3.50621411917285));
#12688=CARTESIAN_POINT('',(1.21705055879566,3.8,4.88281923720598));
#12689=CARTESIAN_POINT('Ctrl Pts',(1.04187135038864,3.8,3.28965399539409));
#12690=CARTESIAN_POINT('Ctrl Pts',(1.04187135038864,3.81,3.28965399539409));
#12691=CARTESIAN_POINT('Ctrl Pts',(1.11773636190349,3.8,3.28965399539409));
#12692=CARTESIAN_POINT('Ctrl Pts',(1.11773636190349,3.81,3.28965399539409));
#12693=CARTESIAN_POINT('Ctrl Pts',(1.21705055879566,3.8,3.39862373920634));
#12694=CARTESIAN_POINT('Ctrl Pts',(1.21705055879566,3.81,3.39862373920634));
#12695=CARTESIAN_POINT('Ctrl Pts',(1.21705055879566,3.8,3.50621411917285));
#12696=CARTESIAN_POINT('Ctrl Pts',(1.21705055879566,3.81,3.50621411917285));
#12697=CARTESIAN_POINT('',(1.04187135038864,3.8,3.28965399539409));
#12698=CARTESIAN_POINT('Ctrl Pts',(1.04187135038864,3.8,3.28965399539409));
#12699=CARTESIAN_POINT('Ctrl Pts',(1.11773636190349,3.8,3.28965399539409));
#12700=CARTESIAN_POINT('Ctrl Pts',(1.21705055879566,3.8,3.39862373920634));
#12701=CARTESIAN_POINT('Ctrl Pts',(1.21705055879566,3.8,3.50621411917285));
#12702=CARTESIAN_POINT('',(1.04187135038864,3.8,3.28965399539409));
#12703=CARTESIAN_POINT('Ctrl Pts',(0.863933414290172,3.8,3.50621411917285));
#12704=CARTESIAN_POINT('Ctrl Pts',(0.863933414290172,3.81,3.50621411917285));
#12705=CARTESIAN_POINT('Ctrl Pts',(0.863933414290172,3.8,3.39724437536061));
#12706=CARTESIAN_POINT('Ctrl Pts',(0.863933414290172,3.81,3.39724437536061));
#12707=CARTESIAN_POINT('Ctrl Pts',(0.963247611182343,3.8,3.28965399539409));
#12708=CARTESIAN_POINT('Ctrl Pts',(0.963247611182343,3.81,3.28965399539409));
#12709=CARTESIAN_POINT('Ctrl Pts',(1.04187135038864,3.8,3.28965399539409));
#12710=CARTESIAN_POINT('Ctrl Pts',(1.04187135038864,3.81,3.28965399539409));
#12711=CARTESIAN_POINT('',(0.863933414290172,3.8,3.50621411917285));
#12712=CARTESIAN_POINT('Ctrl Pts',(0.863933414290172,3.8,3.50621411917285));
#12713=CARTESIAN_POINT('Ctrl Pts',(0.863933414290172,3.8,3.39724437536061));
#12714=CARTESIAN_POINT('Ctrl Pts',(0.963247611182343,3.8,3.28965399539409));
#12715=CARTESIAN_POINT('Ctrl Pts',(1.04187135038864,3.8,3.28965399539409));
#12716=CARTESIAN_POINT('',(0.863933414290172,3.8,3.50621411917285));
#12717=CARTESIAN_POINT('Origin',(0.863933414290172,3.8,4.19451667818941));
#12718=CARTESIAN_POINT('',(0.863933414290172,3.8,4.88281923720598));
#12719=CARTESIAN_POINT('',(0.863933414290172,3.8,2.84725833909472));
#12720=CARTESIAN_POINT('',(0.863933414290172,3.8,4.88281923720598));
#12721=CARTESIAN_POINT('Ctrl Pts',(1.04187135038864,3.8,5.09799999713901));
#12722=CARTESIAN_POINT('Ctrl Pts',(1.04187135038864,3.81,5.09799999713901));
#12723=CARTESIAN_POINT('Ctrl Pts',(0.963247611182343,3.8,5.09799999713901));
#12724=CARTESIAN_POINT('Ctrl Pts',(0.963247611182343,3.81,5.09799999713901));
#12725=CARTESIAN_POINT('Ctrl Pts',(0.863933414290172,3.8,4.99178898101822));
#12726=CARTESIAN_POINT('Ctrl Pts',(0.863933414290172,3.81,4.99178898101822));
#12727=CARTESIAN_POINT('Ctrl Pts',(0.863933414290172,3.8,4.88281923720598));
#12728=CARTESIAN_POINT('Ctrl Pts',(0.863933414290172,3.81,4.88281923720598));
#12729=CARTESIAN_POINT('',(1.04187135038864,3.8,5.09799999713901));
#12730=CARTESIAN_POINT('Ctrl Pts',(1.04187135038864,3.8,5.09799999713901));
#12731=CARTESIAN_POINT('Ctrl Pts',(0.963247611182343,3.8,5.09799999713901));
#12732=CARTESIAN_POINT('Ctrl Pts',(0.863933414290172,3.8,4.99178898101822));
#12733=CARTESIAN_POINT('Ctrl Pts',(0.863933414290172,3.8,4.88281923720598));
#12734=CARTESIAN_POINT('',(1.04187135038864,3.8,5.09799999713901));
#12735=CARTESIAN_POINT('Ctrl Pts',(1.21705055879566,3.8,4.88281923720598));
#12736=CARTESIAN_POINT('Ctrl Pts',(1.21705055879566,3.81,4.88281923720598));
#12737=CARTESIAN_POINT('Ctrl Pts',(1.21705055879566,3.8,4.99040961717249));
#12738=CARTESIAN_POINT('Ctrl Pts',(1.21705055879566,3.81,4.99040961717249));
#12739=CARTESIAN_POINT('Ctrl Pts',(1.11911572574922,3.8,5.09799999713901));
#12740=CARTESIAN_POINT('Ctrl Pts',(1.11911572574922,3.81,5.09799999713901));
#12741=CARTESIAN_POINT('Ctrl Pts',(1.04187135038864,3.8,5.09799999713901));
#12742=CARTESIAN_POINT('Ctrl Pts',(1.04187135038864,3.81,5.09799999713901));
#12743=CARTESIAN_POINT('Ctrl Pts',(1.21705055879566,3.8,4.88281923720598));
#12744=CARTESIAN_POINT('Ctrl Pts',(1.21705055879566,3.8,4.99040961717249));
#12745=CARTESIAN_POINT('Ctrl Pts',(1.11911572574922,3.8,5.09799999713901));
#12746=CARTESIAN_POINT('Ctrl Pts',(1.04187135038864,3.8,5.09799999713901));
#12747=CARTESIAN_POINT('Origin',(2.30881705239727,3.8,4.0027851036337));
#12748=CARTESIAN_POINT('',(2.57020650116208,3.8,4.0027851036337));
#12749=CARTESIAN_POINT('',(2.04742760363247,3.8,4.0027851036337));
#12750=CARTESIAN_POINT('',(1.77940852619864,3.8,4.0027851036337));
#12751=CARTESIAN_POINT('',(2.57020650116208,3.81,4.0027851036337));
#12752=CARTESIAN_POINT('',(2.57020650116208,3.8,4.0027851036337));
#12753=CARTESIAN_POINT('',(2.04742760363247,3.81,4.0027851036337));
#12754=CARTESIAN_POINT('',(1.77940852619864,3.81,4.0027851036337));
#12755=CARTESIAN_POINT('',(2.04742760363247,3.8,4.0027851036337));
#12756=CARTESIAN_POINT('Origin',(2.17915685089916,3.8,4.36348874929068));
#12757=CARTESIAN_POINT('',(2.31088609816586,3.8,4.72419239494765));
#12758=CARTESIAN_POINT('',(1.6631427663365,3.8,2.95052871669238));
#12759=CARTESIAN_POINT('',(2.31088609816586,3.81,4.72419239494765));
#12760=CARTESIAN_POINT('',(1.6631427663365,3.81,2.95052871669238));
#12761=CARTESIAN_POINT('',(2.31088609816586,3.8,4.72419239494765));
#12762=CARTESIAN_POINT('Origin',(2.44054629966397,3.8,4.36348874929068));
#12763=CARTESIAN_POINT('',(2.82819915272969,3.8,3.28507150379405));
#12764=CARTESIAN_POINT('',(2.82819915272969,3.81,3.28507150379405));
#12765=CARTESIAN_POINT('Origin',(1.25,3.81,1.50000000000002));
#12766=CARTESIAN_POINT('',(1.869489667534,3.81,3.51862839378437));
#12767=CARTESIAN_POINT('',(1.95225149827747,3.81,3.73794724525458));
#12768=CARTESIAN_POINT('',(1.869489667534,3.81,3.51862839378437));
#12769=CARTESIAN_POINT('',(1.66396445452103,3.81,3.28965399539409));
#12770=CARTESIAN_POINT('Ctrl Pts',(1.66396445452103,3.81,3.28965399539409));
#12771=CARTESIAN_POINT('Ctrl Pts',(1.7067247337385,3.81,3.28965399539409));
#12772=CARTESIAN_POINT('Ctrl Pts',(1.76603737910465,3.81,3.32000000000003));
#12773=CARTESIAN_POINT('Ctrl Pts',(1.80603893063067,3.81,3.37103646229184));
#12774=CARTESIAN_POINT('Ctrl Pts',(1.8529373013853,3.81,3.47724747841264));
#12775=CARTESIAN_POINT('Ctrl Pts',(1.869489667534,3.81,3.51862839378437));
#12776=CARTESIAN_POINT('',(1.49154397380546,3.81,3.45241892918959));
#12777=CARTESIAN_POINT('Ctrl Pts',(1.49154397380546,3.81,3.45241892918959));
#12778=CARTESIAN_POINT('Ctrl Pts',(1.49154397380546,3.81,3.39172691997771));
#12779=CARTESIAN_POINT('Ctrl Pts',(1.59223753454336,3.81,3.28965399539409));
#12780=CARTESIAN_POINT('Ctrl Pts',(1.66396445452103,3.81,3.28965399539409));
#12781=CARTESIAN_POINT('',(1.54533916378872,3.81,3.63863304836241));
#12782=CARTESIAN_POINT('Ctrl Pts',(1.54533916378872,3.81,3.63863304836241));
#12783=CARTESIAN_POINT('Ctrl Pts',(1.49154397380546,3.81,3.51035221071002));
#12784=CARTESIAN_POINT('Ctrl Pts',(1.49154397380546,3.81,3.45241892918959));
#12785=CARTESIAN_POINT('',(2.00190859672356,3.81,4.76695267416511));
#12786=CARTESIAN_POINT('',(2.00190859672356,3.81,4.76695267416511));
#12787=CARTESIAN_POINT('',(2.30950673432014,3.81,5.09799999713901));
#12788=CARTESIAN_POINT('Ctrl Pts',(2.30950673432014,3.81,5.09799999713901));
#12789=CARTESIAN_POINT('Ctrl Pts',(2.23502108665101,3.81,5.09799999713901));
#12790=CARTESIAN_POINT('Ctrl Pts',(2.13570688975884,3.81,5.0414460794643));
#12791=CARTESIAN_POINT('Ctrl Pts',(2.07501488054696,3.81,4.95316679333793));
#12792=CARTESIAN_POINT('Ctrl Pts',(2.03363396517522,3.81,4.85247323260004));
#12793=CARTESIAN_POINT('Ctrl Pts',(2.00190859672356,3.81,4.76695267416511));
#12794=CARTESIAN_POINT('',(2.61434614422527,3.81,4.76557331031939));
#12795=CARTESIAN_POINT('Ctrl Pts',(2.61434614422527,3.81,4.76557331031939));
#12796=CARTESIAN_POINT('Ctrl Pts',(2.59503505038512,3.81,4.81385104491975));
#12797=CARTESIAN_POINT('Ctrl Pts',(2.54123986040186,3.81,4.9517874294922));
#12798=CARTESIAN_POINT('Ctrl Pts',(2.48054785118998,3.81,5.0414460794643));
#12799=CARTESIAN_POINT('Ctrl Pts',(2.38123365429781,3.81,5.09799999713901));
#12800=CARTESIAN_POINT('Ctrl Pts',(2.30950673432014,3.81,5.09799999713901));
#12801=CARTESIAN_POINT('',(3.06126003024003,3.81,3.62897750144234));
#12802=CARTESIAN_POINT('',(3.06126003024003,3.81,3.62897750144234));
#12803=CARTESIAN_POINT('',(3.11229649253184,3.81,3.44966020149815));
#12804=CARTESIAN_POINT('Ctrl Pts',(3.11229649253184,3.81,3.44966020149815));
#12805=CARTESIAN_POINT('Ctrl Pts',(3.11229649253184,3.81,3.48552366148698));
#12806=CARTESIAN_POINT('Ctrl Pts',(3.08884730715452,3.81,3.56138867300183));
#12807=CARTESIAN_POINT('Ctrl Pts',(3.06126003024003,3.81,3.62897750144234));
#12808=CARTESIAN_POINT('',(2.94263473950772,3.81,3.28965399539409));
#12809=CARTESIAN_POINT('Ctrl Pts',(2.94263473950771,3.81,3.28965399539409));
#12810=CARTESIAN_POINT('Ctrl Pts',(3.01022356794822,3.81,3.28965399539409));
#12811=CARTESIAN_POINT('Ctrl Pts',(3.11229649253184,3.81,3.38758882844054));
#12812=CARTESIAN_POINT('Ctrl Pts',(3.11229649253184,3.81,3.44966020149815));
#12813=CARTESIAN_POINT('',(2.74676507341483,3.81,3.51311093840148));
#12814=CARTESIAN_POINT('Ctrl Pts',(2.74676507341483,3.81,3.51311093840148));
#12815=CARTESIAN_POINT('Ctrl Pts',(2.79504280801519,3.81,3.38207137305764));
#12816=CARTESIAN_POINT('Ctrl Pts',(2.86401100030142,3.81,3.28965399539409));
#12817=CARTESIAN_POINT('Ctrl Pts',(2.94263473950771,3.81,3.28965399539409));
#12818=CARTESIAN_POINT('',(2.66262387882563,3.81,3.73794724525458));
#12819=CARTESIAN_POINT('',(2.66262387882563,3.81,3.73794724525458));
#12820=CARTESIAN_POINT('',(1.95225149827747,3.81,3.73794724525458));
#12821=CARTESIAN_POINT('Origin',(1.91087058290573,3.8,3.62828781951948));
#12822=CARTESIAN_POINT('',(1.869489667534,3.8,3.51862839378437));
#12823=CARTESIAN_POINT('',(1.95225149827747,3.8,3.73794724525458));
#12824=CARTESIAN_POINT('',(1.51817296342101,3.8,2.58763912788497));
#12825=CARTESIAN_POINT('',(1.869489667534,3.8,3.51862839378437));
#12826=CARTESIAN_POINT('',(1.95225149827747,3.8,3.73794724525458));
#12827=CARTESIAN_POINT('Ctrl Pts',(1.66396445452103,3.8,3.28965399539409));
#12828=CARTESIAN_POINT('Ctrl Pts',(1.66396445452103,3.81,3.28965399539409));
#12829=CARTESIAN_POINT('Ctrl Pts',(1.7067247337385,3.8,3.28965399539409));
#12830=CARTESIAN_POINT('Ctrl Pts',(1.7067247337385,3.81,3.28965399539409));
#12831=CARTESIAN_POINT('Ctrl Pts',(1.76603737910465,3.8,3.32000000000003));
#12832=CARTESIAN_POINT('Ctrl Pts',(1.76603737910465,3.81,3.32000000000003));
#12833=CARTESIAN_POINT('Ctrl Pts',(1.80603893063067,3.8,3.37103646229184));
#12834=CARTESIAN_POINT('Ctrl Pts',(1.80603893063067,3.81,3.37103646229184));
#12835=CARTESIAN_POINT('Ctrl Pts',(1.8529373013853,3.8,3.47724747841264));
#12836=CARTESIAN_POINT('Ctrl Pts',(1.8529373013853,3.81,3.47724747841264));
#12837=CARTESIAN_POINT('Ctrl Pts',(1.869489667534,3.8,3.51862839378437));
#12838=CARTESIAN_POINT('Ctrl Pts',(1.869489667534,3.81,3.51862839378437));
#12839=CARTESIAN_POINT('',(1.66396445452103,3.8,3.28965399539409));
#12840=CARTESIAN_POINT('Ctrl Pts',(1.66396445452103,3.8,3.28965399539409));
#12841=CARTESIAN_POINT('Ctrl Pts',(1.7067247337385,3.8,3.28965399539409));
#12842=CARTESIAN_POINT('Ctrl Pts',(1.76603737910465,3.8,3.32000000000003));
#12843=CARTESIAN_POINT('Ctrl Pts',(1.80603893063067,3.8,3.37103646229184));
#12844=CARTESIAN_POINT('Ctrl Pts',(1.8529373013853,3.8,3.47724747841264));
#12845=CARTESIAN_POINT('Ctrl Pts',(1.869489667534,3.8,3.51862839378437));
#12846=CARTESIAN_POINT('',(1.66396445452103,3.8,3.28965399539409));
#12847=CARTESIAN_POINT('Ctrl Pts',(1.49154397380546,3.8,3.45241892918959));
#12848=CARTESIAN_POINT('Ctrl Pts',(1.49154397380546,3.81,3.45241892918959));
#12849=CARTESIAN_POINT('Ctrl Pts',(1.49154397380546,3.8,3.39172691997771));
#12850=CARTESIAN_POINT('Ctrl Pts',(1.49154397380546,3.81,3.39172691997771));
#12851=CARTESIAN_POINT('Ctrl Pts',(1.59223753454336,3.8,3.28965399539409));
#12852=CARTESIAN_POINT('Ctrl Pts',(1.59223753454336,3.81,3.28965399539409));
#12853=CARTESIAN_POINT('Ctrl Pts',(1.66396445452103,3.8,3.28965399539409));
#12854=CARTESIAN_POINT('Ctrl Pts',(1.66396445452103,3.81,3.28965399539409));
#12855=CARTESIAN_POINT('',(1.49154397380546,3.8,3.45241892918959));
#12856=CARTESIAN_POINT('Ctrl Pts',(1.49154397380546,3.8,3.45241892918959));
#12857=CARTESIAN_POINT('Ctrl Pts',(1.49154397380546,3.8,3.39172691997771));
#12858=CARTESIAN_POINT('Ctrl Pts',(1.59223753454336,3.8,3.28965399539409));
#12859=CARTESIAN_POINT('Ctrl Pts',(1.66396445452103,3.8,3.28965399539409));
#12860=CARTESIAN_POINT('',(1.49154397380546,3.8,3.45241892918959));
#12861=CARTESIAN_POINT('Ctrl Pts',(1.54533916378872,3.8,3.63863304836241));
#12862=CARTESIAN_POINT('Ctrl Pts',(1.54533916378872,3.81,3.63863304836241));
#12863=CARTESIAN_POINT('Ctrl Pts',(1.49154397380546,3.8,3.51035221071002));
#12864=CARTESIAN_POINT('Ctrl Pts',(1.49154397380546,3.81,3.51035221071002));
#12865=CARTESIAN_POINT('Ctrl Pts',(1.49154397380546,3.8,3.45241892918959));
#12866=CARTESIAN_POINT('Ctrl Pts',(1.49154397380546,3.81,3.45241892918959));
#12867=CARTESIAN_POINT('',(1.54533916378872,3.8,3.63863304836241));
#12868=CARTESIAN_POINT('Ctrl Pts',(1.54533916378872,3.8,3.63863304836241));
#12869=CARTESIAN_POINT('Ctrl Pts',(1.49154397380546,3.8,3.51035221071002));
#12870=CARTESIAN_POINT('Ctrl Pts',(1.49154397380546,3.8,3.45241892918959));
#12871=CARTESIAN_POINT('',(1.54533916378872,3.8,3.63863304836241));
#12872=CARTESIAN_POINT('Origin',(1.77362388025614,3.8,4.20279286126376));
#12873=CARTESIAN_POINT('',(2.00190859672356,3.8,4.76695267416511));
#12874=CARTESIAN_POINT('',(1.2668903837365,3.8,2.95050283058985));
#12875=CARTESIAN_POINT('',(2.00190859672356,3.8,4.76695267416511));
#12876=CARTESIAN_POINT('Ctrl Pts',(2.30950673432014,3.8,5.09799999713901));
#12877=CARTESIAN_POINT('Ctrl Pts',(2.30950673432014,3.81,5.09799999713901));
#12878=CARTESIAN_POINT('Ctrl Pts',(2.23502108665101,3.8,5.09799999713901));
#12879=CARTESIAN_POINT('Ctrl Pts',(2.23502108665101,3.81,5.09799999713901));
#12880=CARTESIAN_POINT('Ctrl Pts',(2.13570688975884,3.8,5.0414460794643));
#12881=CARTESIAN_POINT('Ctrl Pts',(2.13570688975884,3.81,5.0414460794643));
#12882=CARTESIAN_POINT('Ctrl Pts',(2.07501488054696,3.8,4.95316679333793));
#12883=CARTESIAN_POINT('Ctrl Pts',(2.07501488054696,3.81,4.95316679333793));
#12884=CARTESIAN_POINT('Ctrl Pts',(2.03363396517522,3.8,4.85247323260004));
#12885=CARTESIAN_POINT('Ctrl Pts',(2.03363396517522,3.81,4.85247323260004));
#12886=CARTESIAN_POINT('Ctrl Pts',(2.00190859672356,3.8,4.76695267416511));
#12887=CARTESIAN_POINT('Ctrl Pts',(2.00190859672356,3.81,4.76695267416511));
#12888=CARTESIAN_POINT('',(2.30950673432014,3.8,5.09799999713901));
#12889=CARTESIAN_POINT('Ctrl Pts',(2.30950673432014,3.8,5.09799999713901));
#12890=CARTESIAN_POINT('Ctrl Pts',(2.23502108665101,3.8,5.09799999713901));
#12891=CARTESIAN_POINT('Ctrl Pts',(2.13570688975884,3.8,5.0414460794643));
#12892=CARTESIAN_POINT('Ctrl Pts',(2.07501488054696,3.8,4.95316679333793));
#12893=CARTESIAN_POINT('Ctrl Pts',(2.03363396517522,3.8,4.85247323260004));
#12894=CARTESIAN_POINT('Ctrl Pts',(2.00190859672356,3.8,4.76695267416511));
#12895=CARTESIAN_POINT('',(2.30950673432014,3.8,5.09799999713901));
#12896=CARTESIAN_POINT('Ctrl Pts',(2.61434614422527,3.8,4.76557331031939));
#12897=CARTESIAN_POINT('Ctrl Pts',(2.61434614422527,3.81,4.76557331031939));
#12898=CARTESIAN_POINT('Ctrl Pts',(2.59503505038512,3.8,4.81385104491975));
#12899=CARTESIAN_POINT('Ctrl Pts',(2.59503505038512,3.81,4.81385104491975));
#12900=CARTESIAN_POINT('Ctrl Pts',(2.54123986040186,3.8,4.9517874294922));
#12901=CARTESIAN_POINT('Ctrl Pts',(2.54123986040186,3.81,4.9517874294922));
#12902=CARTESIAN_POINT('Ctrl Pts',(2.48054785118998,3.8,5.0414460794643));
#12903=CARTESIAN_POINT('Ctrl Pts',(2.48054785118998,3.81,5.0414460794643));
#12904=CARTESIAN_POINT('Ctrl Pts',(2.38123365429781,3.8,5.09799999713901));
#12905=CARTESIAN_POINT('Ctrl Pts',(2.38123365429781,3.81,5.09799999713901));
#12906=CARTESIAN_POINT('Ctrl Pts',(2.30950673432014,3.8,5.09799999713901));
#12907=CARTESIAN_POINT('Ctrl Pts',(2.30950673432014,3.81,5.09799999713901));
#12908=CARTESIAN_POINT('',(2.61434614422527,3.8,4.76557331031939));
#12909=CARTESIAN_POINT('Ctrl Pts',(2.61434614422527,3.8,4.76557331031939));
#12910=CARTESIAN_POINT('Ctrl Pts',(2.59503505038512,3.8,4.81385104491975));
#12911=CARTESIAN_POINT('Ctrl Pts',(2.54123986040186,3.8,4.9517874294922));
#12912=CARTESIAN_POINT('Ctrl Pts',(2.48054785118998,3.8,5.0414460794643));
#12913=CARTESIAN_POINT('Ctrl Pts',(2.38123365429781,3.8,5.09799999713901));
#12914=CARTESIAN_POINT('Ctrl Pts',(2.30950673432014,3.8,5.09799999713901));
#12915=CARTESIAN_POINT('',(2.61434614422527,3.8,4.76557331031939));
#12916=CARTESIAN_POINT('Origin',(2.83780308723265,3.8,4.19727540588086));
#12917=CARTESIAN_POINT('',(3.06126003024003,3.8,3.62897750144234));
#12918=CARTESIAN_POINT('',(3.19077532397361,3.8,3.29959292725569));
#12919=CARTESIAN_POINT('',(3.06126003024003,3.8,3.62897750144234));
#12920=CARTESIAN_POINT('Ctrl Pts',(3.11229649253184,3.8,3.44966020149815));
#12921=CARTESIAN_POINT('Ctrl Pts',(3.11229649253184,3.81,3.44966020149815));
#12922=CARTESIAN_POINT('Ctrl Pts',(3.11229649253184,3.8,3.48552366148698));
#12923=CARTESIAN_POINT('Ctrl Pts',(3.11229649253184,3.81,3.48552366148698));
#12924=CARTESIAN_POINT('Ctrl Pts',(3.08884730715452,3.8,3.56138867300183));
#12925=CARTESIAN_POINT('Ctrl Pts',(3.08884730715452,3.81,3.56138867300183));
#12926=CARTESIAN_POINT('Ctrl Pts',(3.06126003024003,3.8,3.62897750144234));
#12927=CARTESIAN_POINT('Ctrl Pts',(3.06126003024003,3.81,3.62897750144234));
#12928=CARTESIAN_POINT('',(3.11229649253184,3.8,3.44966020149815));
#12929=CARTESIAN_POINT('Ctrl Pts',(3.11229649253184,3.8,3.44966020149815));
#12930=CARTESIAN_POINT('Ctrl Pts',(3.11229649253184,3.8,3.48552366148698));
#12931=CARTESIAN_POINT('Ctrl Pts',(3.08884730715452,3.8,3.56138867300183));
#12932=CARTESIAN_POINT('Ctrl Pts',(3.06126003024003,3.8,3.62897750144234));
#12933=CARTESIAN_POINT('',(3.11229649253184,3.8,3.44966020149815));
#12934=CARTESIAN_POINT('Ctrl Pts',(2.94263473950771,3.8,3.28965399539409));
#12935=CARTESIAN_POINT('Ctrl Pts',(2.94263473950771,3.81,3.28965399539409));
#12936=CARTESIAN_POINT('Ctrl Pts',(3.01022356794822,3.8,3.28965399539409));
#12937=CARTESIAN_POINT('Ctrl Pts',(3.01022356794822,3.81,3.28965399539409));
#12938=CARTESIAN_POINT('Ctrl Pts',(3.11229649253184,3.8,3.38758882844054));
#12939=CARTESIAN_POINT('Ctrl Pts',(3.11229649253184,3.81,3.38758882844054));
#12940=CARTESIAN_POINT('Ctrl Pts',(3.11229649253184,3.8,3.44966020149815));
#12941=CARTESIAN_POINT('Ctrl Pts',(3.11229649253184,3.81,3.44966020149815));
#12942=CARTESIAN_POINT('',(2.94263473950772,3.8,3.28965399539409));
#12943=CARTESIAN_POINT('Ctrl Pts',(2.94263473950771,3.8,3.28965399539409));
#12944=CARTESIAN_POINT('Ctrl Pts',(3.01022356794822,3.8,3.28965399539409));
#12945=CARTESIAN_POINT('Ctrl Pts',(3.11229649253184,3.8,3.38758882844054));
#12946=CARTESIAN_POINT('Ctrl Pts',(3.11229649253184,3.8,3.44966020149815));
#12947=CARTESIAN_POINT('',(2.94263473950772,3.8,3.28965399539409));
#12948=CARTESIAN_POINT('Ctrl Pts',(2.74676507341483,3.8,3.51311093840148));
#12949=CARTESIAN_POINT('Ctrl Pts',(2.74676507341483,3.81,3.51311093840148));
#12950=CARTESIAN_POINT('Ctrl Pts',(2.79504280801519,3.8,3.38207137305764));
#12951=CARTESIAN_POINT('Ctrl Pts',(2.79504280801519,3.81,3.38207137305764));
#12952=CARTESIAN_POINT('Ctrl Pts',(2.86401100030142,3.8,3.28965399539409));
#12953=CARTESIAN_POINT('Ctrl Pts',(2.86401100030142,3.81,3.28965399539409));
#12954=CARTESIAN_POINT('Ctrl Pts',(2.94263473950771,3.8,3.28965399539409));
#12955=CARTESIAN_POINT('Ctrl Pts',(2.94263473950771,3.81,3.28965399539409));
#12956=CARTESIAN_POINT('',(2.74676507341483,3.8,3.51311093840148));
#12957=CARTESIAN_POINT('Ctrl Pts',(2.74676507341483,3.8,3.51311093840148));
#12958=CARTESIAN_POINT('Ctrl Pts',(2.79504280801519,3.8,3.38207137305764));
#12959=CARTESIAN_POINT('Ctrl Pts',(2.86401100030142,3.8,3.28965399539409));
#12960=CARTESIAN_POINT('Ctrl Pts',(2.94263473950771,3.8,3.28965399539409));
#12961=CARTESIAN_POINT('',(2.74676507341483,3.8,3.51311093840148));
#12962=CARTESIAN_POINT('Origin',(2.70469447612023,3.8,3.62552909182803));
#12963=CARTESIAN_POINT('',(2.66262387882563,3.8,3.73794724525458));
#12964=CARTESIAN_POINT('',(2.96420615678055,3.8,2.93207984678486));
#12965=CARTESIAN_POINT('',(2.66262387882563,3.8,3.73794724525458));
#12966=CARTESIAN_POINT('Origin',(2.30743768855155,3.8,3.73794724525458));
#12967=CARTESIAN_POINT('',(1.77871884427577,3.8,3.73794724525458));
#12968=CARTESIAN_POINT('Origin',(1.25,3.81,1.50000000000002));
#12969=CARTESIAN_POINT('',(4.48752221273211,3.81,4.88281923720598));
#12970=CARTESIAN_POINT('',(4.48752221273211,3.81,4.38211016120796));
#12971=CARTESIAN_POINT('',(4.48752221273211,3.81,4.88281923720598));
#12972=CARTESIAN_POINT('',(4.66546014883058,3.81,5.09799999713901));
#12973=CARTESIAN_POINT('Ctrl Pts',(4.66546014883058,3.81,5.09799999713901));
#12974=CARTESIAN_POINT('Ctrl Pts',(4.58683640962428,3.81,5.09799999713901));
#12975=CARTESIAN_POINT('Ctrl Pts',(4.48752221273211,3.81,4.99178898101822));
#12976=CARTESIAN_POINT('Ctrl Pts',(4.48752221273211,3.81,4.88281923720598));
#12977=CARTESIAN_POINT('',(4.8406393572376,3.81,4.88281923720598));
#12978=CARTESIAN_POINT('Ctrl Pts',(4.8406393572376,3.81,4.88281923720598));
#12979=CARTESIAN_POINT('Ctrl Pts',(4.8406393572376,3.81,4.99040961717249));
#12980=CARTESIAN_POINT('Ctrl Pts',(4.74684261572833,3.81,5.09799999713901));
#12981=CARTESIAN_POINT('Ctrl Pts',(4.66546014883058,3.81,5.09799999713901));
#12982=CARTESIAN_POINT('',(4.8406393572376,3.81,3.50621411917285));
#12983=CARTESIAN_POINT('',(4.8406393572376,3.81,3.50621411917285));
#12984=CARTESIAN_POINT('',(4.66546014883058,3.81,3.28965399539409));
#12985=CARTESIAN_POINT('Ctrl Pts',(4.66546014883058,3.81,3.28965399539409));
#12986=CARTESIAN_POINT('Ctrl Pts',(4.7454632518826,3.81,3.28965399539409));
#12987=CARTESIAN_POINT('Ctrl Pts',(4.8406393572376,3.81,3.39862373920634));
#12988=CARTESIAN_POINT('Ctrl Pts',(4.8406393572376,3.81,3.50621411917285));
#12989=CARTESIAN_POINT('',(4.48752221273211,3.81,3.50621411917285));
#12990=CARTESIAN_POINT('Ctrl Pts',(4.48752221273211,3.81,3.50621411917285));
#12991=CARTESIAN_POINT('Ctrl Pts',(4.48752221273211,3.81,3.39724437536061));
#12992=CARTESIAN_POINT('Ctrl Pts',(4.58683640962428,3.81,3.28965399539409));
#12993=CARTESIAN_POINT('Ctrl Pts',(4.66546014883058,3.81,3.28965399539409));
#12994=CARTESIAN_POINT('',(4.48752221273211,3.81,4.09382311745152));
#12995=CARTESIAN_POINT('',(4.48752221273211,3.81,4.09382311745152));
#12996=CARTESIAN_POINT('',(3.72197527835497,3.81,4.09382311745152));
#12997=CARTESIAN_POINT('',(3.72197527835497,3.81,4.09382311745152));
#12998=CARTESIAN_POINT('',(3.72197527835497,3.81,3.50621411917285));
#12999=CARTESIAN_POINT('',(3.72197527835497,3.81,3.50621411917285));
#13000=CARTESIAN_POINT('',(3.54679606994795,3.81,3.28965399539409));
#13001=CARTESIAN_POINT('Ctrl Pts',(3.54679606994795,3.81,3.28965399539409));
#13002=CARTESIAN_POINT('Ctrl Pts',(3.62679917299997,3.81,3.28965399539409));
#13003=CARTESIAN_POINT('Ctrl Pts',(3.72197527835497,3.81,3.39862373920634));
#13004=CARTESIAN_POINT('Ctrl Pts',(3.72197527835497,3.81,3.50621411917285));
#13005=CARTESIAN_POINT('',(3.36885813384947,3.81,3.50621411917285));
#13006=CARTESIAN_POINT('Ctrl Pts',(3.36885813384947,3.81,3.50621411917285));
#13007=CARTESIAN_POINT('Ctrl Pts',(3.36885813384947,3.81,3.39724437536061));
#13008=CARTESIAN_POINT('Ctrl Pts',(3.46817233074165,3.81,3.28965399539409));
#13009=CARTESIAN_POINT('Ctrl Pts',(3.54679606994795,3.81,3.28965399539409));
#13010=CARTESIAN_POINT('',(3.36885813384947,3.81,4.88281923720598));
#13011=CARTESIAN_POINT('',(3.36885813384947,3.81,4.88281923720598));
#13012=CARTESIAN_POINT('',(3.54679606994795,3.81,5.09799999713901));
#13013=CARTESIAN_POINT('Ctrl Pts',(3.54679606994795,3.81,5.09799999713901));
#13014=CARTESIAN_POINT('Ctrl Pts',(3.46817233074165,3.81,5.09799999713901));
#13015=CARTESIAN_POINT('Ctrl Pts',(3.36885813384947,3.81,4.99178898101822));
#13016=CARTESIAN_POINT('Ctrl Pts',(3.36885813384947,3.81,4.88281923720598));
#13017=CARTESIAN_POINT('',(3.72197527835497,3.81,4.88281923720598));
#13018=CARTESIAN_POINT('Ctrl Pts',(3.72197527835497,3.81,4.88281923720598));
#13019=CARTESIAN_POINT('Ctrl Pts',(3.72197527835497,3.81,4.99040961717249));
#13020=CARTESIAN_POINT('Ctrl Pts',(3.62541980915425,3.81,5.09799999713901));
#13021=CARTESIAN_POINT('Ctrl Pts',(3.54679606994795,3.81,5.09799999713901));
#13022=CARTESIAN_POINT('',(3.72197527835497,3.81,4.38211016120796));
#13023=CARTESIAN_POINT('',(3.72197527835497,3.81,4.38211016120796));
#13024=CARTESIAN_POINT('',(4.48752221273211,3.81,4.38211016120796));
#13025=CARTESIAN_POINT('Origin',(4.48752221273211,3.8,4.63246469920697));
#13026=CARTESIAN_POINT('',(4.48752221273211,3.8,4.88281923720598));
#13027=CARTESIAN_POINT('',(4.48752221273211,3.8,4.38211016120796));
#13028=CARTESIAN_POINT('',(4.48752221273211,3.8,3.06623234960349));
#13029=CARTESIAN_POINT('',(4.48752221273211,3.8,4.88281923720598));
#13030=CARTESIAN_POINT('',(4.48752221273211,3.8,4.38211016120796));
#13031=CARTESIAN_POINT('Ctrl Pts',(4.66546014883058,3.8,5.09799999713901));
#13032=CARTESIAN_POINT('Ctrl Pts',(4.66546014883058,3.81,5.09799999713901));
#13033=CARTESIAN_POINT('Ctrl Pts',(4.58683640962428,3.8,5.09799999713901));
#13034=CARTESIAN_POINT('Ctrl Pts',(4.58683640962428,3.81,5.09799999713901));
#13035=CARTESIAN_POINT('Ctrl Pts',(4.48752221273211,3.8,4.99178898101822));
#13036=CARTESIAN_POINT('Ctrl Pts',(4.48752221273211,3.81,4.99178898101822));
#13037=CARTESIAN_POINT('Ctrl Pts',(4.48752221273211,3.8,4.88281923720598));
#13038=CARTESIAN_POINT('Ctrl Pts',(4.48752221273211,3.81,4.88281923720598));
#13039=CARTESIAN_POINT('',(4.66546014883058,3.8,5.09799999713901));
#13040=CARTESIAN_POINT('Ctrl Pts',(4.66546014883058,3.8,5.09799999713901));
#13041=CARTESIAN_POINT('Ctrl Pts',(4.58683640962428,3.8,5.09799999713901));
#13042=CARTESIAN_POINT('Ctrl Pts',(4.48752221273211,3.8,4.99178898101822));
#13043=CARTESIAN_POINT('Ctrl Pts',(4.48752221273211,3.8,4.88281923720598));
#13044=CARTESIAN_POINT('',(4.66546014883058,3.8,5.09799999713901));
#13045=CARTESIAN_POINT('Ctrl Pts',(4.8406393572376,3.8,4.88281923720598));
#13046=CARTESIAN_POINT('Ctrl Pts',(4.8406393572376,3.81,4.88281923720598));
#13047=CARTESIAN_POINT('Ctrl Pts',(4.8406393572376,3.8,4.99040961717249));
#13048=CARTESIAN_POINT('Ctrl Pts',(4.8406393572376,3.81,4.99040961717249));
#13049=CARTESIAN_POINT('Ctrl Pts',(4.74684261572833,3.8,5.09799999713901));
#13050=CARTESIAN_POINT('Ctrl Pts',(4.74684261572833,3.81,5.09799999713901));
#13051=CARTESIAN_POINT('Ctrl Pts',(4.66546014883058,3.8,5.09799999713901));
#13052=CARTESIAN_POINT('Ctrl Pts',(4.66546014883058,3.81,5.09799999713901));
#13053=CARTESIAN_POINT('',(4.8406393572376,3.8,4.88281923720598));
#13054=CARTESIAN_POINT('Ctrl Pts',(4.8406393572376,3.8,4.88281923720598));
#13055=CARTESIAN_POINT('Ctrl Pts',(4.8406393572376,3.8,4.99040961717249));
#13056=CARTESIAN_POINT('Ctrl Pts',(4.74684261572833,3.8,5.09799999713901));
#13057=CARTESIAN_POINT('Ctrl Pts',(4.66546014883058,3.8,5.09799999713901));
#13058=CARTESIAN_POINT('',(4.8406393572376,3.8,4.88281923720598));
#13059=CARTESIAN_POINT('Origin',(4.8406393572376,3.8,4.19451667818941));
#13060=CARTESIAN_POINT('',(4.8406393572376,3.8,3.50621411917285));
#13061=CARTESIAN_POINT('',(4.8406393572376,3.8,2.84725833909472));
#13062=CARTESIAN_POINT('',(4.8406393572376,3.8,3.50621411917285));
#13063=CARTESIAN_POINT('Ctrl Pts',(4.66546014883058,3.8,3.28965399539409));
#13064=CARTESIAN_POINT('Ctrl Pts',(4.66546014883058,3.81,3.28965399539409));
#13065=CARTESIAN_POINT('Ctrl Pts',(4.7454632518826,3.8,3.28965399539409));
#13066=CARTESIAN_POINT('Ctrl Pts',(4.7454632518826,3.81,3.28965399539409));
#13067=CARTESIAN_POINT('Ctrl Pts',(4.8406393572376,3.8,3.39862373920634));
#13068=CARTESIAN_POINT('Ctrl Pts',(4.8406393572376,3.81,3.39862373920634));
#13069=CARTESIAN_POINT('Ctrl Pts',(4.8406393572376,3.8,3.50621411917285));
#13070=CARTESIAN_POINT('Ctrl Pts',(4.8406393572376,3.81,3.50621411917285));
#13071=CARTESIAN_POINT('',(4.66546014883058,3.8,3.28965399539409));
#13072=CARTESIAN_POINT('Ctrl Pts',(4.66546014883058,3.8,3.28965399539409));
#13073=CARTESIAN_POINT('Ctrl Pts',(4.7454632518826,3.8,3.28965399539409));
#13074=CARTESIAN_POINT('Ctrl Pts',(4.8406393572376,3.8,3.39862373920634));
#13075=CARTESIAN_POINT('Ctrl Pts',(4.8406393572376,3.8,3.50621411917285));
#13076=CARTESIAN_POINT('',(4.66546014883058,3.8,3.28965399539409));
#13077=CARTESIAN_POINT('Ctrl Pts',(4.48752221273211,3.8,3.50621411917285));
#13078=CARTESIAN_POINT('Ctrl Pts',(4.48752221273211,3.81,3.50621411917285));
#13079=CARTESIAN_POINT('Ctrl Pts',(4.48752221273211,3.8,3.39724437536061));
#13080=CARTESIAN_POINT('Ctrl Pts',(4.48752221273211,3.81,3.39724437536061));
#13081=CARTESIAN_POINT('Ctrl Pts',(4.58683640962428,3.8,3.28965399539409));
#13082=CARTESIAN_POINT('Ctrl Pts',(4.58683640962428,3.81,3.28965399539409));
#13083=CARTESIAN_POINT('Ctrl Pts',(4.66546014883058,3.8,3.28965399539409));
#13084=CARTESIAN_POINT('Ctrl Pts',(4.66546014883058,3.81,3.28965399539409));
#13085=CARTESIAN_POINT('',(4.48752221273211,3.8,3.50621411917285));
#13086=CARTESIAN_POINT('Ctrl Pts',(4.48752221273211,3.8,3.50621411917285));
#13087=CARTESIAN_POINT('Ctrl Pts',(4.48752221273211,3.8,3.39724437536061));
#13088=CARTESIAN_POINT('Ctrl Pts',(4.58683640962428,3.8,3.28965399539409));
#13089=CARTESIAN_POINT('Ctrl Pts',(4.66546014883058,3.8,3.28965399539409));
#13090=CARTESIAN_POINT('',(4.48752221273211,3.8,3.50621411917285));
#13091=CARTESIAN_POINT('Origin',(4.48752221273211,3.8,3.80001861831219));
#13092=CARTESIAN_POINT('',(4.48752221273211,3.8,4.09382311745152));
#13093=CARTESIAN_POINT('',(4.48752221273211,3.8,2.6500093091561));
#13094=CARTESIAN_POINT('',(4.48752221273211,3.8,4.09382311745152));
#13095=CARTESIAN_POINT('Origin',(4.10474874554354,3.8,4.09382311745152));
#13096=CARTESIAN_POINT('',(3.72197527835497,3.8,4.09382311745152));
#13097=CARTESIAN_POINT('',(2.67737437277177,3.8,4.09382311745152));
#13098=CARTESIAN_POINT('',(3.72197527835497,3.8,4.09382311745152));
#13099=CARTESIAN_POINT('Origin',(3.72197527835497,3.8,3.80001861831219));
#13100=CARTESIAN_POINT('',(3.72197527835497,3.8,3.50621411917285));
#13101=CARTESIAN_POINT('',(3.72197527835497,3.8,2.6500093091561));
#13102=CARTESIAN_POINT('',(3.72197527835497,3.8,3.50621411917285));
#13103=CARTESIAN_POINT('Ctrl Pts',(3.54679606994795,3.8,3.28965399539409));
#13104=CARTESIAN_POINT('Ctrl Pts',(3.54679606994795,3.81,3.28965399539409));
#13105=CARTESIAN_POINT('Ctrl Pts',(3.62679917299997,3.8,3.28965399539409));
#13106=CARTESIAN_POINT('Ctrl Pts',(3.62679917299997,3.81,3.28965399539409));
#13107=CARTESIAN_POINT('Ctrl Pts',(3.72197527835497,3.8,3.39862373920634));
#13108=CARTESIAN_POINT('Ctrl Pts',(3.72197527835497,3.81,3.39862373920634));
#13109=CARTESIAN_POINT('Ctrl Pts',(3.72197527835497,3.8,3.50621411917285));
#13110=CARTESIAN_POINT('Ctrl Pts',(3.72197527835497,3.81,3.50621411917285));
#13111=CARTESIAN_POINT('',(3.54679606994795,3.8,3.28965399539409));
#13112=CARTESIAN_POINT('Ctrl Pts',(3.54679606994795,3.8,3.28965399539409));
#13113=CARTESIAN_POINT('Ctrl Pts',(3.62679917299997,3.8,3.28965399539409));
#13114=CARTESIAN_POINT('Ctrl Pts',(3.72197527835497,3.8,3.39862373920634));
#13115=CARTESIAN_POINT('Ctrl Pts',(3.72197527835497,3.8,3.50621411917285));
#13116=CARTESIAN_POINT('',(3.54679606994795,3.8,3.28965399539409));
#13117=CARTESIAN_POINT('Ctrl Pts',(3.36885813384947,3.8,3.50621411917285));
#13118=CARTESIAN_POINT('Ctrl Pts',(3.36885813384947,3.81,3.50621411917285));
#13119=CARTESIAN_POINT('Ctrl Pts',(3.36885813384947,3.8,3.39724437536061));
#13120=CARTESIAN_POINT('Ctrl Pts',(3.36885813384947,3.81,3.39724437536061));
#13121=CARTESIAN_POINT('Ctrl Pts',(3.46817233074165,3.8,3.28965399539409));
#13122=CARTESIAN_POINT('Ctrl Pts',(3.46817233074165,3.81,3.28965399539409));
#13123=CARTESIAN_POINT('Ctrl Pts',(3.54679606994795,3.8,3.28965399539409));
#13124=CARTESIAN_POINT('Ctrl Pts',(3.54679606994795,3.81,3.28965399539409));
#13125=CARTESIAN_POINT('',(3.36885813384947,3.8,3.50621411917285));
#13126=CARTESIAN_POINT('Ctrl Pts',(3.36885813384947,3.8,3.50621411917285));
#13127=CARTESIAN_POINT('Ctrl Pts',(3.36885813384947,3.8,3.39724437536061));
#13128=CARTESIAN_POINT('Ctrl Pts',(3.46817233074165,3.8,3.28965399539409));
#13129=CARTESIAN_POINT('Ctrl Pts',(3.54679606994795,3.8,3.28965399539409));
#13130=CARTESIAN_POINT('',(3.36885813384947,3.8,3.50621411917285));
#13131=CARTESIAN_POINT('Origin',(3.36885813384947,3.8,4.19451667818941));
#13132=CARTESIAN_POINT('',(3.36885813384947,3.8,4.88281923720598));
#13133=CARTESIAN_POINT('',(3.36885813384947,3.8,2.84725833909472));
#13134=CARTESIAN_POINT('',(3.36885813384947,3.8,4.88281923720598));
#13135=CARTESIAN_POINT('Ctrl Pts',(3.54679606994795,3.8,5.09799999713901));
#13136=CARTESIAN_POINT('Ctrl Pts',(3.54679606994795,3.81,5.09799999713901));
#13137=CARTESIAN_POINT('Ctrl Pts',(3.46817233074165,3.8,5.09799999713901));
#13138=CARTESIAN_POINT('Ctrl Pts',(3.46817233074165,3.81,5.09799999713901));
#13139=CARTESIAN_POINT('Ctrl Pts',(3.36885813384947,3.8,4.99178898101822));
#13140=CARTESIAN_POINT('Ctrl Pts',(3.36885813384947,3.81,4.99178898101822));
#13141=CARTESIAN_POINT('Ctrl Pts',(3.36885813384947,3.8,4.88281923720598));
#13142=CARTESIAN_POINT('Ctrl Pts',(3.36885813384947,3.81,4.88281923720598));
#13143=CARTESIAN_POINT('',(3.54679606994795,3.8,5.09799999713901));
#13144=CARTESIAN_POINT('Ctrl Pts',(3.54679606994795,3.8,5.09799999713901));
#13145=CARTESIAN_POINT('Ctrl Pts',(3.46817233074165,3.8,5.09799999713901));
#13146=CARTESIAN_POINT('Ctrl Pts',(3.36885813384947,3.8,4.99178898101822));
#13147=CARTESIAN_POINT('Ctrl Pts',(3.36885813384947,3.8,4.88281923720598));
#13148=CARTESIAN_POINT('',(3.54679606994795,3.8,5.09799999713901));
#13149=CARTESIAN_POINT('Ctrl Pts',(3.72197527835497,3.8,4.88281923720598));
#13150=CARTESIAN_POINT('Ctrl Pts',(3.72197527835497,3.81,4.88281923720598));
#13151=CARTESIAN_POINT('Ctrl Pts',(3.72197527835497,3.8,4.99040961717249));
#13152=CARTESIAN_POINT('Ctrl Pts',(3.72197527835497,3.81,4.99040961717249));
#13153=CARTESIAN_POINT('Ctrl Pts',(3.62541980915425,3.8,5.09799999713901));
#13154=CARTESIAN_POINT('Ctrl Pts',(3.62541980915425,3.81,5.09799999713901));
#13155=CARTESIAN_POINT('Ctrl Pts',(3.54679606994795,3.8,5.09799999713901));
#13156=CARTESIAN_POINT('Ctrl Pts',(3.54679606994795,3.81,5.09799999713901));
#13157=CARTESIAN_POINT('',(3.72197527835497,3.8,4.88281923720598));
#13158=CARTESIAN_POINT('Ctrl Pts',(3.72197527835497,3.8,4.88281923720598));
#13159=CARTESIAN_POINT('Ctrl Pts',(3.72197527835497,3.8,4.99040961717249));
#13160=CARTESIAN_POINT('Ctrl Pts',(3.62541980915425,3.8,5.09799999713901));
#13161=CARTESIAN_POINT('Ctrl Pts',(3.54679606994795,3.8,5.09799999713901));
#13162=CARTESIAN_POINT('',(3.72197527835497,3.8,4.88281923720598));
#13163=CARTESIAN_POINT('Origin',(3.72197527835497,3.8,4.63246469920697));
#13164=CARTESIAN_POINT('',(3.72197527835497,3.8,4.38211016120796));
#13165=CARTESIAN_POINT('',(3.72197527835497,3.8,3.06623234960349));
#13166=CARTESIAN_POINT('',(3.72197527835497,3.8,4.38211016120796));
#13167=CARTESIAN_POINT('Origin',(4.10474874554354,3.8,4.38211016120796));
#13168=CARTESIAN_POINT('',(2.67737437277177,3.8,4.38211016120796));
#13169=CARTESIAN_POINT('Origin',(1.25,3.81,1.50000000000002));
#13170=CARTESIAN_POINT('',(0.121835703496975,3.81,4.88281923720598));
#13171=CARTESIAN_POINT('',(0.121835703496975,3.81,3.61104577144792));
#13172=CARTESIAN_POINT('',(0.121835703496975,3.81,4.88281923720598));
#13173=CARTESIAN_POINT('',(0.299773639595444,3.81,5.09799999713901));
#13174=CARTESIAN_POINT('Ctrl Pts',(0.299773639595444,3.81,5.09799999713901));
#13175=CARTESIAN_POINT('Ctrl Pts',(0.221149900389146,3.81,5.09799999713901));
#13176=CARTESIAN_POINT('Ctrl Pts',(0.121835703496975,3.81,4.99178898101822));
#13177=CARTESIAN_POINT('Ctrl Pts',(0.121835703496975,3.81,4.88281923720598));
#13178=CARTESIAN_POINT('',(0.474952848002466,3.81,4.88281923720598));
#13179=CARTESIAN_POINT('Ctrl Pts',(0.474952848002466,3.81,4.88281923720598));
#13180=CARTESIAN_POINT('Ctrl Pts',(0.474952848002466,3.81,4.99040961717249));
#13181=CARTESIAN_POINT('Ctrl Pts',(0.378397378801747,3.81,5.09799999713901));
#13182=CARTESIAN_POINT('Ctrl Pts',(0.299773639595444,3.81,5.09799999713901));
#13183=CARTESIAN_POINT('',(0.474952848002466,3.81,3.53656012377879));
#13184=CARTESIAN_POINT('',(0.474952848002466,3.81,3.53656012377879));
#13185=CARTESIAN_POINT('',(0.258392724223708,3.81,3.32000000000003));
#13186=CARTESIAN_POINT('Ctrl Pts',(0.258392724223708,3.81,3.32000000000003));
#13187=CARTESIAN_POINT('Ctrl Pts',(0.374259287264573,3.81,3.32000000000003));
#13188=CARTESIAN_POINT('Ctrl Pts',(0.474952848002466,3.81,3.42207292458365));
#13189=CARTESIAN_POINT('Ctrl Pts',(0.474952848002466,3.81,3.53656012377879));
#13190=CARTESIAN_POINT('',(-0.595433496279805,3.81,3.32000000000003));
#13191=CARTESIAN_POINT('',(-0.595433496279805,3.81,3.32000000000003));
#13192=CARTESIAN_POINT('',(-0.773371432378274,3.81,3.46483320380111));
#13193=CARTESIAN_POINT('Ctrl Pts',(-0.773371432378274,3.81,3.46483320380111));
#13194=CARTESIAN_POINT('Ctrl Pts',(-0.773371432378274,3.81,3.40000310305206));
#13195=CARTESIAN_POINT('Ctrl Pts',(-0.682333418560455,3.81,3.32000000000003));
#13196=CARTESIAN_POINT('Ctrl Pts',(-0.595433496279805,3.81,3.32000000000003));
#13197=CARTESIAN_POINT('',(-0.595433496279805,3.81,3.61104577144792));
#13198=CARTESIAN_POINT('Ctrl Pts',(-0.595433496279805,3.81,3.61104577144792));
#13199=CARTESIAN_POINT('Ctrl Pts',(-0.682333418560455,3.81,3.61104577144792));
#13200=CARTESIAN_POINT('Ctrl Pts',(-0.773371432378274,3.81,3.52690457685872));
#13201=CARTESIAN_POINT('Ctrl Pts',(-0.773371432378274,3.81,3.46483320380111));
#13202=CARTESIAN_POINT('',(0.121835703496975,3.81,3.61104577144792));
#13203=CARTESIAN_POINT('Origin',(0.121835703496975,3.8,4.24693250432695));
#13204=CARTESIAN_POINT('',(0.121835703496975,3.8,4.88281923720598));
#13205=CARTESIAN_POINT('',(0.121835703496975,3.8,3.61104577144792));
#13206=CARTESIAN_POINT('',(0.121835703496975,3.8,2.87346625216348));
#13207=CARTESIAN_POINT('',(0.121835703496975,3.8,4.88281923720598));
#13208=CARTESIAN_POINT('',(0.121835703496975,3.8,3.61104577144792));
#13209=CARTESIAN_POINT('Ctrl Pts',(0.299773639595444,3.8,5.09799999713901));
#13210=CARTESIAN_POINT('Ctrl Pts',(0.299773639595444,3.81,5.09799999713901));
#13211=CARTESIAN_POINT('Ctrl Pts',(0.221149900389146,3.8,5.09799999713901));
#13212=CARTESIAN_POINT('Ctrl Pts',(0.221149900389146,3.81,5.09799999713901));
#13213=CARTESIAN_POINT('Ctrl Pts',(0.121835703496975,3.8,4.99178898101822));
#13214=CARTESIAN_POINT('Ctrl Pts',(0.121835703496975,3.81,4.99178898101822));
#13215=CARTESIAN_POINT('Ctrl Pts',(0.121835703496975,3.8,4.88281923720598));
#13216=CARTESIAN_POINT('Ctrl Pts',(0.121835703496975,3.81,4.88281923720598));
#13217=CARTESIAN_POINT('',(0.299773639595444,3.8,5.09799999713901));
#13218=CARTESIAN_POINT('Ctrl Pts',(0.299773639595444,3.8,5.09799999713901));
#13219=CARTESIAN_POINT('Ctrl Pts',(0.221149900389146,3.8,5.09799999713901));
#13220=CARTESIAN_POINT('Ctrl Pts',(0.121835703496975,3.8,4.99178898101822));
#13221=CARTESIAN_POINT('Ctrl Pts',(0.121835703496975,3.8,4.88281923720598));
#13222=CARTESIAN_POINT('',(0.299773639595444,3.8,5.09799999713901));
#13223=CARTESIAN_POINT('Ctrl Pts',(0.474952848002466,3.8,4.88281923720598));
#13224=CARTESIAN_POINT('Ctrl Pts',(0.474952848002466,3.81,4.88281923720598));
#13225=CARTESIAN_POINT('Ctrl Pts',(0.474952848002466,3.8,4.99040961717249));
#13226=CARTESIAN_POINT('Ctrl Pts',(0.474952848002466,3.81,4.99040961717249));
#13227=CARTESIAN_POINT('Ctrl Pts',(0.378397378801747,3.8,5.09799999713901));
#13228=CARTESIAN_POINT('Ctrl Pts',(0.378397378801747,3.81,5.09799999713901));
#13229=CARTESIAN_POINT('Ctrl Pts',(0.299773639595444,3.8,5.09799999713901));
#13230=CARTESIAN_POINT('Ctrl Pts',(0.299773639595444,3.81,5.09799999713901));
#13231=CARTESIAN_POINT('',(0.474952848002466,3.8,4.88281923720598));
#13232=CARTESIAN_POINT('Ctrl Pts',(0.474952848002466,3.8,4.88281923720598));
#13233=CARTESIAN_POINT('Ctrl Pts',(0.474952848002466,3.8,4.99040961717249));
#13234=CARTESIAN_POINT('Ctrl Pts',(0.378397378801747,3.8,5.09799999713901));
#13235=CARTESIAN_POINT('Ctrl Pts',(0.299773639595444,3.8,5.09799999713901));
#13236=CARTESIAN_POINT('',(0.474952848002466,3.8,4.88281923720598));
#13237=CARTESIAN_POINT('Origin',(0.474952848002466,3.8,4.20968968049238));
#13238=CARTESIAN_POINT('',(0.474952848002466,3.8,3.53656012377879));
#13239=CARTESIAN_POINT('',(0.474952848002466,3.8,2.8548448402462));
#13240=CARTESIAN_POINT('',(0.474952848002466,3.8,3.53656012377879));
#13241=CARTESIAN_POINT('Ctrl Pts',(0.258392724223708,3.8,3.32000000000003));
#13242=CARTESIAN_POINT('Ctrl Pts',(0.258392724223708,3.81,3.32000000000003));
#13243=CARTESIAN_POINT('Ctrl Pts',(0.374259287264573,3.8,3.32000000000003));
#13244=CARTESIAN_POINT('Ctrl Pts',(0.374259287264573,3.81,3.32000000000003));
#13245=CARTESIAN_POINT('Ctrl Pts',(0.474952848002466,3.8,3.42207292458365));
#13246=CARTESIAN_POINT('Ctrl Pts',(0.474952848002466,3.81,3.42207292458365));
#13247=CARTESIAN_POINT('Ctrl Pts',(0.474952848002466,3.8,3.53656012377879));
#13248=CARTESIAN_POINT('Ctrl Pts',(0.474952848002466,3.81,3.53656012377879));
#13249=CARTESIAN_POINT('',(0.258392724223708,3.8,3.32000000000003));
#13250=CARTESIAN_POINT('Ctrl Pts',(0.258392724223708,3.8,3.32000000000003));
#13251=CARTESIAN_POINT('Ctrl Pts',(0.374259287264573,3.8,3.32000000000003));
#13252=CARTESIAN_POINT('Ctrl Pts',(0.474952848002466,3.8,3.42207292458365));
#13253=CARTESIAN_POINT('Ctrl Pts',(0.474952848002466,3.8,3.53656012377879));
#13254=CARTESIAN_POINT('',(0.258392724223708,3.8,3.32000000000003));
#13255=CARTESIAN_POINT('Origin',(-0.168520386028048,3.8,3.32000000000003));
#13256=CARTESIAN_POINT('',(-0.595433496279805,3.8,3.32000000000003));
#13257=CARTESIAN_POINT('',(0.540739806985975,3.8,3.32000000000003));
#13258=CARTESIAN_POINT('',(-0.595433496279805,3.8,3.32000000000003));
#13259=CARTESIAN_POINT('Ctrl Pts',(-0.773371432378274,3.8,3.46483320380111));
#13260=CARTESIAN_POINT('Ctrl Pts',(-0.773371432378274,3.81,3.46483320380111));
#13261=CARTESIAN_POINT('Ctrl Pts',(-0.773371432378274,3.8,3.40000310305206));
#13262=CARTESIAN_POINT('Ctrl Pts',(-0.773371432378274,3.81,3.40000310305206));
#13263=CARTESIAN_POINT('Ctrl Pts',(-0.682333418560455,3.8,3.32000000000003));
#13264=CARTESIAN_POINT('Ctrl Pts',(-0.682333418560455,3.81,3.32000000000003));
#13265=CARTESIAN_POINT('Ctrl Pts',(-0.595433496279805,3.8,3.32000000000003));
#13266=CARTESIAN_POINT('Ctrl Pts',(-0.595433496279805,3.81,3.32000000000003));
#13267=CARTESIAN_POINT('',(-0.773371432378274,3.8,3.46483320380111));
#13268=CARTESIAN_POINT('Ctrl Pts',(-0.773371432378274,3.8,3.46483320380111));
#13269=CARTESIAN_POINT('Ctrl Pts',(-0.773371432378274,3.8,3.40000310305206));
#13270=CARTESIAN_POINT('Ctrl Pts',(-0.682333418560455,3.8,3.32000000000003));
#13271=CARTESIAN_POINT('Ctrl Pts',(-0.595433496279805,3.8,3.32000000000003));
#13272=CARTESIAN_POINT('',(-0.773371432378274,3.8,3.46483320380111));
#13273=CARTESIAN_POINT('Ctrl Pts',(-0.595433496279805,3.8,3.61104577144792));
#13274=CARTESIAN_POINT('Ctrl Pts',(-0.595433496279805,3.81,3.61104577144792));
#13275=CARTESIAN_POINT('Ctrl Pts',(-0.682333418560455,3.8,3.61104577144792));
#13276=CARTESIAN_POINT('Ctrl Pts',(-0.682333418560455,3.81,3.61104577144792));
#13277=CARTESIAN_POINT('Ctrl Pts',(-0.773371432378274,3.8,3.52690457685872));
#13278=CARTESIAN_POINT('Ctrl Pts',(-0.773371432378274,3.81,3.52690457685872));
#13279=CARTESIAN_POINT('Ctrl Pts',(-0.773371432378274,3.8,3.46483320380111));
#13280=CARTESIAN_POINT('Ctrl Pts',(-0.773371432378274,3.81,3.46483320380111));
#13281=CARTESIAN_POINT('',(-0.595433496279805,3.8,3.61104577144792));
#13282=CARTESIAN_POINT('Ctrl Pts',(-0.595433496279805,3.8,3.61104577144792));
#13283=CARTESIAN_POINT('Ctrl Pts',(-0.682333418560455,3.8,3.61104577144792));
#13284=CARTESIAN_POINT('Ctrl Pts',(-0.773371432378274,3.8,3.52690457685872));
#13285=CARTESIAN_POINT('Ctrl Pts',(-0.773371432378274,3.8,3.46483320380111));
#13286=CARTESIAN_POINT('',(-0.595433496279805,3.8,3.61104577144792));
#13287=CARTESIAN_POINT('Origin',(-0.236798896391415,3.8,3.61104577144792));
#13288=CARTESIAN_POINT('',(0.506600551804292,3.8,3.61104577144792));
#13289=CARTESIAN_POINT('Origin',(1.25,3.8,1.50000000000002));
#13290=CARTESIAN_POINT('',(-3.5,3.8,-4.81999999999999));
#13291=CARTESIAN_POINT('',(6.,3.8,-4.81999999999999));
#13292=CARTESIAN_POINT('',(4.375,3.8,-4.81999999999999));
#13293=CARTESIAN_POINT('',(-4.57000000000001,3.8,-3.74999999999999));
#13294=CARTESIAN_POINT('Origin',(-3.5,3.8,-3.74999999999999));
#13295=CARTESIAN_POINT('',(-4.57,3.8,6.75000000000002));
#13296=CARTESIAN_POINT('',(-4.57,3.8,-1.87499999999999));
#13297=CARTESIAN_POINT('',(-3.5,3.8,7.82000000000003));
#13298=CARTESIAN_POINT('Origin',(-3.5,3.8,6.75000000000002));
#13299=CARTESIAN_POINT('',(6.,3.8,7.82000000000002));
#13300=CARTESIAN_POINT('',(-1.875,3.8,7.82000000000002));
#13301=CARTESIAN_POINT('',(7.07,3.8,6.75000000000002));
#13302=CARTESIAN_POINT('Origin',(6.,3.8,6.75000000000002));
#13303=CARTESIAN_POINT('',(7.07,3.8,-3.74999999999999));
#13304=CARTESIAN_POINT('',(7.07,3.8,4.87500000000002));
#13305=CARTESIAN_POINT('Origin',(6.,3.8,-3.74999999999999));
#13306=CARTESIAN_POINT('Origin',(1.25,3.8,1.50000000000002));
#13307=CARTESIAN_POINT('Origin',(8.25000000000001,3.05,8.5));
#13308=CARTESIAN_POINT('',(8.00000000000001,3.05,8.5));
#13309=CARTESIAN_POINT('Origin',(8.25000000000001,3.05,8.5));
#13310=CARTESIAN_POINT('',(8.00000000000001,2.55,8.5));
#13311=CARTESIAN_POINT('',(8.00000000000001,3.05,8.5));
#13312=CARTESIAN_POINT('Origin',(8.25000000000001,2.55,8.5));
#13313=CARTESIAN_POINT('Origin',(4.375,3.42760907637269,-5.03499999999999));
#13314=CARTESIAN_POINT('',(-3.5,3.05521815274538,-5.24999999999999));
#13315=CARTESIAN_POINT('',(-3.5,3.05521815274538,-5.24999999999999));
#13316=CARTESIAN_POINT('',(6.,3.05521815274538,-5.24999999999999));
#13317=CARTESIAN_POINT('',(6.,3.8,-4.81999999999999));
#13318=CARTESIAN_POINT('',(4.375,3.05521815274538,-5.24999999999999));
#13319=CARTESIAN_POINT('Origin',(-3.5,3.42760907637269,-3.74999999999999));
#13320=CARTESIAN_POINT('',(-5.,3.05521815274538,-3.74999999999999));
#13321=CARTESIAN_POINT('Origin',(-3.5,3.05521815274538,-3.74999999999999));
#13322=CARTESIAN_POINT('',(-5.,3.05521815274538,-3.74999999999999));
#13323=CARTESIAN_POINT('Origin',(-4.785,3.42760907637269,-1.87499999999999));
#13324=CARTESIAN_POINT('',(-5.,3.05521815274538,6.75000000000002));
#13325=CARTESIAN_POINT('',(-5.,3.05521815274538,6.75000000000002));
#13326=CARTESIAN_POINT('',(-5.,3.05521815274538,-1.87499999999999));
#13327=CARTESIAN_POINT('Origin',(-3.5,3.42760907637269,6.75000000000002));
#13328=CARTESIAN_POINT('',(-3.5,3.05521815274538,8.25000000000002));
#13329=CARTESIAN_POINT('Origin',(-3.5,3.05521815274538,6.75000000000002));
#13330=CARTESIAN_POINT('',(-3.5,3.05521815274538,8.25000000000002));
#13331=CARTESIAN_POINT('Origin',(-1.875,3.42760907637269,8.03500000000002));
#13332=CARTESIAN_POINT('',(6.,3.05521815274538,8.25000000000002));
#13333=CARTESIAN_POINT('',(6.,3.05521815274538,8.25000000000002));
#13334=CARTESIAN_POINT('',(-1.875,3.05521815274538,8.25000000000002));
#13335=CARTESIAN_POINT('Origin',(6.,3.42760907637269,6.75000000000002));
#13336=CARTESIAN_POINT('',(7.5,3.05521815274538,6.75000000000002));
#13337=CARTESIAN_POINT('Origin',(6.,3.05521815274538,6.75000000000002));
#13338=CARTESIAN_POINT('',(7.5,3.05521815274538,6.75000000000002));
#13339=CARTESIAN_POINT('Origin',(7.285,3.42760907637269,4.87500000000002));
#13340=CARTESIAN_POINT('',(7.5,3.05521815274538,-3.74999999999999));
#13341=CARTESIAN_POINT('',(7.5,3.05521815274538,-3.74999999999999));
#13342=CARTESIAN_POINT('',(7.5,3.05521815274538,4.87500000000002));
#13343=CARTESIAN_POINT('Origin',(6.,3.42760907637269,-3.74999999999999));
#13344=CARTESIAN_POINT('Origin',(6.,3.05521815274538,-3.74999999999999));
#13345=CARTESIAN_POINT('Origin',(-3.5,3.05,6.75000000000002));
#13346=CARTESIAN_POINT('',(-5.,3.05,6.75000000000002));
#13347=CARTESIAN_POINT('',(-5.,3.05,6.75000000000002));
#13348=CARTESIAN_POINT('',(-3.5,3.05,8.25000000000002));
#13349=CARTESIAN_POINT('Origin',(-3.5,3.05,6.75000000000002));
#13350=CARTESIAN_POINT('',(-3.5,3.05,8.25000000000002));
#13351=CARTESIAN_POINT('Origin',(-5.,3.05,-5.24999999999999));
#13352=CARTESIAN_POINT('',(-5.,3.05,-3.74999999999999));
#13353=CARTESIAN_POINT('',(-5.,3.05,-3.74999999999999));
#13354=CARTESIAN_POINT('',(-5.,3.05,-1.87499999999999));
#13355=CARTESIAN_POINT('Origin',(-3.5,3.05,-3.74999999999999));
#13356=CARTESIAN_POINT('',(-3.5,3.05,-5.24999999999999));
#13357=CARTESIAN_POINT('',(-3.5,3.05,-5.24999999999999));
#13358=CARTESIAN_POINT('Origin',(-3.5,3.05,-3.74999999999999));
#13359=CARTESIAN_POINT('Origin',(7.5,3.05,-5.24999999999999));
#13360=CARTESIAN_POINT('',(6.,3.05,-5.24999999999999));
#13361=CARTESIAN_POINT('',(6.,3.05,-5.24999999999999));
#13362=CARTESIAN_POINT('',(4.375,3.05,-5.24999999999999));
#13363=CARTESIAN_POINT('Origin',(1.25,3.8,1.50000000000002));
#13364=CARTESIAN_POINT('Origin',(-5.75000000000001,2.55,-5.5));
#13365=CARTESIAN_POINT('',(-7.25000000000001,3.05,-5.5));
#13366=CARTESIAN_POINT('',(-5.75000000000001,3.05,-7.));
#13367=CARTESIAN_POINT('Origin',(-5.75000000000001,3.05,-5.5));
#13368=CARTESIAN_POINT('',(-5.75000000000001,2.55,-7.));
#13369=CARTESIAN_POINT('',(-5.75000000000001,2.55,-7.));
#13370=CARTESIAN_POINT('',(-7.25000000000001,2.55,-5.5));
#13371=CARTESIAN_POINT('Origin',(-5.75000000000001,2.55,-5.5));
#13372=CARTESIAN_POINT('',(-7.25000000000001,2.55,-5.5));
#13373=CARTESIAN_POINT('Origin',(1.25,3.05,1.50000000000001));
#13374=CARTESIAN_POINT('',(-7.25,3.05,8.50000000000001));
#13375=CARTESIAN_POINT('',(-7.25000000000001,3.05,-7.));
#13376=CARTESIAN_POINT('',(-5.75,3.05,10.));
#13377=CARTESIAN_POINT('Origin',(-5.75,3.05,8.50000000000001));
#13378=CARTESIAN_POINT('',(8.25000000000001,3.05,10.));
#13379=CARTESIAN_POINT('',(-7.25,3.05,10.));
#13380=CARTESIAN_POINT('',(9.75,3.05,8.5));
#13381=CARTESIAN_POINT('Origin',(8.25,3.05,8.5));
#13382=CARTESIAN_POINT('',(9.74999999999999,3.05,-5.5));
#13383=CARTESIAN_POINT('',(9.75000000000001,3.05,10.));
#13384=CARTESIAN_POINT('',(8.24999999999999,3.05,-7.));
#13385=CARTESIAN_POINT('Origin',(8.24999999999999,3.05,-5.5));
#13386=CARTESIAN_POINT('',(9.74999999999999,3.05,-7.));
#13387=CARTESIAN_POINT('',(6.,3.05,8.25000000000002));
#13388=CARTESIAN_POINT('',(-1.875,3.05,8.25000000000002));
#13389=CARTESIAN_POINT('',(7.5,3.05,-3.74999999999999));
#13390=CARTESIAN_POINT('Origin',(6.,3.05,-3.74999999999999));
#13391=CARTESIAN_POINT('',(7.5,3.05,6.75000000000002));
#13392=CARTESIAN_POINT('',(7.5,3.05,4.87500000000001));
#13393=CARTESIAN_POINT('Origin',(6.,3.05,6.75000000000002));
#13394=CARTESIAN_POINT('Origin',(-7.25000000000001,2.55,-7.));
#13395=CARTESIAN_POINT('',(-7.25,2.55,8.50000000000001));
#13396=CARTESIAN_POINT('',(-7.25000000000001,2.55,-7.));
#13397=CARTESIAN_POINT('',(-7.25,2.55,8.50000000000001));
#13398=CARTESIAN_POINT('Origin',(-5.,3.05,8.25000000000002));
#13399=CARTESIAN_POINT('',(6.,3.05,8.25000000000002));
#13400=CARTESIAN_POINT('Origin',(-5.75,2.55,8.50000000000001));
#13401=CARTESIAN_POINT('',(-5.75,2.55,10.));
#13402=CARTESIAN_POINT('Origin',(-5.75,2.55,8.50000000000001));
#13403=CARTESIAN_POINT('',(-5.75,2.55,10.));
#13404=CARTESIAN_POINT('Origin',(8.24999999999999,2.55,-5.5));
#13405=CARTESIAN_POINT('',(9.74999999999999,2.55,-5.5));
#13406=CARTESIAN_POINT('',(9.74999999999999,2.55,-5.5));
#13407=CARTESIAN_POINT('',(8.24999999999999,2.55,-7.));
#13408=CARTESIAN_POINT('Origin',(8.24999999999999,2.55,-5.5));
#13409=CARTESIAN_POINT('',(8.24999999999999,2.55,-7.));
#13410=CARTESIAN_POINT('Origin',(9.75000000000001,2.55,10.));
#13411=CARTESIAN_POINT('',(9.75,2.55,8.5));
#13412=CARTESIAN_POINT('',(9.75,2.55,8.5));
#13413=CARTESIAN_POINT('',(9.75000000000001,2.55,10.));
#13414=CARTESIAN_POINT('Origin',(6.,3.05,-3.74999999999999));
#13415=CARTESIAN_POINT('',(7.5,3.05,-3.74999999999999));
#13416=CARTESIAN_POINT('Origin',(6.,3.05,6.75000000000002));
#13417=CARTESIAN_POINT('',(7.5,3.05,6.75000000000002));
#13418=CARTESIAN_POINT('Origin',(7.5,3.05,8.25000000000001));
#13419=CARTESIAN_POINT('Origin',(8.25,2.55,8.5));
#13420=CARTESIAN_POINT('',(8.25000000000001,2.55,10.));
#13421=CARTESIAN_POINT('',(8.25000000000001,2.55,10.));
#13422=CARTESIAN_POINT('Origin',(8.25,2.55,8.5));
#13423=CARTESIAN_POINT('Origin',(-7.25,2.55,10.));
#13424=CARTESIAN_POINT('',(-7.25,2.55,10.));
#13425=CARTESIAN_POINT('Origin',(9.74999999999999,2.55,-7.));
#13426=CARTESIAN_POINT('',(9.74999999999999,2.55,-7.));
#13427=CARTESIAN_POINT('Origin',(1.25,2.55,1.50000000000001));
#13428=CARTESIAN_POINT('Origin',(-5.74999999999998,3.55,22.));
#13429=CARTESIAN_POINT('',(-5.74999999999999,2.8,22.));
#13430=CARTESIAN_POINT('',(-5.74999999999998,3.55,22.));
#13431=CARTESIAN_POINT('',(-5.74999999999999,2.8,22.));
#13432=CARTESIAN_POINT('',(-5.74999999999999,2.8,26.));
#13433=CARTESIAN_POINT('',(-5.74999999999999,2.8,22.));
#13434=CARTESIAN_POINT('',(-5.74999999999998,3.55,26.));
#13435=CARTESIAN_POINT('',(-5.74999999999999,2.8,26.));
#13436=CARTESIAN_POINT('',(-5.74999999999998,3.55,22.));
#13437=CARTESIAN_POINT('Origin',(2.75000000000001,3.55,22.));
#13438=CARTESIAN_POINT('',(2.75000000000001,3.55,22.));
#13439=CARTESIAN_POINT('',(-5.74999999999998,3.55,22.));
#13440=CARTESIAN_POINT('',(2.75000000000001,3.55,26.));
#13441=CARTESIAN_POINT('',(-5.74999999999998,3.55,26.));
#13442=CARTESIAN_POINT('',(2.75000000000001,3.55,22.));
#13443=CARTESIAN_POINT('Origin',(2.75000000000001,2.8,22.));
#13444=CARTESIAN_POINT('',(2.75000000000001,2.8,22.));
#13445=CARTESIAN_POINT('',(2.75000000000001,3.55,22.));
#13446=CARTESIAN_POINT('',(2.75000000000001,2.8,26.));
#13447=CARTESIAN_POINT('',(2.75000000000001,3.55,26.));
#13448=CARTESIAN_POINT('',(2.75000000000001,2.8,22.));
#13449=CARTESIAN_POINT('Origin',(-5.74999999999999,2.8,22.));
#13450=CARTESIAN_POINT('',(2.75000000000001,2.8,22.));
#13451=CARTESIAN_POINT('',(2.75000000000001,2.8,26.));
#13452=CARTESIAN_POINT('Origin',(-1.49999999999999,3.175,22.));
#13453=CARTESIAN_POINT('Origin',(-1.49999999999999,3.175,26.));
#13454=CARTESIAN_POINT('Origin',(2.75000000000001,2.55,25.));
#13455=CARTESIAN_POINT('',(2.75000000000001,2.55,25.));
#13456=CARTESIAN_POINT('',(-5.75,2.55,25.));
#13457=CARTESIAN_POINT('',(2.75000000000001,2.55,25.));
#13458=CARTESIAN_POINT('',(-5.75,2.55,26.5));
#13459=CARTESIAN_POINT('',(-5.75,2.55,25.));
#13460=CARTESIAN_POINT('',(2.75000000000001,2.55,26.5));
#13461=CARTESIAN_POINT('',(2.75000000000001,2.55,26.5));
#13462=CARTESIAN_POINT('',(2.75000000000001,2.55,25.));
#13463=CARTESIAN_POINT('Origin',(2.75000000000001,3.55,25.));
#13464=CARTESIAN_POINT('',(2.75000000000001,3.55,25.));
#13465=CARTESIAN_POINT('',(2.75000000000001,3.55,25.));
#13466=CARTESIAN_POINT('',(2.75000000000001,3.55,26.5));
#13467=CARTESIAN_POINT('',(2.75000000000001,3.55,26.5));
#13468=CARTESIAN_POINT('',(2.75000000000001,3.55,25.));
#13469=CARTESIAN_POINT('Origin',(5.50000000000001,3.55,25.));
#13470=CARTESIAN_POINT('',(5.50000000000001,3.55,25.));
#13471=CARTESIAN_POINT('',(5.50000000000001,3.55,25.));
#13472=CARTESIAN_POINT('',(5.50000000000001,3.55,26.5));
#13473=CARTESIAN_POINT('',(5.50000000000001,3.55,26.5));
#13474=CARTESIAN_POINT('',(5.50000000000001,3.55,25.));
#13475=CARTESIAN_POINT('Origin',(5.50000000000001,1.55,25.));
#13476=CARTESIAN_POINT('',(5.50000000000001,1.55,25.));
#13477=CARTESIAN_POINT('',(5.50000000000001,1.55,25.));
#13478=CARTESIAN_POINT('',(5.50000000000001,1.55,26.5));
#13479=CARTESIAN_POINT('',(5.50000000000001,1.55,26.5));
#13480=CARTESIAN_POINT('',(5.50000000000001,1.55,25.));
#13481=CARTESIAN_POINT('Origin',(-8.49999999999998,1.55,25.));
#13482=CARTESIAN_POINT('',(-8.49999999999998,1.55,25.));
#13483=CARTESIAN_POINT('',(-25.25,1.55,25.));
#13484=CARTESIAN_POINT('',(-8.49999999999998,1.55,26.5));
#13485=CARTESIAN_POINT('',(-25.25,1.55,26.5));
#13486=CARTESIAN_POINT('',(-8.49999999999998,1.55,25.));
#13487=CARTESIAN_POINT('Origin',(-8.49999999999998,3.55,25.));
#13488=CARTESIAN_POINT('',(-8.49999999999998,3.55,25.));
#13489=CARTESIAN_POINT('',(-8.49999999999998,3.55,25.));
#13490=CARTESIAN_POINT('',(-8.49999999999998,3.55,26.5));
#13491=CARTESIAN_POINT('',(-8.49999999999998,3.55,26.5));
#13492=CARTESIAN_POINT('',(-8.49999999999998,3.55,25.));
#13493=CARTESIAN_POINT('Origin',(-5.75,3.55,25.));
#13494=CARTESIAN_POINT('',(-5.75,3.55,25.));
#13495=CARTESIAN_POINT('',(-5.75,3.55,25.));
#13496=CARTESIAN_POINT('',(-5.75,3.55,26.5));
#13497=CARTESIAN_POINT('',(-5.75,3.55,26.5));
#13498=CARTESIAN_POINT('',(-5.75,3.55,25.));
#13499=CARTESIAN_POINT('Origin',(-5.75,2.55,25.));
#13500=CARTESIAN_POINT('',(-5.75,2.55,25.));
#13501=CARTESIAN_POINT('',(-5.75,2.55,26.5));
#13502=CARTESIAN_POINT('Origin',(-1.49999999999998,2.55,26.5));
#13503=CARTESIAN_POINT('Origin',(-1.49999999999998,2.55,25.));
#13504=CARTESIAN_POINT('Origin',(2.75000000000001,3.55,22.));
#13505=CARTESIAN_POINT('',(2.75000000000001,3.55,22.));
#13506=CARTESIAN_POINT('',(2.75000000000001,3.55,25.));
#13507=CARTESIAN_POINT('',(2.75000000000001,3.55,22.75));
#13508=CARTESIAN_POINT('',(2.75000000000001,2.55,22.));
#13509=CARTESIAN_POINT('',(2.75000000000001,2.55,22.));
#13510=CARTESIAN_POINT('',(2.75000000000001,2.55,25.));
#13511=CARTESIAN_POINT('',(2.75000000000001,2.55,25.));
#13512=CARTESIAN_POINT('',(2.75000000000001,2.55,25.));
#13513=CARTESIAN_POINT('Origin',(-5.74999999999999,3.55,25.));
#13514=CARTESIAN_POINT('',(-5.74999999999998,3.55,25.));
#13515=CARTESIAN_POINT('',(-5.74999999999998,3.55,22.));
#13516=CARTESIAN_POINT('',(-5.74999999999999,3.55,24.25));
#13517=CARTESIAN_POINT('',(-5.74999999999998,2.55,25.));
#13518=CARTESIAN_POINT('',(-5.74999999999999,2.55,25.));
#13519=CARTESIAN_POINT('',(-5.74999999999998,2.55,22.));
#13520=CARTESIAN_POINT('',(-5.74999999999999,2.55,22.));
#13521=CARTESIAN_POINT('',(-5.74999999999999,2.55,22.));
#13522=CARTESIAN_POINT('Origin',(-1.49999999999999,2.55,23.5));
#13523=CARTESIAN_POINT('',(-4.62499999999998,2.55,25.));
#13524=CARTESIAN_POINT('',(1.62500000000001,2.55,22.));
#13525=CARTESIAN_POINT('Origin',(-1.49999999999999,3.55,23.5));
#13526=CARTESIAN_POINT('',(-7.74999999999999,3.55,22.));
#13527=CARTESIAN_POINT('',(4.75000000000001,3.55,22.));
#13528=CARTESIAN_POINT('',(-7.74999999999998,3.55,25.));
#13529=CARTESIAN_POINT('',(-7.74999999999998,3.55,22.));
#13530=CARTESIAN_POINT('',(-7.74999999999999,3.55,25.));
#13531=CARTESIAN_POINT('Origin',(-1.49999999999999,3.55,23.5));
#13532=CARTESIAN_POINT('',(4.75000000000001,3.55,25.));
#13533=CARTESIAN_POINT('',(-7.74999999999999,3.55,25.));
#13534=CARTESIAN_POINT('',(4.75000000000001,3.55,22.));
#13535=CARTESIAN_POINT('',(4.75000000000002,3.55,25.));
#13536=CARTESIAN_POINT('',(4.75000000000001,3.55,22.));
#13537=CARTESIAN_POINT('Origin',(-7.74999999999998,1.55,25.));
#13538=CARTESIAN_POINT('',(-7.74999999999998,1.55,25.));
#13539=CARTESIAN_POINT('',(-7.74999999999998,1.55,25.));
#13540=CARTESIAN_POINT('',(4.75000000000001,1.55,25.));
#13541=CARTESIAN_POINT('',(-7.74999999999999,1.55,25.));
#13542=CARTESIAN_POINT('',(4.75000000000001,1.55,25.));
#13543=CARTESIAN_POINT('Origin',(4.75000000000002,1.55,25.));
#13544=CARTESIAN_POINT('',(4.75000000000001,1.55,22.));
#13545=CARTESIAN_POINT('',(4.75000000000002,1.55,25.));
#13546=CARTESIAN_POINT('',(4.75000000000001,1.55,22.));
#13547=CARTESIAN_POINT('Origin',(-7.74999999999998,1.55,22.));
#13548=CARTESIAN_POINT('',(-7.74999999999999,1.55,22.));
#13549=CARTESIAN_POINT('',(-7.74999999999998,1.55,22.));
#13550=CARTESIAN_POINT('',(-7.74999999999999,1.55,22.));
#13551=CARTESIAN_POINT('Origin',(4.75000000000001,1.55,22.));
#13552=CARTESIAN_POINT('',(4.75000000000001,1.55,22.));
#13553=CARTESIAN_POINT('Origin',(-1.49999999999999,1.55,23.5));
#13554=CARTESIAN_POINT('',(0.,0.,0.));
#13555=CARTESIAN_POINT('Origin',(0.,-8.,0.));
#13556=CARTESIAN_POINT('',(-1.5,-8.,-1.83697019872103E-16));
#13557=CARTESIAN_POINT('Origin',(0.,-8.,0.));
#13558=CARTESIAN_POINT('',(-1.5,-7.5,-1.83697019872103E-16));
#13559=CARTESIAN_POINT('',(-1.5,-8.,-1.83697019872103E-16));
#13560=CARTESIAN_POINT('Origin',(0.,-7.5,0.));
#13561=CARTESIAN_POINT('Origin',(0.,-7.5,0.));
#13562=CARTESIAN_POINT('',(-0.8,-7.5,-9.79717439317883E-17));
#13563=CARTESIAN_POINT('Origin',(0.,-7.5,0.));
#13564=CARTESIAN_POINT('Origin',(0.,8.,0.));
#13565=CARTESIAN_POINT('',(-1.5,8.,-1.83697019872103E-16));
#13566=CARTESIAN_POINT('Origin',(0.,8.,0.));
#13567=CARTESIAN_POINT('',(-1.5,7.5,-1.83697019872103E-16));
#13568=CARTESIAN_POINT('',(-1.5,8.,-1.83697019872103E-16));
#13569=CARTESIAN_POINT('Origin',(0.,7.5,0.));
#13570=CARTESIAN_POINT('Origin',(0.,7.5,0.));
#13571=CARTESIAN_POINT('',(-0.8,7.5,9.79717439317883E-17));
#13572=CARTESIAN_POINT('Origin',(0.,7.5,0.));
#13573=CARTESIAN_POINT('Origin',(0.,-8.,4.16333634234434E-16));
#13574=CARTESIAN_POINT('',(1.29903810567666,-8.,2.25));
#13575=CARTESIAN_POINT('',(-1.29903810567666,-8.,2.25));
#13576=CARTESIAN_POINT('',(-1.29903810567666,-8.,2.25));
#13577=CARTESIAN_POINT('',(-2.59807621135332,-8.,2.77555756156289E-16));
#13578=CARTESIAN_POINT('',(-2.59807621135332,-8.,2.77555756156289E-16));
#13579=CARTESIAN_POINT('',(-1.29903810567666,-8.,-2.25));
#13580=CARTESIAN_POINT('',(-1.29903810567666,-8.,-2.25));
#13581=CARTESIAN_POINT('',(1.29903810567666,-8.,-2.25));
#13582=CARTESIAN_POINT('',(1.29903810567666,-8.,-2.25));
#13583=CARTESIAN_POINT('',(2.59807621135332,-8.,-2.77555756156289E-16));
#13584=CARTESIAN_POINT('',(2.59807621135332,-8.,-2.77555756156289E-16));
#13585=CARTESIAN_POINT('',(1.29903810567666,-8.,2.25));
#13586=CARTESIAN_POINT('Origin',(0.,0.,0.));
#13587=CARTESIAN_POINT('',(-0.8,0.,9.79717439317883E-17));
#13588=CARTESIAN_POINT('Origin',(-2.59807621135332,0.,1.77124545135619E-16));
#13589=CARTESIAN_POINT('',(-1.29903810567666,8.,2.25));
#13590=CARTESIAN_POINT('',(-1.29903810567666,0.,2.25));
#13591=CARTESIAN_POINT('',(-2.59807621135332,8.,2.77555756156289E-16));
#13592=CARTESIAN_POINT('',(-2.59807621135332,8.,2.77555756156289E-16));
#13593=CARTESIAN_POINT('',(-2.59807621135332,0.,1.43647474795396E-16));
#13594=CARTESIAN_POINT('Origin',(-1.29903810567666,0.,-2.25));
#13595=CARTESIAN_POINT('',(-1.29903810567666,8.,-2.25));
#13596=CARTESIAN_POINT('',(-1.29903810567666,8.,-2.25));
#13597=CARTESIAN_POINT('',(-1.29903810567666,0.,-2.25));
#13598=CARTESIAN_POINT('Origin',(1.29903810567666,0.,-2.25));
#13599=CARTESIAN_POINT('',(1.29903810567666,8.,-2.25));
#13600=CARTESIAN_POINT('',(1.29903810567666,8.,-2.25));
#13601=CARTESIAN_POINT('',(1.29903810567666,0.,-2.25));
#13602=CARTESIAN_POINT('Origin',(2.59807621135332,0.,-1.86335589212122E-16));
#13603=CARTESIAN_POINT('',(2.59807621135332,8.,-2.77555756156289E-16));
#13604=CARTESIAN_POINT('',(2.59807621135332,8.,-2.77555756156289E-16));
#13605=CARTESIAN_POINT('',(2.59807621135332,0.,-1.559288668974E-16));
#13606=CARTESIAN_POINT('Origin',(1.29903810567666,0.,2.25));
#13607=CARTESIAN_POINT('',(1.29903810567666,8.,2.25));
#13608=CARTESIAN_POINT('',(1.29903810567666,8.,2.25));
#13609=CARTESIAN_POINT('',(1.29903810567666,0.,2.25));
#13610=CARTESIAN_POINT('Origin',(-1.29903810567666,0.,2.25));
#13611=CARTESIAN_POINT('',(-1.29903810567666,8.,2.25));
#13612=CARTESIAN_POINT('Origin',(0.,8.,4.16333634234434E-16));
#13613=CARTESIAN_POINT('',(0.,0.,0.));
#13614=CARTESIAN_POINT('Origin',(0.,-6.875,-1.50351712318284E-15));
#13615=CARTESIAN_POINT('',(9.18485099360515E-17,-7.,0.749999999999999));
#13616=CARTESIAN_POINT('Origin',(0.,-7.,-1.50351712318284E-15));
#13617=CARTESIAN_POINT('',(-1.22464679914735E-16,-6.75,1.));
#13618=CARTESIAN_POINT('',(-1.07156594925394E-16,-6.875,0.874999999999999));
#13619=CARTESIAN_POINT('',(1.22464679914735E-16,-6.75,-1.));
#13620=CARTESIAN_POINT('Origin',(0.,-6.75,-1.50351712318284E-15));
#13621=CARTESIAN_POINT('Origin',(0.,-6.75,-1.50351712318284E-15));
#13622=CARTESIAN_POINT('Origin',(0.,-7.,-1.52655665885959E-15));
#13623=CARTESIAN_POINT('Origin',(0.,-4.5,-1.50351712318284E-15));
#13624=CARTESIAN_POINT('',(1.22464679914735E-16,-2.,-1.));
#13625=CARTESIAN_POINT('',(1.22464679914735E-16,-4.5,-1.));
#13626=CARTESIAN_POINT('Origin',(0.,-2.,-1.50351712318284E-15));
#13627=CARTESIAN_POINT('Origin',(-0.375,0.,1.5));
#13628=CARTESIAN_POINT('',(-0.375,0.,1.5));
#13629=CARTESIAN_POINT('',(-0.375,0.,0.375));
#13630=CARTESIAN_POINT('',(-0.375,0.,1.625));
#13631=CARTESIAN_POINT('',(-0.375,-1.5,1.5));
#13632=CARTESIAN_POINT('',(-0.375,0.,1.5));
#13633=CARTESIAN_POINT('',(-0.375,-1.5,0.375));
#13634=CARTESIAN_POINT('',(-0.375,-1.5,0.375));
#13635=CARTESIAN_POINT('',(-0.375,0.,0.375));
#13636=CARTESIAN_POINT('Origin',(0.375,0.,1.5));
#13637=CARTESIAN_POINT('',(0.375,0.,1.5));
#13638=CARTESIAN_POINT('',(0.1875,0.,1.5));
#13639=CARTESIAN_POINT('',(0.375,-1.5,1.5));
#13640=CARTESIAN_POINT('',(0.375,0.,1.5));
#13641=CARTESIAN_POINT('',(-0.375,-1.5,1.5));
#13642=CARTESIAN_POINT('Origin',(0.375,0.,0.375));
#13643=CARTESIAN_POINT('',(0.375,0.,0.375));
#13644=CARTESIAN_POINT('',(0.375,0.,1.0625));
#13645=CARTESIAN_POINT('',(0.375,-1.5,0.375));
#13646=CARTESIAN_POINT('',(0.375,0.,0.375));
#13647=CARTESIAN_POINT('',(0.375,-1.5,1.5));
#13648=CARTESIAN_POINT('Origin',(1.5,0.,0.375));
#13649=CARTESIAN_POINT('',(1.5,0.,0.375));
#13650=CARTESIAN_POINT('',(0.75,0.,0.375));
#13651=CARTESIAN_POINT('',(1.5,-1.5,0.375));
#13652=CARTESIAN_POINT('',(1.5,0.,0.375));
#13653=CARTESIAN_POINT('',(0.375,-1.5,0.375));
#13654=CARTESIAN_POINT('Origin',(1.5,0.,-0.375));
#13655=CARTESIAN_POINT('',(1.5,0.,-0.375));
#13656=CARTESIAN_POINT('',(1.5,0.,0.687500000000002));
#13657=CARTESIAN_POINT('',(1.5,-1.5,-0.375));
#13658=CARTESIAN_POINT('',(1.5,0.,-0.375));
#13659=CARTESIAN_POINT('',(1.5,-1.5,0.375));
#13660=CARTESIAN_POINT('Origin',(0.375,0.,-0.375));
#13661=CARTESIAN_POINT('',(0.375,0.,-0.375));
#13662=CARTESIAN_POINT('',(0.1875,0.,-0.375));
#13663=CARTESIAN_POINT('',(0.375,-1.5,-0.375));
#13664=CARTESIAN_POINT('',(0.375,0.,-0.375));
#13665=CARTESIAN_POINT('',(1.5,-1.5,-0.375));
#13666=CARTESIAN_POINT('Origin',(0.375,0.,-1.5));
#13667=CARTESIAN_POINT('',(0.375,0.,-1.5));
#13668=CARTESIAN_POINT('',(0.375,0.,0.125000000000002));
#13669=CARTESIAN_POINT('',(0.375,-1.5,-1.5));
#13670=CARTESIAN_POINT('',(0.375,0.,-1.5));
#13671=CARTESIAN_POINT('',(0.375,-1.5,-0.375));
#13672=CARTESIAN_POINT('Origin',(-0.375,0.,-1.5));
#13673=CARTESIAN_POINT('',(-0.375,0.,-1.5));
#13674=CARTESIAN_POINT('',(-0.187499999999999,0.,-1.5));
#13675=CARTESIAN_POINT('',(-0.375,-1.5,-1.5));
#13676=CARTESIAN_POINT('',(-0.375,0.,-1.5));
#13677=CARTESIAN_POINT('',(0.375,-1.5,-1.5));
#13678=CARTESIAN_POINT('Origin',(-0.375,0.,-0.375));
#13679=CARTESIAN_POINT('',(-0.375,0.,-0.375));
#13680=CARTESIAN_POINT('',(-0.375,0.,0.687500000000002));
#13681=CARTESIAN_POINT('',(-0.375,-1.5,-0.375));
#13682=CARTESIAN_POINT('',(-0.375,0.,-0.375));
#13683=CARTESIAN_POINT('',(-0.375,-1.5,-1.5));
#13684=CARTESIAN_POINT('Origin',(-1.5,0.,-0.375));
#13685=CARTESIAN_POINT('',(-1.5,0.,-0.375));
#13686=CARTESIAN_POINT('',(-0.75,0.,-0.375));
#13687=CARTESIAN_POINT('',(-1.5,-1.5,-0.375));
#13688=CARTESIAN_POINT('',(-1.5,0.,-0.375));
#13689=CARTESIAN_POINT('',(-0.375,-1.5,-0.375));
#13690=CARTESIAN_POINT('Origin',(-1.5,0.,0.375));
#13691=CARTESIAN_POINT('',(-1.5,0.,0.375));
#13692=CARTESIAN_POINT('',(-1.5,0.,1.0625));
#13693=CARTESIAN_POINT('',(-1.5,-1.5,0.375));
#13694=CARTESIAN_POINT('',(-1.5,0.,0.375));
#13695=CARTESIAN_POINT('',(-1.5,-1.5,-0.375));
#13696=CARTESIAN_POINT('Origin',(-0.375,0.,0.375));
#13697=CARTESIAN_POINT('',(-0.1875,0.,0.375));
#13698=CARTESIAN_POINT('',(-1.5,-1.5,0.375));
#13699=CARTESIAN_POINT('Origin',(0.,-1.5,0.));
#13700=CARTESIAN_POINT('Origin',(0.,0.,1.75));
#13701=CARTESIAN_POINT('',(0.,0.,1.75));
#13702=CARTESIAN_POINT('Origin',(0.,0.,-1.50351712318284E-15));
#13703=CARTESIAN_POINT('Ctrl Pts',(0.,-1.52655665885959E-15,1.75));
#13704=CARTESIAN_POINT('Ctrl Pts',(-1.75,-1.52655665885959E-15,1.75));
#13705=CARTESIAN_POINT('Ctrl Pts',(-1.75,-1.52655665885959E-15,-1.50351712318284E-15));
#13706=CARTESIAN_POINT('Ctrl Pts',(-1.75,-1.52655665885959E-15,-1.75000000000001));
#13707=CARTESIAN_POINT('Ctrl Pts',(0.,-1.52655665885959E-15,-1.75000000000001));
#13708=CARTESIAN_POINT('Ctrl Pts',(1.75,-1.52655665885959E-15,-1.75000000000001));
#13709=CARTESIAN_POINT('Ctrl Pts',(1.75,-1.52655665885959E-15,-1.50351712318284E-15));
#13710=CARTESIAN_POINT('Ctrl Pts',(1.75,-1.52655665885959E-15,1.75));
#13711=CARTESIAN_POINT('Ctrl Pts',(0.,-1.52655665885959E-15,1.75));
#13712=CARTESIAN_POINT('Ctrl Pts',(0.,-0.375000000000002,2.25));
#13713=CARTESIAN_POINT('Ctrl Pts',(-2.25,-0.375000000000002,2.25));
#13714=CARTESIAN_POINT('Ctrl Pts',(-2.25,-0.375000000000002,-1.50351712318284E-15));
#13715=CARTESIAN_POINT('Ctrl Pts',(-2.25,-0.375000000000002,-2.25));
#13716=CARTESIAN_POINT('Ctrl Pts',(0.,-0.375000000000002,-2.25));
#13717=CARTESIAN_POINT('Ctrl Pts',(2.25,-0.375000000000002,-2.25));
#13718=CARTESIAN_POINT('Ctrl Pts',(2.25,-0.375000000000002,-1.50351712318284E-15));
#13719=CARTESIAN_POINT('Ctrl Pts',(2.25,-0.375000000000002,2.25));
#13720=CARTESIAN_POINT('Ctrl Pts',(0.,-0.375000000000002,2.25));
#13721=CARTESIAN_POINT('Ctrl Pts',(0.,-1.,2.25));
#13722=CARTESIAN_POINT('Ctrl Pts',(-2.25,-1.,2.25));
#13723=CARTESIAN_POINT('Ctrl Pts',(-2.25,-1.,-1.50351712318284E-15));
#13724=CARTESIAN_POINT('Ctrl Pts',(-2.25,-1.,-2.25));
#13725=CARTESIAN_POINT('Ctrl Pts',(0.,-1.,-2.25));
#13726=CARTESIAN_POINT('Ctrl Pts',(2.25,-1.,-2.25));
#13727=CARTESIAN_POINT('Ctrl Pts',(2.25,-1.,-1.50351712318284E-15));
#13728=CARTESIAN_POINT('Ctrl Pts',(2.25,-1.,2.25));
#13729=CARTESIAN_POINT('Ctrl Pts',(0.,-1.,2.25));
#13730=CARTESIAN_POINT('',(0.,-1.,2.25));
#13731=CARTESIAN_POINT('',(2.75545529808155E-16,-1.,-2.25));
#13732=CARTESIAN_POINT('Origin',(0.,-1.,-1.50351712318284E-15));
#13733=CARTESIAN_POINT('Origin',(-1.22464679914735E-16,-1.,0.999999999999999));
#13734=CARTESIAN_POINT('Origin',(0.,-1.,-1.50351712318284E-15));
#13735=CARTESIAN_POINT('Origin',(0.,-1.5,-1.50351712318284E-15));
#13736=CARTESIAN_POINT('',(2.75545529808155E-16,-2.,-2.25));
#13737=CARTESIAN_POINT('Origin',(0.,-2.,-1.50351712318284E-15));
#13738=CARTESIAN_POINT('',(2.75545529808155E-16,-1.5,-2.25));
#13739=CARTESIAN_POINT('Origin',(0.,-2.,1.));
#13740=CARTESIAN_POINT('',(0.,0.,0.));
#13741=CARTESIAN_POINT('',(24.75,-8.,29.));
#13742=CARTESIAN_POINT('',(24.75,3.55,29.));
#13743=CARTESIAN_POINT('',(24.75,-8.,-29.));
#13744=CARTESIAN_POINT('',(24.75,3.55,-29.));
#13745=CARTESIAN_POINT('',(-24.25,-8.,29.));
#13746=CARTESIAN_POINT('',(-24.25,3.55,29.));
#13747=CARTESIAN_POINT('',(-24.25,-8.,-29.));
#13748=CARTESIAN_POINT('',(-24.25,3.55,-29.));
#13749=UNCERTAINTY_MEASURE_WITH_UNIT(LENGTH_MEASURE(0.01),#13759,
'DISTANCE_ACCURACY_VALUE',
'Maximum model space distance between geometric entities at asserted c
onnectivities');
#13750=UNCERTAINTY_MEASURE_WITH_UNIT(LENGTH_MEASURE(0.01),#13759,
'DISTANCE_ACCURACY_VALUE',
'Maximum model space distance between geometric entities at asserted c
onnectivities');
#13751=UNCERTAINTY_MEASURE_WITH_UNIT(LENGTH_MEASURE(0.01),#13759,
'DISTANCE_ACCURACY_VALUE',
'Maximum model space distance between geometric entities at asserted c
onnectivities');
#13752=UNCERTAINTY_MEASURE_WITH_UNIT(LENGTH_MEASURE(0.01),#13759,
'DISTANCE_ACCURACY_VALUE',
'Maximum model space distance between geometric entities at asserted c
onnectivities');
#13753=UNCERTAINTY_MEASURE_WITH_UNIT(LENGTH_MEASURE(0.01),#13759,
'DISTANCE_ACCURACY_VALUE',
'Maximum model space distance between geometric entities at asserted c
onnectivities');
#13754=(
GEOMETRIC_REPRESENTATION_CONTEXT(3)
GLOBAL_UNCERTAINTY_ASSIGNED_CONTEXT((#13749))
GLOBAL_UNIT_ASSIGNED_CONTEXT((#13759,#13761,#13762))
REPRESENTATION_CONTEXT('','3D')
);
#13755=(
GEOMETRIC_REPRESENTATION_CONTEXT(3)
GLOBAL_UNCERTAINTY_ASSIGNED_CONTEXT((#13750))
GLOBAL_UNIT_ASSIGNED_CONTEXT((#13759,#13761,#13762))
REPRESENTATION_CONTEXT('','3D')
);
#13756=(
GEOMETRIC_REPRESENTATION_CONTEXT(3)
GLOBAL_UNCERTAINTY_ASSIGNED_CONTEXT((#13751))
GLOBAL_UNIT_ASSIGNED_CONTEXT((#13759,#13761,#13762))
REPRESENTATION_CONTEXT('','3D')
);
#13757=(
GEOMETRIC_REPRESENTATION_CONTEXT(3)
GLOBAL_UNCERTAINTY_ASSIGNED_CONTEXT((#13752))
GLOBAL_UNIT_ASSIGNED_CONTEXT((#13759,#13761,#13762))
REPRESENTATION_CONTEXT('','3D')
);
#13758=(
GEOMETRIC_REPRESENTATION_CONTEXT(3)
GLOBAL_UNCERTAINTY_ASSIGNED_CONTEXT((#13753))
GLOBAL_UNIT_ASSIGNED_CONTEXT((#13759,#13761,#13762))
REPRESENTATION_CONTEXT('','3D')
);
#13759=(
LENGTH_UNIT()
NAMED_UNIT(*)
SI_UNIT(.MILLI.,.METRE.)
);
#13760=(
LENGTH_UNIT()
NAMED_UNIT(*)
SI_UNIT(.CENTI.,.METRE.)
);
#13761=(
NAMED_UNIT(*)
PLANE_ANGLE_UNIT()
SI_UNIT($,.RADIAN.)
);
#13762=(
NAMED_UNIT(*)
SI_UNIT($,.STERADIAN.)
SOLID_ANGLE_UNIT()
);
#13763=SHAPE_DEFINITION_REPRESENTATION(#13767,#13780);
#13764=SHAPE_DEFINITION_REPRESENTATION(#13768,#13781);
#13765=SHAPE_DEFINITION_REPRESENTATION(#13769,#13782);
#13766=SHAPE_DEFINITION_REPRESENTATION(#13770,#13783);
#13767=PRODUCT_DEFINITION_SHAPE('',$,#13785);
#13768=PRODUCT_DEFINITION_SHAPE('',$,#13786);
#13769=PRODUCT_DEFINITION_SHAPE('',$,#13787);
#13770=PRODUCT_DEFINITION_SHAPE('',$,#13788);
#13771=PRODUCT_DEFINITION_SHAPE($,$,#38);
#13772=PRODUCT_DEFINITION_SHAPE($,$,#39);
#13773=PRODUCT_DEFINITION_SHAPE($,$,#40);
#13774=PRODUCT_DEFINITION_SHAPE($,$,#41);
#13775=PRODUCT_DEFINITION_SHAPE($,$,#42);
#13776=PRODUCT_DEFINITION_SHAPE($,$,#43);
#13777=PRODUCT_DEFINITION_SHAPE($,$,#44);
#13778=PRODUCT_DEFINITION_SHAPE($,$,#45);
#13779=PRODUCT_DEFINITION_SHAPE($,$,#46);
#13780=SHAPE_REPRESENTATION('',(#8416,#8965,#8966,#8967,#8968,#8969,#8970,
#8971,#8972,#8973),#13754);
#13781=SHAPE_REPRESENTATION('',(#8417),#13755);
#13782=SHAPE_REPRESENTATION('',(#8916),#13756);
#13783=SHAPE_REPRESENTATION('',(#8936),#13757);
#13784=PRODUCT_DEFINITION_CONTEXT('part definition',#13798,'design');
#13785=PRODUCT_DEFINITION('RPiAIHATPlus','RPiAIHATPlus',#13789,#13784);
#13786=PRODUCT_DEFINITION('RPiAIHATPlusBoard','RPiAIHATPlusBoard',#13790,
#13784);
#13787=PRODUCT_DEFINITION('RPiAIHATPlusLeg','RPiAIHATPlusLeg',#13791,#13784);
#13788=PRODUCT_DEFINITION('RPiAIHATPlusScrew','RPiAIHATPlusScrew',#13792,
#13784);
#13789=PRODUCT_DEFINITION_FORMATION('',$,#13800);
#13790=PRODUCT_DEFINITION_FORMATION('',$,#13801);
#13791=PRODUCT_DEFINITION_FORMATION('',$,#13802);
#13792=PRODUCT_DEFINITION_FORMATION('',$,#13803);
#13793=PRODUCT_RELATED_PRODUCT_CATEGORY('RPiAIHATPlus','RPiAIHATPlus',(#13800));
#13794=PRODUCT_RELATED_PRODUCT_CATEGORY('RPiAIHATPlusBoard',
'RPiAIHATPlusBoard',(#13801));
#13795=PRODUCT_RELATED_PRODUCT_CATEGORY('RPiAIHATPlusLeg',
'RPiAIHATPlusLeg',(#13802));
#13796=PRODUCT_RELATED_PRODUCT_CATEGORY('RPiAIHATPlusScrew',
'RPiAIHATPlusScrew',(#13803));
#13797=APPLICATION_PROTOCOL_DEFINITION('international standard',
'automotive_design',2009,#13798);
#13798=APPLICATION_CONTEXT(
'Core Data for Automotive Mechanical Design Process');
#13799=PRODUCT_CONTEXT('part definition',#13798,'mechanical');
#13800=PRODUCT('RPiAIHATPlus','RPiAIHATPlus',$,(#13799));
#13801=PRODUCT('RPiAIHATPlusBoard','RPiAIHATPlusBoard',$,(#13799));
#13802=PRODUCT('RPiAIHATPlusLeg','RPiAIHATPlusLeg',$,(#13799));
#13803=PRODUCT('RPiAIHATPlusScrew','RPiAIHATPlusScrew',$,(#13799));
ENDSEC;
END-ISO-10303-21;
