#VRML V2.0 utf8
# 3D model generated by easyeda2kicad.py (https://github.com/uPesy/easyeda2kicad.py)

Shape{
    appearance Appearance {
        material  Material 	{
            diffuseColor 0.25098039215686274 0.25098039215686274 0.25098039215686274
            specularColor 0.12549019607843137 0.12549019607843137 0.12549019607843137
            ambientIntensity 0.2
            transparency 0
            shininess 0.5
        }
    }
    geometry IndexedFaceSet {
        ccw TRUE
        solid FALSE
        coord DEF co Coordinate {
            point [
                -0.773 -1.0002 0.3346, -0.773 0.0114 0.3346, -0.7778 0.0114 0.3346, -0.6853 -1.2083 0.3346, -0.6887 -1.2087 0.3346, -0.6687 -1.2087 0.3346, -0.7473 -1.001 0.3346, -0.7412 -1.0002 0.3346, -0.7266 -1.0812 0.3346, -0.7318 -1.0817 0.3346, -0.7053 -1.0817 0.3346, -1.2507 -1.1119 0.3346, -1.2494 -1.1051 0.3346, -1.378 -1.1051 0.3346, -0.9243 -1.0634 0.3346, -0.9089 -1.0764 0.3346, -0.8549 -1.0002 0.3346, -0.8549 -1.0817 0.3346, -1.0002 -0.992 0.3346, -0.9879 -1.0002 0.3346, -0.9748 -1.009 0.3346, -0.9562 -1.0304 0.3346, -0.9441 -1.054 0.3346, -0.9412 -1.055 0.3346, -1.0288 -0.9819 0.3346, -0.8549 0.0114 0.3346, -1.0522 -0.9794 0.3346, -1.2256 0.0114 0.3346, -1.0805 -0.9829 0.3346, -1.1067 -0.9931 0.3346, -1.237 -1.0691 0.3346, -1.2256 -1.0547 0.3346, -1.2256 -1.0002 0.3346, -1.2242 -1.0529 0.3346, -1.2197 -1.0487 0.3346, -1.2007 -1.0357 0.3346, -1.1795 -1.0279 0.3346, -1.1587 -1.0255 0.3346, -1.1183 -1.0002 0.3346, -1.1205 -1.0016 0.3346, -1.1339 -1.0131 0.3346, -1.1521 -1.0259 0.3346, -1.1456 -1.0267 0.3346, -1.378 -1.0002 0.3346, -1.378 -1.0817 0.3346, -1.2429 -1.0817 0.3346, -1.2465 -1.0894 0.3346, -1.2256 -1.1811 0.3346, -1.227 -1.1798 0.3346, -1.378 -1.2087 0.3346, -1.2408 -1.1597 0.3346, -1.2485 -1.1385 0.3346, -1.2509 -1.1178 0.3346, -1.1905 -1.2043 0.3346, -1.2109 -1.1939 0.3346, -1.2256 -1.2087 0.3346, -1.1815 -1.2071 0.3346, -1.1562 -1.2382 0.3346, -1.1673 -1.2298 0.3346, -1.2256 -1.2404 0.3346, -1.1758 -1.2193 0.3346, -1.1807 -1.2087 0.3346, -1.1274 -1.2458 0.3346, -1.2256 -1.378 0.3346, -1.1136 -1.2442 0.3346, -0.8549 -1.378 0.3346, -1.1038 -1.2404 0.3346, -1.1296 -1.2458 0.3346, -1.143 -1.2437 0.3346, -1.1509 -1.2404 0.3346, -1.074 -1.2087 0.3346, -1.0741 -1.2088 0.3346, -0.8549 -1.2404 0.3346, -1.0808 -1.2215 0.3346, -1.0896 -1.2314 0.3346, -1.1009 -1.2393 0.3346, -0.8903 -1.11 0.3346, -0.8877 -1.1286 0.3346, -0.8549 -1.1051 0.3346, -1.0013 -1.1751 0.3346, -0.9974 -1.1735 0.3346, -0.9907 -1.1411 0.3346, -0.9088 -1.1827 0.3346, -0.9243 -1.1958 0.3346, -0.8549 -1.2087 0.3346, -1.0847 -1.1508 0.3346, -1.0084 -1.1109 0.3346, -1.0946 -1.1417 0.3346, -1.1067 -1.1353 0.3346, -1.0048 -1.1775 0.3346, -0.8975 -1.167 0.3346, -0.9233 -1.1242 0.3346, -0.9259 -1.1133 0.3346, -0.9303 -1.1051 0.3346, -1.2136 -1.1051 0.3346, -0.8903 -1.149 0.3346, -0.993 -1.173 0.3346, -0.9925 -1.173 0.3346, -0.9908 -1.1734 0.3346, -1.2103 -1.1393 0.3346, -1.2035 -1.1509 0.3346, -1.1746 -1.1567 0.3346, -1.1933 -1.1614 0.3346, -1.1809 -1.169 0.3346, -1.1535 -1.1379 0.3346, -1.1652 -1.146 0.3346, -1.215 -1.1166 0.3346, -1.2144 -1.1253 0.3346, -1.1409 -1.1331 0.3346, -1.1274 -1.1314 0.3346, -1.1204 -1.1318 0.3346, -1.0107 -1.1906 0.3346, -1.0106 -1.1886 0.3346, -1.0704 -1.1832 0.3346, -1.0095 -1.1843 0.3346, -1.0073 -1.1804 0.3346, -0.9345 -1.1592 0.3346, -0.9283 -1.1504 0.3346, -0.9244 -1.1402 0.3346, -0.923 -1.1291 0.3346, -0.9974 -1.2078 0.3346, -1.0011 -1.2063 0.3346, -1.0048 -1.2037 0.3346, -1.0061 -1.2023 0.3346, -1.0086 -1.1987 0.3346, -1.0101 -1.1949 0.3346, -1.0707 -1.1948 0.3346, -1.0704 -1.1889 0.3346, -0.9417 -1.2043 0.3346, -0.9606 -1.2083 0.3346, -0.9942 -1.2083 0.3346, -0.9896 -1.1735 0.3346, -0.964 -1.1735 0.3346, -0.9538 -1.1716 0.3346, -0.9438 -1.167 0.3346, -0.9353 -1.1601 0.3346, -0.972 -1.0847 0.3346, -1.2085 -1.0902 0.3346, -1.2133 -1.1029 0.3346, -0.9674 -1.0847 0.3346, -0.9312 -1.1034 0.3346, -0.9378 -1.0961 0.3346, -0.9467 -1.0899 0.3346, -0.9566 -1.0861 0.3346, -0.9966 -1.0357 0.3346, -0.9987 -1.0337 0.3346, -1.1279 -1.0682 0.3346, -0.9839 -1.0511 0.3346, -1.2026 -1.0817 0.3346, -1.1321 -1.066 0.3346, -0.9726 -1.0817 0.3346, -0.9752 -1.0695 0.3346, -1.1449 -1.0613 0.3346, -1.1581 -1.0597 0.3346, -1.164 -1.06 0.3346, -1.0147 -1.0227 0.3346, -1.0326 -1.0159 0.3346, -1.1194 -1.0505 0.3346, -1.0517 -1.0136 0.3346, -1.178 -1.0633 0.3346, -1.1907 -1.07 0.3346, -1.2006 -1.0788 0.3346, -1.0722 -1.0162 0.3346, -1.0909 -1.0236 0.3346, -1.1068 -1.0352 0.3346, -0.9051 -1.0817 0.3346, -0.8972 -1.0926 0.3346, -0.8923 -1.1051 0.3346, -0.5204 -1.0591 0.3346, -0.5498 -1.0591 0.3346, -0.5122 -1.081 0.3346, -0.5498 -1.0817 0.3346, -0.5008 -1.081 0.3346, 1.378 -1.0817 0.3346, 1.378 -1.0002 0.3346, -0.5313 -1.0009 0.3346, -0.5498 -1.0002 0.3346, -0.5537 -1.0591 0.3346, -0.5614 -1.081 0.3346, -0.5751 -1.0817 0.3346, -0.5728 -1.081 0.3346, -0.5751 -1.0002 0.3346, -0.5498 -1.0204 0.3346, -0.5423 -1.0009 0.3346, -0.6687 -1.0449 0.3346, -0.6903 -1.0449 0.3346, -0.6687 -1.0718 0.3346, -0.6903 -1.0718 0.3346, -0.65 -1.0002 0.3346, -0.6687 -1.0002 0.3346, -0.6594 -1.0009 0.3346, -0.6687 -1.0009 0.3346, -0.6594 -1.0101 0.3346, -0.6576 -1.0718 0.3346, -0.65 -1.0817 0.3346, -0.6576 -1.081 0.3346, -0.6687 -1.0817 0.3346, -0.6617 -1.0449 0.3346, -0.6617 -1.0357 0.3346, -0.6687 -1.0357 0.3346, -0.6687 -1.0101 0.3346, -0.6903 -1.0101 0.3346, -0.6903 -1.0357 0.3346, -0.7007 -1.0009 0.3346, -0.7053 -1.0002 0.3346, -0.7007 -1.081 0.3346, -0.7167 -1.0028 0.3346, -0.7251 -1.0004 0.3346, -0.7271 -1.0002 0.3346, -0.6687 -1.081 0.3346, -0.7167 -1.0136 0.3346, -0.718 -1.0783 0.3346, -0.7336 -1.073 0.3346, -0.7245 -1.0713 0.3346, -0.7167 -1.0678 0.3346, -0.7167 -1.0777 0.3346, -0.7257 -1.0101 0.3346, -0.7355 -1.0089 0.3346, -0.7658 -1.0418 0.3346, -0.7618 -1.0593 0.3346, -0.7579 -1.0647 0.3346, -0.7563 -1.0662 0.3346, -0.7511 -1.0699 0.3346, -0.7454 -1.0721 0.3346, -0.7373 -1.0731 0.3346, -0.7574 -1.0178 0.3346, -0.7617 -1.0239 0.3346, -0.7519 -1.0133 0.3346, -0.7456 -1.0104 0.3346, -0.7387 -1.009 0.3346, -0.7644 -1.0308 0.3346, -0.7176 -1.0132 0.3346, -0.7657 -1.0448 0.3346, -0.7644 -1.0528 0.3346, -0.7357 -0.9996 0.3346, -0.7053 0.0114 0.3346, -0.7356 -0.9996 0.3346, -0.773 -1.024 0.3346, -0.7709 -1.0189 0.3346, -0.7651 -1.0113 0.3346, -0.7631 -1.0095 0.3346, -0.7556 -1.0042 0.3346, -0.7765 -1.0383 0.3346, -0.7747 -1.0278 0.3346, -0.7778 -1.0002 0.3346, -0.773 -1.0606 0.3346, -0.775 -1.0556 0.3346, -0.7778 -1.0817 0.3346, -0.7766 -1.0425 0.3346, -0.7524 -1.0803 0.3346, -0.7599 -1.0767 0.3346, -0.773 -1.0817 0.3346, -0.7664 -1.0714 0.3346, -0.7718 -1.0639 0.3346, -0.7458 -1.0817 0.3346, -0.773 -1.1051 0.3346, -0.7437 -1.0821 0.3346, -0.7388 -1.0823 0.3346, -0.7053 -1.1051 0.3346, -0.5794 -1.0544 0.3346, -0.5834 -1.0627 0.3346, -0.6058 -1.0002 0.3346, -0.6058 -1.0028 0.3346, -0.5977 -1.0058 0.3346, -0.6058 -1.0789 0.3346, -0.6058 -1.0817 0.3346, -0.5977 -1.0757 0.3346, -0.5893 -1.0698 0.3346, -0.5893 -1.0115 0.3346, -0.5866 -1.0142 0.3346, -0.5816 -1.0212 0.3346, -0.5786 -1.0288 0.3346, -0.5773 -1.0399 0.3346, -0.5775 -1.045 0.3346, -0.6196 -1.0009 0.3346, -0.6074 -1.0023 0.3346, -0.6068 -1.0793 0.3346, -0.6204 -1.081 0.3346, -0.6425 -1.081 0.3346, -0.6425 -1.0009 0.3346, -0.742 -1.2073 0.3346, -0.7459 -1.2087 0.3346, -0.7335 -1.208 0.3346, -0.7657 -1.1811 0.3346, -0.7639 -1.1646 0.3346, -0.7678 -1.1844 0.3346, -0.769 -1.1881 0.3346, -0.7417 -1.158 0.3346, -0.7451 -1.1576 0.3346, -0.7505 -1.174 0.3346, -0.7386 -1.205 0.3346, -0.7573 -1.2087 0.3346, -0.7612 -1.2072 0.3346, -0.773 -1.2087 0.3346, -0.7628 -1.1784 0.3346, -0.7588 -1.1762 0.3346, -0.7569 -1.1602 0.3346, -0.7507 -1.1582 0.3346, -0.7639 -1.1548 0.3346, -0.7618 -1.1536 0.3346, -0.7646 -1.2048 0.3346, -0.7655 -1.2039 0.3346, -0.7676 -1.2009 0.3346, -0.7335 -1.1992 0.3346, -0.7338 -1.1992 0.3346, -0.7355 -1.2017 0.3346, -0.7689 -1.1976 0.3346, -0.7695 -1.1927 0.3346, -0.707 -1.1753 0.3346, -0.7083 -1.1732 0.3346, -0.7235 -1.1712 0.3346, -0.7094 -1.1702 0.3346, -0.7245 -1.1627 0.3346, -0.7099 -1.1662 0.3346, -0.7335 -1.1716 0.3346, -0.7339 -1.1672 0.3346, -0.7349 -1.1637 0.3346, -0.7361 -1.1616 0.3346, -0.7544 -1.1507 0.3346, -0.7442 -1.1495 0.3346, -0.7372 -1.1503 0.3346, -0.7054 -1.177 0.3346, -0.7099 -1.1956 0.3346, -0.7053 -1.1771 0.3346, -0.7054 -1.1984 0.3346, -0.7053 -1.1984 0.3346, -0.7332 -1.1517 0.3346, -0.73 -1.1537 0.3346, -0.7064 -1.1567 0.3346, -0.7376 -1.16 0.3346, -0.7394 -1.1588 0.3346, -0.7095 -1.1627 0.3346, -0.7083 -1.1594 0.3346, -0.7262 -1.1585 0.3346, -0.7283 -1.1554 0.3346, -0.7461 -1.2088 0.3346, -0.7053 -1.2404 0.3346, -0.773 -1.2404 0.3346, -0.7513 -1.2093 0.3346, -0.7571 -1.2087 0.3346, -0.7099 -1.206 0.3346, -0.7235 -1.208 0.3346, -0.7053 -1.2076 0.3346, -0.7053 -1.2087 0.3346, -0.7029 -1.2085 0.3346, -0.7009 -1.2087 0.3346, -0.6944 -1.2093 0.3346, -0.674 -1.152 0.3346, -0.674 -1.1618 0.3346, -0.7034 -1.154 0.3346, -0.701 -1.1525 0.3346, -0.7053 -1.1557 0.3346, -0.6718 -1.1965 0.3346, -0.673 -1.1996 0.3346, -0.6749 -1.2023 0.3346, -0.6956 -1.1505 0.3346, -0.6876 -1.1495 0.3346, -0.6687 -1.1051 0.3346, -0.6806 -1.1501 0.3346, -0.6747 -1.183 0.3346, -0.6728 -1.1857 0.3346, -0.6717 -1.1887 0.3346, -0.6713 -1.1924 0.3346, -0.6777 -1.2048 0.3346, -0.6801 -1.2062 0.3346, -0.6886 -1.1576 0.3346, -0.6915 -1.1579 0.3346, -0.6995 -1.1653 0.3346, -0.6942 -1.1586 0.3346, -0.6965 -1.1598 0.3346, -0.6994 -1.1667 0.3346, -0.699 -1.1682 0.3346, -0.6983 -1.1696 0.3346, -0.6973 -1.1707 0.3346, -0.6938 -1.1729 0.3346, -0.6816 -1.1585 0.3346, -0.6876 -1.1756 0.3346, -0.6759 -1.1607 0.3346, -0.6837 -1.1771 0.3346, -0.677 -1.1809 0.3346, -0.698 -1.1611 0.3346, -0.6988 -1.1624 0.3346, -0.6993 -1.1637 0.3346, -0.6991 -1.2006 0.3346, -0.6947 -1.1829 0.3346, -0.7007 -1.1801 0.3346, -0.6934 -1.2012 0.3346, -0.693 -1.2012 0.3346, -0.6881 -1.1856 0.3346, -0.6878 -1.2006 0.3346, -0.6816 -1.1934 0.3346, -0.6817 -1.1922 0.3346, -0.6853 -1.1996 0.3346, -0.6843 -1.1991 0.3346, -0.6832 -1.1981 0.3346, -0.6823 -1.1968 0.3346, -0.6818 -1.1953 0.3346, -0.6821 -1.1906 0.3346, -0.6829 -1.1893 0.3346, -0.6842 -1.188 0.3346, -0.6216 -1.1508 0.3346, -0.6112 -1.1508 0.3346, -0.6058 -1.1051 0.3346, -0.6399 -1.1938 0.3346, -0.6387 -1.1985 0.3346, -0.6384 -1.1985 0.3346, -0.65 -1.1051 0.3346, -0.65 -1.1647 0.3346, -0.6372 -1.1939 0.3346, -0.638 -1.1965 0.3346, -0.65 -1.2087 0.3346, -0.65 -1.1917 0.3346, -0.6661 -1.1508 0.3346, -0.6549 -1.1508 0.3346, -0.6436 -1.2079 0.3346, -0.644 -1.2087 0.3346, -0.648 -1.2183 0.3346, -0.6687 -1.2404 0.3346, -0.664 -1.2341 0.3346, -0.664 -1.2252 0.3346, -0.6519 -1.224 0.3346, -0.6501 -1.222 0.3346, -0.65 -1.2219 0.3346, -0.662 -1.2259 0.3346, -0.6583 -1.2263 0.3346, -0.65 -1.2331 0.3346, -0.6531 -1.2344 0.3346, -0.65 -1.2404 0.3346, -0.6575 -1.2349 0.3346, -0.6598 -1.2349 0.3346, -0.6557 -1.226 0.3346, -0.6535 -1.2251 0.3346, -0.634 -1.2087 0.3346, -0.6371 -1.2166 0.3346, -0.6058 -1.2404 0.3346, -0.6417 -1.2256 0.3346, -0.6459 -1.2304 0.3346, -0.6492 -1.2327 0.3346, -0.5751 -1.1719 0.3346, -0.59 -1.1719 0.3346, -0.5751 -1.1989 0.3346, -0.59 -1.1989 0.3346, -0.5591 -1.1279 0.3346, -0.5591 -1.1371 0.3346, -0.5498 -1.1051 0.3346, -0.5573 -1.1989 0.3346, -0.5498 -1.2087 0.3346, -0.5573 -1.208 0.3346, -0.5751 -1.2087 0.3346, -0.5614 -1.1719 0.3346, -0.5614 -1.1628 0.3346, -0.5751 -1.1628 0.3346, -0.5751 -1.1371 0.3346, -0.59 -1.1371 0.3346, -0.59 -1.1628 0.3346, -0.5751 -1.208 0.3346, -0.6004 -1.208 0.3346, -0.6058 -1.2087 0.3346, -0.6004 -1.1279 0.3346, -0.5751 -1.1279 0.3346, -0.5751 -1.1051 0.3346, -0.8549 1.378 0.3346, -0.7778 1.378 0.3346, -0.773 1.378 0.3346, -0.7053 1.378 0.3346, -0.6687 0.0114 0.3346, -0.6687 1.378 0.3346, -0.65 0.0114 0.3346, -0.65 1.378 0.3346, -0.6058 0.0114 0.3346, -0.6058 1.378 0.3346, -0.5751 0.0114 0.3346, -0.5751 1.378 0.3346, -0.5498 0.0114 0.3346, -0.5498 1.378 0.3346, 1.378 0.0114 0.3346, 1.378 1.378 0.3346, -1.0441 1.0291 0.3346, -1.0295 1.0481 0.3346, -1.0204 1.0701 0.3346, -1.063 1.0146 0.3346, -1.0851 1.0054 0.3346, -1.1088 1.0023 0.3346, -1.1324 1.0054 0.3346, -1.1545 1.0146 0.3346, -1.1734 1.0291 0.3346, -1.188 1.0481 0.3346, -1.1971 1.0701 0.3346, -1.2002 1.0938 0.3346, -1.2256 1.378 0.3346, -1.1971 1.1175 0.3346, -1.188 1.1395 0.3346, -1.1734 1.1585 0.3346, -1.1545 1.173 0.3346, -1.1324 1.1822 0.3346, -1.1088 1.1853 0.3346, -1.0851 1.1822 0.3346, -1.063 1.173 0.3346, -1.0441 1.1585 0.3346, -1.0295 1.1395 0.3346, -1.0204 1.1175 0.3346, -1.0173 1.0938 0.3346, -1.378 1.378 0.3346, -1.378 0.0114 0.3346, -0.7799 -1.0718 0.3346, -0.7799 -1.081 0.3346, -0.8221 -1.081 0.3346, -0.8221 -1.0009 0.3346, -0.8118 -1.0009 0.3346, -0.8118 -1.0718 0.3346, -0.7778 -1.1051 0.3346, -0.4611 -1.208 0.3346, -0.4726 -1.208 0.3346, -0.4119 -1.208 0.3346, -0.4201 -1.1861 0.3346, -0.4534 -1.1861 0.3346, -0.4005 -1.208 0.3346, 1.378 -1.2087 0.3346, -0.431 -1.1279 0.3346, 1.378 -1.1051 0.3346, -0.4792 -1.1814 0.3346, -0.4772 -1.172 0.3346, -0.4421 -1.1279 0.3346, -0.477 -1.1669 0.3346, -0.4783 -1.1559 0.3346, -0.4831 -1.1897 0.3346, -0.4891 -1.1968 0.3346, -0.4974 -1.2027 0.3346, -0.5422 -1.1279 0.3346, -0.5422 -1.208 0.3346, -0.5202 -1.208 0.3346, -0.5065 -1.2063 0.3346, -0.4891 -1.1385 0.3346, -0.4863 -1.1413 0.3346, -0.4813 -1.1482 0.3346, -0.5193 -1.1279 0.3346, -0.5071 -1.1293 0.3346, -0.4975 -1.1328 0.3346, -0.7778 -1.2087 0.3346, -0.8221 -1.208 0.3346, -0.7791 -1.208 0.3346, -0.7791 -1.1989 0.3346, -0.7809 -1.1371 0.3346, -0.8221 -1.1279 0.3346, -0.7809 -1.1279 0.3346, -0.8118 -1.1719 0.3346, -0.8118 -1.1989 0.3346, -0.7832 -1.1719 0.3346, -0.7832 -1.1628 0.3346, -0.8118 -1.1628 0.3346, -0.8118 -1.1371 0.3346, -0.5751 -1.2404 0.3346, -0.5498 -1.2404 0.3346, 1.378 -1.2404 0.3346, -0.7778 -1.2404 0.3346, -0.7778 -1.378 0.3346, -0.773 -1.378 0.3346, -0.7053 -1.378 0.3346, -0.6687 -1.378 0.3346, -0.65 -1.378 0.3346, -0.6058 -1.378 0.3346, -0.5751 -1.378 0.3346, -0.5498 -1.378 0.3346, 1.378 -1.378 0.3346, -1.378 -1.2404 0.3346, -1.378 -1.378 0.3346, -1.1417 -1.267 0.0, -1.1417 -1.378 0.0, -1.378 -1.378 0.0, -1.221 -0.1334 0.0, -1.2224 -0.1293 0.0, -1.1024 0.7087 0.0, -1.1024 -0.7087 0.0, -0.8661 -0.7087 0.0, -0.7874 -0.7874 0.0, -1.2224 0.4442 0.0, -1.221 0.4484 0.0, -1.2248 0.3469 0.0, -1.221 -0.7633 0.0, -1.2224 -0.7592 0.0, -1.2224 0.3432 0.0, -1.2316 0.8248 0.0, -1.2402 0.9055 0.0, -1.2279 0.8225 0.0, -1.2248 0.8194 0.0, -1.2205 -0.7677 0.0, -1.2205 -0.1378 0.0, -1.221 0.0241 0.0, -1.2224 0.0282 0.0, -1.221 0.654 0.0, -1.2224 0.6581 0.0, -1.378 0.8268 0.0, -1.378 0.9055 0.0, -1.2402 0.8268 0.0, -1.2358 0.8263 0.0, -1.2358 0.906 0.0, -1.2224 0.8156 0.0, -1.2316 -0.6673 0.0, -1.2279 -0.665 0.0, -1.2358 -0.7485 0.0, -1.2224 -0.1857 0.0, -1.221 -0.1815 0.0, -1.2248 -0.283 0.0, -1.2279 -0.35 0.0, -1.2248 -0.3469 0.0, -1.2358 -0.4336 0.0, -0.9075 1.2316 0.0, -0.8194 1.2248 0.0, -0.8156 1.2224 0.0, -1.2316 0.435 0.0, -1.2279 0.4374 0.0, -1.2358 0.3538 0.0, -1.2248 0.4405 0.0, -1.2316 0.3524 0.0, -1.2316 0.75 0.0, -1.2279 0.7523 0.0, -1.2358 0.6688 0.0, -0.8071 1.2205 0.0, -0.7874 1.2205 0.0, -0.8661 0.7087 0.0, -1.0649 1.2316 0.0, -0.9768 1.2248 0.0, -0.9731 1.2224 0.0, -1.2248 -0.6619 0.0, -1.2224 -0.6581 0.0, -1.221 -0.654 0.0, -1.2279 -0.5075 0.0, -1.2248 -0.5044 0.0, -1.2358 -0.591 0.0, -1.2279 -0.1926 0.0, -1.2248 -0.1894 0.0, -1.2358 -0.2761 0.0, -1.2316 -0.3524 0.0, -1.2205 -0.1772 0.0, -1.2279 0.35 0.0, -1.221 0.1815 0.0, -1.2224 0.1857 0.0, -1.221 0.2909 0.0, -1.2248 0.1894 0.0, -1.2224 0.2867 0.0, -1.221 0.6059 0.0, -1.2205 0.6102 0.0, -1.2205 0.6496 0.0, -1.2248 0.7554 0.0, -1.2205 0.7677 0.0, -1.2205 0.8071 0.0, -1.221 0.8115 0.0, -1.2316 0.9823 0.0, -1.2248 1.0704 0.0, -1.2224 1.0741 0.0, -0.9055 1.2402 0.0, -0.9055 1.378 0.0, -0.8268 1.378 0.0, -0.9646 1.2205 0.0, -0.9252 1.2205 0.0, -1.2205 1.0952 0.0, -0.9689 1.221 0.0, -1.0673 1.2279 0.0, -1.2248 -0.7554 0.0, -1.2279 -0.7523 0.0, -1.2316 -0.75 0.0, -1.2279 -0.5948 0.0, -1.221 -0.4965 0.0, -1.2248 -0.598 0.0, -1.2224 -0.6017 0.0, -1.2402 -0.5906 0.0, -1.378 -0.5906 0.0, -1.378 -0.5118 0.0, -1.2316 -0.5925 0.0, -1.2224 -0.5007 0.0, -1.2316 -0.2775 0.0, -1.2248 -0.4405 0.0, -1.2279 -0.4374 0.0, -1.2205 -0.3346 0.0, -1.2316 -0.435 0.0, -1.221 -0.339 0.0, -1.2224 -0.3432 0.0, -1.2279 -0.0351 0.0, -1.2248 -0.032 0.0, -1.2224 -0.0282 0.0, -1.2224 0.7592 0.0, -1.221 0.7633 0.0, -1.2248 0.9129 0.0, -1.2279 0.9098 0.0, -1.2316 0.9075 0.0, -0.8268 1.2402 0.0, -0.8263 1.2358 0.0, -0.906 1.2358 0.0, -0.8248 1.2316 0.0, -0.8225 1.2279 0.0, -1.378 1.378 0.0, -1.1417 1.378 0.0, -1.378 1.1417 0.0, -1.1417 1.267 0.0, -1.267 1.1417 0.0, -1.0952 1.2205 0.0, -1.0827 1.2205 0.0, -1.063 1.2402 0.0, -1.063 1.378 0.0, -0.9843 1.378 0.0, -1.2205 -0.6496 0.0, -1.2205 -0.6102 0.0, -1.221 -0.6059 0.0, -1.2402 -0.5118 0.0, -1.2358 -0.5113 0.0, -1.2316 -0.5099 0.0, -1.378 -0.4331 0.0, -1.378 -0.3543 0.0, -1.2402 -0.4331 0.0, -1.2402 -0.3543 0.0, -1.2358 -0.3538 0.0, -1.2248 -0.1255 0.0, -1.2279 -0.1224 0.0, -1.2316 -0.0374 0.0, -1.2358 -0.0389 0.0, -1.221 -0.0241 0.0, -1.2205 -0.0197 0.0, -1.2205 0.0197 0.0, -1.2316 0.2775 0.0, -1.2279 0.2799 0.0, -1.2248 0.283 0.0, -1.2279 0.5948 0.0, -1.2248 0.598 0.0, -1.2358 0.5113 0.0, -1.2248 0.6619 0.0, -1.2279 0.665 0.0, -1.2316 0.6673 0.0, -0.9167 1.2224 0.0, -1.2279 0.98 0.0, -1.2402 0.9843 0.0, -1.378 0.9843 0.0, -1.378 1.063 0.0, -1.0783 1.221 0.0, -1.0741 1.2224 0.0, -1.0704 1.2248 0.0, -0.9843 1.2402 0.0, -0.9838 1.2358 0.0, -1.0635 1.2358 0.0, -0.9823 1.2316 0.0, -0.98 1.2279 0.0, -1.2279 -0.2799 0.0, -1.2279 0.1224 0.0, -1.2279 0.0351 0.0, -1.2316 0.1201 0.0, -1.2358 0.1186 0.0, -1.2248 0.1255 0.0, -1.2224 0.1293 0.0, -1.221 0.1334 0.0, -1.221 0.4965 0.0, -1.2224 0.5007 0.0, -1.2248 0.5044 0.0, -1.2402 0.5118 0.0, -1.378 0.5118 0.0, -1.378 0.5906 0.0, -0.9208 1.221 0.0, -1.2205 1.0827 0.0, -1.221 1.0783 0.0, -1.2402 1.063 0.0, -1.2358 1.0635 0.0, -1.2358 0.9838 0.0, -1.2316 1.0649 0.0, -1.2279 1.0673 0.0, -1.2205 -0.4921 0.0, -1.2402 -0.2756 0.0, -1.378 -0.2756 0.0, -1.378 -0.1969 0.0, -1.378 0.3543 0.0, -1.378 0.4331 0.0, -1.2402 0.3543 0.0, -1.2402 0.4331 0.0, -1.2358 0.4336 0.0, -1.2358 0.2761 0.0, -1.2279 0.1926 0.0, -1.2316 0.1949 0.0, -1.2224 0.6017 0.0, -1.2316 0.5099 0.0, -1.2279 0.5075 0.0, -1.2402 0.5906 0.0, -1.2358 0.591 0.0, -1.2316 0.5925 0.0, -1.2205 0.9646 0.0, -1.221 0.9689 0.0, -0.9129 1.2248 0.0, -1.2224 0.9731 0.0, -1.2248 0.9768 0.0, -1.2205 -0.2953 0.0, -1.221 -0.2909 0.0, -1.2224 -0.2867 0.0, -1.2402 -0.1969 0.0, -1.2358 -0.1964 0.0, -1.2316 -0.1949 0.0, -1.2402 0.1969 0.0, -1.378 0.1969 0.0, -1.378 0.2756 0.0, -1.2224 0.9167 0.0, -1.221 0.9208 0.0, -1.2205 0.9252 0.0, -1.378 -0.748 0.0, -1.378 -0.6693 0.0, -1.2402 -0.748 0.0, -1.2402 -0.6693 0.0, -1.2358 -0.6688 0.0, -1.2205 -0.4528 0.0, -1.221 -0.4484 0.0, -1.2224 -0.4442 0.0, -1.378 -0.1181 0.0, -1.378 -0.0394 0.0, -1.2402 -0.1181 0.0, -1.2402 -0.0394 0.0, -1.2358 -0.1186 0.0, -1.2316 -0.1201 0.0, -1.2358 0.1964 0.0, -1.2402 0.2756 0.0, -1.378 0.0394 0.0, -1.378 0.1181 0.0, -1.2402 0.0394 0.0, -1.2402 0.1181 0.0, -1.2358 0.0389 0.0, -1.2316 0.0374 0.0, -1.2205 0.4528 0.0, -1.2205 0.4921 0.0, -1.2205 0.1772 0.0, -1.2205 0.1378 0.0, -1.2248 0.032 0.0, -1.378 0.6693 0.0, -1.378 0.748 0.0, -1.2402 0.6693 0.0, -1.2402 0.748 0.0, -1.2358 0.7485 0.0, -0.8115 1.221 0.0, -0.9098 1.2279 0.0, -1.2205 0.2953 0.0, -1.2205 0.3346 0.0, -1.221 0.339 0.0, -1.2205 -0.7874 0.0, -1.2205 -0.8071 0.0, -1.2316 -0.9075 0.0, -1.2248 -0.8194 0.0, -1.2224 -0.8156 0.0, -0.8248 -1.2316 0.0, -1.2224 -0.9167 0.0, -0.8225 -1.2279 0.0, -1.2248 -0.9129 0.0, -0.8194 -1.2248 0.0, -0.8156 -1.2224 0.0, -1.2402 -0.9055 0.0, -1.378 -0.9055 0.0, -1.378 -0.8268 0.0, -1.2316 -1.0649 0.0, -1.2248 -0.9768 0.0, -1.2224 -0.9731 0.0, -0.8115 -1.221 0.0, -0.8071 -1.2205 0.0, -0.7874 -1.2205 0.0, -1.221 -0.8115 0.0, -1.2279 -0.9098 0.0, -0.8268 -1.2402 0.0, -0.8268 -1.378 0.0, -0.9055 -1.378 0.0, -0.9823 -1.2316 0.0, -1.0704 -1.2248 0.0, -1.0741 -1.2224 0.0, -1.2402 -0.8268 0.0, -1.2358 -0.8263 0.0, -1.2358 -0.906 0.0, -1.2316 -0.8248 0.0, -1.2279 -0.8225 0.0, -1.221 -0.9689 0.0, -1.2205 -0.9646 0.0, -1.2279 -1.0673 0.0, -0.9098 -1.2279 0.0, -0.9075 -1.2316 0.0, -0.8263 -1.2358 0.0, -0.906 -1.2358 0.0, -0.9055 -1.2402 0.0, -0.9731 -1.2224 0.0, -0.9768 -1.2248 0.0, -0.98 -1.2279 0.0, -1.378 -1.1417 0.0, -1.267 -1.1417 0.0, -1.0952 -1.2205 0.0, -1.2205 -1.0952 0.0, -1.2205 -1.0827 0.0, -1.2205 -0.9252 0.0, -1.2402 -1.063 0.0, -1.378 -1.063 0.0, -1.378 -0.9843 0.0, -1.221 -0.9208 0.0, -1.0827 -1.2205 0.0, -1.0783 -1.221 0.0, -0.9843 -1.2402 0.0, -0.9843 -1.378 0.0, -1.063 -1.378 0.0, -1.2402 -0.9843 0.0, -1.2358 -0.9838 0.0, -1.2358 -1.0635 0.0, -1.2316 -0.9823 0.0, -1.2279 -0.98 0.0, -1.063 -1.2402 0.0, -1.0635 -1.2358 0.0, -0.9838 -1.2358 0.0, -1.0649 -1.2316 0.0, -1.0673 -1.2279 0.0, -1.221 -1.0783 0.0, -1.2224 -1.0741 0.0, -1.2248 -1.0704 0.0, -0.9129 -1.2248 0.0, -0.9167 -1.2224 0.0, -0.9208 -1.221 0.0, -0.9252 -1.2205 0.0, -0.9646 -1.2205 0.0, -0.9689 -1.221 0.0, 0.9646 -1.2205 0.0, 0.7087 -1.1024 0.0, 0.9689 -1.221 0.0, 0.9731 -1.2224 0.0, 0.9252 -1.2205 0.0, 0.9208 -1.221 0.0, 0.9167 -1.2224 0.0, 0.9129 -1.2248 0.0, 0.9098 -1.2279 0.0, 0.9075 -1.2316 0.0, 0.2953 -1.2205 0.0, 0.2909 -1.221 0.0, -0.7087 -1.1024 0.0, 1.221 -0.8115 0.0, 1.2224 -0.8156 0.0, 0.7087 -0.8661 0.0, 1.2316 -0.9075 0.0, 1.2279 -0.9098 0.0, 1.2358 -0.8263 0.0, 1.2248 -0.9129 0.0, 1.0741 -1.2224 0.0, 1.0704 -1.2248 0.0, 0.6688 -1.2358 0.0, 0.7633 -1.221 0.0, 0.7592 -1.2224 0.0, 0.6673 -1.2316 0.0, 0.665 -1.2279 0.0, 0.5075 -1.2279 0.0, 0.5044 -1.2248 0.0, 0.1894 -1.2248 0.0, 0.1857 -1.2224 0.0, 0.0351 -1.2279 0.0, 0.032 -1.2248 0.0, 0.1186 -1.2358 0.0, -0.3543 -1.2402 0.0, -0.3543 -1.378 0.0, -0.4331 -1.378 0.0, -0.591 -1.2358 0.0, -0.4965 -1.221 0.0, -0.5007 -1.2224 0.0, 1.2279 -1.0673 0.0, 1.2248 -1.0704 0.0, 1.0783 -1.221 0.0, 1.0673 -1.2279 0.0, 1.0649 -1.2316 0.0, 0.9768 -1.2248 0.0, 0.8194 -1.2248 0.0, 0.8156 -1.2224 0.0, 0.7554 -1.2248 0.0, 0.7523 -1.2279 0.0, 0.75 -1.2316 0.0, 0.6619 -1.2248 0.0, 0.6581 -1.2224 0.0, 0.654 -1.221 0.0, 0.5113 -1.2358 0.0, 0.6059 -1.221 0.0, 0.6017 -1.2224 0.0, 0.435 -1.2316 0.0, 0.3543 -1.2402 0.0, 0.4374 -1.2279 0.0, 0.4405 -1.2248 0.0, 0.1255 -1.2248 0.0, 0.1293 -1.2224 0.0, 0.1334 -1.221 0.0, -0.1772 -1.2205 0.0, -0.1815 -1.221 0.0, -0.1857 -1.2224 0.0, -0.1894 -1.2248 0.0, -0.3469 -1.2248 0.0, -0.35 -1.2279 0.0, -0.4336 -1.2358 0.0, -0.3524 -1.2316 0.0, -0.3538 -1.2358 0.0, -0.4331 -1.2402 0.0, -0.5044 -1.2248 0.0, -0.5075 -1.2279 0.0, -0.5099 -1.2316 0.0, -0.7485 -1.2358 0.0, -0.654 -1.221 0.0, -0.6581 -1.2224 0.0, 0.9055 -1.2402 0.0, 0.9055 -1.378 0.0, 0.8268 -1.378 0.0, 0.8115 -1.221 0.0, 0.8071 -1.2205 0.0, 0.598 -1.2248 0.0, 0.5948 -1.2279 0.0, 0.5925 -1.2316 0.0, 0.35 -1.2279 0.0, 0.3469 -1.2248 0.0, 0.4484 -1.221 0.0, 0.2867 -1.2224 0.0, 0.283 -1.2248 0.0, 0.2799 -1.2279 0.0, 0.1224 -1.2279 0.0, 0.1201 -1.2316 0.0, -0.1255 -1.2248 0.0, -0.032 -1.2248 0.0, -0.0351 -1.2279 0.0, -0.1926 -1.2279 0.0, -0.1949 -1.2316 0.0, -0.1964 -1.2358 0.0, -0.1969 -1.2402 0.0, -0.1969 -1.378 0.0, -0.2756 -1.378 0.0, -0.2799 -1.2279 0.0, -0.283 -1.2248 0.0, -0.6619 -1.2248 0.0, -0.665 -1.2279 0.0, -0.6673 -1.2316 0.0, -0.7592 -1.2224 0.0, -0.7633 -1.221 0.0, 1.378 -0.8268 0.0, 1.378 -0.9055 0.0, 1.2402 -0.8268 0.0, 1.2402 -0.9055 0.0, 1.2358 -0.906 0.0, 1.2224 -1.0741 0.0, 1.221 -1.0783 0.0, 1.2205 -1.0827 0.0, 1.2205 -1.0952 0.0, 0.8268 -1.2402 0.0, 0.8263 -1.2358 0.0, 0.906 -1.2358 0.0, 0.8248 -1.2316 0.0, 0.8225 -1.2279 0.0, 0.7677 -1.2205 0.0, 0.748 -1.2402 0.0, 0.748 -1.378 0.0, 0.6693 -1.378 0.0, 0.6496 -1.2205 0.0, 0.6102 -1.2205 0.0, 0.5099 -1.2316 0.0, 0.5007 -1.2224 0.0, 0.4965 -1.221 0.0, 0.4921 -1.2205 0.0, 0.4331 -1.378 0.0, 0.3543 -1.378 0.0, 0.4331 -1.2402 0.0, 0.4336 -1.2358 0.0, 0.2775 -1.2316 0.0, 0.2761 -1.2358 0.0, 0.1926 -1.2279 0.0, 0.2756 -1.2402 0.0, 0.2756 -1.378 0.0, 0.1969 -1.378 0.0, 0.1815 -1.221 0.0, 0.1772 -1.2205 0.0, 0.1378 -1.2205 0.0, 0.1181 -1.2402 0.0, 0.1181 -1.378 0.0, 0.0394 -1.378 0.0, -0.0197 -1.2205 0.0, -0.0241 -1.221 0.0, -0.0282 -1.2224 0.0, -0.0374 -1.2316 0.0, -0.0389 -1.2358 0.0, -0.1224 -1.2279 0.0, -0.5118 -1.2402 0.0, -0.5118 -1.378 0.0, -0.5906 -1.378 0.0, -0.435 -1.2316 0.0, -0.339 -1.221 0.0, -0.3432 -1.2224 0.0, -0.7677 -1.2205 0.0, -0.7087 -0.8661 0.0, 1.2358 -1.0635 0.0, 1.2279 -0.98 0.0, 1.2316 -0.9823 0.0, 1.2316 -1.0649 0.0, 1.2248 -0.9768 0.0, 1.2224 -0.9731 0.0, 1.378 -1.378 0.0, 1.1417 -1.378 0.0, 1.378 -1.1417 0.0, 1.1417 -1.267 0.0, 1.267 -1.1417 0.0, 1.0952 -1.2205 0.0, 1.0827 -1.2205 0.0, 1.063 -1.2402 0.0, 1.063 -1.378 0.0, 0.9843 -1.378 0.0, 0.7485 -1.2358 0.0, 0.6693 -1.2402 0.0, 0.5906 -1.2402 0.0, 0.5906 -1.378 0.0, 0.5118 -1.378 0.0, 0.4442 -1.2224 0.0, 0.3538 -1.2358 0.0, 0.3524 -1.2316 0.0, 0.3432 -1.2224 0.0, 0.339 -1.221 0.0, 0.3346 -1.2205 0.0, 0.1969 -1.2402 0.0, 0.1964 -1.2358 0.0, 0.1949 -1.2316 0.0, 0.0394 -1.2402 0.0, 0.0389 -1.2358 0.0, 0.0374 -1.2316 0.0, -0.0394 -1.2402 0.0, -0.0394 -1.378 0.0, -0.1181 -1.378 0.0, -0.1293 -1.2224 0.0, -0.1334 -1.221 0.0, -0.1378 -1.2205 0.0, -0.2756 -1.2402 0.0, -0.2761 -1.2358 0.0, -0.2775 -1.2316 0.0, -0.2953 -1.2205 0.0, -0.2909 -1.221 0.0, -0.2867 -1.2224 0.0, -0.5113 -1.2358 0.0, -0.5906 -1.2402 0.0, -0.6693 -1.2402 0.0, -0.6693 -1.378 0.0, -0.748 -1.378 0.0, -0.4374 -1.2279 0.0, -0.4405 -1.2248 0.0, -0.4442 -1.2224 0.0, 1.2205 -0.9252 0.0, 1.2205 -0.9646 0.0, 1.221 -0.9689 0.0, 0.9843 -1.2402 0.0, 0.9838 -1.2358 0.0, 1.0635 -1.2358 0.0, 0.9823 -1.2316 0.0, 0.98 -1.2279 0.0, 0.591 -1.2358 0.0, 0.5118 -1.2402 0.0, 0.4528 -1.2205 0.0, 0.0282 -1.2224 0.0, 0.0241 -1.221 0.0, 0.0197 -1.2205 0.0, -0.1181 -1.2402 0.0, -0.1186 -1.2358 0.0, -0.1201 -1.2316 0.0, -0.6688 -1.2358 0.0, -0.748 -1.2402 0.0, -0.5925 -1.2316 0.0, -0.5948 -1.2279 0.0, -0.4921 -1.2205 0.0, -0.598 -1.2248 0.0, -0.6017 -1.2224 0.0, 1.2224 -0.9167 0.0, 1.221 -0.9208 0.0, 1.2316 -0.8248 0.0, 1.2279 -0.8225 0.0, 1.2248 -0.8194 0.0, 1.2402 -0.9843 0.0, 1.378 -0.9843 0.0, 1.378 -1.063 0.0, 1.2358 -0.9838 0.0, 1.2402 -1.063 0.0, -0.4484 -1.221 0.0, -0.3346 -1.2205 0.0, -0.6059 -1.221 0.0, -0.4528 -1.2205 0.0, -0.6102 -1.2205 0.0, -0.6496 -1.2205 0.0, -0.75 -1.2316 0.0, -0.7523 -1.2279 0.0, -0.7554 -1.2248 0.0, 1.2205 -0.7677 0.0, 1.2205 -0.7874 0.0, 1.1024 -0.7087 0.0, 0.8661 -0.7087 0.0, 1.221 0.7633 0.0, 1.2224 0.7592 0.0, 1.1024 0.7087 0.0, 1.1417 1.267 0.0, 1.1417 1.378 0.0, 1.378 1.378 0.0, -0.7087 0.5709 0.0, -0.7087 -0.7087 0.0, 0.7087 -0.7087 0.0, 1.2205 0.7677 0.0, 1.2316 0.6673 0.0, 1.2279 0.665 0.0, 1.2358 0.7485 0.0, 1.2224 0.5007 0.0, 1.221 0.4965 0.0, 1.2224 0.6017 0.0, 1.221 -0.4965 0.0, 1.2224 -0.5007 0.0, 1.221 1.0783 0.0, 1.2224 1.0741 0.0, 0.9167 1.2224 0.0, 1.2248 0.8194 0.0, 1.2205 0.9252 0.0, 1.2279 0.8225 0.0, 1.221 0.9208 0.0, 1.2224 0.9167 0.0, 1.2248 0.6619 0.0, 1.2205 0.4528 0.0, 1.221 0.4484 0.0, 1.221 0.1334 0.0, 1.2224 0.1293 0.0, 1.2205 1.0827 0.0, -0.7087 0.8661 0.0, -0.7087 1.1024 0.0, -0.7677 1.2205 0.0, -0.7633 1.221 0.0, -0.5709 0.7087 0.0, 0.7087 0.7087 0.0, 1.2358 0.8263 0.0, 1.2279 0.9098 0.0, 1.2316 0.9075 0.0, 1.2248 0.9129 0.0, 1.2316 0.8248 0.0, 1.2224 0.6581 0.0, 1.221 0.654 0.0, 1.2205 0.6496 0.0, 1.2248 0.598 0.0, 1.2279 0.5948 0.0, 1.2279 0.5075 0.0, 1.2205 0.4921 0.0, 1.2224 0.3432 0.0, 1.221 0.339 0.0, 1.2358 0.4336 0.0, -0.2953 1.2205 0.0, -0.2909 1.221 0.0, 0.7087 1.1024 0.0, 1.2205 0.9646 0.0, 1.2248 0.5044 0.0, 1.221 -0.339 0.0, 1.2224 -0.3432 0.0, 1.2316 -0.75 0.0, 1.2279 -0.7523 0.0, 1.2358 -0.6688 0.0, 0.9823 1.2316 0.0, 1.2205 1.0952 0.0, 0.98 1.2279 0.0, 0.9768 1.2248 0.0, 1.2358 0.9838 0.0, 1.2279 1.0673 0.0, 1.2316 1.0649 0.0, 1.2316 0.9823 0.0, 1.2279 0.98 0.0, 1.2248 1.0704 0.0, -0.5075 1.2279 0.0, -0.5044 1.2248 0.0, -0.1894 1.2248 0.0, -0.1857 1.2224 0.0, -0.0351 1.2279 0.0, -0.032 1.2248 0.0, -0.1186 1.2358 0.0, 0.3543 1.2402 0.0, 0.3543 1.378 0.0, 0.4331 1.378 0.0, 0.591 1.2358 0.0, 0.4965 1.221 0.0, 0.5007 1.2224 0.0, 0.7087 0.8661 0.0, 0.8661 0.7087 0.0, 1.2205 -0.8071 0.0, 1.2224 0.8156 0.0, 1.221 0.8115 0.0, 1.2205 0.8071 0.0, 1.2248 0.7554 0.0, 1.2279 0.7523 0.0, 1.2316 0.75 0.0, 1.2316 0.5925 0.0, 1.2358 0.591 0.0, 1.2316 0.5099 0.0, 1.2205 0.6102 0.0, 1.221 0.6059 0.0, 1.2224 0.4442 0.0, 1.2248 0.4405 0.0, 1.2279 0.4374 0.0, 1.2205 -0.6102 0.0, 1.2205 -0.6496 0.0, 1.221 -0.654 0.0, 1.2224 -0.6581 0.0, 1.2248 -0.7554 0.0, 0.9838 1.2358 0.0, 1.0649 1.2316 0.0, 1.0673 1.2279 0.0, 0.9129 1.2248 0.0, 1.2248 0.9768 0.0, 1.2224 0.9731 0.0, -0.75 1.2316 0.0, -0.6688 1.2358 0.0, -0.7523 1.2279 0.0, -0.7554 1.2248 0.0, -0.665 1.2279 0.0, -0.6619 1.2248 0.0, -0.6581 1.2224 0.0, -0.654 1.221 0.0, -0.5113 1.2358 0.0, -0.6059 1.221 0.0, -0.6017 1.2224 0.0, -0.435 1.2316 0.0, -0.3543 1.2402 0.0, -0.4374 1.2279 0.0, -0.4405 1.2248 0.0, -0.1255 1.2248 0.0, -0.1293 1.2224 0.0, -0.1334 1.221 0.0, 0.1772 1.2205 0.0, 0.1815 1.221 0.0, 0.1857 1.2224 0.0, 0.1894 1.2248 0.0, 0.3469 1.2248 0.0, 0.35 1.2279 0.0, 0.4336 1.2358 0.0, 0.3524 1.2316 0.0, 0.3538 1.2358 0.0, 0.4331 1.2402 0.0, 0.5044 1.2248 0.0, 0.5075 1.2279 0.0, 0.5099 1.2316 0.0, 0.7485 1.2358 0.0, 0.654 1.221 0.0, 0.6581 1.2224 0.0, 1.2402 0.9055 0.0, 1.378 0.9055 0.0, 1.378 0.8268 0.0, 1.221 0.2909 0.0, 1.2224 0.2867 0.0, 1.2279 0.1926 0.0, 1.2248 0.1894 0.0, 1.2224 0.1857 0.0, 1.2279 -0.1224 0.0, 1.2248 -0.1255 0.0, 1.2358 -0.0389 0.0, 1.2205 -0.4921 0.0, 1.2279 -0.5075 0.0, 1.2279 -0.5948 0.0, 1.2248 -0.5044 0.0, 1.2224 -0.7592 0.0, 1.221 -0.7633 0.0, 0.9252 1.2205 0.0, 0.9646 1.2205 0.0, 0.9689 1.221 0.0, 0.9731 1.2224 0.0, 0.906 1.2358 0.0, 0.9075 1.2316 0.0, 0.9098 1.2279 0.0, 1.221 0.9689 0.0, -0.6673 1.2316 0.0, -0.7592 1.2224 0.0, -0.598 1.2248 0.0, -0.5948 1.2279 0.0, -0.5925 1.2316 0.0, -0.35 1.2279 0.0, -0.3469 1.2248 0.0, -0.4484 1.221 0.0, -0.2867 1.2224 0.0, -0.283 1.2248 0.0, -0.2799 1.2279 0.0, -0.1224 1.2279 0.0, -0.1201 1.2316 0.0, 0.1255 1.2248 0.0, 0.032 1.2248 0.0, 0.0351 1.2279 0.0, 0.1926 1.2279 0.0, 0.1949 1.2316 0.0, 0.1964 1.2358 0.0, 0.2799 1.2279 0.0, 0.283 1.2248 0.0, 0.6619 1.2248 0.0, 0.665 1.2279 0.0, 0.6673 1.2316 0.0, 1.2358 0.906 0.0, 1.2402 0.8268 0.0, 1.378 0.748 0.0, 1.378 0.6693 0.0, 1.2402 0.748 0.0, 1.2402 0.6693 0.0, 1.2358 0.6688 0.0, 1.2205 0.2953 0.0, 1.2248 0.283 0.0, 1.2279 0.2799 0.0, 1.2358 0.1964 0.0, 1.2316 0.2775 0.0, 1.2402 0.2756 0.0, 1.378 0.2756 0.0, 1.378 0.1969 0.0, 1.2316 0.1949 0.0, 1.221 -0.0241 0.0, 1.2224 -0.0282 0.0, 1.2248 -0.032 0.0, 1.2279 -0.0351 0.0, 1.2316 -0.0374 0.0, 1.2248 -0.1894 0.0, 1.2279 -0.1926 0.0, 1.2316 -0.1949 0.0, 1.2358 -0.1964 0.0, 1.2316 -0.5099 0.0, 1.2358 -0.5113 0.0, 1.2316 -0.5925 0.0, 1.2248 -0.598 0.0, 1.2224 -0.6017 0.0, 1.221 -0.6059 0.0, 0.9208 1.221 0.0, 1.0783 1.221 0.0, 1.0741 1.2224 0.0, 1.0704 1.2248 0.0, 1.378 1.1417 0.0, 1.267 1.1417 0.0, 1.0952 1.2205 0.0, 1.0827 1.2205 0.0, 1.2402 1.063 0.0, 1.378 1.063 0.0, 1.378 0.9843 0.0, -0.748 1.2402 0.0, -0.748 1.378 0.0, -0.6693 1.378 0.0, -0.6496 1.2205 0.0, -0.6102 1.2205 0.0, -0.5099 1.2316 0.0, -0.5007 1.2224 0.0, -0.4965 1.221 0.0, -0.4921 1.2205 0.0, -0.4331 1.378 0.0, -0.3543 1.378 0.0, -0.4331 1.2402 0.0, -0.4336 1.2358 0.0, -0.2775 1.2316 0.0, -0.2761 1.2358 0.0, -0.1926 1.2279 0.0, -0.2756 1.2402 0.0, -0.2756 1.378 0.0, -0.1969 1.378 0.0, -0.1815 1.221 0.0, -0.1772 1.2205 0.0, -0.1378 1.2205 0.0, -0.1181 1.2402 0.0, -0.1181 1.378 0.0, -0.0394 1.378 0.0, 0.0197 1.2205 0.0, 0.0241 1.221 0.0, 0.0282 1.2224 0.0, 0.0374 1.2316 0.0, 0.0389 1.2358 0.0, 0.1224 1.2279 0.0, 0.2775 1.2316 0.0, 0.5118 1.2402 0.0, 0.5118 1.378 0.0, 0.5906 1.378 0.0, 0.435 1.2316 0.0, 0.339 1.221 0.0, 0.3432 1.2224 0.0, 0.8268 1.378 0.0, 0.9055 1.378 0.0, 0.8268 1.2402 0.0, 0.9055 1.2402 0.0, 0.8263 1.2358 0.0, 1.378 0.5906 0.0, 1.378 0.5118 0.0, 1.2402 0.5906 0.0, 1.2402 0.5118 0.0, 1.2358 0.5113 0.0, 1.2358 0.2761 0.0, 1.2402 0.1969 0.0, 1.2224 0.0282 0.0, 1.2248 0.032 0.0, 1.2248 0.1255 0.0, 1.2279 0.1224 0.0, 1.2316 0.1201 0.0, 1.2358 0.1186 0.0, 1.2279 0.0351 0.0, 1.2316 0.0374 0.0, 1.2316 -0.1201 0.0, 1.2248 -0.6619 0.0, 1.2279 -0.665 0.0, 1.2316 -0.6673 0.0, 0.9843 1.378 0.0, 1.063 1.378 0.0, 0.9843 1.2402 0.0, 1.063 1.2402 0.0, 1.0635 1.2358 0.0, 1.2358 1.0635 0.0, 1.2402 0.9843 0.0, -0.7485 1.2358 0.0, -0.6693 1.2402 0.0, -0.5906 1.2402 0.0, -0.5906 1.378 0.0, -0.5118 1.378 0.0, -0.4442 1.2224 0.0, -0.3538 1.2358 0.0, -0.3524 1.2316 0.0, -0.3432 1.2224 0.0, -0.339 1.221 0.0, -0.3346 1.2205 0.0, -0.1969 1.2402 0.0, -0.1964 1.2358 0.0, -0.1949 1.2316 0.0, -0.0394 1.2402 0.0, -0.0389 1.2358 0.0, -0.0374 1.2316 0.0, 0.0394 1.2402 0.0, 0.0394 1.378 0.0, 0.1181 1.378 0.0, 0.1293 1.2224 0.0, 0.1334 1.221 0.0, 0.1378 1.2205 0.0, 0.1969 1.378 0.0, 0.2756 1.378 0.0, 0.1969 1.2402 0.0, 0.2756 1.2402 0.0, 0.2761 1.2358 0.0, 0.2953 1.2205 0.0, 0.2909 1.221 0.0, 0.2867 1.2224 0.0, 0.5113 1.2358 0.0, 0.5906 1.2402 0.0, 0.6693 1.2402 0.0, 0.6693 1.378 0.0, 0.748 1.378 0.0, 0.4374 1.2279 0.0, 0.4405 1.2248 0.0, 0.4442 1.2224 0.0, 1.2316 0.3524 0.0, 1.2279 0.35 0.0, 1.2248 0.3469 0.0, 1.2205 -0.1772 0.0, 1.221 -0.1815 0.0, 1.2224 -0.1857 0.0, 1.2248 -0.283 0.0, 1.2279 -0.2799 0.0, 1.2316 -0.2775 0.0, 1.2205 -0.3346 0.0, 1.2248 -0.4405 0.0, 1.2279 -0.4374 0.0, 1.2248 -0.3469 0.0, 1.2279 -0.35 0.0, 1.2316 -0.3524 0.0, 1.2358 -0.3538 0.0, 1.2316 -0.435 0.0, 1.2224 -0.4442 0.0, 1.221 -0.4484 0.0, 1.2205 -0.4528 0.0, -0.591 1.2358 0.0, -0.5118 1.2402 0.0, -0.4528 1.2205 0.0, -0.0282 1.2224 0.0, -0.0241 1.221 0.0, -0.0197 1.2205 0.0, 0.1181 1.2402 0.0, 0.1186 1.2358 0.0, 0.1201 1.2316 0.0, 0.6688 1.2358 0.0, 0.748 1.2402 0.0, 0.5925 1.2316 0.0, 0.5948 1.2279 0.0, 0.4921 1.2205 0.0, 0.598 1.2248 0.0, 0.6017 1.2224 0.0, 0.8194 1.2248 0.0, 0.8225 1.2279 0.0, 0.8248 1.2316 0.0, 1.2205 0.3346 0.0, 1.2316 0.435 0.0, 1.378 0.4331 0.0, 1.378 0.3543 0.0, 1.2402 0.4331 0.0, 1.2402 0.3543 0.0, 1.2358 0.3538 0.0, 1.378 0.1181 0.0, 1.378 0.0394 0.0, 1.2402 0.1181 0.0, 1.2402 0.0394 0.0, 1.2358 0.0389 0.0, 1.378 -0.0394 0.0, 1.378 -0.1181 0.0, 1.2402 -0.0394 0.0, 1.2402 -0.1181 0.0, 1.2358 -0.1186 0.0, 1.378 -0.1969 0.0, 1.378 -0.2756 0.0, 1.2402 -0.1969 0.0, 1.2402 -0.2756 0.0, 1.2358 -0.2761 0.0, 1.378 -0.5118 0.0, 1.378 -0.5906 0.0, 1.2402 -0.5118 0.0, 1.2402 -0.5906 0.0, 1.2358 -0.591 0.0, 1.378 -0.6693 0.0, 1.378 -0.748 0.0, 1.2402 -0.6693 0.0, 1.2402 -0.748 0.0, 1.2358 -0.7485 0.0, 1.221 0.1815 0.0, 1.2205 0.1772 0.0, 1.2205 0.1378 0.0, 1.221 0.0241 0.0, 1.2205 0.0197 0.0, 1.2205 -0.0197 0.0, 1.378 -0.3543 0.0, 1.378 -0.4331 0.0, 1.2402 -0.3543 0.0, 1.2402 -0.4331 0.0, 1.2358 -0.4336 0.0, 0.8156 1.2224 0.0, 1.2224 -0.1293 0.0, 1.221 -0.1334 0.0, 1.2205 -0.1378 0.0, 1.2224 -0.2867 0.0, 1.221 -0.2909 0.0, 1.2205 -0.2953 0.0, 0.7592 1.2224 0.0, 0.7633 1.221 0.0, 0.7677 1.2205 0.0, 0.8071 1.2205 0.0, 0.8115 1.221 0.0, 0.4484 1.221 0.0, 0.3346 1.2205 0.0, 0.6059 1.221 0.0, 0.4528 1.2205 0.0, 0.6102 1.2205 0.0, 0.6496 1.2205 0.0, 0.75 1.2316 0.0, 0.7523 1.2279 0.0, 0.7554 1.2248 0.0, 0.7554 1.2248 0.0
            ]
        }
        coordIndex [
            0,1,2,-1,3,4,5,-1,6,7,0,-1,8,9,10,-1,11,12,13,-1,14,15,16,-1,16,15,17,-1,18,19,16,-1,16,19,20,-1,16,20,21,-1,21,22,16,-1,16,22,23,-1,16,23,14,-1,24,25,26,-1,26,25,27,-1,26,27,28,-1,28,27,29,-1,30,31,32,-1,32,31,33,-1,32,33,34,-1,34,35,32,-1,32,35,36,-1,32,36,37,-1,29,27,38,-1,38,27,32,-1,38,32,39,-1,39,32,37,-1,39,37,40,-1,40,37,41,-1,40,41,42,-1,43,44,45,-1,13,12,44,-1,44,12,46,-1,44,46,45,-1,47,48,49,-1,48,50,49,-1,49,50,51,-1,49,51,13,-1,13,51,52,-1,13,52,11,-1,53,54,55,-1,53,55,56,-1,57,58,59,-1,59,58,60,-1,59,60,55,-1,55,60,61,-1,55,61,56,-1,62,63,64,-1,64,63,65,-1,64,65,66,-1,62,67,63,-1,63,67,68,-1,63,68,59,-1,59,68,69,-1,59,69,57,-1,70,71,72,-1,72,71,73,-1,73,74,72,-1,72,74,75,-1,72,75,66,-1,76,77,78,-1,79,80,81,-1,82,83,84,-1,85,86,87,-1,87,86,88,-1,79,81,89,-1,82,84,90,-1,91,92,86,-1,86,92,93,-1,86,93,94,-1,78,77,84,-1,84,77,95,-1,84,95,90,-1,80,96,81,-1,81,96,97,-1,81,97,98,-1,99,100,101,-1,101,100,102,-1,101,102,103,-1,104,94,105,-1,105,94,106,-1,105,106,101,-1,101,106,107,-1,101,107,99,-1,104,108,94,-1,94,108,109,-1,94,109,86,-1,86,109,110,-1,86,110,88,-1,111,112,113,-1,113,112,114,-1,113,114,81,-1,81,114,115,-1,81,115,89,-1,116,117,81,-1,81,117,118,-1,81,118,86,-1,86,118,119,-1,86,119,91,-1,120,121,70,-1,70,121,122,-1,70,122,123,-1,123,124,70,-1,70,124,125,-1,70,125,126,-1,126,125,111,-1,126,111,127,-1,127,111,113,-1,83,128,84,-1,84,128,129,-1,84,129,70,-1,70,129,130,-1,70,130,120,-1,98,131,81,-1,81,131,132,-1,81,132,133,-1,133,134,81,-1,81,134,135,-1,81,135,116,-1,136,137,138,-1,138,94,136,-1,136,94,93,-1,136,93,139,-1,139,93,140,-1,140,141,139,-1,139,141,142,-1,139,142,143,-1,144,145,146,-1,144,146,147,-1,148,146,149,-1,137,136,148,-1,148,136,150,-1,148,150,146,-1,146,150,151,-1,146,151,147,-1,149,152,148,-1,148,152,153,-1,148,153,154,-1,145,155,146,-1,146,155,156,-1,146,156,157,-1,157,156,158,-1,159,160,154,-1,154,160,161,-1,154,161,148,-1,162,163,158,-1,158,163,164,-1,158,164,157,-1,15,165,17,-1,17,165,166,-1,17,166,78,-1,78,166,167,-1,78,167,76,-1,168,169,170,-1,170,169,171,-1,170,171,172,-1,173,174,175,-1,175,174,176,-1,169,177,171,-1,171,177,178,-1,171,178,179,-1,179,178,180,-1,179,180,181,-1,181,180,182,-1,181,182,176,-1,176,182,183,-1,176,183,175,-1,184,185,186,-1,186,185,187,-1,188,189,190,-1,190,189,191,-1,190,192,188,-1,188,192,193,-1,188,193,194,-1,194,193,195,-1,194,195,196,-1,184,186,197,-1,197,186,193,-1,197,193,198,-1,198,193,192,-1,198,192,199,-1,192,200,199,-1,199,200,201,-1,199,201,202,-1,191,189,203,-1,203,189,204,-1,203,204,205,-1,206,204,207,-1,207,204,208,-1,195,209,196,-1,196,209,205,-1,196,205,10,-1,10,205,204,-1,10,204,210,-1,210,204,206,-1,8,10,211,-1,212,213,210,-1,210,213,214,-1,210,214,10,-1,10,214,215,-1,10,215,211,-1,216,217,218,-1,219,220,210,-1,210,220,221,-1,210,221,222,-1,222,223,210,-1,210,223,224,-1,210,224,212,-1,225,226,227,-1,227,226,228,-1,217,229,218,-1,218,229,228,-1,218,228,230,-1,230,228,226,-1,216,218,231,-1,231,218,232,-1,231,232,210,-1,210,232,233,-1,210,233,219,-1,0,7,1,-1,1,7,234,-1,1,234,235,-1,235,234,236,-1,235,236,208,-1,237,238,0,-1,0,238,239,-1,239,240,0,-1,0,240,241,-1,0,241,6,-1,242,243,244,-1,245,246,247,-1,247,246,248,-1,242,244,248,-1,249,250,251,-1,251,250,252,-1,251,252,253,-1,249,251,254,-1,254,251,255,-1,254,255,256,-1,256,255,257,-1,257,255,258,-1,257,258,9,-1,259,260,179,-1,261,262,181,-1,181,262,263,-1,264,265,266,-1,266,265,179,-1,266,179,267,-1,267,179,260,-1,263,268,181,-1,181,268,269,-1,181,269,270,-1,270,271,181,-1,181,271,272,-1,181,272,179,-1,179,272,273,-1,179,273,259,-1,188,274,261,-1,261,274,275,-1,261,275,262,-1,264,276,265,-1,265,276,277,-1,265,277,194,-1,194,277,278,-1,194,278,188,-1,188,278,279,-1,188,279,274,-1,280,281,282,-1,283,284,285,-1,285,284,286,-1,287,288,289,-1,280,282,290,-1,291,292,293,-1,283,294,284,-1,284,294,295,-1,284,295,296,-1,296,295,289,-1,296,289,297,-1,297,289,288,-1,255,298,299,-1,292,300,293,-1,293,300,301,-1,293,301,302,-1,303,304,282,-1,282,304,305,-1,282,305,290,-1,302,306,293,-1,293,306,307,-1,293,307,255,-1,255,307,286,-1,255,286,298,-1,298,286,284,-1,308,309,310,-1,310,309,311,-1,310,311,312,-1,312,311,313,-1,314,315,289,-1,289,315,316,-1,289,316,317,-1,299,318,255,-1,255,318,319,-1,255,319,320,-1,321,322,323,-1,323,322,324,-1,323,324,325,-1,326,327,328,-1,317,329,289,-1,289,329,330,-1,289,330,287,-1,313,331,312,-1,312,331,332,-1,312,332,333,-1,333,332,328,-1,333,328,334,-1,334,328,327,-1,281,335,336,-1,336,335,337,-1,337,335,338,-1,337,338,339,-1,321,308,322,-1,322,308,310,-1,322,310,340,-1,340,310,341,-1,340,341,342,-1,342,341,343,-1,342,343,344,-1,344,343,345,-1,346,345,336,-1,336,345,343,-1,336,343,281,-1,281,343,341,-1,281,341,282,-1,347,348,5,-1,349,350,258,-1,320,326,255,-1,255,326,328,-1,255,328,258,-1,258,328,351,-1,258,351,349,-1,352,353,5,-1,5,353,354,-1,350,355,258,-1,258,355,356,-1,258,356,357,-1,357,356,358,-1,357,358,347,-1,359,360,348,-1,348,360,361,-1,348,361,5,-1,5,361,362,-1,5,362,352,-1,354,363,5,-1,5,363,364,-1,5,364,3,-1,365,366,367,-1,367,366,368,-1,367,368,369,-1,367,370,365,-1,365,370,371,-1,365,371,372,-1,372,373,365,-1,365,373,374,-1,365,374,375,-1,375,374,376,-1,375,376,377,-1,377,376,378,-1,377,378,348,-1,348,378,379,-1,348,379,359,-1,380,381,369,-1,369,381,382,-1,369,382,367,-1,383,384,325,-1,325,384,385,-1,325,385,323,-1,383,386,384,-1,384,386,387,-1,384,387,388,-1,388,387,389,-1,388,390,391,-1,389,392,388,-1,388,392,393,-1,388,393,394,-1,394,395,388,-1,388,395,396,-1,388,396,390,-1,391,397,388,-1,388,397,398,-1,388,398,399,-1,400,401,402,-1,403,404,405,-1,402,406,400,-1,400,406,407,-1,400,407,408,-1,408,407,403,-1,408,403,409,-1,409,403,405,-1,410,411,5,-1,5,411,412,-1,347,5,357,-1,357,5,412,-1,357,412,406,-1,406,412,413,-1,406,413,407,-1,414,411,415,-1,415,411,410,-1,415,410,416,-1,417,418,419,-1,420,421,410,-1,410,421,422,-1,410,422,416,-1,346,336,4,-1,4,336,417,-1,4,417,5,-1,5,417,419,-1,5,419,410,-1,410,419,423,-1,410,423,424,-1,425,426,427,-1,427,426,428,-1,427,428,417,-1,417,428,429,-1,417,429,418,-1,424,430,410,-1,410,430,431,-1,410,431,420,-1,432,433,434,-1,433,435,434,-1,434,435,436,-1,434,436,427,-1,427,436,437,-1,427,437,425,-1,438,439,440,-1,440,439,441,-1,442,443,444,-1,444,443,445,-1,444,445,446,-1,446,445,447,-1,446,447,448,-1,438,440,449,-1,449,440,445,-1,449,445,450,-1,450,445,443,-1,450,443,451,-1,443,452,451,-1,451,452,453,-1,451,453,454,-1,447,455,448,-1,448,455,456,-1,448,456,457,-1,457,456,458,-1,442,444,459,-1,459,444,460,-1,459,460,458,-1,458,460,402,-1,458,402,457,-1,457,402,401,-1,457,401,432,-1,461,2,462,-1,462,2,1,-1,462,1,463,-1,463,1,235,-1,463,235,464,-1,464,235,465,-1,464,465,466,-1,466,465,467,-1,466,467,468,-1,468,467,469,-1,468,469,470,-1,470,469,471,-1,470,471,472,-1,472,471,473,-1,472,473,474,-1,474,473,475,-1,474,475,476,-1,477,25,478,-1,478,25,479,-1,477,480,25,-1,25,480,481,-1,25,481,27,-1,27,481,482,-1,27,482,483,-1,483,484,27,-1,27,484,485,-1,27,485,486,-1,486,487,27,-1,27,487,488,-1,27,488,489,-1,489,488,490,-1,490,491,489,-1,489,491,492,-1,489,492,493,-1,493,494,489,-1,489,494,495,-1,489,495,461,-1,495,496,461,-1,461,496,497,-1,461,497,498,-1,498,499,461,-1,461,499,500,-1,461,500,501,-1,208,204,235,-1,235,204,189,-1,235,189,465,-1,465,189,188,-1,465,188,467,-1,467,188,261,-1,467,261,469,-1,469,261,181,-1,469,181,471,-1,471,181,176,-1,471,176,473,-1,473,176,174,-1,473,174,475,-1,501,479,461,-1,461,479,25,-1,461,25,2,-1,2,25,244,-1,2,244,0,-1,0,244,243,-1,0,243,237,-1,489,502,27,-1,27,502,503,-1,27,503,32,-1,32,503,43,-1,32,43,30,-1,30,43,45,-1,248,244,247,-1,247,244,504,-1,247,504,505,-1,17,506,16,-1,16,506,507,-1,16,507,508,-1,509,504,508,-1,508,504,244,-1,508,244,16,-1,16,244,25,-1,16,25,18,-1,18,25,24,-1,9,258,10,-1,10,258,357,-1,10,357,196,-1,196,357,406,-1,196,406,194,-1,194,406,402,-1,194,402,265,-1,265,402,460,-1,265,460,179,-1,179,460,444,-1,179,444,171,-1,505,506,247,-1,247,506,17,-1,247,17,510,-1,510,17,78,-1,511,512,446,-1,513,514,515,-1,515,511,513,-1,513,511,446,-1,513,446,516,-1,516,446,517,-1,516,517,518,-1,518,517,519,-1,520,512,521,-1,521,512,522,-1,521,522,523,-1,523,522,524,-1,520,525,512,-1,512,525,526,-1,512,526,527,-1,528,444,529,-1,529,444,446,-1,529,446,530,-1,530,446,512,-1,530,512,531,-1,531,512,527,-1,175,172,173,-1,173,172,171,-1,173,171,519,-1,519,171,444,-1,519,444,518,-1,518,444,522,-1,532,533,522,-1,522,533,534,-1,522,534,524,-1,528,535,444,-1,444,535,536,-1,444,536,522,-1,522,536,537,-1,522,537,532,-1,253,245,251,-1,251,245,247,-1,251,247,255,-1,255,247,510,-1,255,510,293,-1,293,510,538,-1,84,538,539,-1,539,538,540,-1,540,538,541,-1,541,538,510,-1,541,510,542,-1,84,539,78,-1,78,539,543,-1,78,543,510,-1,510,543,544,-1,510,544,542,-1,545,546,547,-1,547,546,541,-1,547,541,548,-1,548,541,542,-1,548,542,549,-1,549,542,550,-1,432,434,457,-1,457,434,551,-1,457,551,448,-1,448,551,552,-1,448,552,446,-1,446,552,553,-1,446,553,517,-1,70,72,84,-1,84,72,554,-1,84,554,538,-1,538,554,337,-1,538,337,293,-1,293,337,339,-1,293,339,291,-1,66,65,72,-1,72,65,555,-1,72,555,554,-1,554,555,556,-1,554,556,337,-1,337,556,557,-1,337,557,336,-1,336,557,558,-1,336,558,417,-1,417,558,559,-1,417,559,427,-1,427,559,560,-1,427,560,434,-1,434,560,561,-1,434,561,551,-1,551,561,562,-1,551,562,552,-1,552,562,563,-1,552,563,553,-1,54,47,55,-1,55,47,49,-1,55,49,59,-1,59,49,564,-1,59,564,63,-1,63,564,565,-1,566,567,568,-1,569,570,571,-1,572,573,574,-1,575,576,577,-1,578,579,572,-1,577,576,580,-1,581,582,583,-1,583,582,584,-1,578,572,585,-1,569,571,586,-1,587,588,571,-1,589,590,571,-1,591,592,593,-1,593,592,582,-1,593,582,594,-1,594,582,581,-1,595,571,582,-1,582,571,596,-1,582,596,584,-1,597,598,599,-1,600,601,602,-1,603,604,605,-1,606,607,608,-1,609,610,611,-1,611,610,612,-1,611,612,613,-1,614,615,616,-1,617,618,619,-1,620,621,622,-1,598,623,572,-1,572,623,624,-1,572,624,625,-1,626,627,628,-1,629,630,631,-1,603,605,632,-1,586,571,633,-1,633,571,572,-1,633,572,601,-1,575,577,612,-1,612,577,634,-1,612,634,613,-1,635,636,637,-1,637,636,638,-1,637,638,639,-1,640,641,571,-1,571,641,642,-1,571,642,589,-1,571,615,643,-1,644,645,571,-1,571,645,646,-1,571,646,596,-1,647,648,649,-1,650,651,652,-1,653,654,655,-1,622,656,620,-1,620,656,653,-1,620,653,657,-1,579,658,572,-1,572,658,659,-1,572,659,598,-1,598,659,660,-1,598,660,599,-1,661,662,663,-1,663,662,664,-1,665,666,667,-1,661,668,662,-1,662,668,628,-1,662,628,669,-1,669,628,627,-1,631,630,670,-1,671,672,673,-1,673,672,674,-1,673,674,675,-1,675,674,605,-1,675,605,676,-1,676,605,604,-1,677,678,570,-1,570,678,679,-1,643,680,571,-1,571,680,681,-1,571,681,644,-1,682,619,683,-1,683,619,571,-1,683,571,684,-1,684,571,595,-1,652,685,650,-1,650,685,686,-1,650,686,687,-1,687,686,688,-1,687,688,606,-1,606,688,689,-1,606,689,607,-1,690,691,692,-1,692,691,693,-1,692,693,694,-1,694,693,695,-1,694,695,655,-1,655,695,696,-1,697,698,699,-1,625,700,572,-1,572,700,701,-1,572,701,702,-1,667,703,665,-1,665,703,704,-1,665,704,628,-1,628,704,705,-1,628,705,626,-1,706,707,708,-1,708,707,709,-1,708,709,605,-1,605,709,710,-1,605,710,632,-1,570,711,677,-1,677,711,712,-1,677,712,713,-1,713,712,714,-1,679,715,570,-1,570,715,716,-1,570,716,571,-1,571,716,717,-1,571,717,587,-1,718,719,638,-1,638,719,720,-1,638,720,639,-1,721,722,723,-1,590,724,571,-1,571,724,725,-1,571,725,615,-1,615,725,726,-1,615,726,616,-1,727,728,647,-1,729,730,731,-1,696,732,655,-1,655,732,733,-1,655,733,653,-1,653,733,734,-1,653,734,657,-1,699,735,697,-1,697,735,736,-1,697,736,737,-1,737,736,738,-1,737,738,620,-1,620,738,739,-1,620,739,621,-1,600,602,630,-1,630,602,740,-1,630,740,670,-1,741,742,743,-1,743,742,744,-1,741,745,742,-1,742,745,746,-1,742,746,747,-1,748,749,571,-1,571,749,750,-1,751,752,753,-1,654,754,655,-1,655,754,727,-1,655,727,755,-1,755,727,647,-1,755,647,756,-1,756,647,649,-1,731,757,729,-1,729,757,758,-1,729,758,759,-1,759,758,760,-1,759,760,647,-1,647,760,761,-1,647,761,648,-1,762,572,662,-1,662,572,702,-1,662,702,664,-1,763,764,765,-1,766,767,768,-1,768,767,769,-1,768,769,611,-1,611,769,770,-1,611,770,609,-1,718,638,771,-1,771,638,772,-1,771,772,773,-1,722,774,723,-1,723,774,640,-1,723,640,775,-1,775,640,571,-1,775,571,776,-1,776,571,750,-1,753,777,751,-1,751,777,778,-1,751,778,723,-1,723,778,779,-1,723,779,721,-1,780,781,782,-1,782,781,783,-1,782,783,727,-1,727,783,784,-1,727,784,728,-1,673,785,572,-1,572,785,786,-1,572,786,601,-1,601,786,787,-1,601,787,602,-1,765,788,763,-1,763,788,789,-1,763,789,631,-1,631,789,790,-1,631,790,629,-1,791,792,793,-1,682,794,619,-1,619,794,795,-1,619,795,796,-1,797,798,799,-1,799,798,800,-1,799,800,599,-1,599,800,801,-1,599,801,597,-1,762,802,572,-1,572,802,803,-1,572,803,673,-1,673,803,804,-1,673,804,671,-1,805,806,807,-1,807,806,808,-1,807,808,809,-1,809,808,714,-1,809,714,810,-1,810,714,712,-1,773,811,771,-1,771,811,791,-1,771,791,812,-1,812,791,793,-1,813,814,815,-1,815,814,816,-1,815,816,817,-1,817,816,744,-1,817,744,818,-1,818,744,742,-1,576,819,571,-1,571,819,820,-1,571,820,748,-1,635,637,821,-1,821,637,571,-1,821,571,822,-1,822,571,588,-1,822,588,747,-1,747,588,823,-1,747,823,742,-1,824,825,826,-1,826,825,827,-1,826,827,616,-1,616,827,828,-1,616,828,614,-1,608,829,606,-1,606,829,617,-1,606,617,830,-1,830,617,619,-1,830,619,782,-1,782,619,796,-1,782,796,780,-1,637,831,571,-1,571,831,832,-1,571,832,576,-1,576,832,833,-1,576,833,580,-1,585,572,834,-1,834,572,574,-1,834,574,835,-1,836,837,838,-1,839,840,841,-1,841,840,842,-1,841,842,843,-1,843,842,844,-1,845,846,847,-1,848,849,850,-1,851,574,852,-1,852,574,853,-1,838,854,836,-1,836,854,835,-1,836,835,855,-1,855,835,574,-1,855,574,842,-1,842,574,851,-1,842,851,844,-1,856,857,858,-1,859,860,861,-1,847,862,845,-1,845,862,863,-1,845,863,864,-1,864,863,865,-1,864,865,836,-1,836,865,866,-1,836,866,837,-1,850,867,848,-1,848,867,868,-1,848,868,869,-1,870,839,871,-1,871,839,872,-1,871,872,873,-1,873,872,856,-1,873,856,874,-1,874,856,858,-1,875,876,840,-1,840,876,877,-1,840,877,859,-1,568,878,566,-1,566,878,879,-1,566,879,880,-1,880,879,881,-1,880,881,882,-1,868,883,880,-1,884,885,886,-1,883,887,880,-1,880,887,840,-1,880,840,888,-1,888,840,859,-1,888,859,889,-1,889,859,861,-1,890,891,892,-1,886,893,884,-1,884,893,894,-1,884,894,895,-1,895,894,896,-1,895,896,848,-1,848,896,897,-1,848,897,849,-1,892,898,890,-1,890,898,899,-1,890,899,900,-1,900,899,901,-1,900,901,859,-1,859,901,902,-1,859,902,860,-1,882,903,880,-1,880,903,904,-1,880,904,868,-1,868,904,905,-1,868,905,869,-1,870,906,839,-1,839,906,907,-1,839,907,840,-1,840,907,908,-1,840,908,909,-1,909,910,840,-1,840,910,911,-1,840,911,875,-1,912,913,914,-1,914,913,915,-1,912,916,913,-1,913,916,917,-1,913,917,918,-1,918,919,913,-1,913,919,920,-1,913,920,921,-1,922,923,924,-1,925,926,927,-1,928,929,930,-1,930,929,931,-1,932,933,915,-1,934,935,936,-1,937,938,913,-1,939,940,913,-1,923,941,942,-1,943,944,945,-1,946,947,948,-1,949,950,951,-1,927,952,953,-1,932,915,954,-1,933,955,915,-1,915,955,956,-1,915,956,957,-1,921,958,959,-1,936,960,934,-1,934,960,961,-1,934,961,962,-1,938,963,913,-1,913,963,964,-1,913,964,965,-1,966,967,968,-1,969,970,971,-1,971,970,972,-1,973,924,974,-1,974,924,975,-1,976,977,924,-1,924,977,978,-1,924,978,979,-1,980,981,982,-1,982,981,983,-1,983,984,982,-1,982,984,946,-1,982,946,985,-1,985,946,948,-1,951,986,949,-1,949,986,987,-1,949,987,988,-1,989,990,991,-1,992,993,994,-1,921,959,913,-1,913,959,995,-1,913,995,996,-1,968,997,966,-1,966,997,998,-1,966,998,999,-1,1000,1001,1002,-1,923,1003,941,-1,941,1003,1004,-1,941,1004,1005,-1,973,1006,924,-1,924,1006,1007,-1,924,1007,945,-1,1008,1009,1010,-1,979,1011,924,-1,924,1011,1012,-1,924,1012,1013,-1,1014,1015,1016,-1,1017,1018,1013,-1,991,1019,989,-1,989,1019,1020,-1,989,1020,1021,-1,924,1022,1023,-1,1024,1025,1026,-1,1026,1025,1027,-1,1026,1027,930,-1,930,1027,1028,-1,930,1028,928,-1,953,1029,927,-1,927,1029,1030,-1,927,1030,913,-1,913,1030,1031,-1,913,1031,915,-1,915,1031,1032,-1,915,1032,954,-1,994,1033,992,-1,992,1033,1034,-1,992,1034,1035,-1,1035,1034,1036,-1,1035,1036,921,-1,921,1036,1037,-1,921,1037,958,-1,934,937,935,-1,935,937,913,-1,935,913,1038,-1,1038,913,996,-1,1039,1040,1041,-1,965,1042,913,-1,913,1042,1043,-1,913,1043,967,-1,967,966,913,-1,913,966,1044,-1,913,1044,939,-1,940,1045,913,-1,913,1045,1046,-1,913,1046,1047,-1,1048,1049,1050,-1,1050,1049,970,-1,1050,970,1051,-1,1051,970,969,-1,1005,1052,941,-1,941,1052,1053,-1,941,1053,1054,-1,1055,1056,1057,-1,942,1058,923,-1,923,1058,1059,-1,923,1059,924,-1,924,1059,1060,-1,924,1060,975,-1,1061,1062,1063,-1,1064,1065,924,-1,924,1065,1066,-1,924,1066,1009,-1,1010,1067,1008,-1,1008,1067,1068,-1,1008,1068,1069,-1,1070,1071,1072,-1,1073,1074,982,-1,982,1074,1075,-1,982,1075,980,-1,1023,1076,924,-1,924,1076,853,-1,924,853,1077,-1,1077,853,574,-1,1077,574,927,-1,1078,1079,1080,-1,1078,1081,1079,-1,1079,1081,952,-1,1079,952,1082,-1,1082,952,927,-1,1082,927,1083,-1,1084,1085,1086,-1,1086,1085,1087,-1,1086,1087,1088,-1,1088,1087,1089,-1,1088,1089,1032,-1,1032,1089,1090,-1,1032,1090,954,-1,1091,1092,1093,-1,962,1094,934,-1,934,1094,1039,-1,934,1039,1095,-1,1095,1039,1041,-1,1096,1097,1098,-1,972,970,1099,-1,1099,970,1100,-1,1099,1100,1002,-1,1002,1100,1101,-1,1002,1101,1000,-1,1001,1102,1002,-1,1002,1102,1103,-1,1002,1103,1104,-1,1057,1105,1055,-1,1055,1105,1106,-1,1055,1106,1053,-1,1053,1106,1107,-1,1053,1107,1054,-1,1063,1108,1061,-1,1061,1108,1109,-1,1061,1109,945,-1,945,1109,1110,-1,945,1110,943,-1,1111,1112,1113,-1,1008,1114,1009,-1,1009,1114,1115,-1,1009,1115,924,-1,924,1115,1116,-1,924,1116,976,-1,1016,1117,1014,-1,1014,1117,1118,-1,1014,1118,1013,-1,1013,1118,1119,-1,1013,1119,1017,-1,1120,924,1121,-1,1121,924,1013,-1,1121,1013,1122,-1,1122,1013,1018,-1,988,1123,949,-1,949,1123,1070,-1,949,1070,1124,-1,1124,1070,1072,-1,1125,1126,1127,-1,1073,1128,1074,-1,1074,1128,1129,-1,1074,1129,1130,-1,1131,1132,927,-1,927,1132,1133,-1,927,1133,1083,-1,1093,1134,1091,-1,1091,1134,1135,-1,1091,1135,1136,-1,1136,1135,1137,-1,1136,1137,956,-1,956,1137,1138,-1,956,1138,957,-1,999,1139,966,-1,966,1139,1096,-1,966,1096,1140,-1,1140,1096,1098,-1,1047,1141,913,-1,913,1141,1002,-1,913,1002,924,-1,924,1002,1104,-1,924,1104,922,-1,944,1142,945,-1,945,1142,1143,-1,945,1143,924,-1,924,1143,1144,-1,924,1144,1064,-1,1113,1145,1111,-1,1111,1145,1146,-1,1111,1146,1068,-1,1068,1146,1147,-1,1068,1147,1069,-1,1021,1148,989,-1,989,1148,1125,-1,989,1125,1149,-1,1149,1125,1127,-1,949,1150,950,-1,950,1150,1151,-1,950,1151,1152,-1,1152,1151,1153,-1,1152,1153,1154,-1,931,1155,930,-1,930,1155,1156,-1,930,1156,1157,-1,1157,1156,1131,-1,1157,1131,1158,-1,1158,1131,927,-1,1158,927,1159,-1,1159,927,926,-1,1160,1161,1162,-1,1080,1163,1078,-1,1078,1163,1160,-1,1078,1160,1164,-1,1164,1160,1162,-1,1130,1165,1074,-1,1074,1165,924,-1,1074,924,1166,-1,1166,924,1120,-1,1154,1167,1152,-1,1152,1167,924,-1,1152,924,1168,-1,1168,924,1165,-1,1167,1169,924,-1,924,1169,1170,-1,924,1170,990,-1,989,1171,990,-1,990,1171,1172,-1,990,1172,924,-1,924,1172,1173,-1,924,1173,1022,-1,1174,1175,1176,-1,1176,1175,1177,-1,1178,1179,1180,-1,1181,1182,1183,-1,1184,1185,574,-1,574,1185,1186,-1,1178,1180,1187,-1,1188,1189,1190,-1,1191,1192,1193,-1,1194,1195,1176,-1,1196,1197,1198,-1,1199,1200,1201,-1,1201,1200,1202,-1,1201,1202,1203,-1,1180,1189,1204,-1,1205,1206,1176,-1,1207,1208,1176,-1,1196,1198,1209,-1,1210,618,1211,-1,1211,618,1212,-1,1211,1212,1213,-1,573,619,574,-1,574,619,618,-1,574,618,1184,-1,1184,618,1210,-1,1184,1210,1214,-1,1214,1210,1215,-1,1216,1217,1218,-1,1203,1219,1201,-1,1201,1219,1217,-1,1201,1217,1220,-1,1220,1217,1216,-1,1204,1221,1180,-1,1180,1221,1222,-1,1180,1222,1223,-1,1224,1225,1226,-1,1205,1176,1227,-1,1228,1229,1230,-1,1231,1232,1233,-1,1180,1234,1200,-1,1224,1226,1193,-1,1193,1226,1235,-1,1193,1235,1191,-1,1236,1237,1176,-1,1238,1239,1240,-1,1241,1242,1243,-1,1243,1242,1244,-1,1245,1246,1247,-1,1245,1248,1246,-1,1246,1248,1249,-1,1246,1249,1250,-1,1251,1252,1211,-1,1232,1253,1254,-1,1255,1256,1257,-1,1258,1259,1260,-1,1261,1262,1263,-1,1210,1264,1215,-1,1215,1264,1265,-1,1215,1265,1186,-1,1186,1265,1177,-1,1186,1177,574,-1,574,1177,1175,-1,574,1175,927,-1,927,1175,1266,-1,927,1266,925,-1,1199,1267,1200,-1,1200,1267,1268,-1,1200,1268,1180,-1,1180,1268,1269,-1,1180,1269,1187,-1,1179,1270,1180,-1,1180,1270,1271,-1,1180,1271,1189,-1,1189,1271,1272,-1,1189,1272,1190,-1,1225,1273,1226,-1,1226,1273,1274,-1,1226,1274,1275,-1,1223,1276,1180,-1,1180,1276,1277,-1,1180,1277,1176,-1,1176,1277,1193,-1,1176,1193,1227,-1,1227,1193,1192,-1,1206,1278,1176,-1,1176,1278,1279,-1,1176,1279,1280,-1,1281,1282,1176,-1,1176,1282,1283,-1,1176,1283,1284,-1,1176,1239,1285,-1,1286,1287,1241,-1,1241,1287,1288,-1,1197,1250,1198,-1,1198,1250,1249,-1,1198,1249,1289,-1,1289,1249,1290,-1,1289,1290,1291,-1,1292,1293,1294,-1,1294,1293,1295,-1,1296,1297,1211,-1,1211,1297,1298,-1,1211,1298,1299,-1,1300,1301,1302,-1,1303,1304,1305,-1,1305,1304,1306,-1,1307,1233,1308,-1,1308,1233,1309,-1,1310,1311,1233,-1,1233,1311,1312,-1,1233,1312,1313,-1,1314,1315,1316,-1,1316,1315,1317,-1,1317,1318,1316,-1,1316,1318,1258,-1,1316,1258,1319,-1,1319,1258,1260,-1,1263,1320,1261,-1,1261,1320,1321,-1,1261,1321,1322,-1,1323,1324,1325,-1,1326,1327,1328,-1,1329,1330,1176,-1,1331,1332,1330,-1,1330,1332,1333,-1,1334,1335,1336,-1,1194,1176,1337,-1,1338,1339,1340,-1,1340,1339,1195,-1,1285,1341,1176,-1,1176,1341,1342,-1,1176,1342,1174,-1,1343,1344,1242,-1,1344,1345,1242,-1,1242,1345,1346,-1,1242,1346,1244,-1,1347,1348,1233,-1,1233,1348,1349,-1,1233,1349,1264,-1,1264,1349,1289,-1,1264,1289,1265,-1,1265,1289,1291,-1,1265,1291,1180,-1,1180,1291,1350,-1,1180,1350,1234,-1,1296,1211,1351,-1,1351,1211,1213,-1,1351,1213,1293,-1,1293,1213,1352,-1,1293,1352,1295,-1,1302,1353,1300,-1,1300,1353,1354,-1,1300,1354,1355,-1,1356,1357,1358,-1,1232,1359,1253,-1,1253,1359,1360,-1,1253,1360,1361,-1,1307,1362,1233,-1,1233,1362,1363,-1,1233,1363,1257,-1,1364,1365,1366,-1,1313,1367,1233,-1,1233,1367,1368,-1,1233,1368,1369,-1,1370,1371,1369,-1,1325,1372,1323,-1,1323,1372,1373,-1,1323,1373,1374,-1,1218,1375,1216,-1,1216,1375,1326,-1,1216,1326,1376,-1,1376,1326,1328,-1,1377,1378,1379,-1,1379,1378,1380,-1,1379,1380,1190,-1,1190,1380,1381,-1,1190,1381,1188,-1,1329,1176,1382,-1,1383,1384,1385,-1,1385,1384,1386,-1,1387,1388,1389,-1,1383,1385,1330,-1,1330,1385,1390,-1,1330,1390,1331,-1,1391,1392,1176,-1,1176,1392,1393,-1,1393,1394,1176,-1,1176,1394,1395,-1,1176,1395,1336,-1,1396,1397,1176,-1,1176,1397,1398,-1,1176,1398,1399,-1,1338,1400,1339,-1,1339,1400,1401,-1,1339,1401,1402,-1,1339,1403,1195,-1,1195,1403,1404,-1,1195,1404,1176,-1,1176,1404,1405,-1,1176,1405,1281,-1,1209,1198,1242,-1,1242,1198,1406,-1,1242,1406,1343,-1,1407,1242,1408,-1,1408,1242,1241,-1,1408,1241,1409,-1,1409,1241,1288,-1,1183,1410,1181,-1,1181,1410,1411,-1,1181,1411,1412,-1,1412,1411,1242,-1,1412,1242,1413,-1,1413,1242,1407,-1,1414,1415,1416,-1,1417,1418,1419,-1,1299,1420,1211,-1,1211,1420,1421,-1,1211,1421,1301,-1,1301,1300,1211,-1,1211,1300,1422,-1,1211,1422,1251,-1,1252,1423,1211,-1,1211,1423,1424,-1,1211,1424,1425,-1,1426,1427,1428,-1,1428,1427,1304,-1,1428,1304,1429,-1,1429,1304,1303,-1,1361,1430,1253,-1,1253,1430,1431,-1,1253,1431,1432,-1,1433,1434,1435,-1,1254,1436,1232,-1,1232,1436,1437,-1,1232,1437,1233,-1,1233,1437,1438,-1,1233,1438,1309,-1,1439,1440,1441,-1,1442,1443,1233,-1,1233,1443,1444,-1,1233,1444,1365,-1,1366,1445,1364,-1,1364,1445,1446,-1,1364,1446,1447,-1,1370,1369,1448,-1,1449,1450,1451,-1,1452,1453,1316,-1,1316,1453,1454,-1,1316,1454,1314,-1,1455,1456,1457,-1,1457,1456,1458,-1,1457,1458,1459,-1,1460,1461,1462,-1,1462,1461,1463,-1,1462,1463,1274,-1,1274,1463,1464,-1,1274,1464,1275,-1,1386,1465,1385,-1,1385,1465,1387,-1,1385,1387,1466,-1,1466,1387,1389,-1,1467,1208,1468,-1,1468,1208,1469,-1,1468,1469,1470,-1,1470,1471,1468,-1,1468,1471,1472,-1,1468,1472,1473,-1,1473,1472,1474,-1,1334,1336,1475,-1,1284,1476,1176,-1,1176,1476,1477,-1,1176,1477,1239,-1,1239,1477,1478,-1,1239,1478,1240,-1,1479,1480,1481,-1,1481,1480,1482,-1,1481,1482,1286,-1,1286,1482,1483,-1,1286,1483,1287,-1,1247,1484,1245,-1,1245,1484,1414,-1,1245,1414,1485,-1,1485,1414,1416,-1,1292,1486,1293,-1,1293,1486,1417,-1,1293,1417,1487,-1,1487,1417,1419,-1,1488,1489,1490,-1,1306,1304,1491,-1,1491,1304,1492,-1,1491,1492,1358,-1,1358,1492,1493,-1,1358,1493,1356,-1,1357,1494,1358,-1,1358,1494,1495,-1,1358,1495,1496,-1,1435,1497,1433,-1,1433,1497,1498,-1,1433,1498,1431,-1,1431,1498,1499,-1,1431,1499,1432,-1,1441,1500,1439,-1,1439,1500,1501,-1,1439,1501,1257,-1,1257,1501,1502,-1,1257,1502,1255,-1,1503,1504,1505,-1,1364,1506,1365,-1,1365,1506,1507,-1,1365,1507,1233,-1,1233,1507,1508,-1,1233,1508,1310,-1,1509,1510,1511,-1,1511,1510,1512,-1,1511,1512,1369,-1,1369,1512,1513,-1,1369,1513,1448,-1,1514,1233,1515,-1,1515,1233,1369,-1,1515,1369,1516,-1,1516,1369,1371,-1,1322,1517,1261,-1,1261,1517,1449,-1,1261,1449,1518,-1,1518,1449,1451,-1,1519,1520,1521,-1,1452,1522,1453,-1,1453,1522,1523,-1,1453,1523,1524,-1,1525,1526,1230,-1,1230,1526,1527,-1,1230,1527,1228,-1,1528,1529,1176,-1,1176,1529,1530,-1,1176,1530,1396,-1,1531,1399,1532,-1,1532,1399,1533,-1,1236,1176,1534,-1,1535,1237,1536,-1,1536,1237,1537,-1,1536,1537,1538,-1,1538,1539,1536,-1,1536,1539,1540,-1,1536,1540,1541,-1,1535,1542,1237,-1,1237,1542,1543,-1,1237,1543,1176,-1,1176,1543,1544,-1,1176,1544,1337,-1,1355,1545,1300,-1,1300,1545,1488,-1,1300,1488,1546,-1,1546,1488,1490,-1,1425,1547,1211,-1,1211,1547,1358,-1,1211,1358,1233,-1,1233,1358,1496,-1,1233,1496,1231,-1,1256,1548,1257,-1,1257,1548,1549,-1,1257,1549,1233,-1,1233,1549,1550,-1,1233,1550,1442,-1,1505,1551,1503,-1,1503,1551,1552,-1,1503,1552,1446,-1,1446,1552,1553,-1,1446,1553,1447,-1,1374,1554,1323,-1,1323,1554,1519,-1,1323,1519,1555,-1,1555,1519,1521,-1,1261,1556,1262,-1,1262,1556,1557,-1,1262,1557,1558,-1,1558,1557,1559,-1,1558,1559,1560,-1,1561,1562,1458,-1,1458,1562,1563,-1,1458,1563,1459,-1,1382,1176,1564,-1,1564,1176,1280,-1,1564,1280,1229,-1,1229,1280,1565,-1,1229,1565,1230,-1,1566,1567,1568,-1,1568,1567,1569,-1,1568,1569,1230,-1,1230,1569,1570,-1,1230,1570,1525,-1,1571,1572,1573,-1,1573,1572,1574,-1,1573,1574,1472,-1,1472,1574,1575,-1,1472,1575,1474,-1,1576,1577,1578,-1,1578,1577,1579,-1,1578,1579,1336,-1,1336,1579,1580,-1,1336,1580,1475,-1,1581,1582,1583,-1,1583,1582,1584,-1,1583,1584,1399,-1,1399,1584,1585,-1,1399,1585,1533,-1,1586,1587,1588,-1,1588,1587,1589,-1,1588,1589,1401,-1,1401,1589,1590,-1,1401,1590,1402,-1,1591,1592,1593,-1,1593,1592,1594,-1,1593,1594,1240,-1,1240,1594,1595,-1,1240,1595,1238,-1,1333,1596,1330,-1,1330,1596,1597,-1,1330,1597,1176,-1,1176,1597,1598,-1,1176,1598,1207,-1,1467,1599,1208,-1,1208,1599,1600,-1,1208,1600,1176,-1,1176,1600,1601,-1,1176,1601,1391,-1,1602,1603,1604,-1,1604,1603,1605,-1,1604,1605,1540,-1,1540,1605,1606,-1,1540,1606,1541,-1,1347,1233,1458,-1,1458,1233,1607,-1,1458,1607,1561,-1,1335,1608,1336,-1,1336,1608,1609,-1,1336,1609,1176,-1,1176,1609,1610,-1,1176,1610,1528,-1,1531,1611,1399,-1,1399,1611,1612,-1,1399,1612,1176,-1,1176,1612,1613,-1,1176,1613,1534,-1,1614,1615,1233,-1,1233,1615,1616,-1,1616,1617,1233,-1,1233,1617,1618,-1,1233,1618,1607,-1,1524,1619,1453,-1,1453,1619,1233,-1,1453,1233,1620,-1,1620,1233,1514,-1,1560,1621,1558,-1,1558,1621,1233,-1,1558,1233,1622,-1,1622,1233,1619,-1,1621,1623,1233,-1,1233,1623,1624,-1,1233,1624,1324,-1,1323,1625,1324,-1,1324,1625,1626,-1,1324,1626,1233,-1,1233,1626,1627,-1,1233,1627,1614,-1,
        ]
    }
}
Shape{
    appearance Appearance {
        material  Material 	{
            diffuseColor 0.7529411764705882 0.7529411764705882 0.7529411764705882
            specularColor 0.3764705882352941 0.3764705882352941 0.3764705882352941
            ambientIntensity 0.2
            transparency 0
            shininess 0.5
        }
    }
    geometry IndexedFaceSet {
        ccw TRUE
        solid FALSE
        coord DEF co Coordinate {
            point [
                -1.1417 1.378 0.072, -1.1417 1.3819 0.072, -1.1417 1.378 0.0, -1.1417 1.3819 -0.0039, -1.1417 1.267 0.0, -1.1417 1.267 -0.0039, -1.0952 1.2205 -0.0039, -1.0827 1.2205 -0.0039, -1.0952 1.2205 0.0, -1.0827 1.2205 0.0, -1.063 1.3819 -0.0039, -1.063 1.2402 -0.0039, -1.0635 1.2358 -0.0039, -1.0783 1.221 -0.0039, -1.0649 1.2316 -0.0039, -1.0673 1.2279 -0.0039, -1.0741 1.2224 -0.0039, -1.0704 1.2248 -0.0039, -1.378 -1.1417 0.072, -1.3819 -1.1417 0.072, -1.378 -1.1417 0.0, -1.3819 -1.1417 -0.0039, -1.267 -1.1417 0.0, -1.267 -1.1417 -0.0039, -1.2205 -1.0952 -0.0039, -1.2205 -1.0827 -0.0039, -1.2205 -1.0952 0.0, -1.2205 -1.0827 0.0, -1.3819 -1.063 -0.0039, -1.221 -1.0783 -0.0039, -1.2358 -1.0635 -0.0039, -1.2402 -1.063 -0.0039, -1.2316 -1.0649 -0.0039, -1.2279 -1.0673 -0.0039, -1.2224 -1.0741 -0.0039, -1.2248 -1.0704 -0.0039, 1.1417 -1.378 0.072, 1.1417 -1.3819 0.072, 1.1417 -1.378 0.0, 1.1417 -1.3819 -0.0039, 1.1417 -1.267 0.0, 1.1417 -1.267 -0.0039, 1.0952 -1.2205 -0.0039, 1.0827 -1.2205 -0.0039, 1.0952 -1.2205 0.0, 1.0827 -1.2205 0.0, 1.063 -1.3819 -0.0039, 1.063 -1.2402 -0.0039, 1.0635 -1.2358 -0.0039, 1.0783 -1.221 -0.0039, 1.0649 -1.2316 -0.0039, 1.0673 -1.2279 -0.0039, 1.0741 -1.2224 -0.0039, 1.0704 -1.2248 -0.0039, -1.2205 1.0952 0.0, -1.2205 1.0827 0.0, -1.2205 1.0952 -0.0039, -1.2205 1.0827 -0.0039, -1.267 1.1417 0.0, -1.267 1.1417 -0.0039, -1.378 1.1417 0.0, -1.3819 1.1417 -0.0039, -1.378 1.1417 0.072, -1.3819 1.1417 0.072, -1.3819 1.063 -0.0039, -1.2402 1.063 -0.0039, -1.221 1.0783 -0.0039, -1.2358 1.0635 -0.0039, -1.2224 1.0741 -0.0039, -1.2248 1.0704 -0.0039, -1.2279 1.0673 -0.0039, -1.2316 1.0649 -0.0039, -1.0952 -1.2205 0.0, -1.0827 -1.2205 0.0, -1.0952 -1.2205 -0.0039, -1.0827 -1.2205 -0.0039, -1.1417 -1.267 0.0, -1.1417 -1.267 -0.0039, -1.1417 -1.378 0.0, -1.1417 -1.3819 -0.0039, -1.1417 -1.378 0.072, -1.1417 -1.3819 0.072, -1.063 -1.3819 -0.0039, -1.063 -1.2402 -0.0039, -1.0783 -1.221 -0.0039, -1.0635 -1.2358 -0.0039, -1.0741 -1.2224 -0.0039, -1.0704 -1.2248 -0.0039, -1.0673 -1.2279 -0.0039, -1.0649 -1.2316 -0.0039, 1.2205 -1.0952 0.0, 1.2205 -1.0827 0.0, 1.2205 -1.0952 -0.0039, 1.2205 -1.0827 -0.0039, 1.267 -1.1417 0.0, 1.267 -1.1417 -0.0039, 1.378 -1.1417 0.0, 1.3819 -1.1417 -0.0039, 1.378 -1.1417 0.072, 1.3819 -1.1417 0.072, 1.2402 -1.063 -0.0039, 1.3819 -1.063 -0.0039, 1.221 -1.0783 -0.0039, 1.2224 -1.0741 -0.0039, 1.2248 -1.0704 -0.0039, 1.2279 -1.0673 -0.0039, 1.2316 -1.0649 -0.0039, 1.2358 -1.0635 -0.0039, 1.0952 1.2205 0.0, 1.0827 1.2205 0.0, 1.0952 1.2205 -0.0039, 1.0827 1.2205 -0.0039, 1.1417 1.267 0.0, 1.1417 1.267 -0.0039, 1.1417 1.378 0.0, 1.1417 1.3819 -0.0039, 1.1417 1.378 0.072, 1.1417 1.3819 0.072, 1.063 1.3819 -0.0039, 1.063 1.2402 -0.0039, 1.0783 1.221 -0.0039, 1.0635 1.2358 -0.0039, 1.0741 1.2224 -0.0039, 1.0704 1.2248 -0.0039, 1.0673 1.2279 -0.0039, 1.0649 1.2316 -0.0039, 1.378 1.1417 0.072, 1.3819 1.1417 0.072, 1.378 1.1417 0.0, 1.3819 1.1417 -0.0039, 1.267 1.1417 0.0, 1.267 1.1417 -0.0039, 1.2205 1.0952 -0.0039, 1.2205 1.0827 -0.0039, 1.2205 1.0952 0.0, 1.2205 1.0827 0.0, 1.3819 1.063 -0.0039, 1.221 1.0783 -0.0039, 1.2358 1.0635 -0.0039, 1.2402 1.063 -0.0039, 1.2316 1.0649 -0.0039, 1.2279 1.0673 -0.0039, 1.2248 1.0704 -0.0039, 1.2224 1.0741 -0.0039, 1.2224 1.0741 -0.0039
            ]
        }
        coordIndex [
            0,1,2,-1,2,1,3,-1,2,3,4,-1,4,3,5,-1,6,7,8,-1,8,7,9,-1,7,6,5,-1,3,10,5,-1,5,10,11,-1,5,11,7,-1,7,11,12,-1,7,12,13,-1,12,14,13,-1,13,14,15,-1,13,15,16,-1,16,15,17,-1,18,19,20,-1,20,19,21,-1,20,21,22,-1,22,21,23,-1,24,25,26,-1,26,25,27,-1,23,21,28,-1,29,25,30,-1,30,25,31,-1,31,25,28,-1,28,25,24,-1,28,24,23,-1,30,32,29,-1,29,32,33,-1,29,33,34,-1,34,33,35,-1,36,37,38,-1,38,37,39,-1,38,39,40,-1,40,39,41,-1,42,43,44,-1,44,43,45,-1,43,42,41,-1,39,46,41,-1,41,46,47,-1,41,47,43,-1,43,47,48,-1,43,48,49,-1,48,50,49,-1,49,50,51,-1,49,51,52,-1,52,51,53,-1,54,55,56,-1,56,55,57,-1,58,59,60,-1,60,59,61,-1,60,61,62,-1,62,61,63,-1,64,61,65,-1,65,61,59,-1,65,59,56,-1,56,57,65,-1,65,57,66,-1,65,66,67,-1,68,69,70,-1,68,70,66,-1,66,70,71,-1,66,71,67,-1,72,73,74,-1,74,73,75,-1,76,77,78,-1,78,77,79,-1,78,79,80,-1,80,79,81,-1,77,74,75,-1,79,77,82,-1,82,77,75,-1,82,75,83,-1,83,75,84,-1,83,84,85,-1,86,87,88,-1,86,88,84,-1,84,88,89,-1,84,89,85,-1,90,91,92,-1,92,91,93,-1,94,95,96,-1,96,95,97,-1,96,97,98,-1,98,97,99,-1,100,101,93,-1,97,95,101,-1,101,95,92,-1,101,92,93,-1,93,102,100,-1,100,102,103,-1,100,103,104,-1,104,105,100,-1,100,105,106,-1,100,106,107,-1,108,109,110,-1,110,109,111,-1,112,113,114,-1,114,113,115,-1,114,115,116,-1,116,115,117,-1,113,110,111,-1,115,113,118,-1,118,113,111,-1,118,111,119,-1,119,111,120,-1,119,120,121,-1,122,123,124,-1,122,124,120,-1,120,124,125,-1,120,125,121,-1,126,127,128,-1,128,127,129,-1,128,129,130,-1,130,129,131,-1,132,133,134,-1,134,133,135,-1,131,129,136,-1,137,133,138,-1,138,133,139,-1,139,133,136,-1,136,133,132,-1,136,132,131,-1,140,141,142,-1,140,142,138,-1,138,142,143,-1,138,143,137,-1,
        ]
    }
}
Shape{
    appearance Appearance {
        material  Material 	{
            diffuseColor 0.25098039215686274 0.25098039215686274 0.25098039215686274
            specularColor 0.12549019607843137 0.12549019607843137 0.12549019607843137
            ambientIntensity 0.2
            transparency 0
            shininess 0.5
        }
    }
    geometry IndexedFaceSet {
        ccw TRUE
        solid FALSE
        coord DEF co Coordinate {
            point [
                1.378 -1.378 0.3346, 1.378 -1.378 0.0, 1.378 -1.1417 0.0, 1.378 0.9843 0.072, 1.378 0.9843 0.0, 1.378 1.063 0.0, 1.378 1.1417 0.0, 1.378 1.378 0.0, 1.378 1.1417 0.072, 1.378 1.378 0.3346, 1.378 1.063 0.072, 1.378 -1.1417 0.072, 1.378 -1.063 0.072, 1.378 -0.8268 0.072, 1.378 -0.748 0.072, 1.378 -0.9055 0.072, 1.378 -0.9055 0.0, 1.378 -0.8268 0.0, 1.378 -0.9843 0.072, 1.378 -0.9843 0.0, 1.378 -1.063 0.0, 1.378 -0.5118 0.072, 1.378 -0.4331 0.072, 1.378 -0.5906 0.072, 1.378 -0.5906 0.0, 1.378 -0.5118 0.0, 1.378 -0.6693 0.072, 1.378 -0.6693 0.0, 1.378 -0.748 0.0, 1.378 -0.1969 0.072, 1.378 -0.1181 0.072, 1.378 -0.2756 0.072, 1.378 -0.2756 0.0, 1.378 -0.1969 0.0, 1.378 -0.3543 0.072, 1.378 -0.3543 0.0, 1.378 -0.4331 0.0, 1.378 0.1181 0.072, 1.378 0.1969 0.072, 1.378 0.0394 0.072, 1.378 0.0394 0.0, 1.378 0.1181 0.0, 1.378 -0.0394 0.072, 1.378 -0.0394 0.0, 1.378 -0.1181 0.0, 1.378 0.4331 0.072, 1.378 0.5118 0.072, 1.378 0.3543 0.072, 1.378 0.3543 0.0, 1.378 0.4331 0.0, 1.378 0.2756 0.072, 1.378 0.2756 0.0, 1.378 0.1969 0.0, 1.378 0.748 0.072, 1.378 0.8268 0.072, 1.378 0.6693 0.072, 1.378 0.6693 0.0, 1.378 0.748 0.0, 1.378 0.5906 0.072, 1.378 0.5906 0.0, 1.378 0.5118 0.0, 1.378 0.9055 0.072, 1.378 0.9055 0.0, 1.378 0.8268 0.0, 1.1417 1.378 0.0, 1.063 1.378 0.0, 0.9843 1.378 0.0, 1.063 1.378 0.072, 0.9843 1.378 0.072, 1.1417 1.378 0.072, -1.378 1.378 0.3346, 0.9055 1.378 0.072, 0.748 1.378 0.072, 0.748 1.378 0.0, 0.6693 1.378 0.0, 0.6693 1.378 0.072, 0.5906 1.378 0.072, 0.8268 1.378 0.072, 0.8268 1.378 0.0, 0.9055 1.378 0.0, 0.4331 1.378 0.072, 0.4331 1.378 0.0, 0.3543 1.378 0.0, 0.3543 1.378 0.072, 0.2756 1.378 0.072, 0.5118 1.378 0.072, 0.5118 1.378 0.0, 0.5906 1.378 0.0, 0.1181 1.378 0.072, 0.1181 1.378 0.0, 0.0394 1.378 0.0, 0.0394 1.378 0.072, -0.0394 1.378 0.072, 0.1969 1.378 0.072, 0.1969 1.378 0.0, 0.2756 1.378 0.0, -0.1969 1.378 0.072, -0.1969 1.378 0.0, -0.2756 1.378 0.0, -0.2756 1.378 0.072, -0.3543 1.378 0.072, -0.1181 1.378 0.072, -0.1181 1.378 0.0, -0.0394 1.378 0.0, -0.5118 1.378 0.072, -0.5118 1.378 0.0, -0.5906 1.378 0.0, -0.5906 1.378 0.072, -0.6693 1.378 0.072, -0.4331 1.378 0.072, -0.4331 1.378 0.0, -0.3543 1.378 0.0, -0.8268 1.378 0.072, -0.8268 1.378 0.0, -0.9055 1.378 0.0, -0.9055 1.378 0.072, -0.9843 1.378 0.072, -0.748 1.378 0.072, -0.748 1.378 0.0, -0.6693 1.378 0.0, -1.1417 1.378 0.0, -1.378 1.378 0.0, -1.1417 1.378 0.072, -1.063 1.378 0.072, -1.063 1.378 0.0, -0.9843 1.378 0.0, -1.378 1.1417 0.0, -1.378 -0.9843 0.072, -1.378 -0.9843 0.0, -1.378 -1.063 0.0, -1.378 -1.1417 0.0, -1.378 -1.378 0.0, -1.378 -1.1417 0.072, -1.378 -1.378 0.3346, -1.378 -1.063 0.072, -1.378 1.1417 0.072, -1.378 1.063 0.072, -1.378 0.8268 0.072, -1.378 0.748 0.072, -1.378 0.9055 0.072, -1.378 0.9055 0.0, -1.378 0.8268 0.0, -1.378 0.9843 0.072, -1.378 0.9843 0.0, -1.378 1.063 0.0, -1.378 0.5118 0.072, -1.378 0.4331 0.072, -1.378 0.5906 0.072, -1.378 0.5906 0.0, -1.378 0.5118 0.0, -1.378 0.6693 0.072, -1.378 0.6693 0.0, -1.378 0.748 0.0, -1.378 0.1969 0.072, -1.378 0.1181 0.072, -1.378 0.2756 0.072, -1.378 0.2756 0.0, -1.378 0.1969 0.0, -1.378 0.3543 0.072, -1.378 0.3543 0.0, -1.378 0.4331 0.0, -1.378 -0.1181 0.072, -1.378 -0.1969 0.072, -1.378 -0.0394 0.072, -1.378 -0.0394 0.0, -1.378 -0.1181 0.0, -1.378 0.0394 0.072, -1.378 0.0394 0.0, -1.378 0.1181 0.0, -1.378 -0.3543 0.072, -1.378 -0.3543 0.0, -1.378 -0.4331 0.0, -1.378 -0.4331 0.072, -1.378 -0.5118 0.072, -1.378 -0.2756 0.072, -1.378 -0.2756 0.0, -1.378 -0.1969 0.0, -1.378 -0.6693 0.072, -1.378 -0.6693 0.0, -1.378 -0.748 0.0, -1.378 -0.748 0.072, -1.378 -0.8268 0.072, -1.378 -0.5906 0.072, -1.378 -0.5906 0.0, -1.378 -0.5118 0.0, -1.378 -0.9055 0.072, -1.378 -0.9055 0.0, -1.378 -0.8268 0.0, -1.1417 -1.378 0.0, 0.9843 -1.378 0.072, 0.9843 -1.378 0.0, 1.063 -1.378 0.0, -1.1417 -1.378 0.072, -1.063 -1.378 0.072, 1.1417 -1.378 0.0, 1.1417 -1.378 0.072, 1.063 -1.378 0.072, -0.9055 -1.378 0.072, -0.9055 -1.378 0.0, -0.8268 -1.378 0.0, -0.8268 -1.378 0.072, -0.748 -1.378 0.072, -0.9843 -1.378 0.072, -0.9843 -1.378 0.0, -1.063 -1.378 0.0, -0.5906 -1.378 0.072, -0.5906 -1.378 0.0, -0.5118 -1.378 0.0, -0.5118 -1.378 0.072, -0.4331 -1.378 0.072, -0.6693 -1.378 0.072, -0.6693 -1.378 0.0, -0.748 -1.378 0.0, -0.2756 -1.378 0.072, -0.2756 -1.378 0.0, -0.1969 -1.378 0.0, -0.1969 -1.378 0.072, -0.1181 -1.378 0.072, -0.3543 -1.378 0.072, -0.3543 -1.378 0.0, -0.4331 -1.378 0.0, 0.0394 -1.378 0.072, 0.0394 -1.378 0.0, 0.1181 -1.378 0.0, 0.1181 -1.378 0.072, 0.1969 -1.378 0.072, -0.0394 -1.378 0.072, -0.0394 -1.378 0.0, -0.1181 -1.378 0.0, 0.3543 -1.378 0.072, 0.3543 -1.378 0.0, 0.4331 -1.378 0.0, 0.4331 -1.378 0.072, 0.5118 -1.378 0.072, 0.2756 -1.378 0.072, 0.2756 -1.378 0.0, 0.1969 -1.378 0.0, 0.6693 -1.378 0.072, 0.6693 -1.378 0.0, 0.748 -1.378 0.0, 0.748 -1.378 0.072, 0.8268 -1.378 0.072, 0.5906 -1.378 0.072, 0.5906 -1.378 0.0, 0.5118 -1.378 0.0, 0.9055 -1.378 0.072, 0.9055 -1.378 0.0, 0.8268 -1.378 0.0, 0.8268 -1.378 0.0
            ]
        }
        coordIndex [
            0,1,2,-1,3,4,5,-1,6,7,8,-1,8,7,9,-1,8,9,10,-1,2,11,0,-1,0,11,12,-1,0,12,9,-1,13,14,9,-1,15,16,17,-1,17,13,15,-1,15,13,9,-1,15,9,18,-1,18,9,12,-1,18,12,19,-1,19,12,20,-1,21,22,9,-1,23,24,25,-1,25,21,23,-1,23,21,9,-1,23,9,26,-1,26,9,14,-1,26,14,27,-1,27,14,28,-1,29,30,9,-1,31,32,33,-1,33,29,31,-1,31,29,9,-1,31,9,34,-1,34,9,22,-1,34,22,35,-1,35,22,36,-1,37,38,9,-1,39,40,41,-1,41,37,39,-1,39,37,9,-1,39,9,42,-1,42,9,30,-1,42,30,43,-1,43,30,44,-1,45,46,9,-1,47,48,49,-1,49,45,47,-1,47,45,9,-1,47,9,50,-1,50,9,38,-1,50,38,51,-1,51,38,52,-1,53,54,9,-1,55,56,57,-1,57,53,55,-1,55,53,9,-1,55,9,58,-1,58,9,46,-1,58,46,59,-1,59,46,60,-1,5,10,3,-1,3,10,9,-1,3,9,61,-1,61,9,54,-1,61,54,62,-1,62,54,63,-1,9,7,64,-1,65,66,67,-1,67,66,68,-1,64,69,9,-1,9,69,67,-1,9,67,70,-1,70,67,68,-1,70,68,71,-1,72,73,74,-1,75,76,70,-1,74,75,72,-1,72,75,70,-1,72,70,77,-1,77,70,71,-1,77,71,78,-1,78,71,79,-1,80,81,82,-1,83,84,70,-1,82,83,80,-1,80,83,70,-1,80,70,85,-1,85,70,76,-1,85,76,86,-1,86,76,87,-1,88,89,90,-1,91,92,70,-1,90,91,88,-1,88,91,70,-1,88,70,93,-1,93,70,84,-1,93,84,94,-1,94,84,95,-1,96,97,98,-1,99,100,70,-1,98,99,96,-1,96,99,70,-1,96,70,101,-1,101,70,92,-1,101,92,102,-1,102,92,103,-1,104,105,106,-1,107,108,70,-1,106,107,104,-1,104,107,70,-1,104,70,109,-1,109,70,100,-1,109,100,110,-1,110,100,111,-1,112,113,114,-1,115,116,70,-1,114,115,112,-1,112,115,70,-1,112,70,117,-1,117,70,108,-1,117,108,118,-1,118,108,119,-1,120,121,122,-1,122,121,70,-1,122,70,123,-1,123,70,116,-1,123,116,124,-1,124,116,125,-1,70,121,126,-1,127,128,129,-1,130,131,132,-1,132,131,133,-1,132,133,134,-1,126,135,70,-1,70,135,136,-1,70,136,133,-1,137,138,133,-1,139,140,141,-1,141,137,139,-1,139,137,133,-1,139,133,142,-1,142,133,136,-1,142,136,143,-1,143,136,144,-1,145,146,133,-1,147,148,149,-1,149,145,147,-1,147,145,133,-1,147,133,150,-1,150,133,138,-1,150,138,151,-1,151,138,152,-1,153,154,133,-1,155,156,157,-1,157,153,155,-1,155,153,133,-1,155,133,158,-1,158,133,146,-1,158,146,159,-1,159,146,160,-1,161,162,133,-1,163,164,165,-1,165,161,163,-1,163,161,133,-1,163,133,166,-1,166,133,154,-1,166,154,167,-1,167,154,168,-1,169,170,171,-1,172,173,133,-1,171,172,169,-1,169,172,133,-1,169,133,174,-1,174,133,162,-1,174,162,175,-1,175,162,176,-1,177,178,179,-1,180,181,133,-1,179,180,177,-1,177,180,133,-1,177,133,182,-1,182,133,173,-1,182,173,183,-1,183,173,184,-1,129,134,127,-1,127,134,133,-1,127,133,185,-1,185,133,181,-1,185,181,186,-1,186,181,187,-1,133,131,188,-1,189,190,191,-1,188,192,133,-1,133,192,193,-1,133,193,0,-1,194,1,195,-1,195,1,0,-1,195,0,196,-1,197,198,199,-1,200,201,0,-1,199,200,197,-1,197,200,0,-1,197,0,202,-1,202,0,193,-1,202,193,203,-1,203,193,204,-1,205,206,207,-1,208,209,0,-1,207,208,205,-1,205,208,0,-1,205,0,210,-1,210,0,201,-1,210,201,211,-1,211,201,212,-1,213,214,215,-1,216,217,0,-1,215,216,213,-1,213,216,0,-1,213,0,218,-1,218,0,209,-1,218,209,219,-1,219,209,220,-1,221,222,223,-1,224,225,0,-1,223,224,221,-1,221,224,0,-1,221,0,226,-1,226,0,217,-1,226,217,227,-1,227,217,228,-1,229,230,231,-1,232,233,0,-1,231,232,229,-1,229,232,0,-1,229,0,234,-1,234,0,225,-1,234,225,235,-1,235,225,236,-1,237,238,239,-1,240,241,0,-1,239,240,237,-1,237,240,0,-1,237,0,242,-1,242,0,233,-1,242,233,243,-1,243,233,244,-1,191,196,189,-1,189,196,0,-1,189,0,245,-1,245,0,241,-1,245,241,246,-1,246,241,247,-1,
        ]
    }
}
Shape{
    appearance Appearance {
        material  Material 	{
            diffuseColor 1.0 1.0 1.0
            specularColor 0.5019607843137255 0.5019607843137255 0.5019607843137255
            ambientIntensity 0.2
            transparency 0
            shininess 0.5
        }
    }
    geometry IndexedFaceSet {
        ccw TRUE
        solid FALSE
        coord DEF co Coordinate {
            point [
                -1.0173 1.0938 0.3307, -1.0173 1.0938 0.3346, -1.0204 1.1175 0.3307, -1.0204 1.1175 0.3346, -1.0295 1.1395 0.3307, -1.0295 1.1395 0.3346, -1.0441 1.1585 0.3307, -1.0441 1.1585 0.3346, -1.063 1.173 0.3307, -1.063 1.173 0.3346, -1.0851 1.1822 0.3307, -1.0851 1.1822 0.3346, -1.1088 1.1853 0.3307, -1.1088 1.1853 0.3346, -1.1324 1.1822 0.3307, -1.1324 1.1822 0.3346, -1.1545 1.173 0.3307, -1.1545 1.173 0.3346, -1.1734 1.1585 0.3307, -1.1734 1.1585 0.3346, -1.188 1.1395 0.3307, -1.188 1.1395 0.3346, -1.1971 1.1175 0.3307, -1.1971 1.1175 0.3346, -1.2002 1.0938 0.3307, -1.2002 1.0938 0.3346, -1.1971 1.0701 0.3307, -1.1971 1.0701 0.3346, -1.188 1.0481 0.3307, -1.188 1.0481 0.3346, -1.1734 1.0291 0.3307, -1.1734 1.0291 0.3346, -1.1545 1.0146 0.3307, -1.1545 1.0146 0.3346, -1.1324 1.0054 0.3307, -1.1324 1.0054 0.3346, -1.1088 1.0023 0.3307, -1.1088 1.0023 0.3346, -1.0851 1.0054 0.3307, -1.0851 1.0054 0.3346, -1.063 1.0146 0.3307, -1.063 1.0146 0.3346, -1.0441 1.0291 0.3307, -1.0441 1.0291 0.3346, -1.0295 1.0481 0.3307, -1.0295 1.0481 0.3346, -1.0204 1.0701 0.3307, -1.0204 1.0701 0.3346, -1.1088 1.0938 0.3307, -1.1088 1.0938 0.3307
            ]
        }
        coordIndex [
            0,1,2,-1,2,1,3,-1,2,3,4,-1,4,3,5,-1,4,5,6,-1,6,5,7,-1,6,7,8,-1,8,7,9,-1,8,9,10,-1,10,9,11,-1,10,11,12,-1,12,11,13,-1,12,13,14,-1,14,13,15,-1,14,15,16,-1,16,15,17,-1,16,17,18,-1,18,17,19,-1,18,19,20,-1,20,19,21,-1,20,21,22,-1,22,21,23,-1,22,23,24,-1,24,23,25,-1,24,25,26,-1,26,25,27,-1,26,27,28,-1,28,27,29,-1,28,29,30,-1,30,29,31,-1,30,31,32,-1,32,31,33,-1,32,33,34,-1,34,33,35,-1,34,35,36,-1,36,35,37,-1,36,37,38,-1,38,37,39,-1,38,39,40,-1,40,39,41,-1,40,41,42,-1,42,41,43,-1,42,43,44,-1,44,43,45,-1,44,45,46,-1,46,45,47,-1,46,47,0,-1,0,47,1,-1,44,46,48,-1,48,46,0,-1,48,0,2,-1,38,40,48,-1,48,40,42,-1,48,42,44,-1,32,34,48,-1,48,34,36,-1,48,36,38,-1,26,28,48,-1,48,28,30,-1,48,30,32,-1,20,22,48,-1,48,22,24,-1,48,24,26,-1,14,16,48,-1,48,16,18,-1,48,18,20,-1,8,10,48,-1,48,10,12,-1,48,12,14,-1,2,4,48,-1,48,4,6,-1,48,6,8,-1,
        ]
    }
}
Shape{
    appearance Appearance {
        material  Material 	{
            diffuseColor 0.7529411764705882 0.7529411764705882 0.7529411764705882
            specularColor 0.3764705882352941 0.3764705882352941 0.3764705882352941
            ambientIntensity 0.2
            transparency 0
            shininess 0.5
        }
    }
    geometry IndexedFaceSet {
        ccw TRUE
        solid FALSE
        coord DEF co Coordinate {
            point [
                1.1417 1.3819 0.072, 1.063 1.3819 0.072, 1.1417 1.378 0.072, 1.063 1.378 0.072, 1.063 1.378 0.0, 1.063 1.3819 -0.0039, 1.063 1.2402 0.0, 1.063 1.2402 -0.0039, 1.0635 1.2358 -0.0039, 1.0635 1.2358 0.0, 1.0649 1.2316 -0.0039, 1.0649 1.2316 0.0, 1.0673 1.2279 -0.0039, 1.0673 1.2279 0.0, 1.0704 1.2248 -0.0039, 1.0704 1.2248 0.0, 1.0741 1.2224 -0.0039, 1.0741 1.2224 0.0, 1.0783 1.221 -0.0039, 1.0783 1.221 0.0, 1.0827 1.2205 -0.0039, 1.0827 1.2205 0.0, 1.1417 1.3819 -0.0039, 0.9843 1.3819 0.072, 0.9055 1.3819 0.072, 0.9843 1.378 0.072, 0.9055 1.378 0.072, 0.9055 1.378 0.0, 0.9055 1.3819 -0.0039, 0.9055 1.2402 0.0, 0.9055 1.2402 -0.0039, 0.906 1.2358 -0.0039, 0.906 1.2358 0.0, 0.9075 1.2316 -0.0039, 0.9075 1.2316 0.0, 0.9098 1.2279 -0.0039, 0.9098 1.2279 0.0, 0.9129 1.2248 -0.0039, 0.9129 1.2248 0.0, 0.9167 1.2224 -0.0039, 0.9167 1.2224 0.0, 0.9208 1.221 -0.0039, 0.9208 1.221 0.0, 0.9252 1.2205 -0.0039, 0.9252 1.2205 0.0, 0.9646 1.2205 -0.0039, 0.9646 1.2205 0.0, 0.9689 1.221 -0.0039, 0.9689 1.221 0.0, 0.9731 1.2224 -0.0039, 0.9731 1.2224 0.0, 0.9768 1.2248 -0.0039, 0.9768 1.2248 0.0, 0.98 1.2279 -0.0039, 0.98 1.2279 0.0, 0.9823 1.2316 -0.0039, 0.9823 1.2316 0.0, 0.9838 1.2358 -0.0039, 0.9838 1.2358 0.0, 0.9843 1.2402 -0.0039, 0.9843 1.2402 0.0, 0.9843 1.378 0.0, 0.9843 1.3819 -0.0039, 0.8268 1.3819 0.072, 0.748 1.3819 0.072, 0.8268 1.378 0.072, 0.748 1.378 0.072, 0.748 1.378 0.0, 0.748 1.3819 -0.0039, 0.748 1.2402 0.0, 0.748 1.2402 -0.0039, 0.7485 1.2358 -0.0039, 0.7485 1.2358 0.0, 0.75 1.2316 -0.0039, 0.75 1.2316 0.0, 0.7523 1.2279 -0.0039, 0.7523 1.2279 0.0, 0.7554 1.2248 -0.0039, 0.7554 1.2248 0.0, 0.7592 1.2224 -0.0039, 0.7592 1.2224 0.0, 0.7633 1.221 -0.0039, 0.7633 1.221 0.0, 0.7677 1.2205 -0.0039, 0.7677 1.2205 0.0, 0.8071 1.2205 -0.0039, 0.8071 1.2205 0.0, 0.8115 1.221 -0.0039, 0.8115 1.221 0.0, 0.8156 1.2224 -0.0039, 0.8156 1.2224 0.0, 0.8194 1.2248 -0.0039, 0.8194 1.2248 0.0, 0.8225 1.2279 -0.0039, 0.8225 1.2279 0.0, 0.8248 1.2316 -0.0039, 0.8248 1.2316 0.0, 0.8263 1.2358 -0.0039, 0.8263 1.2358 0.0, 0.8268 1.2402 -0.0039, 0.8268 1.2402 0.0, 0.8268 1.378 0.0, 0.8268 1.3819 -0.0039, 0.6693 1.3819 0.072, 0.5906 1.3819 0.072, 0.6693 1.378 0.072, 0.5906 1.378 0.072, 0.5906 1.378 0.0, 0.5906 1.3819 -0.0039, 0.5906 1.2402 0.0, 0.5906 1.2402 -0.0039, 0.591 1.2358 -0.0039, 0.591 1.2358 0.0, 0.5925 1.2316 -0.0039, 0.5925 1.2316 0.0, 0.5948 1.2279 -0.0039, 0.5948 1.2279 0.0, 0.598 1.2248 -0.0039, 0.598 1.2248 0.0, 0.6017 1.2224 -0.0039, 0.6017 1.2224 0.0, 0.6059 1.221 -0.0039, 0.6059 1.221 0.0, 0.6102 1.2205 -0.0039, 0.6102 1.2205 0.0, 0.6496 1.2205 -0.0039, 0.6496 1.2205 0.0, 0.654 1.221 -0.0039, 0.654 1.221 0.0, 0.6581 1.2224 -0.0039, 0.6581 1.2224 0.0, 0.6619 1.2248 -0.0039, 0.6619 1.2248 0.0, 0.665 1.2279 -0.0039, 0.665 1.2279 0.0, 0.6673 1.2316 -0.0039, 0.6673 1.2316 0.0, 0.6688 1.2358 -0.0039, 0.6688 1.2358 0.0, 0.6693 1.2402 -0.0039, 0.6693 1.2402 0.0, 0.6693 1.378 0.0, 0.6693 1.3819 -0.0039, 0.5118 1.3819 0.072, 0.4331 1.3819 0.072, 0.5118 1.378 0.072, 0.4331 1.378 0.072, 0.4331 1.378 0.0, 0.4331 1.3819 -0.0039, 0.4331 1.2402 0.0, 0.4331 1.2402 -0.0039, 0.4336 1.2358 -0.0039, 0.4336 1.2358 0.0, 0.435 1.2316 -0.0039, 0.435 1.2316 0.0, 0.4374 1.2279 -0.0039, 0.4374 1.2279 0.0, 0.4405 1.2248 -0.0039, 0.4405 1.2248 0.0, 0.4442 1.2224 -0.0039, 0.4442 1.2224 0.0, 0.4484 1.221 -0.0039, 0.4484 1.221 0.0, 0.4528 1.2205 -0.0039, 0.4528 1.2205 0.0, 0.4921 1.2205 -0.0039, 0.4921 1.2205 0.0, 0.4965 1.221 -0.0039, 0.4965 1.221 0.0, 0.5007 1.2224 -0.0039, 0.5007 1.2224 0.0, 0.5044 1.2248 -0.0039, 0.5044 1.2248 0.0, 0.5075 1.2279 -0.0039, 0.5075 1.2279 0.0, 0.5099 1.2316 -0.0039, 0.5099 1.2316 0.0, 0.5113 1.2358 -0.0039, 0.5113 1.2358 0.0, 0.5118 1.2402 -0.0039, 0.5118 1.2402 0.0, 0.5118 1.378 0.0, 0.5118 1.3819 -0.0039, 0.3543 1.3819 0.072, 0.2756 1.3819 0.072, 0.3543 1.378 0.072, 0.2756 1.378 0.072, 0.2756 1.378 0.0, 0.2756 1.3819 -0.0039, 0.2756 1.2402 0.0, 0.2756 1.2402 -0.0039, 0.2761 1.2358 -0.0039, 0.2761 1.2358 0.0, 0.2775 1.2316 -0.0039, 0.2775 1.2316 0.0, 0.2799 1.2279 -0.0039, 0.2799 1.2279 0.0, 0.283 1.2248 -0.0039, 0.283 1.2248 0.0, 0.2867 1.2224 -0.0039, 0.2867 1.2224 0.0, 0.2909 1.221 -0.0039, 0.2909 1.221 0.0, 0.2953 1.2205 -0.0039, 0.2953 1.2205 0.0, 0.3346 1.2205 -0.0039, 0.3346 1.2205 0.0, 0.339 1.221 -0.0039, 0.339 1.221 0.0, 0.3432 1.2224 -0.0039, 0.3432 1.2224 0.0, 0.3469 1.2248 -0.0039, 0.3469 1.2248 0.0, 0.35 1.2279 -0.0039, 0.35 1.2279 0.0, 0.3524 1.2316 -0.0039, 0.3524 1.2316 0.0, 0.3538 1.2358 -0.0039, 0.3538 1.2358 0.0, 0.3543 1.2402 -0.0039, 0.3543 1.2402 0.0, 0.3543 1.378 0.0, 0.3543 1.3819 -0.0039, 0.1969 1.3819 0.072, 0.1181 1.3819 0.072, 0.1969 1.378 0.072, 0.1181 1.378 0.072, 0.1181 1.378 0.0, 0.1181 1.3819 -0.0039, 0.1181 1.2402 0.0, 0.1181 1.2402 -0.0039, 0.1186 1.2358 -0.0039, 0.1186 1.2358 0.0, 0.1201 1.2316 -0.0039, 0.1201 1.2316 0.0, 0.1224 1.2279 -0.0039, 0.1224 1.2279 0.0, 0.1255 1.2248 -0.0039, 0.1255 1.2248 0.0, 0.1293 1.2224 -0.0039, 0.1293 1.2224 0.0, 0.1334 1.221 -0.0039, 0.1334 1.221 0.0, 0.1378 1.2205 -0.0039, 0.1378 1.2205 0.0, 0.1772 1.2205 -0.0039, 0.1772 1.2205 0.0, 0.1815 1.221 -0.0039, 0.1815 1.221 0.0, 0.1857 1.2224 -0.0039, 0.1857 1.2224 0.0, 0.1894 1.2248 -0.0039, 0.1894 1.2248 0.0, 0.1926 1.2279 -0.0039, 0.1926 1.2279 0.0, 0.1949 1.2316 -0.0039, 0.1949 1.2316 0.0, 0.1964 1.2358 -0.0039, 0.1964 1.2358 0.0, 0.1969 1.2402 -0.0039, 0.1969 1.2402 0.0, 0.1969 1.378 0.0, 0.1969 1.3819 -0.0039, 0.0394 1.3819 0.072, -0.0394 1.3819 0.072, 0.0394 1.378 0.072, -0.0394 1.378 0.072, -0.0394 1.378 0.0, -0.0394 1.3819 -0.0039, -0.0394 1.2402 0.0, -0.0394 1.2402 -0.0039, -0.0389 1.2358 -0.0039, -0.0389 1.2358 0.0, -0.0374 1.2316 -0.0039, -0.0374 1.2316 0.0, -0.0351 1.2279 -0.0039, -0.0351 1.2279 0.0, -0.032 1.2248 -0.0039, -0.032 1.2248 0.0, -0.0282 1.2224 -0.0039, -0.0282 1.2224 0.0, -0.0241 1.221 -0.0039, -0.0241 1.221 0.0, -0.0197 1.2205 -0.0039, -0.0197 1.2205 0.0, 0.0197 1.2205 -0.0039, 0.0197 1.2205 0.0, 0.0241 1.221 -0.0039, 0.0241 1.221 0.0, 0.0282 1.2224 -0.0039, 0.0282 1.2224 0.0, 0.032 1.2248 -0.0039, 0.032 1.2248 0.0, 0.0351 1.2279 -0.0039, 0.0351 1.2279 0.0, 0.0374 1.2316 -0.0039, 0.0374 1.2316 0.0, 0.0389 1.2358 -0.0039, 0.0389 1.2358 0.0, 0.0394 1.2402 -0.0039, 0.0394 1.2402 0.0, 0.0394 1.378 0.0, 0.0394 1.3819 -0.0039, -0.1181 1.3819 0.072, -0.1969 1.3819 0.072, -0.1181 1.378 0.072, -0.1969 1.378 0.072, -0.1969 1.378 0.0, -0.1969 1.3819 -0.0039, -0.1969 1.2402 0.0, -0.1969 1.2402 -0.0039, -0.1964 1.2358 -0.0039, -0.1964 1.2358 0.0, -0.1949 1.2316 -0.0039, -0.1949 1.2316 0.0, -0.1926 1.2279 -0.0039, -0.1926 1.2279 0.0, -0.1894 1.2248 -0.0039, -0.1894 1.2248 0.0, -0.1857 1.2224 -0.0039, -0.1857 1.2224 0.0, -0.1815 1.221 -0.0039, -0.1815 1.221 0.0, -0.1772 1.2205 -0.0039, -0.1772 1.2205 0.0, -0.1378 1.2205 -0.0039, -0.1378 1.2205 0.0, -0.1334 1.221 -0.0039, -0.1334 1.221 0.0, -0.1293 1.2224 -0.0039, -0.1293 1.2224 0.0, -0.1255 1.2248 -0.0039, -0.1255 1.2248 0.0, -0.1224 1.2279 -0.0039, -0.1224 1.2279 0.0, -0.1201 1.2316 -0.0039, -0.1201 1.2316 0.0, -0.1186 1.2358 -0.0039, -0.1186 1.2358 0.0, -0.1181 1.2402 -0.0039, -0.1181 1.2402 0.0, -0.1181 1.378 0.0, -0.1181 1.3819 -0.0039, -0.2756 1.3819 0.072, -0.3543 1.3819 0.072, -0.2756 1.378 0.072, -0.3543 1.378 0.072, -0.3543 1.378 0.0, -0.3543 1.3819 -0.0039, -0.3543 1.2402 0.0, -0.3543 1.2402 -0.0039, -0.3538 1.2358 -0.0039, -0.3538 1.2358 0.0, -0.3524 1.2316 -0.0039, -0.3524 1.2316 0.0, -0.35 1.2279 -0.0039, -0.35 1.2279 0.0, -0.3469 1.2248 -0.0039, -0.3469 1.2248 0.0, -0.3432 1.2224 -0.0039, -0.3432 1.2224 0.0, -0.339 1.221 -0.0039, -0.339 1.221 0.0, -0.3346 1.2205 -0.0039, -0.3346 1.2205 0.0, -0.2953 1.2205 -0.0039, -0.2953 1.2205 0.0, -0.2909 1.221 -0.0039, -0.2909 1.221 0.0, -0.2867 1.2224 -0.0039, -0.2867 1.2224 0.0, -0.283 1.2248 -0.0039, -0.283 1.2248 0.0, -0.2799 1.2279 -0.0039, -0.2799 1.2279 0.0, -0.2775 1.2316 -0.0039, -0.2775 1.2316 0.0, -0.2761 1.2358 -0.0039, -0.2761 1.2358 0.0, -0.2756 1.2402 -0.0039, -0.2756 1.2402 0.0, -0.2756 1.378 0.0, -0.2756 1.3819 -0.0039, -0.4331 1.3819 0.072, -0.5118 1.3819 0.072, -0.4331 1.378 0.072, -0.5118 1.378 0.072, -0.5118 1.378 0.0, -0.5118 1.3819 -0.0039, -0.5118 1.2402 0.0, -0.5118 1.2402 -0.0039, -0.5113 1.2358 -0.0039, -0.5113 1.2358 0.0, -0.5099 1.2316 -0.0039, -0.5099 1.2316 0.0, -0.5075 1.2279 -0.0039, -0.5075 1.2279 0.0, -0.5044 1.2248 -0.0039, -0.5044 1.2248 0.0, -0.5007 1.2224 -0.0039, -0.5007 1.2224 0.0, -0.4965 1.221 -0.0039, -0.4965 1.221 0.0, -0.4921 1.2205 -0.0039, -0.4921 1.2205 0.0, -0.4528 1.2205 -0.0039, -0.4528 1.2205 0.0, -0.4484 1.221 -0.0039, -0.4484 1.221 0.0, -0.4442 1.2224 -0.0039, -0.4442 1.2224 0.0, -0.4405 1.2248 -0.0039, -0.4405 1.2248 0.0, -0.4374 1.2279 -0.0039, -0.4374 1.2279 0.0, -0.435 1.2316 -0.0039, -0.435 1.2316 0.0, -0.4336 1.2358 -0.0039, -0.4336 1.2358 0.0, -0.4331 1.2402 -0.0039, -0.4331 1.2402 0.0, -0.4331 1.378 0.0, -0.4331 1.3819 -0.0039, -0.5906 1.3819 0.072, -0.6693 1.3819 0.072, -0.5906 1.378 0.072, -0.6693 1.378 0.072, -0.6693 1.378 0.0, -0.6693 1.3819 -0.0039, -0.6693 1.2402 0.0, -0.6693 1.2402 -0.0039, -0.6688 1.2358 -0.0039, -0.6688 1.2358 0.0, -0.6673 1.2316 -0.0039, -0.6673 1.2316 0.0, -0.665 1.2279 -0.0039, -0.665 1.2279 0.0, -0.6619 1.2248 -0.0039, -0.6619 1.2248 0.0, -0.6581 1.2224 -0.0039, -0.6581 1.2224 0.0, -0.654 1.221 -0.0039, -0.654 1.221 0.0, -0.6496 1.2205 -0.0039, -0.6496 1.2205 0.0, -0.6102 1.2205 -0.0039, -0.6102 1.2205 0.0, -0.6059 1.221 -0.0039, -0.6059 1.221 0.0, -0.6017 1.2224 -0.0039, -0.6017 1.2224 0.0, -0.598 1.2248 -0.0039, -0.598 1.2248 0.0, -0.5948 1.2279 -0.0039, -0.5948 1.2279 0.0, -0.5925 1.2316 -0.0039, -0.5925 1.2316 0.0, -0.591 1.2358 -0.0039, -0.591 1.2358 0.0, -0.5906 1.2402 -0.0039, -0.5906 1.2402 0.0, -0.5906 1.378 0.0, -0.5906 1.3819 -0.0039, -0.748 1.3819 0.072, -0.8268 1.3819 0.072, -0.748 1.378 0.072, -0.8268 1.378 0.072, -0.8268 1.378 0.0, -0.8268 1.3819 -0.0039, -0.8268 1.2402 0.0, -0.8268 1.2402 -0.0039, -0.8263 1.2358 -0.0039, -0.8263 1.2358 0.0, -0.8248 1.2316 -0.0039, -0.8248 1.2316 0.0, -0.8225 1.2279 -0.0039, -0.8225 1.2279 0.0, -0.8194 1.2248 -0.0039, -0.8194 1.2248 0.0, -0.8156 1.2224 -0.0039, -0.8156 1.2224 0.0, -0.8115 1.221 -0.0039, -0.8115 1.221 0.0, -0.8071 1.2205 -0.0039, -0.8071 1.2205 0.0, -0.7677 1.2205 -0.0039, -0.7677 1.2205 0.0, -0.7633 1.221 -0.0039, -0.7633 1.221 0.0, -0.7592 1.2224 -0.0039, -0.7592 1.2224 0.0, -0.7554 1.2248 -0.0039, -0.7554 1.2248 0.0, -0.7523 1.2279 -0.0039, -0.7523 1.2279 0.0, -0.75 1.2316 -0.0039, -0.75 1.2316 0.0, -0.7485 1.2358 -0.0039, -0.7485 1.2358 0.0, -0.748 1.2402 -0.0039, -0.748 1.2402 0.0, -0.748 1.378 0.0, -0.748 1.3819 -0.0039, -0.9055 1.3819 0.072, -0.9843 1.3819 0.072, -0.9055 1.378 0.072, -0.9843 1.378 0.072, -0.9843 1.378 0.0, -0.9843 1.3819 -0.0039, -0.9843 1.2402 0.0, -0.9843 1.2402 -0.0039, -0.9838 1.2358 -0.0039, -0.9838 1.2358 0.0, -0.9823 1.2316 -0.0039, -0.9823 1.2316 0.0, -0.98 1.2279 -0.0039, -0.98 1.2279 0.0, -0.9768 1.2248 -0.0039, -0.9768 1.2248 0.0, -0.9731 1.2224 -0.0039, -0.9731 1.2224 0.0, -0.9689 1.221 -0.0039, -0.9689 1.221 0.0, -0.9646 1.2205 -0.0039, -0.9646 1.2205 0.0, -0.9252 1.2205 -0.0039, -0.9252 1.2205 0.0, -0.9208 1.221 -0.0039, -0.9208 1.221 0.0, -0.9167 1.2224 -0.0039, -0.9167 1.2224 0.0, -0.9129 1.2248 -0.0039, -0.9129 1.2248 0.0, -0.9098 1.2279 -0.0039, -0.9098 1.2279 0.0, -0.9075 1.2316 -0.0039, -0.9075 1.2316 0.0, -0.906 1.2358 -0.0039, -0.906 1.2358 0.0, -0.9055 1.2402 -0.0039, -0.9055 1.2402 0.0, -0.9055 1.378 0.0, -0.9055 1.3819 -0.0039, -1.063 1.3819 0.072, -1.1417 1.3819 0.072, -1.063 1.378 0.072, -1.1417 1.378 0.072, -1.0827 1.2205 0.0, -1.0827 1.2205 -0.0039, -1.0783 1.221 -0.0039, -1.0783 1.221 0.0, -1.0741 1.2224 -0.0039, -1.0741 1.2224 0.0, -1.0704 1.2248 -0.0039, -1.0704 1.2248 0.0, -1.0673 1.2279 -0.0039, -1.0673 1.2279 0.0, -1.0649 1.2316 -0.0039, -1.0649 1.2316 0.0, -1.0635 1.2358 -0.0039, -1.0635 1.2358 0.0, -1.063 1.2402 -0.0039, -1.063 1.2402 0.0, -1.063 1.378 0.0, -1.063 1.3819 -0.0039, -1.1417 1.3819 -0.0039, -1.3819 -1.063 0.072, -1.3819 -1.1417 0.072, -1.378 -1.063 0.072, -1.378 -1.1417 0.072, -1.2205 -1.0827 0.0, -1.2205 -1.0827 -0.0039, -1.221 -1.0783 -0.0039, -1.221 -1.0783 0.0, -1.2224 -1.0741 -0.0039, -1.2224 -1.0741 0.0, -1.2248 -1.0704 -0.0039, -1.2248 -1.0704 0.0, -1.2279 -1.0673 -0.0039, -1.2279 -1.0673 0.0, -1.2316 -1.0649 -0.0039, -1.2316 -1.0649 0.0, -1.2358 -1.0635 -0.0039, -1.2358 -1.0635 0.0, -1.2402 -1.063 -0.0039, -1.2402 -1.063 0.0, -1.378 -1.063 0.0, -1.3819 -1.063 -0.0039, -1.3819 -1.1417 -0.0039, 1.063 -1.3819 0.072, 1.1417 -1.3819 0.072, 1.063 -1.378 0.072, 1.1417 -1.378 0.072, 1.0827 -1.2205 0.0, 1.0827 -1.2205 -0.0039, 1.0783 -1.221 -0.0039, 1.0783 -1.221 0.0, 1.0741 -1.2224 -0.0039, 1.0741 -1.2224 0.0, 1.0704 -1.2248 -0.0039, 1.0704 -1.2248 0.0, 1.0673 -1.2279 -0.0039, 1.0673 -1.2279 0.0, 1.0649 -1.2316 -0.0039, 1.0649 -1.2316 0.0, 1.0635 -1.2358 -0.0039, 1.0635 -1.2358 0.0, 1.063 -1.2402 -0.0039, 1.063 -1.2402 0.0, 1.063 -1.378 0.0, 1.063 -1.3819 -0.0039, 1.1417 -1.3819 -0.0039, 1.3819 1.063 0.072, 1.3819 1.1417 0.072, 1.378 1.063 0.072, 1.378 1.1417 0.072, 1.2205 1.0827 0.0, 1.2205 1.0827 -0.0039, 1.221 1.0783 -0.0039, 1.221 1.0783 0.0, 1.2224 1.0741 -0.0039, 1.2224 1.0741 0.0, 1.2248 1.0704 -0.0039, 1.2248 1.0704 0.0, 1.2279 1.0673 -0.0039, 1.2279 1.0673 0.0, 1.2316 1.0649 -0.0039, 1.2316 1.0649 0.0, 1.2358 1.0635 -0.0039, 1.2358 1.0635 0.0, 1.2402 1.063 -0.0039, 1.2402 1.063 0.0, 1.378 1.063 0.0, 1.3819 1.063 -0.0039, 1.3819 1.1417 -0.0039, -1.3819 1.1417 0.072, -1.3819 1.063 0.072, -1.378 1.1417 0.072, -1.378 1.063 0.072, -1.378 1.063 0.0, -1.3819 1.063 -0.0039, -1.2402 1.063 0.0, -1.2402 1.063 -0.0039, -1.2358 1.0635 -0.0039, -1.2358 1.0635 0.0, -1.2316 1.0649 -0.0039, -1.2316 1.0649 0.0, -1.2279 1.0673 -0.0039, -1.2279 1.0673 0.0, -1.2248 1.0704 -0.0039, -1.2248 1.0704 0.0, -1.2224 1.0741 -0.0039, -1.2224 1.0741 0.0, -1.221 1.0783 -0.0039, -1.221 1.0783 0.0, -1.2205 1.0827 -0.0039, -1.2205 1.0827 0.0, -1.3819 1.1417 -0.0039, -1.1417 -1.3819 0.072, -1.063 -1.3819 0.072, -1.1417 -1.378 0.072, -1.063 -1.378 0.072, -1.063 -1.378 0.0, -1.063 -1.3819 -0.0039, -1.063 -1.2402 0.0, -1.063 -1.2402 -0.0039, -1.0635 -1.2358 -0.0039, -1.0635 -1.2358 0.0, -1.0649 -1.2316 -0.0039, -1.0649 -1.2316 0.0, -1.0673 -1.2279 -0.0039, -1.0673 -1.2279 0.0, -1.0704 -1.2248 -0.0039, -1.0704 -1.2248 0.0, -1.0741 -1.2224 -0.0039, -1.0741 -1.2224 0.0, -1.0783 -1.221 -0.0039, -1.0783 -1.221 0.0, -1.0827 -1.2205 -0.0039, -1.0827 -1.2205 0.0, -1.1417 -1.3819 -0.0039, 1.3819 -1.1417 0.072, 1.3819 -1.063 0.072, 1.378 -1.1417 0.072, 1.378 -1.063 0.072, 1.378 -1.063 0.0, 1.3819 -1.063 -0.0039, 1.2402 -1.063 0.0, 1.2402 -1.063 -0.0039, 1.2358 -1.0635 -0.0039, 1.2358 -1.0635 0.0, 1.2316 -1.0649 -0.0039, 1.2316 -1.0649 0.0, 1.2279 -1.0673 -0.0039, 1.2279 -1.0673 0.0, 1.2248 -1.0704 -0.0039, 1.2248 -1.0704 0.0, 1.2224 -1.0741 -0.0039, 1.2224 -1.0741 0.0, 1.221 -1.0783 -0.0039, 1.221 -1.0783 0.0, 1.2205 -1.0827 -0.0039, 1.2205 -1.0827 0.0, 1.3819 -1.1417 -0.0039, -1.3819 0.9843 0.072, -1.3819 0.9055 0.072, -1.378 0.9843 0.072, -1.378 0.9055 0.072, -1.378 0.9055 0.0, -1.3819 0.9055 -0.0039, -1.2402 0.9055 0.0, -1.2402 0.9055 -0.0039, -1.2358 0.906 -0.0039, -1.2358 0.906 0.0, -1.2316 0.9075 -0.0039, -1.2316 0.9075 0.0, -1.2279 0.9098 -0.0039, -1.2279 0.9098 0.0, -1.2248 0.9129 -0.0039, -1.2248 0.9129 0.0, -1.2224 0.9167 -0.0039, -1.2224 0.9167 0.0, -1.221 0.9208 -0.0039, -1.221 0.9208 0.0, -1.2205 0.9252 -0.0039, -1.2205 0.9252 0.0, -1.2205 0.9646 -0.0039, -1.2205 0.9646 0.0, -1.221 0.9689 -0.0039, -1.221 0.9689 0.0, -1.2224 0.9731 -0.0039, -1.2224 0.9731 0.0, -1.2248 0.9768 -0.0039, -1.2248 0.9768 0.0, -1.2279 0.98 -0.0039, -1.2279 0.98 0.0, -1.2316 0.9823 -0.0039, -1.2316 0.9823 0.0, -1.2358 0.9838 -0.0039, -1.2358 0.9838 0.0, -1.2402 0.9843 -0.0039, -1.2402 0.9843 0.0, -1.378 0.9843 0.0, -1.3819 0.9843 -0.0039, -0.9843 -1.3819 0.072, -0.9055 -1.3819 0.072, -0.9843 -1.378 0.072, -0.9055 -1.378 0.072, -0.9055 -1.378 0.0, -0.9055 -1.3819 -0.0039, -0.9055 -1.2402 0.0, -0.9055 -1.2402 -0.0039, -0.906 -1.2358 -0.0039, -0.906 -1.2358 0.0, -0.9075 -1.2316 -0.0039, -0.9075 -1.2316 0.0, -0.9098 -1.2279 -0.0039, -0.9098 -1.2279 0.0, -0.9129 -1.2248 -0.0039, -0.9129 -1.2248 0.0, -0.9167 -1.2224 -0.0039, -0.9167 -1.2224 0.0, -0.9208 -1.221 -0.0039, -0.9208 -1.221 0.0, -0.9252 -1.2205 -0.0039, -0.9252 -1.2205 0.0, -0.9646 -1.2205 -0.0039, -0.9646 -1.2205 0.0, -0.9689 -1.221 -0.0039, -0.9689 -1.221 0.0, -0.9731 -1.2224 -0.0039, -0.9731 -1.2224 0.0, -0.9768 -1.2248 -0.0039, -0.9768 -1.2248 0.0, -0.98 -1.2279 -0.0039, -0.98 -1.2279 0.0, -0.9823 -1.2316 -0.0039, -0.9823 -1.2316 0.0, -0.9838 -1.2358 -0.0039, -0.9838 -1.2358 0.0, -0.9843 -1.2402 -0.0039, -0.9843 -1.2402 0.0, -0.9843 -1.378 0.0, -0.9843 -1.3819 -0.0039, 1.3819 -0.9843 0.072, 1.3819 -0.9055 0.072, 1.378 -0.9843 0.072, 1.378 -0.9055 0.072, 1.378 -0.9055 0.0, 1.3819 -0.9055 -0.0039, 1.2402 -0.9055 0.0, 1.2402 -0.9055 -0.0039, 1.2358 -0.906 -0.0039, 1.2358 -0.906 0.0, 1.2316 -0.9075 -0.0039, 1.2316 -0.9075 0.0, 1.2279 -0.9098 -0.0039, 1.2279 -0.9098 0.0, 1.2248 -0.9129 -0.0039, 1.2248 -0.9129 0.0, 1.2224 -0.9167 -0.0039, 1.2224 -0.9167 0.0, 1.221 -0.9208 -0.0039, 1.221 -0.9208 0.0, 1.2205 -0.9252 -0.0039, 1.2205 -0.9252 0.0, 1.2205 -0.9646 -0.0039, 1.2205 -0.9646 0.0, 1.221 -0.9689 -0.0039, 1.221 -0.9689 0.0, 1.2224 -0.9731 -0.0039, 1.2224 -0.9731 0.0, 1.2248 -0.9768 -0.0039, 1.2248 -0.9768 0.0, 1.2279 -0.98 -0.0039, 1.2279 -0.98 0.0, 1.2316 -0.9823 -0.0039, 1.2316 -0.9823 0.0, 1.2358 -0.9838 -0.0039, 1.2358 -0.9838 0.0, 1.2402 -0.9843 -0.0039, 1.2402 -0.9843 0.0, 1.378 -0.9843 0.0, 1.3819 -0.9843 -0.0039, -1.3819 0.8268 0.072, -1.3819 0.748 0.072, -1.378 0.8268 0.072, -1.378 0.748 0.072, -1.378 0.748 0.0, -1.3819 0.748 -0.0039, -1.2402 0.748 0.0, -1.2402 0.748 -0.0039, -1.2358 0.7485 -0.0039, -1.2358 0.7485 0.0, -1.2316 0.75 -0.0039, -1.2316 0.75 0.0, -1.2279 0.7523 -0.0039, -1.2279 0.7523 0.0, -1.2248 0.7554 -0.0039, -1.2248 0.7554 0.0, -1.2224 0.7592 -0.0039, -1.2224 0.7592 0.0, -1.221 0.7633 -0.0039, -1.221 0.7633 0.0, -1.2205 0.7677 -0.0039, -1.2205 0.7677 0.0, -1.2205 0.8071 -0.0039, -1.2205 0.8071 0.0, -1.221 0.8115 -0.0039, -1.221 0.8115 0.0, -1.2224 0.8156 -0.0039, -1.2224 0.8156 0.0, -1.2248 0.8194 -0.0039, -1.2248 0.8194 0.0, -1.2279 0.8225 -0.0039, -1.2279 0.8225 0.0, -1.2316 0.8248 -0.0039, -1.2316 0.8248 0.0, -1.2358 0.8263 -0.0039, -1.2358 0.8263 0.0, -1.2402 0.8268 -0.0039, -1.2402 0.8268 0.0, -1.378 0.8268 0.0, -1.3819 0.8268 -0.0039, -0.8268 -1.3819 0.072, -0.748 -1.3819 0.072, -0.8268 -1.378 0.072, -0.748 -1.378 0.072, -0.748 -1.378 0.0, -0.748 -1.3819 -0.0039, -0.748 -1.2402 0.0, -0.748 -1.2402 -0.0039, -0.7485 -1.2358 -0.0039, -0.7485 -1.2358 0.0, -0.75 -1.2316 -0.0039, -0.75 -1.2316 0.0, -0.7523 -1.2279 -0.0039, -0.7523 -1.2279 0.0, -0.7554 -1.2248 -0.0039, -0.7554 -1.2248 0.0, -0.7592 -1.2224 -0.0039, -0.7592 -1.2224 0.0, -0.7633 -1.221 -0.0039, -0.7633 -1.221 0.0, -0.7677 -1.2205 -0.0039, -0.7677 -1.2205 0.0, -0.8071 -1.2205 -0.0039, -0.8071 -1.2205 0.0, -0.8115 -1.221 -0.0039, -0.8115 -1.221 0.0, -0.8156 -1.2224 -0.0039, -0.8156 -1.2224 0.0, -0.8194 -1.2248 -0.0039, -0.8194 -1.2248 0.0, -0.8225 -1.2279 -0.0039, -0.8225 -1.2279 0.0, -0.8248 -1.2316 -0.0039, -0.8248 -1.2316 0.0, -0.8263 -1.2358 -0.0039, -0.8263 -1.2358 0.0, -0.8268 -1.2402 -0.0039, -0.8268 -1.2402 0.0, -0.8268 -1.378 0.0, -0.8268 -1.3819 -0.0039, 1.3819 -0.8268 0.072, 1.3819 -0.748 0.072, 1.378 -0.8268 0.072, 1.378 -0.748 0.072, 1.378 -0.748 0.0, 1.3819 -0.748 -0.0039, 1.2402 -0.748 0.0, 1.2402 -0.748 -0.0039, 1.2358 -0.7485 -0.0039, 1.2358 -0.7485 0.0, 1.2316 -0.75 -0.0039, 1.2316 -0.75 0.0, 1.2279 -0.7523 -0.0039, 1.2279 -0.7523 0.0, 1.2248 -0.7554 -0.0039, 1.2248 -0.7554 0.0, 1.2224 -0.7592 -0.0039, 1.2224 -0.7592 0.0, 1.221 -0.7633 -0.0039, 1.221 -0.7633 0.0, 1.2205 -0.7677 -0.0039, 1.2205 -0.7677 0.0, 1.2205 -0.8071 -0.0039, 1.2205 -0.8071 0.0, 1.221 -0.8115 -0.0039, 1.221 -0.8115 0.0, 1.2224 -0.8156 -0.0039, 1.2224 -0.8156 0.0, 1.2248 -0.8194 -0.0039, 1.2248 -0.8194 0.0, 1.2279 -0.8225 -0.0039, 1.2279 -0.8225 0.0, 1.2316 -0.8248 -0.0039, 1.2316 -0.8248 0.0, 1.2358 -0.8263 -0.0039, 1.2358 -0.8263 0.0, 1.2402 -0.8268 -0.0039, 1.2402 -0.8268 0.0, 1.378 -0.8268 0.0, 1.3819 -0.8268 -0.0039, -1.3819 0.6693 0.072, -1.3819 0.5906 0.072, -1.378 0.6693 0.072, -1.378 0.5906 0.072, -1.378 0.5906 0.0, -1.3819 0.5906 -0.0039, -1.2402 0.5906 0.0, -1.2402 0.5906 -0.0039, -1.2358 0.591 -0.0039, -1.2358 0.591 0.0, -1.2316 0.5925 -0.0039, -1.2316 0.5925 0.0, -1.2279 0.5948 -0.0039, -1.2279 0.5948 0.0, -1.2248 0.598 -0.0039, -1.2248 0.598 0.0, -1.2224 0.6017 -0.0039, -1.2224 0.6017 0.0, -1.221 0.6059 -0.0039, -1.221 0.6059 0.0, -1.2205 0.6102 -0.0039, -1.2205 0.6102 0.0, -1.2205 0.6496 -0.0039, -1.2205 0.6496 0.0, -1.221 0.654 -0.0039, -1.221 0.654 0.0, -1.2224 0.6581 -0.0039, -1.2224 0.6581 0.0, -1.2248 0.6619 -0.0039, -1.2248 0.6619 0.0, -1.2279 0.665 -0.0039, -1.2279 0.665 0.0, -1.2316 0.6673 -0.0039, -1.2316 0.6673 0.0, -1.2358 0.6688 -0.0039, -1.2358 0.6688 0.0, -1.2402 0.6693 -0.0039, -1.2402 0.6693 0.0, -1.378 0.6693 0.0, -1.3819 0.6693 -0.0039, -0.6693 -1.3819 0.072, -0.5906 -1.3819 0.072, -0.6693 -1.378 0.072, -0.5906 -1.378 0.072, -0.5906 -1.378 0.0, -0.5906 -1.3819 -0.0039, -0.5906 -1.2402 0.0, -0.5906 -1.2402 -0.0039, -0.591 -1.2358 -0.0039, -0.591 -1.2358 0.0, -0.5925 -1.2316 -0.0039, -0.5925 -1.2316 0.0, -0.5948 -1.2279 -0.0039, -0.5948 -1.2279 0.0, -0.598 -1.2248 -0.0039, -0.598 -1.2248 0.0, -0.6017 -1.2224 -0.0039, -0.6017 -1.2224 0.0, -0.6059 -1.221 -0.0039, -0.6059 -1.221 0.0, -0.6102 -1.2205 -0.0039, -0.6102 -1.2205 0.0, -0.6496 -1.2205 -0.0039, -0.6496 -1.2205 0.0, -0.654 -1.221 -0.0039, -0.654 -1.221 0.0, -0.6581 -1.2224 -0.0039, -0.6581 -1.2224 0.0, -0.6619 -1.2248 -0.0039, -0.6619 -1.2248 0.0, -0.665 -1.2279 -0.0039, -0.665 -1.2279 0.0, -0.6673 -1.2316 -0.0039, -0.6673 -1.2316 0.0, -0.6688 -1.2358 -0.0039, -0.6688 -1.2358 0.0, -0.6693 -1.2402 -0.0039, -0.6693 -1.2402 0.0, -0.6693 -1.378 0.0, -0.6693 -1.3819 -0.0039, 1.3819 -0.6693 0.072, 1.3819 -0.5906 0.072, 1.378 -0.6693 0.072, 1.378 -0.5906 0.072, 1.378 -0.5906 0.0, 1.3819 -0.5906 -0.0039, 1.2402 -0.5906 0.0, 1.2402 -0.5906 -0.0039, 1.2358 -0.591 -0.0039, 1.2358 -0.591 0.0, 1.2316 -0.5925 -0.0039, 1.2316 -0.5925 0.0, 1.2279 -0.5948 -0.0039, 1.2279 -0.5948 0.0, 1.2248 -0.598 -0.0039, 1.2248 -0.598 0.0, 1.2224 -0.6017 -0.0039, 1.2224 -0.6017 0.0, 1.221 -0.6059 -0.0039, 1.221 -0.6059 0.0, 1.2205 -0.6102 -0.0039, 1.2205 -0.6102 0.0, 1.2205 -0.6496 -0.0039, 1.2205 -0.6496 0.0, 1.221 -0.654 -0.0039, 1.221 -0.654 0.0, 1.2224 -0.6581 -0.0039, 1.2224 -0.6581 0.0, 1.2248 -0.6619 -0.0039, 1.2248 -0.6619 0.0, 1.2279 -0.665 -0.0039, 1.2279 -0.665 0.0, 1.2316 -0.6673 -0.0039, 1.2316 -0.6673 0.0, 1.2358 -0.6688 -0.0039, 1.2358 -0.6688 0.0, 1.2402 -0.6693 -0.0039, 1.2402 -0.6693 0.0, 1.378 -0.6693 0.0, 1.3819 -0.6693 -0.0039, -1.3819 0.5118 0.072, -1.3819 0.4331 0.072, -1.378 0.5118 0.072, -1.378 0.4331 0.072, -1.378 0.4331 0.0, -1.3819 0.4331 -0.0039, -1.2402 0.4331 0.0, -1.2402 0.4331 -0.0039, -1.2358 0.4336 -0.0039, -1.2358 0.4336 0.0, -1.2316 0.435 -0.0039, -1.2316 0.435 0.0, -1.2279 0.4374 -0.0039, -1.2279 0.4374 0.0, -1.2248 0.4405 -0.0039, -1.2248 0.4405 0.0, -1.2224 0.4442 -0.0039, -1.2224 0.4442 0.0, -1.221 0.4484 -0.0039, -1.221 0.4484 0.0, -1.2205 0.4528 -0.0039, -1.2205 0.4528 0.0, -1.2205 0.4921 -0.0039, -1.2205 0.4921 0.0, -1.221 0.4965 -0.0039, -1.221 0.4965 0.0, -1.2224 0.5007 -0.0039, -1.2224 0.5007 0.0, -1.2248 0.5044 -0.0039, -1.2248 0.5044 0.0, -1.2279 0.5075 -0.0039, -1.2279 0.5075 0.0, -1.2316 0.5099 -0.0039, -1.2316 0.5099 0.0, -1.2358 0.5113 -0.0039, -1.2358 0.5113 0.0, -1.2402 0.5118 -0.0039, -1.2402 0.5118 0.0, -1.378 0.5118 0.0, -1.3819 0.5118 -0.0039, -0.5118 -1.3819 0.072, -0.4331 -1.3819 0.072, -0.5118 -1.378 0.072, -0.4331 -1.378 0.072, -0.4331 -1.378 0.0, -0.4331 -1.3819 -0.0039, -0.4331 -1.2402 0.0, -0.4331 -1.2402 -0.0039, -0.4336 -1.2358 -0.0039, -0.4336 -1.2358 0.0, -0.435 -1.2316 -0.0039, -0.435 -1.2316 0.0, -0.4374 -1.2279 -0.0039, -0.4374 -1.2279 0.0, -0.4405 -1.2248 -0.0039, -0.4405 -1.2248 0.0, -0.4442 -1.2224 -0.0039, -0.4442 -1.2224 0.0, -0.4484 -1.221 -0.0039, -0.4484 -1.221 0.0, -0.4528 -1.2205 -0.0039, -0.4528 -1.2205 0.0, -0.4921 -1.2205 -0.0039, -0.4921 -1.2205 0.0, -0.4965 -1.221 -0.0039, -0.4965 -1.221 0.0, -0.5007 -1.2224 -0.0039, -0.5007 -1.2224 0.0, -0.5044 -1.2248 -0.0039, -0.5044 -1.2248 0.0, -0.5075 -1.2279 -0.0039, -0.5075 -1.2279 0.0, -0.5099 -1.2316 -0.0039, -0.5099 -1.2316 0.0, -0.5113 -1.2358 -0.0039, -0.5113 -1.2358 0.0, -0.5118 -1.2402 -0.0039, -0.5118 -1.2402 0.0, -0.5118 -1.378 0.0, -0.5118 -1.3819 -0.0039, 1.3819 -0.5118 0.072, 1.3819 -0.4331 0.072, 1.378 -0.5118 0.072, 1.378 -0.4331 0.072, 1.378 -0.4331 0.0, 1.3819 -0.4331 -0.0039, 1.2402 -0.4331 0.0, 1.2402 -0.4331 -0.0039, 1.2358 -0.4336 -0.0039, 1.2358 -0.4336 0.0, 1.2316 -0.435 -0.0039, 1.2316 -0.435 0.0, 1.2279 -0.4374 -0.0039, 1.2279 -0.4374 0.0, 1.2248 -0.4405 -0.0039, 1.2248 -0.4405 0.0, 1.2224 -0.4442 -0.0039, 1.2224 -0.4442 0.0, 1.221 -0.4484 -0.0039, 1.221 -0.4484 0.0, 1.2205 -0.4528 -0.0039, 1.2205 -0.4528 0.0, 1.2205 -0.4921 -0.0039, 1.2205 -0.4921 0.0, 1.221 -0.4965 -0.0039, 1.221 -0.4965 0.0, 1.2224 -0.5007 -0.0039, 1.2224 -0.5007 0.0, 1.2248 -0.5044 -0.0039, 1.2248 -0.5044 0.0, 1.2279 -0.5075 -0.0039, 1.2279 -0.5075 0.0, 1.2316 -0.5099 -0.0039, 1.2316 -0.5099 0.0, 1.2358 -0.5113 -0.0039, 1.2358 -0.5113 0.0, 1.2402 -0.5118 -0.0039, 1.2402 -0.5118 0.0, 1.378 -0.5118 0.0, 1.3819 -0.5118 -0.0039, -1.3819 0.3543 0.072, -1.3819 0.2756 0.072, -1.378 0.3543 0.072, -1.378 0.2756 0.072, -1.378 0.2756 0.0, -1.3819 0.2756 -0.0039, -1.2402 0.2756 0.0, -1.2402 0.2756 -0.0039, -1.2358 0.2761 -0.0039, -1.2358 0.2761 0.0, -1.2316 0.2775 -0.0039, -1.2316 0.2775 0.0, -1.2279 0.2799 -0.0039, -1.2279 0.2799 0.0, -1.2248 0.283 -0.0039, -1.2248 0.283 0.0, -1.2224 0.2867 -0.0039, -1.2224 0.2867 0.0, -1.221 0.2909 -0.0039, -1.221 0.2909 0.0, -1.2205 0.2953 -0.0039, -1.2205 0.2953 0.0, -1.2205 0.3346 -0.0039, -1.2205 0.3346 0.0, -1.221 0.339 -0.0039, -1.221 0.339 0.0, -1.2224 0.3432 -0.0039, -1.2224 0.3432 0.0, -1.2248 0.3469 -0.0039, -1.2248 0.3469 0.0, -1.2279 0.35 -0.0039, -1.2279 0.35 0.0, -1.2316 0.3524 -0.0039, -1.2316 0.3524 0.0, -1.2358 0.3538 -0.0039, -1.2358 0.3538 0.0, -1.2402 0.3543 -0.0039, -1.2402 0.3543 0.0, -1.378 0.3543 0.0, -1.3819 0.3543 -0.0039, -0.3543 -1.3819 0.072, -0.2756 -1.3819 0.072, -0.3543 -1.378 0.072, -0.2756 -1.378 0.072, -0.2756 -1.378 0.0, -0.2756 -1.3819 -0.0039, -0.2756 -1.2402 0.0, -0.2756 -1.2402 -0.0039, -0.2761 -1.2358 -0.0039, -0.2761 -1.2358 0.0, -0.2775 -1.2316 -0.0039, -0.2775 -1.2316 0.0, -0.2799 -1.2279 -0.0039, -0.2799 -1.2279 0.0, -0.283 -1.2248 -0.0039, -0.283 -1.2248 0.0, -0.2867 -1.2224 -0.0039, -0.2867 -1.2224 0.0, -0.2909 -1.221 -0.0039, -0.2909 -1.221 0.0, -0.2953 -1.2205 -0.0039, -0.2953 -1.2205 0.0, -0.3346 -1.2205 -0.0039, -0.3346 -1.2205 0.0, -0.339 -1.221 -0.0039, -0.339 -1.221 0.0, -0.3432 -1.2224 -0.0039, -0.3432 -1.2224 0.0, -0.3469 -1.2248 -0.0039, -0.3469 -1.2248 0.0, -0.35 -1.2279 -0.0039, -0.35 -1.2279 0.0, -0.3524 -1.2316 -0.0039, -0.3524 -1.2316 0.0, -0.3538 -1.2358 -0.0039, -0.3538 -1.2358 0.0, -0.3543 -1.2402 -0.0039, -0.3543 -1.2402 0.0, -0.3543 -1.378 0.0, -0.3543 -1.3819 -0.0039, 1.3819 -0.3543 0.072, 1.3819 -0.2756 0.072, 1.378 -0.3543 0.072, 1.378 -0.2756 0.072, 1.378 -0.2756 0.0, 1.3819 -0.2756 -0.0039, 1.2402 -0.2756 0.0, 1.2402 -0.2756 -0.0039, 1.2358 -0.2761 -0.0039, 1.2358 -0.2761 0.0, 1.2316 -0.2775 -0.0039, 1.2316 -0.2775 0.0, 1.2279 -0.2799 -0.0039, 1.2279 -0.2799 0.0, 1.2248 -0.283 -0.0039, 1.2248 -0.283 0.0, 1.2224 -0.2867 -0.0039, 1.2224 -0.2867 0.0, 1.221 -0.2909 -0.0039, 1.221 -0.2909 0.0, 1.2205 -0.2953 -0.0039, 1.2205 -0.2953 0.0, 1.2205 -0.3346 -0.0039, 1.2205 -0.3346 0.0, 1.221 -0.339 -0.0039, 1.221 -0.339 0.0, 1.2224 -0.3432 -0.0039, 1.2224 -0.3432 0.0, 1.2248 -0.3469 -0.0039, 1.2248 -0.3469 0.0, 1.2279 -0.35 -0.0039, 1.2279 -0.35 0.0, 1.2316 -0.3524 -0.0039, 1.2316 -0.3524 0.0, 1.2358 -0.3538 -0.0039, 1.2358 -0.3538 0.0, 1.2402 -0.3543 -0.0039, 1.2402 -0.3543 0.0, 1.378 -0.3543 0.0, 1.3819 -0.3543 -0.0039, -1.3819 0.1969 0.072, -1.3819 0.1181 0.072, -1.378 0.1969 0.072, -1.378 0.1181 0.072, -1.378 0.1181 0.0, -1.3819 0.1181 -0.0039, -1.2402 0.1181 0.0, -1.2402 0.1181 -0.0039, -1.2358 0.1186 -0.0039, -1.2358 0.1186 0.0, -1.2316 0.1201 -0.0039, -1.2316 0.1201 0.0, -1.2279 0.1224 -0.0039, -1.2279 0.1224 0.0, -1.2248 0.1255 -0.0039, -1.2248 0.1255 0.0, -1.2224 0.1293 -0.0039, -1.2224 0.1293 0.0, -1.221 0.1334 -0.0039, -1.221 0.1334 0.0, -1.2205 0.1378 -0.0039, -1.2205 0.1378 0.0, -1.2205 0.1772 -0.0039, -1.2205 0.1772 0.0, -1.221 0.1815 -0.0039, -1.221 0.1815 0.0, -1.2224 0.1857 -0.0039, -1.2224 0.1857 0.0, -1.2248 0.1894 -0.0039, -1.2248 0.1894 0.0, -1.2279 0.1926 -0.0039, -1.2279 0.1926 0.0, -1.2316 0.1949 -0.0039, -1.2316 0.1949 0.0, -1.2358 0.1964 -0.0039, -1.2358 0.1964 0.0, -1.2402 0.1969 -0.0039, -1.2402 0.1969 0.0, -1.378 0.1969 0.0, -1.3819 0.1969 -0.0039, -0.1969 -1.3819 0.072, -0.1181 -1.3819 0.072, -0.1969 -1.378 0.072, -0.1181 -1.378 0.072, -0.1181 -1.378 0.0, -0.1181 -1.3819 -0.0039, -0.1181 -1.2402 0.0, -0.1181 -1.2402 -0.0039, -0.1186 -1.2358 -0.0039, -0.1186 -1.2358 0.0, -0.1201 -1.2316 -0.0039, -0.1201 -1.2316 0.0, -0.1224 -1.2279 -0.0039, -0.1224 -1.2279 0.0, -0.1255 -1.2248 -0.0039, -0.1255 -1.2248 0.0, -0.1293 -1.2224 -0.0039, -0.1293 -1.2224 0.0, -0.1334 -1.221 -0.0039, -0.1334 -1.221 0.0, -0.1378 -1.2205 -0.0039, -0.1378 -1.2205 0.0, -0.1772 -1.2205 -0.0039, -0.1772 -1.2205 0.0, -0.1815 -1.221 -0.0039, -0.1815 -1.221 0.0, -0.1857 -1.2224 -0.0039, -0.1857 -1.2224 0.0, -0.1894 -1.2248 -0.0039, -0.1894 -1.2248 0.0, -0.1926 -1.2279 -0.0039, -0.1926 -1.2279 0.0, -0.1949 -1.2316 -0.0039, -0.1949 -1.2316 0.0, -0.1964 -1.2358 -0.0039, -0.1964 -1.2358 0.0, -0.1969 -1.2402 -0.0039, -0.1969 -1.2402 0.0, -0.1969 -1.378 0.0, -0.1969 -1.3819 -0.0039, 1.3819 -0.1969 0.072, 1.3819 -0.1181 0.072, 1.378 -0.1969 0.072, 1.378 -0.1181 0.072, 1.378 -0.1181 0.0, 1.3819 -0.1181 -0.0039, 1.2402 -0.1181 0.0, 1.2402 -0.1181 -0.0039, 1.2358 -0.1186 -0.0039, 1.2358 -0.1186 0.0, 1.2316 -0.1201 -0.0039, 1.2316 -0.1201 0.0, 1.2279 -0.1224 -0.0039, 1.2279 -0.1224 0.0, 1.2248 -0.1255 -0.0039, 1.2248 -0.1255 0.0, 1.2224 -0.1293 -0.0039, 1.2224 -0.1293 0.0, 1.221 -0.1334 -0.0039, 1.221 -0.1334 0.0, 1.2205 -0.1378 -0.0039, 1.2205 -0.1378 0.0, 1.2205 -0.1772 -0.0039, 1.2205 -0.1772 0.0, 1.221 -0.1815 -0.0039, 1.221 -0.1815 0.0, 1.2224 -0.1857 -0.0039, 1.2224 -0.1857 0.0, 1.2248 -0.1894 -0.0039, 1.2248 -0.1894 0.0, 1.2279 -0.1926 -0.0039, 1.2279 -0.1926 0.0, 1.2316 -0.1949 -0.0039, 1.2316 -0.1949 0.0, 1.2358 -0.1964 -0.0039, 1.2358 -0.1964 0.0, 1.2402 -0.1969 -0.0039, 1.2402 -0.1969 0.0, 1.378 -0.1969 0.0, 1.3819 -0.1969 -0.0039, -1.3819 0.0394 0.072, -1.3819 -0.0394 0.072, -1.378 0.0394 0.072, -1.378 -0.0394 0.072, -1.378 -0.0394 0.0, -1.3819 -0.0394 -0.0039, -1.2402 -0.0394 0.0, -1.2402 -0.0394 -0.0039, -1.2358 -0.0389 -0.0039, -1.2358 -0.0389 0.0, -1.2316 -0.0374 -0.0039, -1.2316 -0.0374 0.0, -1.2279 -0.0351 -0.0039, -1.2279 -0.0351 0.0, -1.2248 -0.032 -0.0039, -1.2248 -0.032 0.0, -1.2224 -0.0282 -0.0039, -1.2224 -0.0282 0.0, -1.221 -0.0241 -0.0039, -1.221 -0.0241 0.0, -1.2205 -0.0197 -0.0039, -1.2205 -0.0197 0.0, -1.2205 0.0197 -0.0039, -1.2205 0.0197 0.0, -1.221 0.0241 -0.0039, -1.221 0.0241 0.0, -1.2224 0.0282 -0.0039, -1.2224 0.0282 0.0, -1.2248 0.032 -0.0039, -1.2248 0.032 0.0, -1.2279 0.0351 -0.0039, -1.2279 0.0351 0.0, -1.2316 0.0374 -0.0039, -1.2316 0.0374 0.0, -1.2358 0.0389 -0.0039, -1.2358 0.0389 0.0, -1.2402 0.0394 -0.0039, -1.2402 0.0394 0.0, -1.378 0.0394 0.0, -1.3819 0.0394 -0.0039, -0.0394 -1.3819 0.072, 0.0394 -1.3819 0.072, -0.0394 -1.378 0.072, 0.0394 -1.378 0.072, 0.0394 -1.378 0.0, 0.0394 -1.3819 -0.0039, 0.0394 -1.2402 0.0, 0.0394 -1.2402 -0.0039, 0.0389 -1.2358 -0.0039, 0.0389 -1.2358 0.0, 0.0374 -1.2316 -0.0039, 0.0374 -1.2316 0.0, 0.0351 -1.2279 -0.0039, 0.0351 -1.2279 0.0, 0.032 -1.2248 -0.0039, 0.032 -1.2248 0.0, 0.0282 -1.2224 -0.0039, 0.0282 -1.2224 0.0, 0.0241 -1.221 -0.0039, 0.0241 -1.221 0.0, 0.0197 -1.2205 -0.0039, 0.0197 -1.2205 0.0, -0.0197 -1.2205 -0.0039, -0.0197 -1.2205 0.0, -0.0241 -1.221 -0.0039, -0.0241 -1.221 0.0, -0.0282 -1.2224 -0.0039, -0.0282 -1.2224 0.0, -0.032 -1.2248 -0.0039, -0.032 -1.2248 0.0, -0.0351 -1.2279 -0.0039, -0.0351 -1.2279 0.0, -0.0374 -1.2316 -0.0039, -0.0374 -1.2316 0.0, -0.0389 -1.2358 -0.0039, -0.0389 -1.2358 0.0, -0.0394 -1.2402 -0.0039, -0.0394 -1.2402 0.0, -0.0394 -1.378 0.0, -0.0394 -1.3819 -0.0039, 1.3819 -0.0394 0.072, 1.3819 0.0394 0.072, 1.378 -0.0394 0.072, 1.378 0.0394 0.072, 1.378 0.0394 0.0, 1.3819 0.0394 -0.0039, 1.2402 0.0394 0.0, 1.2402 0.0394 -0.0039, 1.2358 0.0389 -0.0039, 1.2358 0.0389 0.0, 1.2316 0.0374 -0.0039, 1.2316 0.0374 0.0, 1.2279 0.0351 -0.0039, 1.2279 0.0351 0.0, 1.2248 0.032 -0.0039, 1.2248 0.032 0.0, 1.2224 0.0282 -0.0039, 1.2224 0.0282 0.0, 1.221 0.0241 -0.0039, 1.221 0.0241 0.0, 1.2205 0.0197 -0.0039, 1.2205 0.0197 0.0, 1.2205 -0.0197 -0.0039, 1.2205 -0.0197 0.0, 1.221 -0.0241 -0.0039, 1.221 -0.0241 0.0, 1.2224 -0.0282 -0.0039, 1.2224 -0.0282 0.0, 1.2248 -0.032 -0.0039, 1.2248 -0.032 0.0, 1.2279 -0.0351 -0.0039, 1.2279 -0.0351 0.0, 1.2316 -0.0374 -0.0039, 1.2316 -0.0374 0.0, 1.2358 -0.0389 -0.0039, 1.2358 -0.0389 0.0, 1.2402 -0.0394 -0.0039, 1.2402 -0.0394 0.0, 1.378 -0.0394 0.0, 1.3819 -0.0394 -0.0039, -1.3819 -0.1181 0.072, -1.3819 -0.1969 0.072, -1.378 -0.1181 0.072, -1.378 -0.1969 0.072, -1.378 -0.1969 0.0, -1.3819 -0.1969 -0.0039, -1.2402 -0.1969 0.0, -1.2402 -0.1969 -0.0039, -1.2358 -0.1964 -0.0039, -1.2358 -0.1964 0.0, -1.2316 -0.1949 -0.0039, -1.2316 -0.1949 0.0, -1.2279 -0.1926 -0.0039, -1.2279 -0.1926 0.0, -1.2248 -0.1894 -0.0039, -1.2248 -0.1894 0.0, -1.2224 -0.1857 -0.0039, -1.2224 -0.1857 0.0, -1.221 -0.1815 -0.0039, -1.221 -0.1815 0.0, -1.2205 -0.1772 -0.0039, -1.2205 -0.1772 0.0, -1.2205 -0.1378 -0.0039, -1.2205 -0.1378 0.0, -1.221 -0.1334 -0.0039, -1.221 -0.1334 0.0, -1.2224 -0.1293 -0.0039, -1.2224 -0.1293 0.0, -1.2248 -0.1255 -0.0039, -1.2248 -0.1255 0.0, -1.2279 -0.1224 -0.0039, -1.2279 -0.1224 0.0, -1.2316 -0.1201 -0.0039, -1.2316 -0.1201 0.0, -1.2358 -0.1186 -0.0039, -1.2358 -0.1186 0.0, -1.2402 -0.1181 -0.0039, -1.2402 -0.1181 0.0, -1.378 -0.1181 0.0, -1.3819 -0.1181 -0.0039, 0.1181 -1.3819 0.072, 0.1969 -1.3819 0.072, 0.1181 -1.378 0.072, 0.1969 -1.378 0.072, 0.1969 -1.378 0.0, 0.1969 -1.3819 -0.0039, 0.1969 -1.2402 0.0, 0.1969 -1.2402 -0.0039, 0.1964 -1.2358 -0.0039, 0.1964 -1.2358 0.0, 0.1949 -1.2316 -0.0039, 0.1949 -1.2316 0.0, 0.1926 -1.2279 -0.0039, 0.1926 -1.2279 0.0, 0.1894 -1.2248 -0.0039, 0.1894 -1.2248 0.0, 0.1857 -1.2224 -0.0039, 0.1857 -1.2224 0.0, 0.1815 -1.221 -0.0039, 0.1815 -1.221 0.0, 0.1772 -1.2205 -0.0039, 0.1772 -1.2205 0.0, 0.1378 -1.2205 -0.0039, 0.1378 -1.2205 0.0, 0.1334 -1.221 -0.0039, 0.1334 -1.221 0.0, 0.1293 -1.2224 -0.0039, 0.1293 -1.2224 0.0, 0.1255 -1.2248 -0.0039, 0.1255 -1.2248 0.0, 0.1224 -1.2279 -0.0039, 0.1224 -1.2279 0.0, 0.1201 -1.2316 -0.0039, 0.1201 -1.2316 0.0, 0.1186 -1.2358 -0.0039, 0.1186 -1.2358 0.0, 0.1181 -1.2402 -0.0039, 0.1181 -1.2402 0.0, 0.1181 -1.378 0.0, 0.1181 -1.3819 -0.0039, 1.3819 0.1181 0.072, 1.3819 0.1969 0.072, 1.378 0.1181 0.072, 1.378 0.1969 0.072, 1.378 0.1969 0.0, 1.3819 0.1969 -0.0039, 1.2402 0.1969 0.0, 1.2402 0.1969 -0.0039, 1.2358 0.1964 -0.0039, 1.2358 0.1964 0.0, 1.2316 0.1949 -0.0039, 1.2316 0.1949 0.0, 1.2279 0.1926 -0.0039, 1.2279 0.1926 0.0, 1.2248 0.1894 -0.0039, 1.2248 0.1894 0.0, 1.2224 0.1857 -0.0039, 1.2224 0.1857 0.0, 1.221 0.1815 -0.0039, 1.221 0.1815 0.0, 1.2205 0.1772 -0.0039, 1.2205 0.1772 0.0, 1.2205 0.1378 -0.0039, 1.2205 0.1378 0.0, 1.221 0.1334 -0.0039, 1.221 0.1334 0.0, 1.2224 0.1293 -0.0039, 1.2224 0.1293 0.0, 1.2248 0.1255 -0.0039, 1.2248 0.1255 0.0, 1.2279 0.1224 -0.0039, 1.2279 0.1224 0.0, 1.2316 0.1201 -0.0039, 1.2316 0.1201 0.0, 1.2358 0.1186 -0.0039, 1.2358 0.1186 0.0, 1.2402 0.1181 -0.0039, 1.2402 0.1181 0.0, 1.378 0.1181 0.0, 1.3819 0.1181 -0.0039, -1.3819 -0.2756 0.072, -1.3819 -0.3543 0.072, -1.378 -0.2756 0.072, -1.378 -0.3543 0.072, -1.378 -0.3543 0.0, -1.3819 -0.3543 -0.0039, -1.2402 -0.3543 0.0, -1.2402 -0.3543 -0.0039, -1.2358 -0.3538 -0.0039, -1.2358 -0.3538 0.0, -1.2316 -0.3524 -0.0039, -1.2316 -0.3524 0.0, -1.2279 -0.35 -0.0039, -1.2279 -0.35 0.0, -1.2248 -0.3469 -0.0039, -1.2248 -0.3469 0.0, -1.2224 -0.3432 -0.0039, -1.2224 -0.3432 0.0, -1.221 -0.339 -0.0039, -1.221 -0.339 0.0, -1.2205 -0.3346 -0.0039, -1.2205 -0.3346 0.0, -1.2205 -0.2953 -0.0039, -1.2205 -0.2953 0.0, -1.221 -0.2909 -0.0039, -1.221 -0.2909 0.0, -1.2224 -0.2867 -0.0039, -1.2224 -0.2867 0.0, -1.2248 -0.283 -0.0039, -1.2248 -0.283 0.0, -1.2279 -0.2799 -0.0039, -1.2279 -0.2799 0.0, -1.2316 -0.2775 -0.0039, -1.2316 -0.2775 0.0, -1.2358 -0.2761 -0.0039, -1.2358 -0.2761 0.0, -1.2402 -0.2756 -0.0039, -1.2402 -0.2756 0.0, -1.378 -0.2756 0.0, -1.3819 -0.2756 -0.0039, 0.2756 -1.3819 0.072, 0.3543 -1.3819 0.072, 0.2756 -1.378 0.072, 0.3543 -1.378 0.072, 0.3543 -1.378 0.0, 0.3543 -1.3819 -0.0039, 0.3543 -1.2402 0.0, 0.3543 -1.2402 -0.0039, 0.3538 -1.2358 -0.0039, 0.3538 -1.2358 0.0, 0.3524 -1.2316 -0.0039, 0.3524 -1.2316 0.0, 0.35 -1.2279 -0.0039, 0.35 -1.2279 0.0, 0.3469 -1.2248 -0.0039, 0.3469 -1.2248 0.0, 0.3432 -1.2224 -0.0039, 0.3432 -1.2224 0.0, 0.339 -1.221 -0.0039, 0.339 -1.221 0.0, 0.3346 -1.2205 -0.0039, 0.3346 -1.2205 0.0, 0.2953 -1.2205 -0.0039, 0.2953 -1.2205 0.0, 0.2909 -1.221 -0.0039, 0.2909 -1.221 0.0, 0.2867 -1.2224 -0.0039, 0.2867 -1.2224 0.0, 0.283 -1.2248 -0.0039, 0.283 -1.2248 0.0, 0.2799 -1.2279 -0.0039, 0.2799 -1.2279 0.0, 0.2775 -1.2316 -0.0039, 0.2775 -1.2316 0.0, 0.2761 -1.2358 -0.0039, 0.2761 -1.2358 0.0, 0.2756 -1.2402 -0.0039, 0.2756 -1.2402 0.0, 0.2756 -1.378 0.0, 0.2756 -1.3819 -0.0039, 1.3819 0.2756 0.072, 1.3819 0.3543 0.072, 1.378 0.2756 0.072, 1.378 0.3543 0.072, 1.378 0.3543 0.0, 1.3819 0.3543 -0.0039, 1.2402 0.3543 0.0, 1.2402 0.3543 -0.0039, 1.2358 0.3538 -0.0039, 1.2358 0.3538 0.0, 1.2316 0.3524 -0.0039, 1.2316 0.3524 0.0, 1.2279 0.35 -0.0039, 1.2279 0.35 0.0, 1.2248 0.3469 -0.0039, 1.2248 0.3469 0.0, 1.2224 0.3432 -0.0039, 1.2224 0.3432 0.0, 1.221 0.339 -0.0039, 1.221 0.339 0.0, 1.2205 0.3346 -0.0039, 1.2205 0.3346 0.0, 1.2205 0.2953 -0.0039, 1.2205 0.2953 0.0, 1.221 0.2909 -0.0039, 1.221 0.2909 0.0, 1.2224 0.2867 -0.0039, 1.2224 0.2867 0.0, 1.2248 0.283 -0.0039, 1.2248 0.283 0.0, 1.2279 0.2799 -0.0039, 1.2279 0.2799 0.0, 1.2316 0.2775 -0.0039, 1.2316 0.2775 0.0, 1.2358 0.2761 -0.0039, 1.2358 0.2761 0.0, 1.2402 0.2756 -0.0039, 1.2402 0.2756 0.0, 1.378 0.2756 0.0, 1.3819 0.2756 -0.0039, -1.3819 -0.4331 0.072, -1.3819 -0.5118 0.072, -1.378 -0.4331 0.072, -1.378 -0.5118 0.072, -1.378 -0.5118 0.0, -1.3819 -0.5118 -0.0039, -1.2402 -0.5118 0.0, -1.2402 -0.5118 -0.0039, -1.2358 -0.5113 -0.0039, -1.2358 -0.5113 0.0, -1.2316 -0.5099 -0.0039, -1.2316 -0.5099 0.0, -1.2279 -0.5075 -0.0039, -1.2279 -0.5075 0.0, -1.2248 -0.5044 -0.0039, -1.2248 -0.5044 0.0, -1.2224 -0.5007 -0.0039, -1.2224 -0.5007 0.0, -1.221 -0.4965 -0.0039, -1.221 -0.4965 0.0, -1.2205 -0.4921 -0.0039, -1.2205 -0.4921 0.0, -1.2205 -0.4528 -0.0039, -1.2205 -0.4528 0.0, -1.221 -0.4484 -0.0039, -1.221 -0.4484 0.0, -1.2224 -0.4442 -0.0039, -1.2224 -0.4442 0.0, -1.2248 -0.4405 -0.0039, -1.2248 -0.4405 0.0, -1.2279 -0.4374 -0.0039, -1.2279 -0.4374 0.0, -1.2316 -0.435 -0.0039, -1.2316 -0.435 0.0, -1.2358 -0.4336 -0.0039, -1.2358 -0.4336 0.0, -1.2402 -0.4331 -0.0039, -1.2402 -0.4331 0.0, -1.378 -0.4331 0.0, -1.3819 -0.4331 -0.0039, 0.4331 -1.3819 0.072, 0.5118 -1.3819 0.072, 0.4331 -1.378 0.072, 0.5118 -1.378 0.072, 0.5118 -1.378 0.0, 0.5118 -1.3819 -0.0039, 0.5118 -1.2402 0.0, 0.5118 -1.2402 -0.0039, 0.5113 -1.2358 -0.0039, 0.5113 -1.2358 0.0, 0.5099 -1.2316 -0.0039, 0.5099 -1.2316 0.0, 0.5075 -1.2279 -0.0039, 0.5075 -1.2279 0.0, 0.5044 -1.2248 -0.0039, 0.5044 -1.2248 0.0, 0.5007 -1.2224 -0.0039, 0.5007 -1.2224 0.0, 0.4965 -1.221 -0.0039, 0.4965 -1.221 0.0, 0.4921 -1.2205 -0.0039, 0.4921 -1.2205 0.0, 0.4528 -1.2205 -0.0039, 0.4528 -1.2205 0.0, 0.4484 -1.221 -0.0039, 0.4484 -1.221 0.0, 0.4442 -1.2224 -0.0039, 0.4442 -1.2224 0.0, 0.4405 -1.2248 -0.0039, 0.4405 -1.2248 0.0, 0.4374 -1.2279 -0.0039, 0.4374 -1.2279 0.0, 0.435 -1.2316 -0.0039, 0.435 -1.2316 0.0, 0.4336 -1.2358 -0.0039, 0.4336 -1.2358 0.0, 0.4331 -1.2402 -0.0039, 0.4331 -1.2402 0.0, 0.4331 -1.378 0.0, 0.4331 -1.3819 -0.0039, 1.3819 0.4331 0.072, 1.3819 0.5118 0.072, 1.378 0.4331 0.072, 1.378 0.5118 0.072, 1.378 0.5118 0.0, 1.3819 0.5118 -0.0039, 1.2402 0.5118 0.0, 1.2402 0.5118 -0.0039, 1.2358 0.5113 -0.0039, 1.2358 0.5113 0.0, 1.2316 0.5099 -0.0039, 1.2316 0.5099 0.0, 1.2279 0.5075 -0.0039, 1.2279 0.5075 0.0, 1.2248 0.5044 -0.0039, 1.2248 0.5044 0.0, 1.2224 0.5007 -0.0039, 1.2224 0.5007 0.0, 1.221 0.4965 -0.0039, 1.221 0.4965 0.0, 1.2205 0.4921 -0.0039, 1.2205 0.4921 0.0, 1.2205 0.4528 -0.0039, 1.2205 0.4528 0.0, 1.221 0.4484 -0.0039, 1.221 0.4484 0.0, 1.2224 0.4442 -0.0039, 1.2224 0.4442 0.0, 1.2248 0.4405 -0.0039, 1.2248 0.4405 0.0, 1.2279 0.4374 -0.0039, 1.2279 0.4374 0.0, 1.2316 0.435 -0.0039, 1.2316 0.435 0.0, 1.2358 0.4336 -0.0039, 1.2358 0.4336 0.0, 1.2402 0.4331 -0.0039, 1.2402 0.4331 0.0, 1.378 0.4331 0.0, 1.3819 0.4331 -0.0039, -1.3819 -0.5906 0.072, -1.3819 -0.6693 0.072, -1.378 -0.5906 0.072, -1.378 -0.6693 0.072, -1.378 -0.6693 0.0, -1.3819 -0.6693 -0.0039, -1.2402 -0.6693 0.0, -1.2402 -0.6693 -0.0039, -1.2358 -0.6688 -0.0039, -1.2358 -0.6688 0.0, -1.2316 -0.6673 -0.0039, -1.2316 -0.6673 0.0, -1.2279 -0.665 -0.0039, -1.2279 -0.665 0.0, -1.2248 -0.6619 -0.0039, -1.2248 -0.6619 0.0, -1.2224 -0.6581 -0.0039, -1.2224 -0.6581 0.0, -1.221 -0.654 -0.0039, -1.221 -0.654 0.0, -1.2205 -0.6496 -0.0039, -1.2205 -0.6496 0.0, -1.2205 -0.6102 -0.0039, -1.2205 -0.6102 0.0, -1.221 -0.6059 -0.0039, -1.221 -0.6059 0.0, -1.2224 -0.6017 -0.0039, -1.2224 -0.6017 0.0, -1.2248 -0.598 -0.0039, -1.2248 -0.598 0.0, -1.2279 -0.5948 -0.0039, -1.2279 -0.5948 0.0, -1.2316 -0.5925 -0.0039, -1.2316 -0.5925 0.0, -1.2358 -0.591 -0.0039, -1.2358 -0.591 0.0, -1.2402 -0.5906 -0.0039, -1.2402 -0.5906 0.0, -1.378 -0.5906 0.0, -1.3819 -0.5906 -0.0039, 0.5906 -1.3819 0.072, 0.6693 -1.3819 0.072, 0.5906 -1.378 0.072, 0.6693 -1.378 0.072, 0.6693 -1.378 0.0, 0.6693 -1.3819 -0.0039, 0.6693 -1.2402 0.0, 0.6693 -1.2402 -0.0039, 0.6688 -1.2358 -0.0039, 0.6688 -1.2358 0.0, 0.6673 -1.2316 -0.0039, 0.6673 -1.2316 0.0, 0.665 -1.2279 -0.0039, 0.665 -1.2279 0.0, 0.6619 -1.2248 -0.0039, 0.6619 -1.2248 0.0, 0.6581 -1.2224 -0.0039, 0.6581 -1.2224 0.0, 0.654 -1.221 -0.0039, 0.654 -1.221 0.0, 0.6496 -1.2205 -0.0039, 0.6496 -1.2205 0.0, 0.6102 -1.2205 -0.0039, 0.6102 -1.2205 0.0, 0.6059 -1.221 -0.0039, 0.6059 -1.221 0.0, 0.6017 -1.2224 -0.0039, 0.6017 -1.2224 0.0, 0.598 -1.2248 -0.0039, 0.598 -1.2248 0.0, 0.5948 -1.2279 -0.0039, 0.5948 -1.2279 0.0, 0.5925 -1.2316 -0.0039, 0.5925 -1.2316 0.0, 0.591 -1.2358 -0.0039, 0.591 -1.2358 0.0, 0.5906 -1.2402 -0.0039, 0.5906 -1.2402 0.0, 0.5906 -1.378 0.0, 0.5906 -1.3819 -0.0039, 1.3819 0.5906 0.072, 1.3819 0.6693 0.072, 1.378 0.5906 0.072, 1.378 0.6693 0.072, 1.378 0.6693 0.0, 1.3819 0.6693 -0.0039, 1.2402 0.6693 0.0, 1.2402 0.6693 -0.0039, 1.2358 0.6688 -0.0039, 1.2358 0.6688 0.0, 1.2316 0.6673 -0.0039, 1.2316 0.6673 0.0, 1.2279 0.665 -0.0039, 1.2279 0.665 0.0, 1.2248 0.6619 -0.0039, 1.2248 0.6619 0.0, 1.2224 0.6581 -0.0039, 1.2224 0.6581 0.0, 1.221 0.654 -0.0039, 1.221 0.654 0.0, 1.2205 0.6496 -0.0039, 1.2205 0.6496 0.0, 1.2205 0.6102 -0.0039, 1.2205 0.6102 0.0, 1.221 0.6059 -0.0039, 1.221 0.6059 0.0, 1.2224 0.6017 -0.0039, 1.2224 0.6017 0.0, 1.2248 0.598 -0.0039, 1.2248 0.598 0.0, 1.2279 0.5948 -0.0039, 1.2279 0.5948 0.0, 1.2316 0.5925 -0.0039, 1.2316 0.5925 0.0, 1.2358 0.591 -0.0039, 1.2358 0.591 0.0, 1.2402 0.5906 -0.0039, 1.2402 0.5906 0.0, 1.378 0.5906 0.0, 1.3819 0.5906 -0.0039, -1.3819 -0.748 0.072, -1.3819 -0.8268 0.072, -1.378 -0.748 0.072, -1.378 -0.8268 0.072, -1.378 -0.8268 0.0, -1.3819 -0.8268 -0.0039, -1.2402 -0.8268 0.0, -1.2402 -0.8268 -0.0039, -1.2358 -0.8263 -0.0039, -1.2358 -0.8263 0.0, -1.2316 -0.8248 -0.0039, -1.2316 -0.8248 0.0, -1.2279 -0.8225 -0.0039, -1.2279 -0.8225 0.0, -1.2248 -0.8194 -0.0039, -1.2248 -0.8194 0.0, -1.2224 -0.8156 -0.0039, -1.2224 -0.8156 0.0, -1.221 -0.8115 -0.0039, -1.221 -0.8115 0.0, -1.2205 -0.8071 -0.0039, -1.2205 -0.8071 0.0, -1.2205 -0.7677 -0.0039, -1.2205 -0.7677 0.0, -1.221 -0.7633 -0.0039, -1.221 -0.7633 0.0, -1.2224 -0.7592 -0.0039, -1.2224 -0.7592 0.0, -1.2248 -0.7554 -0.0039, -1.2248 -0.7554 0.0, -1.2279 -0.7523 -0.0039, -1.2279 -0.7523 0.0, -1.2316 -0.75 -0.0039, -1.2316 -0.75 0.0, -1.2358 -0.7485 -0.0039, -1.2358 -0.7485 0.0, -1.2402 -0.748 -0.0039, -1.2402 -0.748 0.0, -1.378 -0.748 0.0, -1.3819 -0.748 -0.0039, 0.748 -1.3819 0.072, 0.8268 -1.3819 0.072, 0.748 -1.378 0.072, 0.8268 -1.378 0.072, 0.8268 -1.378 0.0, 0.8268 -1.3819 -0.0039, 0.8268 -1.2402 0.0, 0.8268 -1.2402 -0.0039, 0.8263 -1.2358 -0.0039, 0.8263 -1.2358 0.0, 0.8248 -1.2316 -0.0039, 0.8248 -1.2316 0.0, 0.8225 -1.2279 -0.0039, 0.8225 -1.2279 0.0, 0.8194 -1.2248 -0.0039, 0.8194 -1.2248 0.0, 0.8156 -1.2224 -0.0039, 0.8156 -1.2224 0.0, 0.8115 -1.221 -0.0039, 0.8115 -1.221 0.0, 0.8071 -1.2205 -0.0039, 0.8071 -1.2205 0.0, 0.7677 -1.2205 -0.0039, 0.7677 -1.2205 0.0, 0.7633 -1.221 -0.0039, 0.7633 -1.221 0.0, 0.7592 -1.2224 -0.0039, 0.7592 -1.2224 0.0, 0.7554 -1.2248 -0.0039, 0.7554 -1.2248 0.0, 0.7523 -1.2279 -0.0039, 0.7523 -1.2279 0.0, 0.75 -1.2316 -0.0039, 0.75 -1.2316 0.0, 0.7485 -1.2358 -0.0039, 0.7485 -1.2358 0.0, 0.748 -1.2402 -0.0039, 0.748 -1.2402 0.0, 0.748 -1.378 0.0, 0.748 -1.3819 -0.0039, 1.3819 0.748 0.072, 1.3819 0.8268 0.072, 1.378 0.748 0.072, 1.378 0.8268 0.072, 1.378 0.8268 0.0, 1.3819 0.8268 -0.0039, 1.2402 0.8268 0.0, 1.2402 0.8268 -0.0039, 1.2358 0.8263 -0.0039, 1.2358 0.8263 0.0, 1.2316 0.8248 -0.0039, 1.2316 0.8248 0.0, 1.2279 0.8225 -0.0039, 1.2279 0.8225 0.0, 1.2248 0.8194 -0.0039, 1.2248 0.8194 0.0, 1.2224 0.8156 -0.0039, 1.2224 0.8156 0.0, 1.221 0.8115 -0.0039, 1.221 0.8115 0.0, 1.2205 0.8071 -0.0039, 1.2205 0.8071 0.0, 1.2205 0.7677 -0.0039, 1.2205 0.7677 0.0, 1.221 0.7633 -0.0039, 1.221 0.7633 0.0, 1.2224 0.7592 -0.0039, 1.2224 0.7592 0.0, 1.2248 0.7554 -0.0039, 1.2248 0.7554 0.0, 1.2279 0.7523 -0.0039, 1.2279 0.7523 0.0, 1.2316 0.75 -0.0039, 1.2316 0.75 0.0, 1.2358 0.7485 -0.0039, 1.2358 0.7485 0.0, 1.2402 0.748 -0.0039, 1.2402 0.748 0.0, 1.378 0.748 0.0, 1.3819 0.748 -0.0039, -1.3819 -0.9055 0.072, -1.3819 -0.9843 0.072, -1.378 -0.9055 0.072, -1.378 -0.9843 0.072, -1.378 -0.9843 0.0, -1.3819 -0.9843 -0.0039, -1.2402 -0.9843 0.0, -1.2402 -0.9843 -0.0039, -1.2358 -0.9838 -0.0039, -1.2358 -0.9838 0.0, -1.2316 -0.9823 -0.0039, -1.2316 -0.9823 0.0, -1.2279 -0.98 -0.0039, -1.2279 -0.98 0.0, -1.2248 -0.9768 -0.0039, -1.2248 -0.9768 0.0, -1.2224 -0.9731 -0.0039, -1.2224 -0.9731 0.0, -1.221 -0.9689 -0.0039, -1.221 -0.9689 0.0, -1.2205 -0.9646 -0.0039, -1.2205 -0.9646 0.0, -1.2205 -0.9252 -0.0039, -1.2205 -0.9252 0.0, -1.221 -0.9208 -0.0039, -1.221 -0.9208 0.0, -1.2224 -0.9167 -0.0039, -1.2224 -0.9167 0.0, -1.2248 -0.9129 -0.0039, -1.2248 -0.9129 0.0, -1.2279 -0.9098 -0.0039, -1.2279 -0.9098 0.0, -1.2316 -0.9075 -0.0039, -1.2316 -0.9075 0.0, -1.2358 -0.906 -0.0039, -1.2358 -0.906 0.0, -1.2402 -0.9055 -0.0039, -1.2402 -0.9055 0.0, -1.378 -0.9055 0.0, -1.3819 -0.9055 -0.0039, 0.9055 -1.3819 0.072, 0.9843 -1.3819 0.072, 0.9055 -1.378 0.072, 0.9843 -1.378 0.072, 0.9843 -1.378 0.0, 0.9843 -1.3819 -0.0039, 0.9843 -1.2402 0.0, 0.9843 -1.2402 -0.0039, 0.9838 -1.2358 -0.0039, 0.9838 -1.2358 0.0, 0.9823 -1.2316 -0.0039, 0.9823 -1.2316 0.0, 0.98 -1.2279 -0.0039, 0.98 -1.2279 0.0, 0.9768 -1.2248 -0.0039, 0.9768 -1.2248 0.0, 0.9731 -1.2224 -0.0039, 0.9731 -1.2224 0.0, 0.9689 -1.221 -0.0039, 0.9689 -1.221 0.0, 0.9646 -1.2205 -0.0039, 0.9646 -1.2205 0.0, 0.9252 -1.2205 -0.0039, 0.9252 -1.2205 0.0, 0.9208 -1.221 -0.0039, 0.9208 -1.221 0.0, 0.9167 -1.2224 -0.0039, 0.9167 -1.2224 0.0, 0.9129 -1.2248 -0.0039, 0.9129 -1.2248 0.0, 0.9098 -1.2279 -0.0039, 0.9098 -1.2279 0.0, 0.9075 -1.2316 -0.0039, 0.9075 -1.2316 0.0, 0.906 -1.2358 -0.0039, 0.906 -1.2358 0.0, 0.9055 -1.2402 -0.0039, 0.9055 -1.2402 0.0, 0.9055 -1.378 0.0, 0.9055 -1.3819 -0.0039, 1.3819 0.9055 0.072, 1.3819 0.9843 0.072, 1.378 0.9055 0.072, 1.378 0.9843 0.072, 1.378 0.9843 0.0, 1.3819 0.9843 -0.0039, 1.2402 0.9843 0.0, 1.2402 0.9843 -0.0039, 1.2358 0.9838 -0.0039, 1.2358 0.9838 0.0, 1.2316 0.9823 -0.0039, 1.2316 0.9823 0.0, 1.2279 0.98 -0.0039, 1.2279 0.98 0.0, 1.2248 0.9768 -0.0039, 1.2248 0.9768 0.0, 1.2224 0.9731 -0.0039, 1.2224 0.9731 0.0, 1.221 0.9689 -0.0039, 1.221 0.9689 0.0, 1.2205 0.9646 -0.0039, 1.2205 0.9646 0.0, 1.2205 0.9252 -0.0039, 1.2205 0.9252 0.0, 1.221 0.9208 -0.0039, 1.221 0.9208 0.0, 1.2224 0.9167 -0.0039, 1.2224 0.9167 0.0, 1.2248 0.9129 -0.0039, 1.2248 0.9129 0.0, 1.2279 0.9098 -0.0039, 1.2279 0.9098 0.0, 1.2316 0.9075 -0.0039, 1.2316 0.9075 0.0, 1.2358 0.906 -0.0039, 1.2358 0.906 0.0, 1.2402 0.9055 -0.0039, 1.2402 0.9055 0.0, 1.378 0.9055 0.0, 1.3819 0.9055 -0.0039, 1.2205 1.0952 0.0, 1.267 1.1417 0.0, 1.2205 1.0952 -0.0039, 1.267 1.1417 -0.0039, 1.1417 1.267 0.0, 1.0952 1.2205 0.0, 1.1417 1.267 -0.0039, 1.0952 1.2205 -0.0039, 1.0952 1.2205 -0.0039
            ]
        }
        coordIndex [
            0,1,2,-1,2,1,3,-1,3,1,4,-1,4,1,5,-1,4,5,6,-1,6,5,7,-1,6,7,8,-1,6,8,9,-1,9,8,10,-1,9,10,11,-1,11,10,12,-1,11,12,13,-1,13,12,14,-1,13,14,15,-1,15,14,16,-1,15,16,17,-1,17,16,18,-1,17,18,19,-1,19,18,20,-1,19,20,21,-1,5,1,22,-1,22,1,0,-1,23,24,25,-1,25,24,26,-1,26,24,27,-1,27,24,28,-1,27,28,29,-1,29,28,30,-1,29,30,31,-1,29,31,32,-1,32,31,33,-1,32,33,34,-1,34,33,35,-1,34,35,36,-1,36,35,37,-1,36,37,38,-1,38,37,39,-1,38,39,40,-1,40,39,41,-1,40,41,42,-1,42,41,43,-1,42,43,44,-1,43,45,44,-1,44,45,46,-1,46,45,47,-1,46,47,48,-1,48,47,49,-1,48,49,50,-1,50,49,51,-1,50,51,52,-1,52,51,53,-1,52,53,54,-1,54,53,55,-1,54,55,56,-1,56,55,57,-1,56,57,58,-1,58,57,59,-1,58,59,60,-1,60,59,61,-1,61,59,62,-1,61,62,25,-1,25,62,23,-1,28,24,62,-1,62,24,23,-1,31,30,41,-1,28,62,30,-1,30,62,59,-1,47,45,57,-1,57,45,59,-1,59,45,30,-1,30,45,43,-1,30,43,41,-1,57,55,47,-1,47,55,53,-1,47,53,49,-1,49,53,51,-1,39,37,35,-1,39,35,41,-1,41,35,33,-1,41,33,31,-1,63,64,65,-1,65,64,66,-1,66,64,67,-1,67,64,68,-1,67,68,69,-1,69,68,70,-1,69,70,71,-1,69,71,72,-1,72,71,73,-1,72,73,74,-1,74,73,75,-1,74,75,76,-1,76,75,77,-1,76,77,78,-1,78,77,79,-1,78,79,80,-1,80,79,81,-1,80,81,82,-1,82,81,83,-1,82,83,84,-1,83,85,84,-1,84,85,86,-1,86,85,87,-1,86,87,88,-1,88,87,89,-1,88,89,90,-1,90,89,91,-1,90,91,92,-1,92,91,93,-1,92,93,94,-1,94,93,95,-1,94,95,96,-1,96,95,97,-1,96,97,98,-1,98,97,99,-1,98,99,100,-1,100,99,101,-1,101,99,102,-1,101,102,65,-1,65,102,63,-1,68,64,102,-1,102,64,63,-1,68,102,83,-1,83,102,99,-1,83,99,85,-1,85,99,97,-1,85,97,87,-1,68,83,70,-1,70,83,81,-1,70,81,79,-1,79,77,70,-1,70,77,75,-1,70,75,71,-1,71,75,73,-1,97,95,87,-1,87,95,93,-1,87,93,89,-1,89,93,91,-1,103,104,105,-1,105,104,106,-1,106,104,107,-1,107,104,108,-1,107,108,109,-1,109,108,110,-1,109,110,111,-1,109,111,112,-1,112,111,113,-1,112,113,114,-1,114,113,115,-1,114,115,116,-1,116,115,117,-1,116,117,118,-1,118,117,119,-1,118,119,120,-1,120,119,121,-1,120,121,122,-1,122,121,123,-1,122,123,124,-1,123,125,124,-1,124,125,126,-1,126,125,127,-1,126,127,128,-1,128,127,129,-1,128,129,130,-1,130,129,131,-1,130,131,132,-1,132,131,133,-1,132,133,134,-1,134,133,135,-1,134,135,136,-1,136,135,137,-1,136,137,138,-1,138,137,139,-1,138,139,140,-1,140,139,141,-1,141,139,142,-1,141,142,105,-1,105,142,103,-1,108,104,142,-1,142,104,103,-1,108,142,123,-1,123,142,139,-1,108,123,110,-1,110,123,121,-1,110,121,119,-1,119,117,110,-1,110,117,115,-1,110,115,111,-1,111,115,113,-1,137,127,139,-1,139,127,125,-1,139,125,123,-1,131,129,133,-1,133,129,127,-1,133,127,135,-1,135,127,137,-1,143,144,145,-1,145,144,146,-1,146,144,147,-1,147,144,148,-1,147,148,149,-1,149,148,150,-1,149,150,151,-1,149,151,152,-1,152,151,153,-1,152,153,154,-1,154,153,155,-1,154,155,156,-1,156,155,157,-1,156,157,158,-1,158,157,159,-1,158,159,160,-1,160,159,161,-1,160,161,162,-1,162,161,163,-1,162,163,164,-1,163,165,164,-1,164,165,166,-1,166,165,167,-1,166,167,168,-1,168,167,169,-1,168,169,170,-1,170,169,171,-1,170,171,172,-1,172,171,173,-1,172,173,174,-1,174,173,175,-1,174,175,176,-1,176,175,177,-1,176,177,178,-1,178,177,179,-1,178,179,180,-1,180,179,181,-1,181,179,182,-1,181,182,145,-1,145,182,143,-1,148,144,182,-1,182,144,143,-1,148,182,163,-1,163,182,179,-1,148,163,150,-1,150,163,161,-1,150,161,159,-1,159,157,150,-1,150,157,155,-1,150,155,151,-1,151,155,153,-1,177,167,179,-1,179,167,165,-1,179,165,163,-1,171,169,173,-1,173,169,167,-1,173,167,175,-1,175,167,177,-1,183,184,185,-1,185,184,186,-1,186,184,187,-1,187,184,188,-1,187,188,189,-1,189,188,190,-1,189,190,191,-1,189,191,192,-1,192,191,193,-1,192,193,194,-1,194,193,195,-1,194,195,196,-1,196,195,197,-1,196,197,198,-1,198,197,199,-1,198,199,200,-1,200,199,201,-1,200,201,202,-1,202,201,203,-1,202,203,204,-1,203,205,204,-1,204,205,206,-1,206,205,207,-1,206,207,208,-1,208,207,209,-1,208,209,210,-1,210,209,211,-1,210,211,212,-1,212,211,213,-1,212,213,214,-1,214,213,215,-1,214,215,216,-1,216,215,217,-1,216,217,218,-1,218,217,219,-1,218,219,220,-1,220,219,221,-1,221,219,222,-1,221,222,185,-1,185,222,183,-1,188,184,222,-1,222,184,183,-1,190,188,203,-1,188,222,203,-1,203,222,219,-1,203,219,205,-1,193,199,195,-1,195,199,197,-1,203,201,190,-1,190,201,199,-1,190,199,191,-1,191,199,193,-1,205,219,207,-1,207,219,217,-1,207,217,215,-1,215,213,207,-1,207,213,211,-1,207,211,209,-1,223,224,225,-1,225,224,226,-1,226,224,227,-1,227,224,228,-1,227,228,229,-1,229,228,230,-1,229,230,231,-1,229,231,232,-1,232,231,233,-1,232,233,234,-1,234,233,235,-1,234,235,236,-1,236,235,237,-1,236,237,238,-1,238,237,239,-1,238,239,240,-1,240,239,241,-1,240,241,242,-1,242,241,243,-1,242,243,244,-1,243,245,244,-1,244,245,246,-1,246,245,247,-1,246,247,248,-1,248,247,249,-1,248,249,250,-1,250,249,251,-1,250,251,252,-1,252,251,253,-1,252,253,254,-1,254,253,255,-1,254,255,256,-1,256,255,257,-1,256,257,258,-1,258,257,259,-1,258,259,260,-1,260,259,261,-1,261,259,262,-1,261,262,225,-1,225,262,223,-1,228,224,262,-1,262,224,223,-1,230,228,243,-1,228,262,243,-1,243,262,259,-1,243,259,245,-1,233,239,235,-1,235,239,237,-1,243,241,230,-1,230,241,239,-1,230,239,231,-1,231,239,233,-1,245,259,247,-1,247,259,257,-1,247,257,255,-1,255,253,247,-1,247,253,251,-1,247,251,249,-1,263,264,265,-1,265,264,266,-1,266,264,267,-1,267,264,268,-1,267,268,269,-1,269,268,270,-1,269,270,271,-1,269,271,272,-1,272,271,273,-1,272,273,274,-1,274,273,275,-1,274,275,276,-1,276,275,277,-1,276,277,278,-1,278,277,279,-1,278,279,280,-1,280,279,281,-1,280,281,282,-1,282,281,283,-1,282,283,284,-1,283,285,284,-1,284,285,286,-1,286,285,287,-1,286,287,288,-1,288,287,289,-1,288,289,290,-1,290,289,291,-1,290,291,292,-1,292,291,293,-1,292,293,294,-1,294,293,295,-1,294,295,296,-1,296,295,297,-1,296,297,298,-1,298,297,299,-1,298,299,300,-1,300,299,301,-1,301,299,302,-1,301,302,265,-1,265,302,263,-1,268,264,302,-1,302,264,263,-1,270,268,283,-1,268,302,283,-1,283,302,299,-1,283,299,285,-1,283,281,270,-1,270,281,279,-1,270,279,277,-1,277,275,270,-1,270,275,273,-1,270,273,271,-1,285,299,287,-1,287,299,297,-1,287,297,295,-1,295,293,287,-1,287,293,291,-1,287,291,289,-1,303,304,305,-1,305,304,306,-1,306,304,307,-1,307,304,308,-1,307,308,309,-1,309,308,310,-1,309,310,311,-1,309,311,312,-1,312,311,313,-1,312,313,314,-1,314,313,315,-1,314,315,316,-1,316,315,317,-1,316,317,318,-1,318,317,319,-1,318,319,320,-1,320,319,321,-1,320,321,322,-1,322,321,323,-1,322,323,324,-1,323,325,324,-1,324,325,326,-1,326,325,327,-1,326,327,328,-1,328,327,329,-1,328,329,330,-1,330,329,331,-1,330,331,332,-1,332,331,333,-1,332,333,334,-1,334,333,335,-1,334,335,336,-1,336,335,337,-1,336,337,338,-1,338,337,339,-1,338,339,340,-1,340,339,341,-1,341,339,342,-1,341,342,305,-1,305,342,303,-1,308,304,342,-1,342,304,303,-1,310,308,323,-1,308,342,323,-1,323,342,339,-1,323,339,325,-1,313,319,315,-1,315,319,317,-1,323,321,310,-1,310,321,319,-1,310,319,311,-1,311,319,313,-1,325,339,327,-1,327,339,337,-1,327,337,335,-1,335,333,327,-1,327,333,331,-1,327,331,329,-1,343,344,345,-1,345,344,346,-1,346,344,347,-1,347,344,348,-1,347,348,349,-1,349,348,350,-1,349,350,351,-1,349,351,352,-1,352,351,353,-1,352,353,354,-1,354,353,355,-1,354,355,356,-1,356,355,357,-1,356,357,358,-1,358,357,359,-1,358,359,360,-1,360,359,361,-1,360,361,362,-1,362,361,363,-1,362,363,364,-1,363,365,364,-1,364,365,366,-1,366,365,367,-1,366,367,368,-1,368,367,369,-1,368,369,370,-1,370,369,371,-1,370,371,372,-1,372,371,373,-1,372,373,374,-1,374,373,375,-1,374,375,376,-1,376,375,377,-1,376,377,378,-1,378,377,379,-1,378,379,380,-1,380,379,381,-1,381,379,382,-1,381,382,345,-1,345,382,343,-1,348,344,382,-1,382,344,343,-1,350,348,363,-1,348,382,363,-1,363,382,379,-1,363,379,365,-1,353,359,355,-1,355,359,357,-1,363,361,350,-1,350,361,359,-1,350,359,351,-1,351,359,353,-1,365,379,367,-1,367,379,377,-1,367,377,375,-1,375,373,367,-1,367,373,371,-1,367,371,369,-1,383,384,385,-1,385,384,386,-1,386,384,387,-1,387,384,388,-1,387,388,389,-1,389,388,390,-1,389,390,391,-1,389,391,392,-1,392,391,393,-1,392,393,394,-1,394,393,395,-1,394,395,396,-1,396,395,397,-1,396,397,398,-1,398,397,399,-1,398,399,400,-1,400,399,401,-1,400,401,402,-1,402,401,403,-1,402,403,404,-1,403,405,404,-1,404,405,406,-1,406,405,407,-1,406,407,408,-1,408,407,409,-1,408,409,410,-1,410,409,411,-1,410,411,412,-1,412,411,413,-1,412,413,414,-1,414,413,415,-1,414,415,416,-1,416,415,417,-1,416,417,418,-1,418,417,419,-1,418,419,420,-1,420,419,421,-1,421,419,422,-1,421,422,385,-1,385,422,383,-1,388,384,422,-1,422,384,383,-1,417,415,413,-1,409,407,419,-1,419,407,405,-1,419,405,422,-1,417,413,419,-1,419,413,411,-1,419,411,409,-1,422,405,388,-1,388,405,403,-1,388,403,390,-1,390,403,401,-1,390,401,399,-1,399,397,390,-1,390,397,395,-1,390,395,391,-1,391,395,393,-1,423,424,425,-1,425,424,426,-1,426,424,427,-1,427,424,428,-1,427,428,429,-1,429,428,430,-1,429,430,431,-1,429,431,432,-1,432,431,433,-1,432,433,434,-1,434,433,435,-1,434,435,436,-1,436,435,437,-1,436,437,438,-1,438,437,439,-1,438,439,440,-1,440,439,441,-1,440,441,442,-1,442,441,443,-1,442,443,444,-1,443,445,444,-1,444,445,446,-1,446,445,447,-1,446,447,448,-1,448,447,449,-1,448,449,450,-1,450,449,451,-1,450,451,452,-1,452,451,453,-1,452,453,454,-1,454,453,455,-1,454,455,456,-1,456,455,457,-1,456,457,458,-1,458,457,459,-1,458,459,460,-1,460,459,461,-1,461,459,462,-1,461,462,425,-1,425,462,423,-1,428,424,462,-1,462,424,423,-1,457,455,453,-1,449,447,459,-1,459,447,445,-1,459,445,462,-1,457,453,459,-1,459,453,451,-1,459,451,449,-1,462,445,428,-1,428,445,443,-1,428,443,430,-1,430,443,441,-1,430,441,439,-1,439,437,430,-1,430,437,435,-1,430,435,431,-1,431,435,433,-1,463,464,465,-1,465,464,466,-1,466,464,467,-1,467,464,468,-1,467,468,469,-1,469,468,470,-1,469,470,471,-1,469,471,472,-1,472,471,473,-1,472,473,474,-1,474,473,475,-1,474,475,476,-1,476,475,477,-1,476,477,478,-1,478,477,479,-1,478,479,480,-1,480,479,481,-1,480,481,482,-1,482,481,483,-1,482,483,484,-1,483,485,484,-1,484,485,486,-1,486,485,487,-1,486,487,488,-1,488,487,489,-1,488,489,490,-1,490,489,491,-1,490,491,492,-1,492,491,493,-1,492,493,494,-1,494,493,495,-1,494,495,496,-1,496,495,497,-1,496,497,498,-1,498,497,499,-1,498,499,500,-1,500,499,501,-1,501,499,502,-1,501,502,465,-1,465,502,463,-1,468,464,502,-1,502,464,463,-1,497,495,493,-1,489,487,499,-1,499,487,485,-1,499,485,502,-1,502,485,468,-1,468,485,483,-1,468,483,470,-1,470,483,481,-1,470,481,471,-1,497,493,499,-1,499,493,491,-1,499,491,489,-1,479,477,475,-1,479,475,481,-1,481,475,473,-1,481,473,471,-1,503,504,505,-1,505,504,506,-1,506,504,507,-1,507,504,508,-1,507,508,509,-1,509,508,510,-1,509,510,511,-1,509,511,512,-1,512,511,513,-1,512,513,514,-1,514,513,515,-1,514,515,516,-1,516,515,517,-1,516,517,518,-1,518,517,519,-1,518,519,520,-1,520,519,521,-1,520,521,522,-1,522,521,523,-1,522,523,524,-1,523,525,524,-1,524,525,526,-1,526,525,527,-1,526,527,528,-1,528,527,529,-1,528,529,530,-1,530,529,531,-1,530,531,532,-1,532,531,533,-1,532,533,534,-1,534,533,535,-1,534,535,536,-1,536,535,537,-1,536,537,538,-1,538,537,539,-1,538,539,540,-1,540,539,541,-1,541,539,542,-1,541,542,505,-1,505,542,503,-1,508,504,542,-1,542,504,503,-1,511,510,521,-1,508,542,510,-1,510,542,539,-1,527,525,537,-1,537,525,539,-1,539,525,510,-1,510,525,523,-1,510,523,521,-1,537,535,527,-1,527,535,533,-1,527,533,529,-1,529,533,531,-1,519,517,515,-1,519,515,521,-1,521,515,513,-1,521,513,511,-1,543,544,545,-1,545,544,546,-1,547,548,549,-1,547,549,550,-1,550,549,551,-1,550,551,552,-1,552,551,553,-1,552,553,554,-1,554,553,555,-1,554,555,556,-1,556,555,557,-1,556,557,558,-1,558,557,559,-1,558,559,560,-1,560,559,561,-1,560,561,562,-1,562,561,563,-1,563,561,564,-1,563,564,545,-1,545,564,543,-1,565,544,564,-1,564,544,543,-1,566,567,568,-1,568,567,569,-1,570,571,572,-1,570,572,573,-1,573,572,574,-1,573,574,575,-1,575,574,576,-1,575,576,577,-1,577,576,578,-1,577,578,579,-1,579,578,580,-1,579,580,581,-1,581,580,582,-1,581,582,583,-1,583,582,584,-1,583,584,585,-1,585,584,586,-1,586,584,587,-1,586,587,568,-1,568,587,566,-1,588,567,587,-1,587,567,566,-1,589,590,591,-1,591,590,592,-1,593,594,595,-1,593,595,596,-1,596,595,597,-1,596,597,598,-1,598,597,599,-1,598,599,600,-1,600,599,601,-1,600,601,602,-1,602,601,603,-1,602,603,604,-1,604,603,605,-1,604,605,606,-1,606,605,607,-1,606,607,608,-1,608,607,609,-1,609,607,610,-1,609,610,591,-1,591,610,589,-1,611,590,610,-1,610,590,589,-1,612,613,614,-1,614,613,615,-1,616,617,618,-1,616,618,619,-1,619,618,620,-1,619,620,621,-1,621,620,622,-1,621,622,623,-1,623,622,624,-1,623,624,625,-1,625,624,626,-1,625,626,627,-1,627,626,628,-1,627,628,629,-1,629,628,630,-1,629,630,631,-1,631,630,632,-1,632,630,633,-1,632,633,614,-1,614,633,612,-1,634,613,633,-1,633,613,612,-1,635,636,637,-1,637,636,638,-1,638,636,639,-1,639,636,640,-1,639,640,641,-1,641,640,642,-1,641,642,643,-1,641,643,644,-1,644,643,645,-1,644,645,646,-1,646,645,647,-1,646,647,648,-1,648,647,649,-1,648,649,650,-1,650,649,651,-1,650,651,652,-1,652,651,653,-1,652,653,654,-1,654,653,655,-1,654,655,656,-1,640,636,657,-1,657,636,635,-1,658,659,660,-1,660,659,661,-1,661,659,662,-1,662,659,663,-1,662,663,664,-1,664,663,665,-1,664,665,666,-1,664,666,667,-1,667,666,668,-1,667,668,669,-1,669,668,670,-1,669,670,671,-1,671,670,672,-1,671,672,673,-1,673,672,674,-1,673,674,675,-1,675,674,676,-1,675,676,677,-1,677,676,678,-1,677,678,679,-1,663,659,680,-1,680,659,658,-1,681,682,683,-1,683,682,684,-1,684,682,685,-1,685,682,686,-1,685,686,687,-1,687,686,688,-1,687,688,689,-1,687,689,690,-1,690,689,691,-1,690,691,692,-1,692,691,693,-1,692,693,694,-1,694,693,695,-1,694,695,696,-1,696,695,697,-1,696,697,698,-1,698,697,699,-1,698,699,700,-1,700,699,701,-1,700,701,702,-1,686,682,703,-1,703,682,681,-1,704,705,706,-1,706,705,707,-1,707,705,708,-1,708,705,709,-1,708,709,710,-1,710,709,711,-1,710,711,712,-1,710,712,713,-1,713,712,714,-1,713,714,715,-1,715,714,716,-1,715,716,717,-1,717,716,718,-1,717,718,719,-1,719,718,720,-1,719,720,721,-1,721,720,722,-1,721,722,723,-1,723,722,724,-1,723,724,725,-1,724,726,725,-1,725,726,727,-1,727,726,728,-1,727,728,729,-1,729,728,730,-1,729,730,731,-1,731,730,732,-1,731,732,733,-1,733,732,734,-1,733,734,735,-1,735,734,736,-1,735,736,737,-1,737,736,738,-1,737,738,739,-1,739,738,740,-1,739,740,741,-1,741,740,742,-1,742,740,743,-1,742,743,706,-1,706,743,704,-1,709,705,743,-1,743,705,704,-1,711,709,743,-1,726,724,711,-1,711,724,722,-1,711,722,712,-1,711,743,726,-1,726,743,740,-1,726,740,728,-1,728,740,738,-1,728,738,736,-1,736,734,728,-1,728,734,732,-1,728,732,730,-1,720,718,716,-1,720,716,722,-1,722,716,714,-1,722,714,712,-1,744,745,746,-1,746,745,747,-1,747,745,748,-1,748,745,749,-1,748,749,750,-1,750,749,751,-1,750,751,752,-1,750,752,753,-1,753,752,754,-1,753,754,755,-1,755,754,756,-1,755,756,757,-1,757,756,758,-1,757,758,759,-1,759,758,760,-1,759,760,761,-1,761,760,762,-1,761,762,763,-1,763,762,764,-1,763,764,765,-1,764,766,765,-1,765,766,767,-1,767,766,768,-1,767,768,769,-1,769,768,770,-1,769,770,771,-1,771,770,772,-1,771,772,773,-1,773,772,774,-1,773,774,775,-1,775,774,776,-1,775,776,777,-1,777,776,778,-1,777,778,779,-1,779,778,780,-1,779,780,781,-1,781,780,782,-1,782,780,783,-1,782,783,746,-1,746,783,744,-1,749,745,783,-1,783,745,744,-1,752,751,762,-1,749,783,751,-1,751,783,780,-1,768,766,778,-1,778,766,780,-1,780,766,751,-1,751,766,764,-1,751,764,762,-1,778,776,768,-1,768,776,774,-1,768,774,770,-1,770,774,772,-1,760,758,756,-1,760,756,762,-1,762,756,754,-1,762,754,752,-1,784,785,786,-1,786,785,787,-1,787,785,788,-1,788,785,789,-1,788,789,790,-1,790,789,791,-1,790,791,792,-1,790,792,793,-1,793,792,794,-1,793,794,795,-1,795,794,796,-1,795,796,797,-1,797,796,798,-1,797,798,799,-1,799,798,800,-1,799,800,801,-1,801,800,802,-1,801,802,803,-1,803,802,804,-1,803,804,805,-1,804,806,805,-1,805,806,807,-1,807,806,808,-1,807,808,809,-1,809,808,810,-1,809,810,811,-1,811,810,812,-1,811,812,813,-1,813,812,814,-1,813,814,815,-1,815,814,816,-1,815,816,817,-1,817,816,818,-1,817,818,819,-1,819,818,820,-1,819,820,821,-1,821,820,822,-1,822,820,823,-1,822,823,786,-1,786,823,784,-1,789,785,823,-1,823,785,784,-1,823,806,789,-1,789,806,804,-1,789,804,791,-1,823,820,806,-1,806,820,818,-1,806,818,808,-1,794,800,796,-1,796,800,798,-1,804,802,791,-1,791,802,800,-1,791,800,792,-1,792,800,794,-1,816,814,812,-1,816,812,818,-1,818,812,810,-1,818,810,808,-1,824,825,826,-1,826,825,827,-1,827,825,828,-1,828,825,829,-1,828,829,830,-1,830,829,831,-1,830,831,832,-1,830,832,833,-1,833,832,834,-1,833,834,835,-1,835,834,836,-1,835,836,837,-1,837,836,838,-1,837,838,839,-1,839,838,840,-1,839,840,841,-1,841,840,842,-1,841,842,843,-1,843,842,844,-1,843,844,845,-1,844,846,845,-1,845,846,847,-1,847,846,848,-1,847,848,849,-1,849,848,850,-1,849,850,851,-1,851,850,852,-1,851,852,853,-1,853,852,854,-1,853,854,855,-1,855,854,856,-1,855,856,857,-1,857,856,858,-1,857,858,859,-1,859,858,860,-1,859,860,861,-1,861,860,862,-1,862,860,863,-1,862,863,826,-1,826,863,824,-1,829,825,863,-1,863,825,824,-1,846,844,829,-1,829,844,831,-1,831,844,842,-1,831,842,840,-1,840,838,831,-1,831,838,836,-1,831,836,832,-1,832,836,834,-1,829,863,846,-1,846,863,860,-1,846,860,848,-1,848,860,858,-1,848,858,856,-1,856,854,848,-1,848,854,852,-1,848,852,850,-1,864,865,866,-1,866,865,867,-1,867,865,868,-1,868,865,869,-1,868,869,870,-1,870,869,871,-1,870,871,872,-1,870,872,873,-1,873,872,874,-1,873,874,875,-1,875,874,876,-1,875,876,877,-1,877,876,878,-1,877,878,879,-1,879,878,880,-1,879,880,881,-1,881,880,882,-1,881,882,883,-1,883,882,884,-1,883,884,885,-1,884,886,885,-1,885,886,887,-1,887,886,888,-1,887,888,889,-1,889,888,890,-1,889,890,891,-1,891,890,892,-1,891,892,893,-1,893,892,894,-1,893,894,895,-1,895,894,896,-1,895,896,897,-1,897,896,898,-1,897,898,899,-1,899,898,900,-1,899,900,901,-1,901,900,902,-1,902,900,903,-1,902,903,866,-1,866,903,864,-1,869,865,903,-1,903,865,864,-1,869,903,884,-1,884,903,900,-1,884,900,886,-1,886,900,898,-1,886,898,888,-1,869,884,871,-1,871,884,882,-1,871,882,880,-1,880,878,871,-1,871,878,876,-1,871,876,872,-1,872,876,874,-1,898,896,888,-1,888,896,894,-1,888,894,890,-1,890,894,892,-1,904,905,906,-1,906,905,907,-1,907,905,908,-1,908,905,909,-1,908,909,910,-1,910,909,911,-1,910,911,912,-1,910,912,913,-1,913,912,914,-1,913,914,915,-1,915,914,916,-1,915,916,917,-1,917,916,918,-1,917,918,919,-1,919,918,920,-1,919,920,921,-1,921,920,922,-1,921,922,923,-1,923,922,924,-1,923,924,925,-1,924,926,925,-1,925,926,927,-1,927,926,928,-1,927,928,929,-1,929,928,930,-1,929,930,931,-1,931,930,932,-1,931,932,933,-1,933,932,934,-1,933,934,935,-1,935,934,936,-1,935,936,937,-1,937,936,938,-1,937,938,939,-1,939,938,940,-1,939,940,941,-1,941,940,942,-1,942,940,943,-1,942,943,906,-1,906,943,904,-1,909,905,943,-1,943,905,904,-1,924,909,926,-1,926,909,943,-1,914,912,924,-1,924,912,911,-1,924,911,909,-1,943,940,926,-1,926,940,938,-1,926,938,928,-1,920,918,916,-1,936,934,932,-1,914,924,916,-1,916,924,922,-1,916,922,920,-1,936,932,938,-1,938,932,930,-1,938,930,928,-1,944,945,946,-1,946,945,947,-1,947,945,948,-1,948,945,949,-1,948,949,950,-1,950,949,951,-1,950,951,952,-1,950,952,953,-1,953,952,954,-1,953,954,955,-1,955,954,956,-1,955,956,957,-1,957,956,958,-1,957,958,959,-1,959,958,960,-1,959,960,961,-1,961,960,962,-1,961,962,963,-1,963,962,964,-1,963,964,965,-1,964,966,965,-1,965,966,967,-1,967,966,968,-1,967,968,969,-1,969,968,970,-1,969,970,971,-1,971,970,972,-1,971,972,973,-1,973,972,974,-1,973,974,975,-1,975,974,976,-1,975,976,977,-1,977,976,978,-1,977,978,979,-1,979,978,980,-1,979,980,981,-1,981,980,982,-1,982,980,983,-1,982,983,946,-1,946,983,944,-1,949,945,983,-1,983,945,944,-1,968,966,980,-1,980,966,983,-1,983,966,949,-1,949,966,964,-1,949,964,951,-1,951,964,962,-1,951,962,960,-1,960,958,951,-1,951,958,956,-1,951,956,952,-1,952,956,954,-1,976,974,972,-1,980,978,968,-1,968,978,976,-1,968,976,970,-1,970,976,972,-1,984,985,986,-1,986,985,987,-1,987,985,988,-1,988,985,989,-1,988,989,990,-1,990,989,991,-1,990,991,992,-1,990,992,993,-1,993,992,994,-1,993,994,995,-1,995,994,996,-1,995,996,997,-1,997,996,998,-1,997,998,999,-1,999,998,1000,-1,999,1000,1001,-1,1001,1000,1002,-1,1001,1002,1003,-1,1003,1002,1004,-1,1003,1004,1005,-1,1004,1006,1005,-1,1005,1006,1007,-1,1007,1006,1008,-1,1007,1008,1009,-1,1009,1008,1010,-1,1009,1010,1011,-1,1011,1010,1012,-1,1011,1012,1013,-1,1013,1012,1014,-1,1013,1014,1015,-1,1015,1014,1016,-1,1015,1016,1017,-1,1017,1016,1018,-1,1017,1018,1019,-1,1019,1018,1020,-1,1019,1020,1021,-1,1021,1020,1022,-1,1022,1020,1023,-1,1022,1023,986,-1,986,1023,984,-1,989,985,1023,-1,1023,985,984,-1,989,1023,1004,-1,1004,1023,1020,-1,989,1004,991,-1,991,1004,1002,-1,991,1002,1000,-1,1000,998,991,-1,991,998,996,-1,991,996,992,-1,992,996,994,-1,1018,1008,1020,-1,1020,1008,1006,-1,1020,1006,1004,-1,1012,1010,1014,-1,1014,1010,1008,-1,1014,1008,1016,-1,1016,1008,1018,-1,1024,1025,1026,-1,1026,1025,1027,-1,1027,1025,1028,-1,1028,1025,1029,-1,1028,1029,1030,-1,1030,1029,1031,-1,1030,1031,1032,-1,1030,1032,1033,-1,1033,1032,1034,-1,1033,1034,1035,-1,1035,1034,1036,-1,1035,1036,1037,-1,1037,1036,1038,-1,1037,1038,1039,-1,1039,1038,1040,-1,1039,1040,1041,-1,1041,1040,1042,-1,1041,1042,1043,-1,1043,1042,1044,-1,1043,1044,1045,-1,1044,1046,1045,-1,1045,1046,1047,-1,1047,1046,1048,-1,1047,1048,1049,-1,1049,1048,1050,-1,1049,1050,1051,-1,1051,1050,1052,-1,1051,1052,1053,-1,1053,1052,1054,-1,1053,1054,1055,-1,1055,1054,1056,-1,1055,1056,1057,-1,1057,1056,1058,-1,1057,1058,1059,-1,1059,1058,1060,-1,1059,1060,1061,-1,1061,1060,1062,-1,1062,1060,1063,-1,1062,1063,1026,-1,1026,1063,1024,-1,1029,1025,1063,-1,1063,1025,1024,-1,1046,1044,1029,-1,1034,1032,1044,-1,1044,1032,1031,-1,1044,1031,1029,-1,1029,1063,1046,-1,1046,1063,1060,-1,1046,1060,1048,-1,1048,1060,1050,-1,1040,1038,1036,-1,1060,1058,1056,-1,1034,1044,1036,-1,1036,1044,1042,-1,1036,1042,1040,-1,1056,1054,1060,-1,1060,1054,1052,-1,1060,1052,1050,-1,1064,1065,1066,-1,1066,1065,1067,-1,1067,1065,1068,-1,1068,1065,1069,-1,1068,1069,1070,-1,1070,1069,1071,-1,1070,1071,1072,-1,1070,1072,1073,-1,1073,1072,1074,-1,1073,1074,1075,-1,1075,1074,1076,-1,1075,1076,1077,-1,1077,1076,1078,-1,1077,1078,1079,-1,1079,1078,1080,-1,1079,1080,1081,-1,1081,1080,1082,-1,1081,1082,1083,-1,1083,1082,1084,-1,1083,1084,1085,-1,1084,1086,1085,-1,1085,1086,1087,-1,1087,1086,1088,-1,1087,1088,1089,-1,1089,1088,1090,-1,1089,1090,1091,-1,1091,1090,1092,-1,1091,1092,1093,-1,1093,1092,1094,-1,1093,1094,1095,-1,1095,1094,1096,-1,1095,1096,1097,-1,1097,1096,1098,-1,1097,1098,1099,-1,1099,1098,1100,-1,1099,1100,1101,-1,1101,1100,1102,-1,1102,1100,1103,-1,1102,1103,1066,-1,1066,1103,1064,-1,1069,1065,1103,-1,1103,1065,1064,-1,1071,1069,1084,-1,1084,1069,1086,-1,1082,1080,1084,-1,1084,1080,1078,-1,1084,1078,1076,-1,1076,1074,1084,-1,1084,1074,1072,-1,1084,1072,1071,-1,1069,1103,1086,-1,1086,1103,1100,-1,1086,1100,1088,-1,1088,1100,1098,-1,1088,1098,1096,-1,1096,1094,1088,-1,1088,1094,1092,-1,1088,1092,1090,-1,1104,1105,1106,-1,1106,1105,1107,-1,1107,1105,1108,-1,1108,1105,1109,-1,1108,1109,1110,-1,1110,1109,1111,-1,1110,1111,1112,-1,1110,1112,1113,-1,1113,1112,1114,-1,1113,1114,1115,-1,1115,1114,1116,-1,1115,1116,1117,-1,1117,1116,1118,-1,1117,1118,1119,-1,1119,1118,1120,-1,1119,1120,1121,-1,1121,1120,1122,-1,1121,1122,1123,-1,1123,1122,1124,-1,1123,1124,1125,-1,1124,1126,1125,-1,1125,1126,1127,-1,1127,1126,1128,-1,1127,1128,1129,-1,1129,1128,1130,-1,1129,1130,1131,-1,1131,1130,1132,-1,1131,1132,1133,-1,1133,1132,1134,-1,1133,1134,1135,-1,1135,1134,1136,-1,1135,1136,1137,-1,1137,1136,1138,-1,1137,1138,1139,-1,1139,1138,1140,-1,1139,1140,1141,-1,1141,1140,1142,-1,1142,1140,1143,-1,1142,1143,1106,-1,1106,1143,1104,-1,1109,1105,1143,-1,1143,1105,1104,-1,1109,1143,1124,-1,1124,1143,1140,-1,1109,1124,1111,-1,1111,1124,1122,-1,1111,1122,1120,-1,1120,1118,1111,-1,1111,1118,1116,-1,1111,1116,1112,-1,1112,1116,1114,-1,1138,1128,1140,-1,1140,1128,1126,-1,1140,1126,1124,-1,1132,1130,1134,-1,1134,1130,1128,-1,1134,1128,1136,-1,1136,1128,1138,-1,1144,1145,1146,-1,1146,1145,1147,-1,1147,1145,1148,-1,1148,1145,1149,-1,1148,1149,1150,-1,1150,1149,1151,-1,1150,1151,1152,-1,1150,1152,1153,-1,1153,1152,1154,-1,1153,1154,1155,-1,1155,1154,1156,-1,1155,1156,1157,-1,1157,1156,1158,-1,1157,1158,1159,-1,1159,1158,1160,-1,1159,1160,1161,-1,1161,1160,1162,-1,1161,1162,1163,-1,1163,1162,1164,-1,1163,1164,1165,-1,1164,1166,1165,-1,1165,1166,1167,-1,1167,1166,1168,-1,1167,1168,1169,-1,1169,1168,1170,-1,1169,1170,1171,-1,1171,1170,1172,-1,1171,1172,1173,-1,1173,1172,1174,-1,1173,1174,1175,-1,1175,1174,1176,-1,1175,1176,1177,-1,1177,1176,1178,-1,1177,1178,1179,-1,1179,1178,1180,-1,1179,1180,1181,-1,1181,1180,1182,-1,1182,1180,1183,-1,1182,1183,1146,-1,1146,1183,1144,-1,1149,1145,1183,-1,1183,1145,1144,-1,1151,1149,1164,-1,1151,1164,1152,-1,1149,1183,1164,-1,1164,1183,1180,-1,1164,1180,1166,-1,1166,1180,1168,-1,1160,1158,1156,-1,1176,1174,1172,-1,1160,1156,1162,-1,1176,1172,1178,-1,1162,1156,1164,-1,1164,1156,1154,-1,1164,1154,1152,-1,1178,1172,1180,-1,1180,1172,1170,-1,1180,1170,1168,-1,1184,1185,1186,-1,1186,1185,1187,-1,1187,1185,1188,-1,1188,1185,1189,-1,1188,1189,1190,-1,1190,1189,1191,-1,1190,1191,1192,-1,1190,1192,1193,-1,1193,1192,1194,-1,1193,1194,1195,-1,1195,1194,1196,-1,1195,1196,1197,-1,1197,1196,1198,-1,1197,1198,1199,-1,1199,1198,1200,-1,1199,1200,1201,-1,1201,1200,1202,-1,1201,1202,1203,-1,1203,1202,1204,-1,1203,1204,1205,-1,1204,1206,1205,-1,1205,1206,1207,-1,1207,1206,1208,-1,1207,1208,1209,-1,1209,1208,1210,-1,1209,1210,1211,-1,1211,1210,1212,-1,1211,1212,1213,-1,1213,1212,1214,-1,1213,1214,1215,-1,1215,1214,1216,-1,1215,1216,1217,-1,1217,1216,1218,-1,1217,1218,1219,-1,1219,1218,1220,-1,1219,1220,1221,-1,1221,1220,1222,-1,1222,1220,1223,-1,1222,1223,1186,-1,1186,1223,1184,-1,1189,1185,1223,-1,1223,1185,1184,-1,1191,1189,1204,-1,1189,1223,1204,-1,1204,1223,1220,-1,1204,1220,1206,-1,1196,1194,1198,-1,1198,1194,1200,-1,1204,1202,1191,-1,1191,1202,1200,-1,1191,1200,1192,-1,1192,1200,1194,-1,1206,1220,1208,-1,1208,1220,1218,-1,1208,1218,1216,-1,1216,1214,1208,-1,1208,1214,1212,-1,1208,1212,1210,-1,1224,1225,1226,-1,1226,1225,1227,-1,1227,1225,1228,-1,1228,1225,1229,-1,1228,1229,1230,-1,1230,1229,1231,-1,1230,1231,1232,-1,1230,1232,1233,-1,1233,1232,1234,-1,1233,1234,1235,-1,1235,1234,1236,-1,1235,1236,1237,-1,1237,1236,1238,-1,1237,1238,1239,-1,1239,1238,1240,-1,1239,1240,1241,-1,1241,1240,1242,-1,1241,1242,1243,-1,1243,1242,1244,-1,1243,1244,1245,-1,1244,1246,1245,-1,1245,1246,1247,-1,1247,1246,1248,-1,1247,1248,1249,-1,1249,1248,1250,-1,1249,1250,1251,-1,1251,1250,1252,-1,1251,1252,1253,-1,1253,1252,1254,-1,1253,1254,1255,-1,1255,1254,1256,-1,1255,1256,1257,-1,1257,1256,1258,-1,1257,1258,1259,-1,1259,1258,1260,-1,1259,1260,1261,-1,1261,1260,1262,-1,1262,1260,1263,-1,1262,1263,1226,-1,1226,1263,1224,-1,1229,1225,1263,-1,1263,1225,1224,-1,1229,1263,1231,-1,1231,1263,1260,-1,1231,1260,1246,-1,1246,1260,1248,-1,1248,1260,1258,-1,1248,1258,1256,-1,1256,1254,1248,-1,1248,1254,1252,-1,1248,1252,1250,-1,1246,1244,1231,-1,1231,1244,1242,-1,1231,1242,1232,-1,1232,1242,1234,-1,1240,1238,1242,-1,1242,1238,1236,-1,1242,1236,1234,-1,1264,1265,1266,-1,1266,1265,1267,-1,1267,1265,1268,-1,1268,1265,1269,-1,1268,1269,1270,-1,1270,1269,1271,-1,1270,1271,1272,-1,1270,1272,1273,-1,1273,1272,1274,-1,1273,1274,1275,-1,1275,1274,1276,-1,1275,1276,1277,-1,1277,1276,1278,-1,1277,1278,1279,-1,1279,1278,1280,-1,1279,1280,1281,-1,1281,1280,1282,-1,1281,1282,1283,-1,1283,1282,1284,-1,1283,1284,1285,-1,1284,1286,1285,-1,1285,1286,1287,-1,1287,1286,1288,-1,1287,1288,1289,-1,1289,1288,1290,-1,1289,1290,1291,-1,1291,1290,1292,-1,1291,1292,1293,-1,1293,1292,1294,-1,1293,1294,1295,-1,1295,1294,1296,-1,1295,1296,1297,-1,1297,1296,1298,-1,1297,1298,1299,-1,1299,1298,1300,-1,1299,1300,1301,-1,1301,1300,1302,-1,1302,1300,1303,-1,1302,1303,1266,-1,1266,1303,1264,-1,1269,1265,1303,-1,1303,1265,1264,-1,1272,1271,1284,-1,1284,1271,1269,-1,1284,1269,1286,-1,1269,1303,1286,-1,1286,1303,1300,-1,1286,1300,1288,-1,1288,1300,1290,-1,1280,1278,1282,-1,1282,1278,1276,-1,1282,1276,1284,-1,1284,1276,1274,-1,1284,1274,1272,-1,1300,1298,1296,-1,1296,1294,1300,-1,1300,1294,1292,-1,1300,1292,1290,-1,1304,1305,1306,-1,1306,1305,1307,-1,1307,1305,1308,-1,1308,1305,1309,-1,1308,1309,1310,-1,1310,1309,1311,-1,1310,1311,1312,-1,1310,1312,1313,-1,1313,1312,1314,-1,1313,1314,1315,-1,1315,1314,1316,-1,1315,1316,1317,-1,1317,1316,1318,-1,1317,1318,1319,-1,1319,1318,1320,-1,1319,1320,1321,-1,1321,1320,1322,-1,1321,1322,1323,-1,1323,1322,1324,-1,1323,1324,1325,-1,1324,1326,1325,-1,1325,1326,1327,-1,1327,1326,1328,-1,1327,1328,1329,-1,1329,1328,1330,-1,1329,1330,1331,-1,1331,1330,1332,-1,1331,1332,1333,-1,1333,1332,1334,-1,1333,1334,1335,-1,1335,1334,1336,-1,1335,1336,1337,-1,1337,1336,1338,-1,1337,1338,1339,-1,1339,1338,1340,-1,1339,1340,1341,-1,1341,1340,1342,-1,1342,1340,1343,-1,1342,1343,1306,-1,1306,1343,1304,-1,1309,1305,1343,-1,1343,1305,1304,-1,1309,1343,1324,-1,1324,1343,1340,-1,1309,1324,1311,-1,1311,1324,1322,-1,1311,1322,1320,-1,1320,1318,1311,-1,1311,1318,1316,-1,1311,1316,1312,-1,1312,1316,1314,-1,1338,1328,1340,-1,1340,1328,1326,-1,1340,1326,1324,-1,1332,1330,1334,-1,1334,1330,1328,-1,1334,1328,1336,-1,1336,1328,1338,-1,1344,1345,1346,-1,1346,1345,1347,-1,1347,1345,1348,-1,1348,1345,1349,-1,1348,1349,1350,-1,1350,1349,1351,-1,1350,1351,1352,-1,1350,1352,1353,-1,1353,1352,1354,-1,1353,1354,1355,-1,1355,1354,1356,-1,1355,1356,1357,-1,1357,1356,1358,-1,1357,1358,1359,-1,1359,1358,1360,-1,1359,1360,1361,-1,1361,1360,1362,-1,1361,1362,1363,-1,1363,1362,1364,-1,1363,1364,1365,-1,1364,1366,1365,-1,1365,1366,1367,-1,1367,1366,1368,-1,1367,1368,1369,-1,1369,1368,1370,-1,1369,1370,1371,-1,1371,1370,1372,-1,1371,1372,1373,-1,1373,1372,1374,-1,1373,1374,1375,-1,1375,1374,1376,-1,1375,1376,1377,-1,1377,1376,1378,-1,1377,1378,1379,-1,1379,1378,1380,-1,1379,1380,1381,-1,1381,1380,1382,-1,1382,1380,1383,-1,1382,1383,1346,-1,1346,1383,1344,-1,1349,1345,1383,-1,1383,1345,1344,-1,1349,1383,1351,-1,1351,1383,1380,-1,1351,1380,1366,-1,1366,1380,1368,-1,1368,1380,1378,-1,1368,1378,1376,-1,1376,1374,1368,-1,1368,1374,1372,-1,1368,1372,1370,-1,1366,1364,1351,-1,1351,1364,1362,-1,1351,1362,1352,-1,1352,1362,1354,-1,1360,1358,1362,-1,1362,1358,1356,-1,1362,1356,1354,-1,1384,1385,1386,-1,1386,1385,1387,-1,1387,1385,1388,-1,1388,1385,1389,-1,1388,1389,1390,-1,1390,1389,1391,-1,1390,1391,1392,-1,1390,1392,1393,-1,1393,1392,1394,-1,1393,1394,1395,-1,1395,1394,1396,-1,1395,1396,1397,-1,1397,1396,1398,-1,1397,1398,1399,-1,1399,1398,1400,-1,1399,1400,1401,-1,1401,1400,1402,-1,1401,1402,1403,-1,1403,1402,1404,-1,1403,1404,1405,-1,1404,1406,1405,-1,1405,1406,1407,-1,1407,1406,1408,-1,1407,1408,1409,-1,1409,1408,1410,-1,1409,1410,1411,-1,1411,1410,1412,-1,1411,1412,1413,-1,1413,1412,1414,-1,1413,1414,1415,-1,1415,1414,1416,-1,1415,1416,1417,-1,1417,1416,1418,-1,1417,1418,1419,-1,1419,1418,1420,-1,1419,1420,1421,-1,1421,1420,1422,-1,1422,1420,1423,-1,1422,1423,1386,-1,1386,1423,1384,-1,1389,1385,1423,-1,1423,1385,1384,-1,1406,1404,1389,-1,1396,1394,1404,-1,1394,1392,1404,-1,1404,1392,1391,-1,1404,1391,1389,-1,1389,1423,1406,-1,1406,1423,1420,-1,1406,1420,1408,-1,1408,1420,1418,-1,1408,1418,1416,-1,1396,1404,1398,-1,1398,1404,1402,-1,1398,1402,1400,-1,1416,1414,1408,-1,1408,1414,1412,-1,1408,1412,1410,-1,1424,1425,1426,-1,1426,1425,1427,-1,1427,1425,1428,-1,1428,1425,1429,-1,1428,1429,1430,-1,1430,1429,1431,-1,1430,1431,1432,-1,1430,1432,1433,-1,1433,1432,1434,-1,1433,1434,1435,-1,1435,1434,1436,-1,1435,1436,1437,-1,1437,1436,1438,-1,1437,1438,1439,-1,1439,1438,1440,-1,1439,1440,1441,-1,1441,1440,1442,-1,1441,1442,1443,-1,1443,1442,1444,-1,1443,1444,1445,-1,1444,1446,1445,-1,1445,1446,1447,-1,1447,1446,1448,-1,1447,1448,1449,-1,1449,1448,1450,-1,1449,1450,1451,-1,1451,1450,1452,-1,1451,1452,1453,-1,1453,1452,1454,-1,1453,1454,1455,-1,1455,1454,1456,-1,1455,1456,1457,-1,1457,1456,1458,-1,1457,1458,1459,-1,1459,1458,1460,-1,1459,1460,1461,-1,1461,1460,1462,-1,1462,1460,1463,-1,1462,1463,1426,-1,1426,1463,1424,-1,1429,1425,1463,-1,1463,1425,1424,-1,1432,1431,1440,-1,1429,1463,1444,-1,1444,1463,1460,-1,1444,1460,1446,-1,1429,1444,1431,-1,1431,1444,1442,-1,1431,1442,1440,-1,1452,1450,1454,-1,1454,1450,1448,-1,1454,1448,1456,-1,1438,1436,1440,-1,1440,1436,1434,-1,1440,1434,1432,-1,1446,1460,1448,-1,1448,1460,1458,-1,1448,1458,1456,-1,1464,1465,1466,-1,1466,1465,1467,-1,1467,1465,1468,-1,1468,1465,1469,-1,1468,1469,1470,-1,1470,1469,1471,-1,1470,1471,1472,-1,1470,1472,1473,-1,1473,1472,1474,-1,1473,1474,1475,-1,1475,1474,1476,-1,1475,1476,1477,-1,1477,1476,1478,-1,1477,1478,1479,-1,1479,1478,1480,-1,1479,1480,1481,-1,1481,1480,1482,-1,1481,1482,1483,-1,1483,1482,1484,-1,1483,1484,1485,-1,1484,1486,1485,-1,1485,1486,1487,-1,1487,1486,1488,-1,1487,1488,1489,-1,1489,1488,1490,-1,1489,1490,1491,-1,1491,1490,1492,-1,1491,1492,1493,-1,1493,1492,1494,-1,1493,1494,1495,-1,1495,1494,1496,-1,1495,1496,1497,-1,1497,1496,1498,-1,1497,1498,1499,-1,1499,1498,1500,-1,1499,1500,1501,-1,1501,1500,1502,-1,1502,1500,1503,-1,1502,1503,1466,-1,1466,1503,1464,-1,1469,1465,1503,-1,1503,1465,1464,-1,1471,1469,1484,-1,1469,1503,1484,-1,1484,1503,1500,-1,1484,1500,1486,-1,1484,1482,1471,-1,1471,1482,1480,-1,1471,1480,1478,-1,1478,1476,1471,-1,1471,1476,1474,-1,1471,1474,1472,-1,1486,1500,1488,-1,1488,1500,1498,-1,1488,1498,1496,-1,1496,1494,1488,-1,1488,1494,1492,-1,1488,1492,1490,-1,1504,1505,1506,-1,1506,1505,1507,-1,1507,1505,1508,-1,1508,1505,1509,-1,1508,1509,1510,-1,1510,1509,1511,-1,1510,1511,1512,-1,1510,1512,1513,-1,1513,1512,1514,-1,1513,1514,1515,-1,1515,1514,1516,-1,1515,1516,1517,-1,1517,1516,1518,-1,1517,1518,1519,-1,1519,1518,1520,-1,1519,1520,1521,-1,1521,1520,1522,-1,1521,1522,1523,-1,1523,1522,1524,-1,1523,1524,1525,-1,1524,1526,1525,-1,1525,1526,1527,-1,1527,1526,1528,-1,1527,1528,1529,-1,1529,1528,1530,-1,1529,1530,1531,-1,1531,1530,1532,-1,1531,1532,1533,-1,1533,1532,1534,-1,1533,1534,1535,-1,1535,1534,1536,-1,1535,1536,1537,-1,1537,1536,1538,-1,1537,1538,1539,-1,1539,1538,1540,-1,1539,1540,1541,-1,1541,1540,1542,-1,1542,1540,1543,-1,1542,1543,1506,-1,1506,1543,1504,-1,1509,1505,1543,-1,1543,1505,1504,-1,1512,1511,1524,-1,1524,1511,1509,-1,1524,1509,1526,-1,1509,1543,1526,-1,1526,1543,1540,-1,1526,1540,1528,-1,1528,1540,1530,-1,1536,1534,1532,-1,1520,1518,1522,-1,1522,1518,1516,-1,1522,1516,1524,-1,1524,1516,1514,-1,1524,1514,1512,-1,1530,1540,1532,-1,1532,1540,1538,-1,1532,1538,1536,-1,1544,1545,1546,-1,1546,1545,1547,-1,1547,1545,1548,-1,1548,1545,1549,-1,1548,1549,1550,-1,1550,1549,1551,-1,1550,1551,1552,-1,1550,1552,1553,-1,1553,1552,1554,-1,1553,1554,1555,-1,1555,1554,1556,-1,1555,1556,1557,-1,1557,1556,1558,-1,1557,1558,1559,-1,1559,1558,1560,-1,1559,1560,1561,-1,1561,1560,1562,-1,1561,1562,1563,-1,1563,1562,1564,-1,1563,1564,1565,-1,1564,1566,1565,-1,1565,1566,1567,-1,1567,1566,1568,-1,1567,1568,1569,-1,1569,1568,1570,-1,1569,1570,1571,-1,1571,1570,1572,-1,1571,1572,1573,-1,1573,1572,1574,-1,1573,1574,1575,-1,1575,1574,1576,-1,1575,1576,1577,-1,1577,1576,1578,-1,1577,1578,1579,-1,1579,1578,1580,-1,1579,1580,1581,-1,1581,1580,1582,-1,1582,1580,1583,-1,1582,1583,1546,-1,1546,1583,1544,-1,1549,1545,1583,-1,1583,1545,1544,-1,1549,1583,1564,-1,1564,1583,1580,-1,1549,1564,1551,-1,1551,1564,1562,-1,1551,1562,1560,-1,1560,1558,1551,-1,1551,1558,1556,-1,1551,1556,1552,-1,1552,1556,1554,-1,1578,1568,1580,-1,1580,1568,1566,-1,1580,1566,1564,-1,1578,1576,1568,-1,1568,1576,1574,-1,1568,1574,1570,-1,1570,1574,1572,-1,1584,1585,1586,-1,1586,1585,1587,-1,1587,1585,1588,-1,1588,1585,1589,-1,1588,1589,1590,-1,1590,1589,1591,-1,1590,1591,1592,-1,1590,1592,1593,-1,1593,1592,1594,-1,1593,1594,1595,-1,1595,1594,1596,-1,1595,1596,1597,-1,1597,1596,1598,-1,1597,1598,1599,-1,1599,1598,1600,-1,1599,1600,1601,-1,1601,1600,1602,-1,1601,1602,1603,-1,1603,1602,1604,-1,1603,1604,1605,-1,1604,1606,1605,-1,1605,1606,1607,-1,1607,1606,1608,-1,1607,1608,1609,-1,1609,1608,1610,-1,1609,1610,1611,-1,1611,1610,1612,-1,1611,1612,1613,-1,1613,1612,1614,-1,1613,1614,1615,-1,1615,1614,1616,-1,1615,1616,1617,-1,1617,1616,1618,-1,1617,1618,1619,-1,1619,1618,1620,-1,1619,1620,1621,-1,1621,1620,1622,-1,1622,1620,1623,-1,1622,1623,1586,-1,1586,1623,1584,-1,1589,1585,1623,-1,1623,1585,1584,-1,1589,1623,1591,-1,1591,1623,1620,-1,1591,1620,1606,-1,1606,1620,1608,-1,1608,1620,1618,-1,1608,1618,1616,-1,1616,1614,1608,-1,1608,1614,1612,-1,1608,1612,1610,-1,1606,1604,1591,-1,1591,1604,1602,-1,1591,1602,1592,-1,1592,1602,1594,-1,1600,1598,1602,-1,1602,1598,1596,-1,1602,1596,1594,-1,1624,1625,1626,-1,1626,1625,1627,-1,1627,1625,1628,-1,1628,1625,1629,-1,1628,1629,1630,-1,1630,1629,1631,-1,1630,1631,1632,-1,1630,1632,1633,-1,1633,1632,1634,-1,1633,1634,1635,-1,1635,1634,1636,-1,1635,1636,1637,-1,1637,1636,1638,-1,1637,1638,1639,-1,1639,1638,1640,-1,1639,1640,1641,-1,1641,1640,1642,-1,1641,1642,1643,-1,1643,1642,1644,-1,1643,1644,1645,-1,1644,1646,1645,-1,1645,1646,1647,-1,1647,1646,1648,-1,1647,1648,1649,-1,1649,1648,1650,-1,1649,1650,1651,-1,1651,1650,1652,-1,1651,1652,1653,-1,1653,1652,1654,-1,1653,1654,1655,-1,1655,1654,1656,-1,1655,1656,1657,-1,1657,1656,1658,-1,1657,1658,1659,-1,1659,1658,1660,-1,1659,1660,1661,-1,1661,1660,1662,-1,1662,1660,1663,-1,1662,1663,1626,-1,1626,1663,1624,-1,1629,1625,1663,-1,1663,1625,1624,-1,1648,1646,1660,-1,1644,1629,1646,-1,1646,1629,1663,-1,1646,1663,1660,-1,1642,1640,1638,-1,1634,1632,1644,-1,1644,1632,1631,-1,1644,1631,1629,-1,1642,1638,1644,-1,1644,1638,1636,-1,1644,1636,1634,-1,1656,1654,1658,-1,1658,1654,1652,-1,1658,1652,1660,-1,1660,1652,1650,-1,1660,1650,1648,-1,1664,1665,1666,-1,1666,1665,1667,-1,1667,1665,1668,-1,1668,1665,1669,-1,1668,1669,1670,-1,1670,1669,1671,-1,1670,1671,1672,-1,1670,1672,1673,-1,1673,1672,1674,-1,1673,1674,1675,-1,1675,1674,1676,-1,1675,1676,1677,-1,1677,1676,1678,-1,1677,1678,1679,-1,1679,1678,1680,-1,1679,1680,1681,-1,1681,1680,1682,-1,1681,1682,1683,-1,1683,1682,1684,-1,1683,1684,1685,-1,1684,1686,1685,-1,1685,1686,1687,-1,1687,1686,1688,-1,1687,1688,1689,-1,1689,1688,1690,-1,1689,1690,1691,-1,1691,1690,1692,-1,1691,1692,1693,-1,1693,1692,1694,-1,1693,1694,1695,-1,1695,1694,1696,-1,1695,1696,1697,-1,1697,1696,1698,-1,1697,1698,1699,-1,1699,1698,1700,-1,1699,1700,1701,-1,1701,1700,1702,-1,1702,1700,1703,-1,1702,1703,1666,-1,1666,1703,1664,-1,1669,1665,1703,-1,1703,1665,1664,-1,1671,1669,1684,-1,1669,1703,1684,-1,1684,1703,1700,-1,1684,1700,1686,-1,1676,1674,1678,-1,1678,1674,1680,-1,1684,1682,1671,-1,1671,1682,1680,-1,1671,1680,1672,-1,1672,1680,1674,-1,1686,1700,1688,-1,1688,1700,1698,-1,1688,1698,1696,-1,1696,1694,1688,-1,1688,1694,1692,-1,1688,1692,1690,-1,1704,1705,1706,-1,1706,1705,1707,-1,1707,1705,1708,-1,1708,1705,1709,-1,1708,1709,1710,-1,1710,1709,1711,-1,1710,1711,1712,-1,1710,1712,1713,-1,1713,1712,1714,-1,1713,1714,1715,-1,1715,1714,1716,-1,1715,1716,1717,-1,1717,1716,1718,-1,1717,1718,1719,-1,1719,1718,1720,-1,1719,1720,1721,-1,1721,1720,1722,-1,1721,1722,1723,-1,1723,1722,1724,-1,1723,1724,1725,-1,1724,1726,1725,-1,1725,1726,1727,-1,1727,1726,1728,-1,1727,1728,1729,-1,1729,1728,1730,-1,1729,1730,1731,-1,1731,1730,1732,-1,1731,1732,1733,-1,1733,1732,1734,-1,1733,1734,1735,-1,1735,1734,1736,-1,1735,1736,1737,-1,1737,1736,1738,-1,1737,1738,1739,-1,1739,1738,1740,-1,1739,1740,1741,-1,1741,1740,1742,-1,1742,1740,1743,-1,1742,1743,1706,-1,1706,1743,1704,-1,1709,1705,1743,-1,1743,1705,1704,-1,1709,1743,1711,-1,1711,1743,1740,-1,1711,1740,1726,-1,1726,1740,1728,-1,1728,1740,1738,-1,1728,1738,1736,-1,1736,1734,1728,-1,1728,1734,1732,-1,1728,1732,1730,-1,1726,1724,1711,-1,1711,1724,1722,-1,1711,1722,1712,-1,1712,1722,1714,-1,1720,1718,1722,-1,1722,1718,1716,-1,1722,1716,1714,-1,1744,1745,1746,-1,1746,1745,1747,-1,1747,1745,1748,-1,1748,1745,1749,-1,1748,1749,1750,-1,1750,1749,1751,-1,1750,1751,1752,-1,1750,1752,1753,-1,1753,1752,1754,-1,1753,1754,1755,-1,1755,1754,1756,-1,1755,1756,1757,-1,1757,1756,1758,-1,1757,1758,1759,-1,1759,1758,1760,-1,1759,1760,1761,-1,1761,1760,1762,-1,1761,1762,1763,-1,1763,1762,1764,-1,1763,1764,1765,-1,1764,1766,1765,-1,1765,1766,1767,-1,1767,1766,1768,-1,1767,1768,1769,-1,1769,1768,1770,-1,1769,1770,1771,-1,1771,1770,1772,-1,1771,1772,1773,-1,1773,1772,1774,-1,1773,1774,1775,-1,1775,1774,1776,-1,1775,1776,1777,-1,1777,1776,1778,-1,1777,1778,1779,-1,1779,1778,1780,-1,1779,1780,1781,-1,1781,1780,1782,-1,1782,1780,1783,-1,1782,1783,1746,-1,1746,1783,1744,-1,1749,1745,1783,-1,1783,1745,1744,-1,1752,1751,1764,-1,1764,1751,1749,-1,1764,1749,1766,-1,1749,1783,1766,-1,1766,1783,1780,-1,1766,1780,1768,-1,1768,1780,1770,-1,1760,1758,1762,-1,1762,1758,1756,-1,1762,1756,1764,-1,1764,1756,1754,-1,1764,1754,1752,-1,1780,1778,1776,-1,1776,1774,1780,-1,1780,1774,1772,-1,1780,1772,1770,-1,1784,1785,1786,-1,1786,1785,1787,-1,1787,1785,1788,-1,1788,1785,1789,-1,1788,1789,1790,-1,1790,1789,1791,-1,1790,1791,1792,-1,1790,1792,1793,-1,1793,1792,1794,-1,1793,1794,1795,-1,1795,1794,1796,-1,1795,1796,1797,-1,1797,1796,1798,-1,1797,1798,1799,-1,1799,1798,1800,-1,1799,1800,1801,-1,1801,1800,1802,-1,1801,1802,1803,-1,1803,1802,1804,-1,1803,1804,1805,-1,1804,1806,1805,-1,1805,1806,1807,-1,1807,1806,1808,-1,1807,1808,1809,-1,1809,1808,1810,-1,1809,1810,1811,-1,1811,1810,1812,-1,1811,1812,1813,-1,1813,1812,1814,-1,1813,1814,1815,-1,1815,1814,1816,-1,1815,1816,1817,-1,1817,1816,1818,-1,1817,1818,1819,-1,1819,1818,1820,-1,1819,1820,1821,-1,1821,1820,1822,-1,1822,1820,1823,-1,1822,1823,1786,-1,1786,1823,1784,-1,1789,1785,1823,-1,1823,1785,1784,-1,1808,1806,1820,-1,1820,1806,1823,-1,1823,1806,1789,-1,1789,1806,1804,-1,1789,1804,1791,-1,1791,1804,1802,-1,1791,1802,1800,-1,1800,1798,1791,-1,1791,1798,1796,-1,1791,1796,1792,-1,1792,1796,1794,-1,1816,1814,1812,-1,1820,1818,1808,-1,1808,1818,1816,-1,1808,1816,1810,-1,1810,1816,1812,-1,1824,1825,1826,-1,1826,1825,1827,-1,1827,1825,1828,-1,1828,1825,1829,-1,1828,1829,1830,-1,1830,1829,1831,-1,1830,1831,1832,-1,1830,1832,1833,-1,1833,1832,1834,-1,1833,1834,1835,-1,1835,1834,1836,-1,1835,1836,1837,-1,1837,1836,1838,-1,1837,1838,1839,-1,1839,1838,1840,-1,1839,1840,1841,-1,1841,1840,1842,-1,1841,1842,1843,-1,1843,1842,1844,-1,1843,1844,1845,-1,1844,1846,1845,-1,1845,1846,1847,-1,1847,1846,1848,-1,1847,1848,1849,-1,1849,1848,1850,-1,1849,1850,1851,-1,1851,1850,1852,-1,1851,1852,1853,-1,1853,1852,1854,-1,1853,1854,1855,-1,1855,1854,1856,-1,1855,1856,1857,-1,1857,1856,1858,-1,1857,1858,1859,-1,1859,1858,1860,-1,1859,1860,1861,-1,1861,1860,1862,-1,1862,1860,1863,-1,1862,1863,1826,-1,1826,1863,1824,-1,1829,1825,1863,-1,1863,1825,1824,-1,1858,1856,1854,-1,1850,1848,1860,-1,1860,1848,1846,-1,1860,1846,1863,-1,1858,1854,1860,-1,1860,1854,1852,-1,1860,1852,1850,-1,1863,1846,1829,-1,1829,1846,1844,-1,1829,1844,1831,-1,1831,1844,1842,-1,1831,1842,1840,-1,1840,1838,1831,-1,1831,1838,1836,-1,1831,1836,1832,-1,1832,1836,1834,-1,1864,1865,1866,-1,1866,1865,1867,-1,1867,1865,1868,-1,1868,1865,1869,-1,1868,1869,1870,-1,1870,1869,1871,-1,1870,1871,1872,-1,1870,1872,1873,-1,1873,1872,1874,-1,1873,1874,1875,-1,1875,1874,1876,-1,1875,1876,1877,-1,1877,1876,1878,-1,1877,1878,1879,-1,1879,1878,1880,-1,1879,1880,1881,-1,1881,1880,1882,-1,1881,1882,1883,-1,1883,1882,1884,-1,1883,1884,1885,-1,1884,1886,1885,-1,1885,1886,1887,-1,1887,1886,1888,-1,1887,1888,1889,-1,1889,1888,1890,-1,1889,1890,1891,-1,1891,1890,1892,-1,1891,1892,1893,-1,1893,1892,1894,-1,1893,1894,1895,-1,1895,1894,1896,-1,1895,1896,1897,-1,1897,1896,1898,-1,1897,1898,1899,-1,1899,1898,1900,-1,1899,1900,1901,-1,1901,1900,1902,-1,1902,1900,1903,-1,1902,1903,1866,-1,1866,1903,1864,-1,1869,1865,1903,-1,1903,1865,1864,-1,1869,1903,1884,-1,1884,1903,1900,-1,1874,1872,1884,-1,1884,1872,1871,-1,1884,1871,1869,-1,1890,1888,1900,-1,1900,1888,1886,-1,1900,1886,1884,-1,1880,1878,1876,-1,1900,1898,1896,-1,1874,1884,1876,-1,1876,1884,1882,-1,1876,1882,1880,-1,1896,1894,1900,-1,1900,1894,1892,-1,1900,1892,1890,-1,1904,1905,1906,-1,1906,1905,1907,-1,1907,1905,1908,-1,1908,1905,1909,-1,1908,1909,1910,-1,1910,1909,1911,-1,1910,1911,1912,-1,1910,1912,1913,-1,1913,1912,1914,-1,1913,1914,1915,-1,1915,1914,1916,-1,1915,1916,1917,-1,1917,1916,1918,-1,1917,1918,1919,-1,1919,1918,1920,-1,1919,1920,1921,-1,1921,1920,1922,-1,1921,1922,1923,-1,1923,1922,1924,-1,1923,1924,1925,-1,1924,1926,1925,-1,1925,1926,1927,-1,1927,1926,1928,-1,1927,1928,1929,-1,1929,1928,1930,-1,1929,1930,1931,-1,1931,1930,1932,-1,1931,1932,1933,-1,1933,1932,1934,-1,1933,1934,1935,-1,1935,1934,1936,-1,1935,1936,1937,-1,1937,1936,1938,-1,1937,1938,1939,-1,1939,1938,1940,-1,1939,1940,1941,-1,1941,1940,1942,-1,1942,1940,1943,-1,1942,1943,1906,-1,1906,1943,1904,-1,1909,1905,1943,-1,1943,1905,1904,-1,1928,1926,1940,-1,1940,1926,1943,-1,1943,1926,1909,-1,1909,1926,1924,-1,1909,1924,1911,-1,1911,1924,1922,-1,1911,1922,1920,-1,1920,1918,1911,-1,1911,1918,1916,-1,1911,1916,1912,-1,1912,1916,1914,-1,1936,1934,1932,-1,1940,1938,1928,-1,1928,1938,1936,-1,1928,1936,1930,-1,1930,1936,1932,-1,1944,1945,1946,-1,1946,1945,1947,-1,1947,1945,1948,-1,1948,1945,1949,-1,1948,1949,1950,-1,1950,1949,1951,-1,1950,1951,1952,-1,1950,1952,1953,-1,1953,1952,1954,-1,1953,1954,1955,-1,1955,1954,1956,-1,1955,1956,1957,-1,1957,1956,1958,-1,1957,1958,1959,-1,1959,1958,1960,-1,1959,1960,1961,-1,1961,1960,1962,-1,1961,1962,1963,-1,1963,1962,1964,-1,1963,1964,1965,-1,1964,1966,1965,-1,1965,1966,1967,-1,1967,1966,1968,-1,1967,1968,1969,-1,1969,1968,1970,-1,1969,1970,1971,-1,1971,1970,1972,-1,1971,1972,1973,-1,1973,1972,1974,-1,1973,1974,1975,-1,1975,1974,1976,-1,1975,1976,1977,-1,1977,1976,1978,-1,1977,1978,1979,-1,1979,1978,1980,-1,1979,1980,1981,-1,1981,1980,1982,-1,1982,1980,1983,-1,1982,1983,1946,-1,1946,1983,1944,-1,1949,1945,1983,-1,1983,1945,1944,-1,1978,1976,1974,-1,1970,1968,1980,-1,1980,1968,1966,-1,1980,1966,1983,-1,1978,1974,1980,-1,1980,1974,1972,-1,1980,1972,1970,-1,1983,1966,1949,-1,1949,1966,1964,-1,1949,1964,1951,-1,1951,1964,1962,-1,1951,1962,1960,-1,1960,1958,1951,-1,1951,1958,1956,-1,1951,1956,1952,-1,1952,1956,1954,-1,1984,1985,1986,-1,1986,1985,1987,-1,1987,1985,1988,-1,1988,1985,1989,-1,1988,1989,1990,-1,1990,1989,1991,-1,1990,1991,1992,-1,1990,1992,1993,-1,1993,1992,1994,-1,1993,1994,1995,-1,1995,1994,1996,-1,1995,1996,1997,-1,1997,1996,1998,-1,1997,1998,1999,-1,1999,1998,2000,-1,1999,2000,2001,-1,2001,2000,2002,-1,2001,2002,2003,-1,2003,2002,2004,-1,2003,2004,2005,-1,2004,2006,2005,-1,2005,2006,2007,-1,2007,2006,2008,-1,2007,2008,2009,-1,2009,2008,2010,-1,2009,2010,2011,-1,2011,2010,2012,-1,2011,2012,2013,-1,2013,2012,2014,-1,2013,2014,2015,-1,2015,2014,2016,-1,2015,2016,2017,-1,2017,2016,2018,-1,2017,2018,2019,-1,2019,2018,2020,-1,2019,2020,2021,-1,2021,2020,2022,-1,2022,2020,2023,-1,2022,2023,1986,-1,1986,2023,1984,-1,1989,1985,2023,-1,2023,1985,1984,-1,2006,2004,1989,-1,1994,1992,2004,-1,2004,1992,1991,-1,2004,1991,1989,-1,1989,2023,2006,-1,2006,2023,2020,-1,2006,2020,2008,-1,2008,2020,2010,-1,2000,1998,1996,-1,2020,2018,2016,-1,1994,2004,1996,-1,1996,2004,2002,-1,1996,2002,2000,-1,2016,2014,2020,-1,2020,2014,2012,-1,2020,2012,2010,-1,2024,2025,2026,-1,2026,2025,2027,-1,2027,2025,2028,-1,2028,2025,2029,-1,2028,2029,2030,-1,2030,2029,2031,-1,2030,2031,2032,-1,2030,2032,2033,-1,2033,2032,2034,-1,2033,2034,2035,-1,2035,2034,2036,-1,2035,2036,2037,-1,2037,2036,2038,-1,2037,2038,2039,-1,2039,2038,2040,-1,2039,2040,2041,-1,2041,2040,2042,-1,2041,2042,2043,-1,2043,2042,2044,-1,2043,2044,2045,-1,2044,2046,2045,-1,2045,2046,2047,-1,2047,2046,2048,-1,2047,2048,2049,-1,2049,2048,2050,-1,2049,2050,2051,-1,2051,2050,2052,-1,2051,2052,2053,-1,2053,2052,2054,-1,2053,2054,2055,-1,2055,2054,2056,-1,2055,2056,2057,-1,2057,2056,2058,-1,2057,2058,2059,-1,2059,2058,2060,-1,2059,2060,2061,-1,2061,2060,2062,-1,2062,2060,2063,-1,2062,2063,2026,-1,2026,2063,2024,-1,2029,2025,2063,-1,2063,2025,2024,-1,2032,2031,2042,-1,2048,2046,2060,-1,2029,2063,2031,-1,2031,2063,2060,-1,2060,2046,2031,-1,2031,2046,2044,-1,2031,2044,2042,-1,2056,2054,2052,-1,2060,2058,2048,-1,2048,2058,2056,-1,2048,2056,2050,-1,2050,2056,2052,-1,2040,2038,2036,-1,2040,2036,2042,-1,2042,2036,2034,-1,2042,2034,2032,-1,2064,2065,2066,-1,2066,2065,2067,-1,2067,2065,2068,-1,2068,2065,2069,-1,2068,2069,2070,-1,2070,2069,2071,-1,2070,2071,2072,-1,2070,2072,2073,-1,2073,2072,2074,-1,2073,2074,2075,-1,2075,2074,2076,-1,2075,2076,2077,-1,2077,2076,2078,-1,2077,2078,2079,-1,2079,2078,2080,-1,2079,2080,2081,-1,2081,2080,2082,-1,2081,2082,2083,-1,2083,2082,2084,-1,2083,2084,2085,-1,2084,2086,2085,-1,2085,2086,2087,-1,2087,2086,2088,-1,2087,2088,2089,-1,2089,2088,2090,-1,2089,2090,2091,-1,2091,2090,2092,-1,2091,2092,2093,-1,2093,2092,2094,-1,2093,2094,2095,-1,2095,2094,2096,-1,2095,2096,2097,-1,2097,2096,2098,-1,2097,2098,2099,-1,2099,2098,2100,-1,2099,2100,2101,-1,2101,2100,2102,-1,2102,2100,2103,-1,2102,2103,2066,-1,2066,2103,2064,-1,2069,2065,2103,-1,2103,2065,2064,-1,2098,2096,2094,-1,2090,2088,2100,-1,2100,2088,2086,-1,2100,2086,2103,-1,2103,2086,2069,-1,2069,2086,2084,-1,2069,2084,2071,-1,2071,2084,2082,-1,2071,2082,2072,-1,2098,2094,2100,-1,2100,2094,2092,-1,2100,2092,2090,-1,2080,2078,2076,-1,2080,2076,2082,-1,2082,2076,2074,-1,2082,2074,2072,-1,2104,2105,2106,-1,2106,2105,2107,-1,2107,2105,2108,-1,2108,2105,2109,-1,2108,2109,2110,-1,2110,2109,2111,-1,2110,2111,2112,-1,2110,2112,2113,-1,2113,2112,2114,-1,2113,2114,2115,-1,2115,2114,2116,-1,2115,2116,2117,-1,2117,2116,2118,-1,2117,2118,2119,-1,2119,2118,2120,-1,2119,2120,2121,-1,2121,2120,2122,-1,2121,2122,2123,-1,2123,2122,2124,-1,2123,2124,2125,-1,2124,2126,2125,-1,2125,2126,2127,-1,2127,2126,2128,-1,2127,2128,2129,-1,2129,2128,2130,-1,2129,2130,2131,-1,2131,2130,2132,-1,2131,2132,2133,-1,2133,2132,2134,-1,2133,2134,2135,-1,2135,2134,2136,-1,2135,2136,2137,-1,2137,2136,2138,-1,2137,2138,2139,-1,2139,2138,2140,-1,2139,2140,2141,-1,2141,2140,2142,-1,2142,2140,2143,-1,2142,2143,2106,-1,2106,2143,2104,-1,2109,2105,2143,-1,2143,2105,2104,-1,2111,2109,2124,-1,2124,2109,2126,-1,2109,2143,2126,-1,2126,2143,2140,-1,2126,2140,2128,-1,2128,2140,2130,-1,2114,2120,2116,-1,2116,2120,2118,-1,2124,2122,2111,-1,2111,2122,2120,-1,2111,2120,2112,-1,2112,2120,2114,-1,2140,2138,2136,-1,2136,2134,2140,-1,2140,2134,2132,-1,2140,2132,2130,-1,2144,2145,2146,-1,2146,2145,2147,-1,2147,2145,2148,-1,2148,2145,2149,-1,2148,2149,2150,-1,2150,2149,2151,-1,2150,2151,2152,-1,2150,2152,2153,-1,2153,2152,2154,-1,2153,2154,2155,-1,2155,2154,2156,-1,2155,2156,2157,-1,2157,2156,2158,-1,2157,2158,2159,-1,2159,2158,2160,-1,2159,2160,2161,-1,2161,2160,2162,-1,2161,2162,2163,-1,2163,2162,2164,-1,2163,2164,2165,-1,2164,2166,2165,-1,2165,2166,2167,-1,2167,2166,2168,-1,2167,2168,2169,-1,2169,2168,2170,-1,2169,2170,2171,-1,2171,2170,2172,-1,2171,2172,2173,-1,2173,2172,2174,-1,2173,2174,2175,-1,2175,2174,2176,-1,2175,2176,2177,-1,2177,2176,2178,-1,2177,2178,2179,-1,2179,2178,2180,-1,2179,2180,2181,-1,2181,2180,2182,-1,2182,2180,2183,-1,2182,2183,2146,-1,2146,2183,2144,-1,2149,2145,2183,-1,2183,2145,2144,-1,2151,2149,2183,-1,2166,2164,2151,-1,2151,2164,2162,-1,2151,2162,2152,-1,2151,2183,2166,-1,2166,2183,2180,-1,2166,2180,2168,-1,2168,2180,2178,-1,2168,2178,2176,-1,2176,2174,2168,-1,2168,2174,2172,-1,2168,2172,2170,-1,2160,2158,2156,-1,2160,2156,2162,-1,2162,2156,2154,-1,2162,2154,2152,-1,2184,2185,2186,-1,2186,2185,2187,-1,2187,2185,2188,-1,2188,2185,2189,-1,2188,2189,2190,-1,2190,2189,2191,-1,2190,2191,2192,-1,2190,2192,2193,-1,2193,2192,2194,-1,2193,2194,2195,-1,2195,2194,2196,-1,2195,2196,2197,-1,2197,2196,2198,-1,2197,2198,2199,-1,2199,2198,2200,-1,2199,2200,2201,-1,2201,2200,2202,-1,2201,2202,2203,-1,2203,2202,2204,-1,2203,2204,2205,-1,2204,2206,2205,-1,2205,2206,2207,-1,2207,2206,2208,-1,2207,2208,2209,-1,2209,2208,2210,-1,2209,2210,2211,-1,2211,2210,2212,-1,2211,2212,2213,-1,2213,2212,2214,-1,2213,2214,2215,-1,2215,2214,2216,-1,2215,2216,2217,-1,2217,2216,2218,-1,2217,2218,2219,-1,2219,2218,2220,-1,2219,2220,2221,-1,2221,2220,2222,-1,2222,2220,2223,-1,2222,2223,2186,-1,2186,2223,2184,-1,2189,2185,2223,-1,2223,2185,2184,-1,2192,2191,2202,-1,2189,2223,2191,-1,2191,2223,2220,-1,2208,2206,2218,-1,2218,2206,2220,-1,2220,2206,2191,-1,2191,2206,2204,-1,2191,2204,2202,-1,2218,2216,2208,-1,2208,2216,2214,-1,2208,2214,2210,-1,2210,2214,2212,-1,2200,2198,2196,-1,2200,2196,2202,-1,2202,2196,2194,-1,2202,2194,2192,-1,2224,2225,2226,-1,2226,2225,2227,-1,2227,2225,2228,-1,2228,2225,2229,-1,2228,2229,2230,-1,2230,2229,2231,-1,2230,2231,2232,-1,2230,2232,2233,-1,2233,2232,2234,-1,2233,2234,2235,-1,2235,2234,2236,-1,2235,2236,2237,-1,2237,2236,2238,-1,2237,2238,2239,-1,2239,2238,2240,-1,2239,2240,2241,-1,2241,2240,2242,-1,2241,2242,2243,-1,2243,2242,2244,-1,2243,2244,2245,-1,2244,2246,2245,-1,2245,2246,2247,-1,2247,2246,2248,-1,2247,2248,2249,-1,2249,2248,2250,-1,2249,2250,2251,-1,2251,2250,2252,-1,2251,2252,2253,-1,2253,2252,2254,-1,2253,2254,2255,-1,2255,2254,2256,-1,2255,2256,2257,-1,2257,2256,2258,-1,2257,2258,2259,-1,2259,2258,2260,-1,2259,2260,2261,-1,2261,2260,2262,-1,2262,2260,2263,-1,2262,2263,2226,-1,2226,2263,2224,-1,2229,2225,2263,-1,2263,2225,2224,-1,2263,2246,2229,-1,2229,2246,2244,-1,2229,2244,2231,-1,2263,2260,2246,-1,2246,2260,2258,-1,2246,2258,2248,-1,2244,2242,2231,-1,2231,2242,2240,-1,2231,2240,2238,-1,2238,2236,2231,-1,2231,2236,2234,-1,2231,2234,2232,-1,2256,2254,2252,-1,2256,2252,2258,-1,2258,2252,2250,-1,2258,2250,2248,-1,2264,2265,2266,-1,2266,2265,2267,-1,2268,2269,2270,-1,2270,2269,2271,-1,
        ]
    }
}
Shape{
    appearance Appearance {
        material  Material 	{
            diffuseColor 1.0 0.5019607843137255 0.25098039215686274
            specularColor 0.5019607843137255 0.25098039215686274 0.12549019607843137
            ambientIntensity 0.2
            transparency 0
            shininess 0.5
        }
    }
    geometry IndexedFaceSet {
        ccw TRUE
        solid FALSE
        coord DEF co Coordinate {
            point [
                1.267 -1.1417 0.0, 1.2205 -1.0952 0.0, 1.267 -1.1417 -0.0039, 1.2205 -1.0952 -0.0039, -1.1417 -1.267 0.0, -1.0952 -1.2205 0.0, -1.1417 -1.267 -0.0039, -1.0952 -1.2205 -0.0039, -1.267 1.1417 0.0, -1.2205 1.0952 0.0, -1.267 1.1417 -0.0039, -1.2205 1.0952 -0.0039, 1.0952 -1.2205 0.0, 1.1417 -1.267 0.0, 1.0952 -1.2205 -0.0039, 1.1417 -1.267 -0.0039, -1.2205 -1.0952 0.0, -1.267 -1.1417 0.0, -1.2205 -1.0952 -0.0039, -1.267 -1.1417 -0.0039, -1.0952 1.2205 0.0, -1.1417 1.267 0.0, -1.0952 1.2205 -0.0039, -1.1417 1.267 -0.0039, -1.1417 1.267 -0.0039
            ]
        }
        coordIndex [
            0,1,2,-1,2,1,3,-1,4,5,6,-1,6,5,7,-1,8,9,10,-1,10,9,11,-1,12,13,14,-1,14,13,15,-1,16,17,18,-1,18,17,19,-1,20,21,22,-1,22,21,23,-1,
        ]
    }
}
Shape{
    appearance Appearance {
        material  Material 	{
            diffuseColor 0.7529411764705882 0.7529411764705882 0.7529411764705882
            specularColor 0.3764705882352941 0.3764705882352941 0.3764705882352941
            ambientIntensity 0.2
            transparency 0
            shininess 0.5
        }
    }
    geometry IndexedFaceSet {
        ccw TRUE
        solid FALSE
        coord DEF co Coordinate {
            point [
                -0.7087 -0.8661 -0.0039, -0.7087 -1.1024 -0.0039, -0.7087 -0.8661 0.0, -0.7087 -1.1024 0.0, 0.7087 -0.8661 -0.0039, 0.7087 -0.8661 0.0, 0.7087 -1.1024 -0.0039, 0.7087 -1.1024 0.0, 0.8661 -0.7087 -0.0039, 1.1024 -0.7087 -0.0039, 0.8661 -0.7087 0.0, 1.1024 -0.7087 0.0, 0.8661 0.7087 -0.0039, 0.8661 0.7087 0.0, 1.1024 0.7087 -0.0039, 1.1024 0.7087 0.0, 0.7087 0.8661 -0.0039, 0.7087 1.1024 -0.0039, 0.7087 0.8661 0.0, 0.7087 1.1024 0.0, -0.7087 0.8661 -0.0039, -0.7087 0.8661 0.0, -0.7087 1.1024 -0.0039, -0.7087 1.1024 0.0, -0.8661 0.7087 -0.0039, -1.1024 0.7087 -0.0039, -0.8661 0.7087 0.0, -1.1024 0.7087 0.0, -0.8661 -0.7087 -0.0039, -0.8661 -0.7087 0.0, -1.1024 -0.7087 -0.0039, -1.1024 -0.7087 0.0, -0.7087 0.5709 -0.0039, -0.7087 -0.7087 -0.0039, -0.7087 0.5709 0.0, -0.7087 -0.7087 0.0, -0.5709 0.7087 -0.0039, -0.5709 0.7087 0.0, 0.7087 0.7087 -0.0039, 0.7087 0.7087 0.0, 0.7087 -0.7087 -0.0039, 0.7087 -0.7087 0.0, 0.7087 -0.7087 0.0
            ]
        }
        coordIndex [
            0,1,2,-1,2,1,3,-1,4,0,5,-1,5,0,2,-1,6,4,7,-1,7,4,5,-1,1,6,3,-1,3,6,7,-1,4,6,0,-1,0,6,1,-1,8,9,10,-1,10,9,11,-1,12,8,13,-1,13,8,10,-1,14,12,15,-1,15,12,13,-1,9,14,11,-1,11,14,15,-1,12,14,8,-1,8,14,9,-1,16,17,18,-1,18,17,19,-1,20,16,21,-1,21,16,18,-1,22,20,23,-1,23,20,21,-1,17,22,19,-1,19,22,23,-1,20,22,16,-1,16,22,17,-1,24,25,26,-1,26,25,27,-1,28,24,29,-1,29,24,26,-1,30,28,31,-1,31,28,29,-1,25,30,27,-1,27,30,31,-1,28,30,24,-1,24,30,25,-1,32,33,34,-1,34,33,35,-1,36,32,37,-1,37,32,34,-1,38,36,39,-1,39,36,37,-1,40,38,41,-1,41,38,39,-1,33,40,35,-1,35,40,41,-1,36,38,32,-1,32,38,40,-1,32,40,33,-1,
        ]
    }
}
Shape{
    appearance Appearance {
        material  Material 	{
            diffuseColor 1.0 1.0 1.0
            specularColor 0.5019607843137255 0.5019607843137255 0.5019607843137255
            ambientIntensity 0.2
            transparency 0
            shininess 0.5
        }
    }
    geometry IndexedFaceSet {
        ccw TRUE
        solid FALSE
        coord DEF co Coordinate {
            point [
                -0.7799 -1.0718 0.3386, -0.7799 -1.081 0.3386, -0.7799 -1.0718 0.3346, -0.7799 -1.081 0.3346, -0.8118 -1.0718 0.3386, -0.8118 -1.0718 0.3346, -0.8118 -1.0009 0.3386, -0.8118 -1.0009 0.3346, -0.8221 -1.0009 0.3386, -0.8221 -1.0009 0.3346, -0.8221 -1.081 0.3386, -0.8221 -1.081 0.3346, -0.7388 -1.0823 0.3386, -0.7388 -1.0823 0.3346, -0.7266 -1.0812 0.3386, -0.7318 -1.0817 0.3346, -0.7266 -1.0812 0.3346, -0.718 -1.0783 0.3346, -0.718 -1.0783 0.3386, -0.7167 -1.0777 0.3346, -0.7167 -1.0777 0.3386, -0.7167 -1.0678 0.3386, -0.7167 -1.0678 0.3346, -0.7245 -1.0713 0.3346, -0.7245 -1.0713 0.3386, -0.7336 -1.073 0.3346, -0.7336 -1.073 0.3386, -0.7373 -1.0731 0.3346, -0.7373 -1.0731 0.3386, -0.7454 -1.0721 0.3346, -0.7454 -1.0721 0.3386, -0.7511 -1.0699 0.3346, -0.7511 -1.0699 0.3386, -0.7563 -1.0662 0.3346, -0.7563 -1.0662 0.3386, -0.7579 -1.0647 0.3346, -0.7579 -1.0647 0.3386, -0.7618 -1.0593 0.3346, -0.7618 -1.0593 0.3386, -0.7644 -1.0528 0.3346, -0.7644 -1.0528 0.3386, -0.7657 -1.0448 0.3346, -0.7657 -1.0448 0.3386, -0.7658 -1.0418 0.3346, -0.7658 -1.0418 0.3386, -0.7644 -1.0308 0.3346, -0.7644 -1.0308 0.3386, -0.7617 -1.0239 0.3346, -0.7617 -1.0239 0.3386, -0.7574 -1.0178 0.3346, -0.7574 -1.0178 0.3386, -0.7519 -1.0133 0.3346, -0.7519 -1.0133 0.3386, -0.7456 -1.0104 0.3346, -0.7456 -1.0104 0.3386, -0.7387 -1.009 0.3346, -0.7387 -1.009 0.3386, -0.7355 -1.0089 0.3346, -0.7355 -1.0089 0.3386, -0.7257 -1.0101 0.3346, -0.7257 -1.0101 0.3386, -0.7176 -1.0132 0.3346, -0.7176 -1.0132 0.3386, -0.7167 -1.0136 0.3346, -0.7167 -1.0136 0.3386, -0.7167 -1.0028 0.3386, -0.7167 -1.0028 0.3346, -0.7357 -0.9996 0.3346, -0.7357 -0.9996 0.3386, -0.7356 -0.9996 0.3386, -0.7251 -1.0004 0.3346, -0.7251 -1.0004 0.3386, -0.7271 -1.0002 0.3346, -0.7356 -0.9996 0.3346, -0.7412 -1.0002 0.3346, -0.7473 -1.001 0.3386, -0.7473 -1.001 0.3346, -0.7556 -1.0042 0.3346, -0.7556 -1.0042 0.3386, -0.7631 -1.0095 0.3346, -0.7631 -1.0095 0.3386, -0.7651 -1.0113 0.3346, -0.7651 -1.0113 0.3386, -0.7709 -1.0189 0.3346, -0.773 -1.024 0.3346, -0.7747 -1.0278 0.3386, -0.7709 -1.0189 0.3386, -0.7747 -1.0278 0.3346, -0.7765 -1.0383 0.3346, -0.7765 -1.0383 0.3386, -0.7766 -1.0425 0.3346, -0.7766 -1.0425 0.3386, -0.775 -1.0556 0.3346, -0.773 -1.0606 0.3346, -0.7718 -1.0639 0.3386, -0.775 -1.0556 0.3386, -0.7718 -1.0639 0.3346, -0.7664 -1.0714 0.3346, -0.7664 -1.0714 0.3386, -0.7437 -1.0821 0.3386, -0.7599 -1.0767 0.3346, -0.7599 -1.0767 0.3386, -0.7524 -1.0803 0.3346, -0.7524 -1.0803 0.3386, -0.7458 -1.0817 0.3346, -0.7437 -1.0821 0.3346, -0.6576 -1.0718 0.3386, -0.6576 -1.081 0.3386, -0.6576 -1.0718 0.3346, -0.6576 -1.081 0.3346, -0.6903 -1.0718 0.3346, -0.6903 -1.0718 0.3386, -0.6687 -1.0718 0.3346, -0.6903 -1.0449 0.3386, -0.6903 -1.0449 0.3346, -0.6617 -1.0449 0.3386, -0.6687 -1.0449 0.3346, -0.6617 -1.0449 0.3346, -0.6617 -1.0357 0.3386, -0.6617 -1.0357 0.3346, -0.6903 -1.0357 0.3346, -0.6903 -1.0357 0.3386, -0.6687 -1.0357 0.3346, -0.6903 -1.0101 0.3386, -0.6903 -1.0101 0.3346, -0.6594 -1.0101 0.3386, -0.6687 -1.0101 0.3346, -0.6594 -1.0101 0.3346, -0.6594 -1.0009 0.3386, -0.6594 -1.0009 0.3346, -0.7007 -1.0009 0.3346, -0.7007 -1.0009 0.3386, -0.6687 -1.0009 0.3346, -0.7007 -1.081 0.3386, -0.7007 -1.081 0.3346, -0.6687 -1.081 0.3346, -0.5893 -1.0698 0.3386, -0.5976 -1.0643 0.3386, -0.5977 -1.0757 0.3386, -0.6027 -1.0679 0.3386, -0.6068 -1.0793 0.3386, -0.6093 -1.0705 0.3386, -0.6204 -1.081 0.3386, -0.6205 -1.0718 0.3386, -0.6425 -1.081 0.3386, -0.6321 -1.0718 0.3386, -0.6425 -1.0009 0.3386, -0.6321 -1.0101 0.3386, -0.6196 -1.0009 0.3386, -0.62 -1.0101 0.3386, -0.6074 -1.0023 0.3386, -0.6097 -1.0113 0.3386, -0.5977 -1.0058 0.3386, -0.6028 -1.0138 0.3386, -0.5893 -1.0115 0.3386, -0.5969 -1.0176 0.3386, -0.5866 -1.0142 0.3386, -0.5947 -1.0198 0.3386, -0.5816 -1.0212 0.3386, -0.5916 -1.0243 0.3386, -0.5786 -1.0288 0.3386, -0.5894 -1.0301 0.3386, -0.5773 -1.0399 0.3386, -0.5881 -1.0402 0.3386, -0.5775 -1.045 0.3386, -0.5885 -1.0464 0.3386, -0.5794 -1.0544 0.3386, -0.5903 -1.0535 0.3386, -0.5834 -1.0627 0.3386, -0.5932 -1.0593 0.3386, -0.5967 -1.0635 0.3386, -0.6204 -1.081 0.3346, -0.6425 -1.081 0.3346, -0.5893 -1.0698 0.3346, -0.6068 -1.0793 0.3346, -0.6058 -1.0789 0.3346, -0.5977 -1.0757 0.3346, -0.5834 -1.0627 0.3346, -0.5794 -1.0544 0.3346, -0.5775 -1.045 0.3346, -0.5773 -1.0399 0.3346, -0.5786 -1.0288 0.3346, -0.5816 -1.0212 0.3346, -0.5866 -1.0142 0.3346, -0.5893 -1.0115 0.3346, -0.6196 -1.0009 0.3346, -0.5977 -1.0058 0.3346, -0.6058 -1.0028 0.3346, -0.6074 -1.0023 0.3346, -0.6425 -1.0009 0.3346, -0.62 -1.0101 0.3346, -0.6321 -1.0101 0.3346, -0.6321 -1.0718 0.3346, -0.6205 -1.0718 0.3346, -0.5967 -1.0635 0.3346, -0.5976 -1.0643 0.3346, -0.6027 -1.0679 0.3346, -0.6093 -1.0705 0.3346, -0.5881 -1.0402 0.3346, -0.5885 -1.0464 0.3346, -0.5903 -1.0535 0.3346, -0.5932 -1.0593 0.3346, -0.5969 -1.0176 0.3346, -0.5947 -1.0198 0.3346, -0.5916 -1.0243 0.3346, -0.5894 -1.0301 0.3346, -0.6097 -1.0113 0.3346, -0.6028 -1.0138 0.3346, -0.6028 -1.0138 0.3346
            ]
        }
        coordIndex [
            0,1,2,-1,2,1,3,-1,4,0,5,-1,5,0,2,-1,6,4,7,-1,7,4,5,-1,8,6,9,-1,9,6,7,-1,10,8,11,-1,11,8,9,-1,1,10,3,-1,3,10,11,-1,6,8,4,-1,4,8,10,-1,4,10,0,-1,0,10,1,-1,12,13,14,-1,14,13,15,-1,15,16,14,-1,14,16,17,-1,14,17,18,-1,18,17,19,-1,18,19,20,-1,21,20,22,-1,22,20,19,-1,21,22,23,-1,21,23,24,-1,24,23,25,-1,24,25,26,-1,26,25,27,-1,26,27,28,-1,28,27,29,-1,28,29,30,-1,30,29,31,-1,30,31,32,-1,32,31,33,-1,32,33,34,-1,34,33,35,-1,34,35,36,-1,36,35,37,-1,36,37,38,-1,38,37,39,-1,38,39,40,-1,40,39,41,-1,40,41,42,-1,42,41,43,-1,42,43,44,-1,44,43,45,-1,44,45,46,-1,46,45,47,-1,46,47,48,-1,48,47,49,-1,48,49,50,-1,50,49,51,-1,50,51,52,-1,52,51,53,-1,52,53,54,-1,54,53,55,-1,54,55,56,-1,56,55,57,-1,56,57,58,-1,58,57,59,-1,58,59,60,-1,60,59,61,-1,60,61,62,-1,62,61,63,-1,62,63,64,-1,65,64,66,-1,66,64,63,-1,67,68,69,-1,65,66,70,-1,65,70,71,-1,71,70,72,-1,71,72,69,-1,69,72,73,-1,69,73,67,-1,68,67,74,-1,68,74,75,-1,74,76,75,-1,75,76,77,-1,75,77,78,-1,78,77,79,-1,78,79,80,-1,80,79,81,-1,80,81,82,-1,82,81,83,-1,84,85,83,-1,83,85,86,-1,83,86,82,-1,84,87,85,-1,85,87,88,-1,85,88,89,-1,89,88,90,-1,89,90,91,-1,91,90,92,-1,93,94,92,-1,92,94,95,-1,92,95,91,-1,93,96,94,-1,94,96,97,-1,94,97,98,-1,13,12,99,-1,98,97,100,-1,98,100,101,-1,101,100,102,-1,101,102,103,-1,103,102,104,-1,103,104,99,-1,99,104,105,-1,99,105,13,-1,62,64,65,-1,52,80,50,-1,50,80,82,-1,50,82,48,-1,48,82,86,-1,48,86,46,-1,62,65,60,-1,60,65,71,-1,60,71,58,-1,58,71,69,-1,58,69,56,-1,56,69,68,-1,56,68,54,-1,54,68,75,-1,54,75,52,-1,52,75,78,-1,52,78,80,-1,91,44,89,-1,89,44,46,-1,89,46,85,-1,85,46,86,-1,20,21,18,-1,18,21,24,-1,18,24,14,-1,14,24,26,-1,14,26,12,-1,12,26,28,-1,12,28,99,-1,99,28,30,-1,99,30,103,-1,103,30,32,-1,103,32,101,-1,101,32,34,-1,101,34,98,-1,98,34,36,-1,98,36,94,-1,94,36,38,-1,94,38,95,-1,95,38,40,-1,95,40,91,-1,91,40,42,-1,91,42,44,-1,106,107,108,-1,108,107,109,-1,110,111,112,-1,112,111,106,-1,112,106,108,-1,113,111,114,-1,114,111,110,-1,113,114,115,-1,115,114,116,-1,115,116,117,-1,118,115,119,-1,119,115,117,-1,120,121,122,-1,122,121,118,-1,122,118,119,-1,123,121,124,-1,124,121,120,-1,123,124,125,-1,125,124,126,-1,125,126,127,-1,128,125,129,-1,129,125,127,-1,130,131,132,-1,132,131,128,-1,132,128,129,-1,133,131,134,-1,134,131,130,-1,133,134,107,-1,107,134,135,-1,107,135,109,-1,133,107,106,-1,106,111,133,-1,133,111,113,-1,133,113,131,-1,125,128,123,-1,123,128,131,-1,123,131,121,-1,121,131,113,-1,121,113,118,-1,118,113,115,-1,136,137,138,-1,138,137,139,-1,138,139,140,-1,140,139,141,-1,140,141,142,-1,142,141,143,-1,142,143,144,-1,144,143,145,-1,144,145,146,-1,146,145,147,-1,146,147,148,-1,148,147,149,-1,148,149,150,-1,150,149,151,-1,150,151,152,-1,152,151,153,-1,152,153,154,-1,154,153,155,-1,154,155,156,-1,156,155,157,-1,156,157,158,-1,158,157,159,-1,158,159,160,-1,160,159,161,-1,160,161,162,-1,162,161,163,-1,162,163,164,-1,164,163,165,-1,164,165,166,-1,166,165,167,-1,166,167,168,-1,168,167,169,-1,168,169,136,-1,136,169,170,-1,136,170,137,-1,142,144,171,-1,171,144,172,-1,173,136,138,-1,142,171,174,-1,142,174,140,-1,140,174,175,-1,140,175,138,-1,138,175,176,-1,138,176,173,-1,136,173,177,-1,136,177,168,-1,168,177,178,-1,168,178,166,-1,166,178,179,-1,166,179,164,-1,164,179,180,-1,164,180,162,-1,162,180,181,-1,162,181,160,-1,160,181,182,-1,160,182,158,-1,158,182,183,-1,158,183,156,-1,156,183,184,-1,156,184,154,-1,185,148,150,-1,154,184,186,-1,154,186,152,-1,152,186,187,-1,152,187,150,-1,150,187,188,-1,150,188,185,-1,146,148,189,-1,189,148,185,-1,144,146,172,-1,172,146,189,-1,149,147,190,-1,190,147,191,-1,147,145,191,-1,191,145,192,-1,145,143,192,-1,192,143,193,-1,170,194,195,-1,170,195,137,-1,137,195,196,-1,137,196,139,-1,139,196,197,-1,139,197,141,-1,141,197,193,-1,141,193,143,-1,163,198,199,-1,163,199,165,-1,165,199,200,-1,165,200,167,-1,167,200,201,-1,167,201,169,-1,169,201,194,-1,169,194,170,-1,155,202,203,-1,155,203,157,-1,157,203,204,-1,157,204,159,-1,159,204,205,-1,159,205,161,-1,161,205,198,-1,161,198,163,-1,149,190,206,-1,149,206,151,-1,151,206,207,-1,151,207,153,-1,153,207,202,-1,153,202,155,-1,
        ]
    }
}
Shape{
    appearance Appearance {
        material  Material 	{
            diffuseColor 0.25098039215686274 0.25098039215686274 0.25098039215686274
            specularColor 0.12549019607843137 0.12549019607843137 0.12549019607843137
            ambientIntensity 0.2
            transparency 0
            shininess 0.5
        }
    }
    geometry IndexedFaceSet {
        ccw TRUE
        solid FALSE
        coord DEF co Coordinate {
            point [
                -0.5976 -1.0643 0.3346, -0.5967 -1.0635 0.3346, -0.62 -1.0101 0.3346, -0.6321 -1.0101 0.3346, -0.6321 -1.0718 0.3346, -0.6205 -1.0718 0.3346, -0.6093 -1.0705 0.3346, -0.6027 -1.0679 0.3346, -0.5932 -1.0593 0.3346, -0.5903 -1.0535 0.3346, -0.5885 -1.0464 0.3346, -0.5881 -1.0402 0.3346, -0.5894 -1.0301 0.3346, -0.5916 -1.0243 0.3346, -0.5947 -1.0198 0.3346, -0.5969 -1.0176 0.3346, -0.6097 -1.0113 0.3346, -0.6028 -1.0138 0.3346, -0.6028 -1.0138 0.3346
            ]
        }
        coordIndex [
            0,1,2,-1,3,4,2,-1,2,4,5,-1,5,6,2,-1,2,6,7,-1,2,7,0,-1,1,8,2,-1,2,8,9,-1,2,9,10,-1,10,11,2,-1,2,11,12,-1,2,12,13,-1,13,14,2,-1,2,14,15,-1,2,15,16,-1,16,15,17,-1,
        ]
    }
}
Shape{
    appearance Appearance {
        material  Material 	{
            diffuseColor 1.0 1.0 1.0
            specularColor 0.5019607843137255 0.5019607843137255 0.5019607843137255
            ambientIntensity 0.2
            transparency 0
            shininess 0.5
        }
    }
    geometry IndexedFaceSet {
        ccw TRUE
        solid FALSE
        coord DEF co Coordinate {
            point [
                -0.5504 -1.05 0.3386, -0.5537 -1.0591 0.3386, -0.5236 -1.05 0.3386, -0.5204 -1.0591 0.3386, -0.5385 -1.0167 0.3386, -0.5423 -1.0009 0.3386, -0.5728 -1.081 0.3386, -0.5614 -1.081 0.3386, -0.5378 -1.0144 0.3386, -0.5372 -1.0111 0.3386, -0.5313 -1.0009 0.3386, -0.5369 -1.0111 0.3386, -0.5363 -1.0145 0.3386, -0.5357 -1.0167 0.3386, -0.5008 -1.081 0.3386, -0.5122 -1.081 0.3386, -0.5313 -1.0009 0.3346, -0.5008 -1.081 0.3346, -0.5423 -1.0009 0.3346, -0.5728 -1.081 0.3346, -0.5498 -1.0204 0.3346, -0.5614 -1.081 0.3346, -0.5537 -1.0591 0.3346, -0.5204 -1.0591 0.3346, -0.5498 -1.0591 0.3346, -0.5122 -1.081 0.3346, -0.5504 -1.05 0.3346, -0.5236 -1.05 0.3346, -0.5357 -1.0167 0.3346, -0.5369 -1.0111 0.3346, -0.5363 -1.0145 0.3346, -0.5372 -1.0111 0.3346, -0.5385 -1.0167 0.3346, -0.5378 -1.0144 0.3346, -0.5378 -1.0144 0.3346
            ]
        }
        coordIndex [
            0,1,2,-1,2,1,3,-1,4,5,0,-1,0,5,6,-1,0,6,1,-1,1,6,7,-1,4,8,5,-1,5,8,9,-1,5,9,10,-1,10,9,11,-1,10,11,12,-1,12,13,10,-1,10,13,2,-1,10,2,14,-1,14,2,3,-1,14,3,15,-1,10,14,16,-1,16,14,17,-1,5,10,18,-1,18,10,16,-1,19,6,20,-1,20,6,5,-1,20,5,18,-1,7,6,21,-1,21,6,19,-1,1,7,22,-1,22,7,21,-1,23,3,24,-1,24,3,1,-1,24,1,22,-1,15,3,25,-1,25,3,23,-1,14,15,17,-1,17,15,25,-1,0,2,26,-1,26,2,27,-1,2,13,27,-1,27,13,28,-1,11,29,30,-1,11,30,12,-1,12,30,28,-1,12,28,13,-1,11,9,29,-1,29,9,31,-1,4,32,33,-1,4,33,8,-1,8,33,31,-1,8,31,9,-1,4,0,32,-1,32,0,26,-1,
        ]
    }
}
Shape{
    appearance Appearance {
        material  Material 	{
            diffuseColor 0.25098039215686274 0.25098039215686274 0.25098039215686274
            specularColor 0.12549019607843137 0.12549019607843137 0.12549019607843137
            ambientIntensity 0.2
            transparency 0
            shininess 0.5
        }
    }
    geometry IndexedFaceSet {
        ccw TRUE
        solid FALSE
        coord DEF co Coordinate {
            point [
                -0.5369 -1.0111 0.3346, -0.5372 -1.0111 0.3346, -0.5363 -1.0145 0.3346, -0.5378 -1.0144 0.3346, -0.5357 -1.0167 0.3346, -0.5385 -1.0167 0.3346, -0.5236 -1.05 0.3346, -0.5504 -1.05 0.3346, -0.5504 -1.05 0.3346
            ]
        }
        coordIndex [
            0,1,2,-1,2,1,3,-1,2,3,4,-1,4,3,5,-1,4,5,6,-1,6,5,7,-1,
        ]
    }
}
Shape{
    appearance Appearance {
        material  Material 	{
            diffuseColor 1.0 1.0 1.0
            specularColor 0.5019607843137255 0.5019607843137255 0.5019607843137255
            ambientIntensity 0.2
            transparency 0
            shininess 0.5
        }
    }
    geometry IndexedFaceSet {
        ccw TRUE
        solid FALSE
        coord DEF co Coordinate {
            point [
                -0.7791 -1.1989 0.3386, -0.7791 -1.208 0.3386, -0.7791 -1.1989 0.3346, -0.7791 -1.208 0.3346, -0.8118 -1.1989 0.3386, -0.8118 -1.1989 0.3346, -0.8118 -1.1719 0.3386, -0.8118 -1.1719 0.3346, -0.7832 -1.1719 0.3386, -0.7832 -1.1719 0.3346, -0.7832 -1.1628 0.3386, -0.7832 -1.1628 0.3346, -0.8118 -1.1628 0.3386, -0.8118 -1.1628 0.3346, -0.8118 -1.1371 0.3386, -0.8118 -1.1371 0.3346, -0.7809 -1.1371 0.3386, -0.7809 -1.1371 0.3346, -0.7809 -1.1279 0.3386, -0.7809 -1.1279 0.3346, -0.8221 -1.1279 0.3386, -0.8221 -1.1279 0.3346, -0.8221 -1.208 0.3386, -0.8221 -1.208 0.3346, -0.7335 -1.208 0.3386, -0.7235 -1.208 0.3386, -0.7335 -1.1992 0.3386, -0.7235 -1.1712 0.3386, -0.7338 -1.1992 0.3386, -0.7391 -1.1977 0.3386, -0.7355 -1.2017 0.3386, -0.7419 -1.1996 0.3386, -0.7532 -1.1826 0.3386, -0.7469 -1.1811 0.3386, -0.7335 -1.1793 0.3386, -0.7335 -1.1848 0.3386, -0.7336 -1.1855 0.3386, -0.7342 -1.1899 0.3386, -0.7357 -1.1935 0.3386, -0.7378 -1.1965 0.3386, -0.7372 -1.1503 0.3386, -0.7394 -1.1588 0.3386, -0.7332 -1.1517 0.3386, -0.7376 -1.16 0.3386, -0.7555 -1.1837 0.3386, -0.7335 -1.1716 0.3386, -0.7339 -1.1672 0.3386, -0.7245 -1.1627 0.3386, -0.7349 -1.1637 0.3386, -0.7262 -1.1585 0.3386, -0.7361 -1.1616 0.3386, -0.7283 -1.1554 0.3386, -0.73 -1.1537 0.3386, -0.7639 -1.1548 0.3386, -0.7639 -1.1646 0.3386, -0.7618 -1.1536 0.3386, -0.7569 -1.1602 0.3386, -0.7544 -1.1507 0.3386, -0.7507 -1.1582 0.3386, -0.7442 -1.1495 0.3386, -0.7451 -1.1576 0.3386, -0.7417 -1.158 0.3386, -0.7572 -1.1977 0.3386, -0.7646 -1.2048 0.3386, -0.7564 -1.1985 0.3386, -0.7612 -1.2072 0.3386, -0.7544 -1.1999 0.3386, -0.7573 -1.2087 0.3386, -0.7521 -1.2007 0.3386, -0.7513 -1.2093 0.3386, -0.7487 -1.2011 0.3386, -0.7461 -1.2088 0.3386, -0.745 -1.2007 0.3386, -0.742 -1.2073 0.3386, -0.7386 -1.205 0.3386, -0.7505 -1.174 0.3386, -0.7588 -1.1762 0.3386, -0.7566 -1.1846 0.3386, -0.7628 -1.1784 0.3386, -0.7578 -1.1861 0.3386, -0.7657 -1.1811 0.3386, -0.7587 -1.188 0.3386, -0.7678 -1.1844 0.3386, -0.7592 -1.1903 0.3386, -0.769 -1.1881 0.3386, -0.7593 -1.1919 0.3386, -0.7695 -1.1927 0.3386, -0.759 -1.1942 0.3386, -0.7689 -1.1976 0.3386, -0.7584 -1.196 0.3386, -0.7676 -1.2009 0.3386, -0.7655 -1.2039 0.3386, -0.7442 -1.1495 0.3346, -0.7544 -1.1507 0.3346, -0.7618 -1.1536 0.3346, -0.7639 -1.1548 0.3346, -0.7639 -1.1646 0.3346, -0.7569 -1.1602 0.3346, -0.7507 -1.1582 0.3346, -0.7451 -1.1576 0.3346, -0.7417 -1.158 0.3346, -0.7394 -1.1588 0.3346, -0.7376 -1.16 0.3346, -0.7361 -1.1616 0.3346, -0.7349 -1.1637 0.3346, -0.7339 -1.1672 0.3346, -0.7335 -1.1716 0.3346, -0.7505 -1.174 0.3346, -0.7588 -1.1762 0.3346, -0.7628 -1.1784 0.3346, -0.7657 -1.1811 0.3346, -0.7678 -1.1844 0.3346, -0.769 -1.1881 0.3346, -0.7695 -1.1927 0.3346, -0.7689 -1.1976 0.3346, -0.7676 -1.2009 0.3346, -0.7655 -1.2039 0.3346, -0.7646 -1.2048 0.3346, -0.7513 -1.2093 0.3346, -0.7571 -1.2087 0.3346, -0.7573 -1.2087 0.3346, -0.7612 -1.2072 0.3346, -0.7461 -1.2088 0.3346, -0.7459 -1.2087 0.3346, -0.742 -1.2073 0.3346, -0.7386 -1.205 0.3346, -0.7355 -1.2017 0.3346, -0.7338 -1.1992 0.3346, -0.7335 -1.1992 0.3346, -0.7335 -1.208 0.3346, -0.7235 -1.208 0.3346, -0.7235 -1.1712 0.3346, -0.7245 -1.1627 0.3346, -0.7262 -1.1585 0.3346, -0.7283 -1.1554 0.3346, -0.73 -1.1537 0.3346, -0.7332 -1.1517 0.3346, -0.7372 -1.1503 0.3346, -0.7566 -1.1846 0.3346, -0.7555 -1.1837 0.3346, -0.7532 -1.1826 0.3346, -0.7469 -1.1811 0.3346, -0.7593 -1.1919 0.3346, -0.7592 -1.1903 0.3346, -0.7587 -1.188 0.3346, -0.7578 -1.1861 0.3346, -0.7564 -1.1985 0.3346, -0.7572 -1.1977 0.3346, -0.7584 -1.196 0.3346, -0.759 -1.1942 0.3346, -0.7487 -1.2011 0.3346, -0.7521 -1.2007 0.3346, -0.7544 -1.1999 0.3346, -0.7378 -1.1965 0.3346, -0.7391 -1.1977 0.3346, -0.7419 -1.1996 0.3346, -0.745 -1.2007 0.3346, -0.7335 -1.1848 0.3346, -0.7336 -1.1855 0.3346, -0.7342 -1.1899 0.3346, -0.7357 -1.1935 0.3346, -0.7335 -1.1793 0.3346, -0.7335 -1.1793 0.3346
            ]
        }
        coordIndex [
            0,1,2,-1,2,1,3,-1,4,0,5,-1,5,0,2,-1,6,4,7,-1,7,4,5,-1,8,6,9,-1,9,6,7,-1,10,8,11,-1,11,8,9,-1,12,10,13,-1,13,10,11,-1,14,12,15,-1,15,12,13,-1,16,14,17,-1,17,14,15,-1,18,16,19,-1,19,16,17,-1,20,18,21,-1,21,18,19,-1,22,20,23,-1,23,20,21,-1,1,22,3,-1,3,22,23,-1,22,1,0,-1,0,4,22,-1,22,4,6,-1,22,6,20,-1,16,18,14,-1,14,18,20,-1,14,20,12,-1,12,20,6,-1,12,6,10,-1,10,6,8,-1,24,25,26,-1,26,25,27,-1,28,29,30,-1,30,29,31,-1,32,33,27,-1,27,33,34,-1,27,34,35,-1,35,36,27,-1,27,36,37,-1,27,37,26,-1,26,37,38,-1,26,38,28,-1,28,38,39,-1,28,39,29,-1,40,41,42,-1,42,41,43,-1,44,32,45,-1,45,32,27,-1,45,27,46,-1,46,27,47,-1,46,47,48,-1,48,47,49,-1,48,49,50,-1,50,49,51,-1,50,51,43,-1,43,51,52,-1,43,52,42,-1,53,54,55,-1,55,54,56,-1,55,56,57,-1,57,56,58,-1,57,58,59,-1,59,58,60,-1,59,60,40,-1,40,60,61,-1,40,61,41,-1,62,63,64,-1,64,63,65,-1,64,65,66,-1,66,65,67,-1,66,67,68,-1,68,67,69,-1,68,69,70,-1,70,69,71,-1,70,71,72,-1,72,71,73,-1,72,73,31,-1,31,73,74,-1,31,74,30,-1,45,75,44,-1,44,75,76,-1,44,76,77,-1,77,76,78,-1,77,78,79,-1,79,78,80,-1,79,80,81,-1,81,80,82,-1,81,82,83,-1,83,82,84,-1,83,84,85,-1,85,84,86,-1,85,86,87,-1,87,86,88,-1,87,88,89,-1,89,88,90,-1,89,90,62,-1,62,90,91,-1,62,91,63,-1,59,92,93,-1,59,93,57,-1,57,93,94,-1,57,94,55,-1,55,94,95,-1,55,95,53,-1,54,53,96,-1,96,53,95,-1,54,96,97,-1,54,97,56,-1,56,97,98,-1,56,98,58,-1,58,98,99,-1,58,99,60,-1,60,99,100,-1,60,100,61,-1,61,100,101,-1,61,101,41,-1,41,101,102,-1,41,102,43,-1,43,102,103,-1,43,103,50,-1,50,103,104,-1,50,104,48,-1,48,104,105,-1,48,105,46,-1,46,105,106,-1,46,106,45,-1,75,45,107,-1,107,45,106,-1,75,107,108,-1,75,108,76,-1,76,108,109,-1,76,109,78,-1,78,109,110,-1,78,110,80,-1,80,110,111,-1,80,111,82,-1,82,111,112,-1,82,112,84,-1,84,112,113,-1,84,113,86,-1,86,113,114,-1,86,114,88,-1,88,114,115,-1,88,115,90,-1,90,115,116,-1,90,116,91,-1,91,116,117,-1,91,117,63,-1,118,69,119,-1,119,69,67,-1,119,67,120,-1,120,67,65,-1,120,65,121,-1,121,65,63,-1,121,63,117,-1,69,118,122,-1,69,122,71,-1,71,122,123,-1,71,123,73,-1,123,124,73,-1,73,124,125,-1,73,125,74,-1,74,125,126,-1,74,126,30,-1,30,126,127,-1,30,127,28,-1,26,28,128,-1,128,28,127,-1,24,26,129,-1,129,26,128,-1,25,24,130,-1,130,24,129,-1,27,25,131,-1,131,25,130,-1,27,131,132,-1,27,132,47,-1,47,132,133,-1,47,133,49,-1,49,133,134,-1,49,134,51,-1,51,134,135,-1,51,135,52,-1,52,135,136,-1,52,136,42,-1,42,136,137,-1,42,137,40,-1,40,137,92,-1,40,92,59,-1,77,138,139,-1,77,139,44,-1,44,139,140,-1,44,140,32,-1,32,140,141,-1,32,141,33,-1,85,142,143,-1,85,143,83,-1,83,143,144,-1,83,144,81,-1,81,144,145,-1,81,145,79,-1,79,145,138,-1,79,138,77,-1,64,146,147,-1,64,147,62,-1,62,147,148,-1,62,148,89,-1,89,148,149,-1,89,149,87,-1,87,149,142,-1,87,142,85,-1,70,150,151,-1,70,151,68,-1,68,151,152,-1,68,152,66,-1,66,152,146,-1,66,146,64,-1,39,153,154,-1,39,154,29,-1,29,154,155,-1,29,155,31,-1,31,155,156,-1,31,156,72,-1,72,156,150,-1,72,150,70,-1,35,157,158,-1,35,158,36,-1,36,158,159,-1,36,159,37,-1,37,159,160,-1,37,160,38,-1,38,160,153,-1,38,153,39,-1,35,34,157,-1,157,34,161,-1,34,33,161,-1,161,33,141,-1,
        ]
    }
}
Shape{
    appearance Appearance {
        material  Material 	{
            diffuseColor 0.25098039215686274 0.25098039215686274 0.25098039215686274
            specularColor 0.12549019607843137 0.12549019607843137 0.12549019607843137
            ambientIntensity 0.2
            transparency 0
            shininess 0.5
        }
    }
    geometry IndexedFaceSet {
        ccw TRUE
        solid FALSE
        coord DEF co Coordinate {
            point [
                -0.7336 -1.1855 0.3346, -0.7335 -1.1848 0.3346, -0.7566 -1.1846 0.3346, -0.7335 -1.1793 0.3346, -0.7469 -1.1811 0.3346, -0.7532 -1.1826 0.3346, -0.7555 -1.1837 0.3346, -0.7342 -1.1899 0.3346, -0.7578 -1.1861 0.3346, -0.7357 -1.1935 0.3346, -0.7572 -1.1977 0.3346, -0.7564 -1.1985 0.3346, -0.7391 -1.1977 0.3346, -0.7584 -1.196 0.3346, -0.7419 -1.1996 0.3346, -0.745 -1.2007 0.3346, -0.7487 -1.2011 0.3346, -0.7587 -1.188 0.3346, -0.7592 -1.1903 0.3346, -0.7378 -1.1965 0.3346, -0.7593 -1.1919 0.3346, -0.759 -1.1942 0.3346, -0.7544 -1.1999 0.3346, -0.7521 -1.2007 0.3346, -0.7521 -1.2007 0.3346
            ]
        }
        coordIndex [
            0,1,2,-1,1,3,4,-1,4,5,1,-1,1,5,6,-1,1,6,2,-1,0,2,7,-1,7,2,8,-1,7,8,9,-1,10,11,12,-1,10,12,13,-1,14,12,15,-1,15,12,16,-1,8,17,9,-1,9,17,18,-1,9,18,19,-1,19,18,20,-1,19,20,12,-1,12,20,21,-1,12,21,13,-1,11,22,12,-1,12,22,23,-1,12,23,16,-1,
        ]
    }
}
Shape{
    appearance Appearance {
        material  Material 	{
            diffuseColor 1.0 1.0 1.0
            specularColor 0.5019607843137255 0.5019607843137255 0.5019607843137255
            ambientIntensity 0.2
            transparency 0
            shininess 0.5
        }
    }
    geometry IndexedFaceSet {
        ccw TRUE
        solid FALSE
        coord DEF co Coordinate {
            point [
                -0.7099 -1.1956 0.3346, -0.7099 -1.1956 0.3386, -0.7054 -1.1984 0.3386, -0.6934 -1.2012 0.3386, -0.6934 -1.2012 0.3346, -0.6991 -1.2006 0.3346, -0.6991 -1.2006 0.3386, -0.7053 -1.1984 0.3346, -0.7054 -1.1984 0.3346, -0.7099 -1.206 0.3386, -0.7099 -1.206 0.3346, -0.7029 -1.2085 0.3386, -0.7053 -1.2076 0.3346, -0.6944 -1.2093 0.3346, -0.6944 -1.2093 0.3386, -0.7009 -1.2087 0.3346, -0.7029 -1.2085 0.3346, -0.6853 -1.2083 0.3386, -0.6887 -1.2087 0.3346, -0.6853 -1.2083 0.3346, -0.6801 -1.2062 0.3346, -0.6801 -1.2062 0.3386, -0.6777 -1.2048 0.3346, -0.6777 -1.2048 0.3386, -0.6749 -1.2023 0.3346, -0.6749 -1.2023 0.3386, -0.673 -1.1996 0.3346, -0.673 -1.1996 0.3386, -0.6718 -1.1965 0.3346, -0.6718 -1.1965 0.3386, -0.6713 -1.1924 0.3346, -0.6713 -1.1924 0.3386, -0.6717 -1.1887 0.3346, -0.6717 -1.1887 0.3386, -0.6728 -1.1857 0.3346, -0.6728 -1.1857 0.3386, -0.6747 -1.183 0.3346, -0.6747 -1.183 0.3386, -0.677 -1.1809 0.3346, -0.677 -1.1809 0.3386, -0.6837 -1.1771 0.3346, -0.6837 -1.1771 0.3386, -0.6876 -1.1756 0.3346, -0.6876 -1.1756 0.3386, -0.6938 -1.1729 0.3346, -0.6938 -1.1729 0.3386, -0.6973 -1.1707 0.3346, -0.6973 -1.1707 0.3386, -0.6983 -1.1696 0.3346, -0.6983 -1.1696 0.3386, -0.699 -1.1682 0.3346, -0.699 -1.1682 0.3386, -0.6994 -1.1667 0.3346, -0.6994 -1.1667 0.3386, -0.6995 -1.1653 0.3346, -0.6995 -1.1653 0.3386, -0.6993 -1.1637 0.3346, -0.6993 -1.1637 0.3386, -0.6988 -1.1624 0.3346, -0.6988 -1.1624 0.3386, -0.698 -1.1611 0.3346, -0.698 -1.1611 0.3386, -0.6965 -1.1598 0.3346, -0.6965 -1.1598 0.3386, -0.6942 -1.1586 0.3346, -0.6942 -1.1586 0.3386, -0.6915 -1.1579 0.3346, -0.6915 -1.1579 0.3386, -0.6886 -1.1576 0.3346, -0.6886 -1.1576 0.3386, -0.6816 -1.1585 0.3346, -0.6816 -1.1585 0.3386, -0.6759 -1.1607 0.3346, -0.6759 -1.1607 0.3386, -0.674 -1.1618 0.3346, -0.674 -1.1618 0.3386, -0.674 -1.152 0.3386, -0.674 -1.152 0.3346, -0.6806 -1.1501 0.3346, -0.6806 -1.1501 0.3386, -0.6876 -1.1495 0.3346, -0.6876 -1.1495 0.3386, -0.6956 -1.1505 0.3346, -0.6956 -1.1505 0.3386, -0.701 -1.1525 0.3346, -0.701 -1.1525 0.3386, -0.7034 -1.154 0.3346, -0.7034 -1.154 0.3386, -0.7053 -1.1557 0.3346, -0.7064 -1.1567 0.3386, -0.7064 -1.1567 0.3346, -0.7083 -1.1594 0.3346, -0.7083 -1.1594 0.3386, -0.7095 -1.1627 0.3346, -0.7095 -1.1627 0.3386, -0.7099 -1.1662 0.3346, -0.7099 -1.1662 0.3386, -0.7094 -1.1702 0.3346, -0.7094 -1.1702 0.3386, -0.7083 -1.1732 0.3346, -0.7083 -1.1732 0.3386, -0.707 -1.1753 0.3346, -0.707 -1.1753 0.3386, -0.6947 -1.1829 0.3346, -0.6947 -1.1829 0.3386, -0.7007 -1.1801 0.3386, -0.7054 -1.177 0.3346, -0.7054 -1.177 0.3386, -0.7053 -1.1771 0.3346, -0.7007 -1.1801 0.3346, -0.6881 -1.1856 0.3346, -0.6881 -1.1856 0.3386, -0.6842 -1.188 0.3346, -0.6842 -1.188 0.3386, -0.6829 -1.1893 0.3346, -0.6829 -1.1893 0.3386, -0.6821 -1.1906 0.3346, -0.6821 -1.1906 0.3386, -0.6817 -1.1922 0.3346, -0.6817 -1.1922 0.3386, -0.6816 -1.1934 0.3346, -0.6816 -1.1934 0.3386, -0.6818 -1.1953 0.3346, -0.6818 -1.1953 0.3386, -0.6823 -1.1968 0.3346, -0.6823 -1.1968 0.3386, -0.6832 -1.1981 0.3346, -0.6832 -1.1981 0.3386, -0.6843 -1.1991 0.3346, -0.6843 -1.1991 0.3386, -0.6853 -1.1996 0.3346, -0.6853 -1.1996 0.3386, -0.6878 -1.2006 0.3346, -0.6878 -1.2006 0.3386, -0.693 -1.2012 0.3346, -0.693 -1.2012 0.3386, -0.6216 -1.1508 0.3386, -0.6112 -1.1508 0.3386, -0.6216 -1.1508 0.3346, -0.6112 -1.1508 0.3346, -0.6372 -1.1939 0.3386, -0.6372 -1.1939 0.3346, -0.638 -1.1965 0.3346, -0.638 -1.1965 0.3386, -0.6384 -1.1985 0.3346, -0.6384 -1.1985 0.3386, -0.6387 -1.1985 0.3386, -0.6387 -1.1985 0.3346, -0.6399 -1.1938 0.3386, -0.6399 -1.1938 0.3346, -0.6549 -1.1508 0.3346, -0.6549 -1.1508 0.3386, -0.65 -1.1647 0.3346, -0.6661 -1.1508 0.3386, -0.6661 -1.1508 0.3346, -0.6436 -1.2079 0.3346, -0.6436 -1.2079 0.3386, -0.65 -1.1917 0.3346, -0.648 -1.2183 0.3346, -0.648 -1.2183 0.3386, -0.644 -1.2087 0.3346, -0.65 -1.2219 0.3346, -0.6501 -1.222 0.3386, -0.6501 -1.222 0.3346, -0.6519 -1.224 0.3346, -0.6519 -1.224 0.3386, -0.6535 -1.2251 0.3346, -0.6535 -1.2251 0.3386, -0.6557 -1.226 0.3346, -0.6557 -1.226 0.3386, -0.6583 -1.2263 0.3346, -0.6583 -1.2263 0.3386, -0.662 -1.2259 0.3346, -0.662 -1.2259 0.3386, -0.664 -1.2252 0.3346, -0.664 -1.2252 0.3386, -0.664 -1.2341 0.3386, -0.664 -1.2341 0.3346, -0.6598 -1.2349 0.3346, -0.6598 -1.2349 0.3386, -0.6575 -1.2349 0.3346, -0.6575 -1.2349 0.3386, -0.6531 -1.2344 0.3346, -0.6531 -1.2344 0.3386, -0.65 -1.2331 0.3346, -0.6492 -1.2327 0.3386, -0.6492 -1.2327 0.3346, -0.6459 -1.2304 0.3346, -0.6459 -1.2304 0.3386, -0.6417 -1.2256 0.3346, -0.6417 -1.2256 0.3386, -0.6371 -1.2166 0.3346, -0.6371 -1.2166 0.3386, -0.634 -1.2087 0.3346, -0.5573 -1.1989 0.3386, -0.5573 -1.208 0.3386, -0.5573 -1.1989 0.3346, -0.5573 -1.208 0.3346, -0.59 -1.1989 0.3346, -0.59 -1.1989 0.3386, -0.5751 -1.1989 0.3346, -0.59 -1.1719 0.3386, -0.59 -1.1719 0.3346, -0.5614 -1.1719 0.3346, -0.5614 -1.1719 0.3386, -0.5751 -1.1719 0.3346, -0.5614 -1.1628 0.3386, -0.5614 -1.1628 0.3346, -0.59 -1.1628 0.3346, -0.59 -1.1628 0.3386, -0.5751 -1.1628 0.3346, -0.59 -1.1371 0.3386, -0.59 -1.1371 0.3346, -0.5591 -1.1371 0.3346, -0.5591 -1.1371 0.3386, -0.5751 -1.1371 0.3346, -0.5591 -1.1279 0.3386, -0.5591 -1.1279 0.3346, -0.6004 -1.1279 0.3346, -0.6004 -1.1279 0.3386, -0.5751 -1.1279 0.3346, -0.6004 -1.208 0.3386, -0.6004 -1.208 0.3346, -0.5751 -1.208 0.3346, -0.4891 -1.1968 0.3386, -0.4973 -1.1913 0.3386, -0.4974 -1.2027 0.3386, -0.5025 -1.1949 0.3386, -0.5065 -1.2063 0.3386, -0.509 -1.1975 0.3386, -0.5202 -1.208 0.3386, -0.5202 -1.1989 0.3386, -0.5422 -1.208 0.3386, -0.5319 -1.1989 0.3386, -0.5422 -1.1279 0.3386, -0.5319 -1.1371 0.3386, -0.5193 -1.1279 0.3386, -0.5198 -1.1371 0.3386, -0.5071 -1.1293 0.3386, -0.5095 -1.1383 0.3386, -0.4975 -1.1328 0.3386, -0.5025 -1.1408 0.3386, -0.4891 -1.1385 0.3386, -0.4966 -1.1447 0.3386, -0.4863 -1.1413 0.3386, -0.4945 -1.1468 0.3386, -0.4813 -1.1482 0.3386, -0.4913 -1.1513 0.3386, -0.4783 -1.1559 0.3386, -0.4891 -1.1571 0.3386, -0.477 -1.1669 0.3386, -0.4879 -1.1672 0.3386, -0.4772 -1.172 0.3386, -0.4883 -1.1734 0.3386, -0.4792 -1.1814 0.3386, -0.49 -1.1805 0.3386, -0.4831 -1.1897 0.3386, -0.4929 -1.1863 0.3386, -0.4964 -1.1905 0.3386, -0.5202 -1.208 0.3346, -0.5422 -1.208 0.3346, -0.5065 -1.2063 0.3346, -0.4974 -1.2027 0.3346, -0.4891 -1.1968 0.3346, -0.4831 -1.1897 0.3346, -0.4792 -1.1814 0.3346, -0.4772 -1.172 0.3346, -0.477 -1.1669 0.3346, -0.4783 -1.1559 0.3346, -0.4813 -1.1482 0.3346, -0.4863 -1.1413 0.3346, -0.4891 -1.1385 0.3346, -0.4975 -1.1328 0.3346, -0.5071 -1.1293 0.3346, -0.5193 -1.1279 0.3346, -0.5422 -1.1279 0.3346, -0.5198 -1.1371 0.3346, -0.5319 -1.1371 0.3346, -0.5319 -1.1989 0.3346, -0.5202 -1.1989 0.3346, -0.4964 -1.1905 0.3346, -0.4973 -1.1913 0.3346, -0.5025 -1.1949 0.3346, -0.509 -1.1975 0.3346, -0.4879 -1.1672 0.3346, -0.4883 -1.1734 0.3346, -0.49 -1.1805 0.3346, -0.4929 -1.1863 0.3346, -0.4966 -1.1447 0.3346, -0.4945 -1.1468 0.3346, -0.4913 -1.1513 0.3346, -0.4891 -1.1571 0.3346, -0.5095 -1.1383 0.3346, -0.5025 -1.1408 0.3346, -0.5025 -1.1408 0.3346
            ]
        }
        coordIndex [
            0,1,2,-1,3,4,5,-1,3,5,6,-1,6,5,7,-1,6,7,2,-1,2,7,8,-1,2,8,0,-1,9,1,10,-1,10,1,0,-1,9,10,11,-1,11,10,12,-1,13,14,15,-1,15,14,11,-1,15,11,16,-1,16,11,12,-1,14,13,17,-1,17,13,18,-1,18,19,17,-1,17,19,20,-1,17,20,21,-1,21,20,22,-1,21,22,23,-1,23,22,24,-1,23,24,25,-1,25,24,26,-1,25,26,27,-1,27,26,28,-1,27,28,29,-1,29,28,30,-1,29,30,31,-1,31,30,32,-1,31,32,33,-1,33,32,34,-1,33,34,35,-1,35,34,36,-1,35,36,37,-1,37,36,38,-1,37,38,39,-1,39,38,40,-1,39,40,41,-1,41,40,42,-1,41,42,43,-1,43,42,44,-1,43,44,45,-1,45,44,46,-1,45,46,47,-1,47,46,48,-1,47,48,49,-1,49,48,50,-1,49,50,51,-1,51,50,52,-1,51,52,53,-1,53,52,54,-1,53,54,55,-1,55,54,56,-1,55,56,57,-1,57,56,58,-1,57,58,59,-1,59,58,60,-1,59,60,61,-1,61,60,62,-1,61,62,63,-1,63,62,64,-1,63,64,65,-1,65,64,66,-1,65,66,67,-1,67,66,68,-1,67,68,69,-1,69,68,70,-1,69,70,71,-1,71,70,72,-1,71,72,73,-1,73,72,74,-1,73,74,75,-1,76,75,77,-1,77,75,74,-1,76,77,78,-1,76,78,79,-1,79,78,80,-1,79,80,81,-1,81,80,82,-1,81,82,83,-1,83,82,84,-1,83,84,85,-1,85,84,86,-1,85,86,87,-1,86,88,87,-1,87,88,89,-1,88,90,89,-1,89,90,91,-1,89,91,92,-1,92,91,93,-1,92,93,94,-1,94,93,95,-1,94,95,96,-1,96,95,97,-1,96,97,98,-1,98,97,99,-1,98,99,100,-1,100,99,101,-1,100,101,102,-1,103,104,105,-1,102,101,106,-1,102,106,107,-1,107,106,108,-1,107,108,105,-1,105,108,109,-1,105,109,103,-1,104,103,110,-1,104,110,111,-1,111,110,112,-1,111,112,113,-1,113,112,114,-1,113,114,115,-1,115,114,116,-1,115,116,117,-1,117,116,118,-1,117,118,119,-1,119,118,120,-1,119,120,121,-1,121,120,122,-1,121,122,123,-1,123,122,124,-1,123,124,125,-1,125,124,126,-1,125,126,127,-1,127,126,128,-1,127,128,129,-1,129,128,130,-1,129,130,131,-1,131,130,132,-1,131,132,133,-1,133,132,134,-1,133,134,135,-1,135,134,4,-1,135,4,3,-1,59,61,87,-1,87,61,85,-1,85,61,63,-1,85,63,83,-1,111,43,104,-1,104,43,45,-1,21,23,127,-1,127,23,25,-1,127,25,125,-1,125,25,27,-1,125,27,123,-1,123,27,29,-1,123,29,121,-1,121,29,31,-1,121,31,119,-1,119,31,33,-1,119,33,117,-1,117,33,35,-1,117,35,115,-1,115,35,37,-1,115,37,113,-1,113,37,39,-1,113,39,111,-1,111,39,41,-1,111,41,43,-1,14,3,11,-1,11,3,6,-1,11,6,9,-1,9,6,2,-1,9,2,1,-1,63,65,83,-1,83,65,67,-1,83,67,81,-1,81,67,69,-1,81,69,79,-1,79,69,71,-1,79,71,76,-1,76,71,73,-1,76,73,75,-1,127,129,21,-1,21,129,131,-1,21,131,17,-1,17,131,133,-1,17,133,14,-1,14,133,135,-1,14,135,3,-1,87,89,59,-1,59,89,92,-1,59,92,57,-1,57,92,94,-1,57,94,55,-1,55,94,96,-1,55,96,53,-1,53,96,98,-1,53,98,51,-1,51,98,100,-1,51,100,49,-1,49,100,102,-1,49,102,47,-1,47,102,107,-1,47,107,45,-1,45,107,105,-1,45,105,104,-1,136,137,138,-1,138,137,139,-1,140,136,141,-1,141,136,138,-1,140,141,142,-1,140,142,143,-1,143,142,144,-1,143,144,145,-1,146,145,147,-1,147,145,144,-1,148,146,149,-1,149,146,147,-1,150,151,152,-1,152,151,148,-1,152,148,149,-1,153,151,154,-1,154,151,150,-1,155,156,157,-1,157,156,153,-1,157,153,154,-1,158,159,160,-1,160,159,156,-1,160,156,155,-1,158,161,159,-1,159,161,162,-1,161,163,162,-1,162,163,164,-1,162,164,165,-1,165,164,166,-1,165,166,167,-1,167,166,168,-1,167,168,169,-1,169,168,170,-1,169,170,171,-1,171,170,172,-1,171,172,173,-1,173,172,174,-1,173,174,175,-1,176,175,177,-1,177,175,174,-1,176,177,178,-1,176,178,179,-1,179,178,180,-1,179,180,181,-1,181,180,182,-1,181,182,183,-1,183,182,184,-1,183,184,185,-1,184,186,185,-1,185,186,187,-1,185,187,188,-1,188,187,189,-1,188,189,190,-1,190,189,191,-1,190,191,192,-1,139,137,193,-1,193,137,192,-1,193,192,191,-1,143,145,192,-1,137,136,192,-1,192,136,140,-1,192,140,143,-1,151,153,148,-1,148,153,156,-1,148,156,146,-1,145,146,192,-1,192,146,156,-1,192,156,190,-1,175,176,173,-1,173,176,179,-1,173,179,171,-1,171,179,181,-1,171,181,169,-1,169,181,183,-1,169,183,167,-1,167,183,185,-1,167,185,165,-1,165,185,188,-1,165,188,162,-1,162,188,190,-1,162,190,159,-1,159,190,156,-1,194,195,196,-1,196,195,197,-1,198,199,200,-1,200,199,194,-1,200,194,196,-1,201,199,202,-1,202,199,198,-1,203,204,205,-1,205,204,201,-1,205,201,202,-1,206,204,207,-1,207,204,203,-1,208,209,210,-1,210,209,206,-1,210,206,207,-1,211,209,212,-1,212,209,208,-1,213,214,215,-1,215,214,211,-1,215,211,212,-1,216,214,217,-1,217,214,213,-1,218,219,220,-1,220,219,216,-1,220,216,217,-1,221,219,222,-1,222,219,218,-1,197,195,223,-1,223,195,221,-1,223,221,222,-1,221,195,194,-1,194,199,221,-1,221,199,201,-1,221,201,219,-1,214,216,211,-1,211,216,219,-1,211,219,209,-1,209,219,201,-1,209,201,206,-1,206,201,204,-1,224,225,226,-1,226,225,227,-1,226,227,228,-1,228,227,229,-1,228,229,230,-1,230,229,231,-1,230,231,232,-1,232,231,233,-1,232,233,234,-1,234,233,235,-1,234,235,236,-1,236,235,237,-1,236,237,238,-1,238,237,239,-1,238,239,240,-1,240,239,241,-1,240,241,242,-1,242,241,243,-1,242,243,244,-1,244,243,245,-1,244,245,246,-1,246,245,247,-1,246,247,248,-1,248,247,249,-1,248,249,250,-1,250,249,251,-1,250,251,252,-1,252,251,253,-1,252,253,254,-1,254,253,255,-1,254,255,256,-1,256,255,257,-1,256,257,224,-1,224,257,258,-1,224,258,225,-1,230,232,259,-1,259,232,260,-1,230,259,261,-1,230,261,228,-1,228,261,262,-1,228,262,226,-1,226,262,263,-1,226,263,224,-1,224,263,264,-1,224,264,256,-1,256,264,265,-1,256,265,254,-1,254,265,266,-1,254,266,252,-1,252,266,267,-1,252,267,250,-1,250,267,268,-1,250,268,248,-1,248,268,269,-1,248,269,246,-1,246,269,270,-1,246,270,244,-1,244,270,271,-1,244,271,242,-1,242,271,272,-1,242,272,240,-1,240,272,273,-1,240,273,238,-1,238,273,274,-1,238,274,236,-1,234,236,275,-1,275,236,274,-1,232,234,260,-1,260,234,275,-1,237,235,276,-1,276,235,277,-1,235,233,277,-1,277,233,278,-1,233,231,278,-1,278,231,279,-1,258,280,281,-1,258,281,225,-1,225,281,282,-1,225,282,227,-1,227,282,283,-1,227,283,229,-1,229,283,279,-1,229,279,231,-1,251,284,285,-1,251,285,253,-1,253,285,286,-1,253,286,255,-1,255,286,287,-1,255,287,257,-1,257,287,280,-1,257,280,258,-1,243,288,289,-1,243,289,245,-1,245,289,290,-1,245,290,247,-1,247,290,291,-1,247,291,249,-1,249,291,284,-1,249,284,251,-1,237,276,292,-1,237,292,239,-1,239,292,293,-1,239,293,241,-1,241,293,288,-1,241,288,243,-1,
        ]
    }
}
Shape{
    appearance Appearance {
        material  Material 	{
            diffuseColor 0.25098039215686274 0.25098039215686274 0.25098039215686274
            specularColor 0.12549019607843137 0.12549019607843137 0.12549019607843137
            ambientIntensity 0.2
            transparency 0
            shininess 0.5
        }
    }
    geometry IndexedFaceSet {
        ccw TRUE
        solid FALSE
        coord DEF co Coordinate {
            point [
                -0.4973 -1.1913 0.3346, -0.4964 -1.1905 0.3346, -0.5198 -1.1371 0.3346, -0.5319 -1.1371 0.3346, -0.5319 -1.1989 0.3346, -0.5202 -1.1989 0.3346, -0.509 -1.1975 0.3346, -0.5025 -1.1949 0.3346, -0.4929 -1.1863 0.3346, -0.49 -1.1805 0.3346, -0.4883 -1.1734 0.3346, -0.4879 -1.1672 0.3346, -0.4891 -1.1571 0.3346, -0.4913 -1.1513 0.3346, -0.4945 -1.1468 0.3346, -0.4966 -1.1447 0.3346, -0.5095 -1.1383 0.3346, -0.5025 -1.1408 0.3346, -0.5025 -1.1408 0.3346
            ]
        }
        coordIndex [
            0,1,2,-1,3,4,2,-1,2,4,5,-1,5,6,2,-1,2,6,7,-1,2,7,0,-1,1,8,2,-1,2,8,9,-1,2,9,10,-1,10,11,2,-1,2,11,12,-1,2,12,13,-1,13,14,2,-1,2,14,15,-1,2,15,16,-1,16,15,17,-1,
        ]
    }
}
Shape{
    appearance Appearance {
        material  Material 	{
            diffuseColor 1.0 1.0 1.0
            specularColor 0.5019607843137255 0.5019607843137255 0.5019607843137255
            ambientIntensity 0.2
            transparency 0
            shininess 0.5
        }
    }
    geometry IndexedFaceSet {
        ccw TRUE
        solid FALSE
        coord DEF co Coordinate {
            point [
                -0.4502 -1.1771 0.3386, -0.4534 -1.1861 0.3386, -0.4233 -1.1771 0.3386, -0.4201 -1.1861 0.3386, -0.4382 -1.1438 0.3386, -0.4421 -1.1279 0.3386, -0.4726 -1.208 0.3386, -0.4611 -1.208 0.3386, -0.4375 -1.1414 0.3386, -0.4369 -1.1382 0.3386, -0.431 -1.1279 0.3386, -0.4366 -1.1382 0.3386, -0.436 -1.1415 0.3386, -0.4354 -1.1438 0.3386, -0.4005 -1.208 0.3386, -0.4119 -1.208 0.3386, -0.431 -1.1279 0.3346, -0.4005 -1.208 0.3346, -0.4421 -1.1279 0.3346, -0.4726 -1.208 0.3346, -0.4611 -1.208 0.3346, -0.4534 -1.1861 0.3346, -0.4201 -1.1861 0.3346, -0.4119 -1.208 0.3346, -0.4502 -1.1771 0.3346, -0.4233 -1.1771 0.3346, -0.4354 -1.1438 0.3346, -0.4366 -1.1382 0.3346, -0.436 -1.1415 0.3346, -0.4369 -1.1382 0.3346, -0.4382 -1.1438 0.3346, -0.4375 -1.1414 0.3346, -0.4375 -1.1414 0.3346
            ]
        }
        coordIndex [
            0,1,2,-1,2,1,3,-1,4,5,0,-1,0,5,6,-1,0,6,1,-1,1,6,7,-1,4,8,5,-1,5,8,9,-1,5,9,10,-1,10,9,11,-1,10,11,12,-1,12,13,10,-1,10,13,2,-1,10,2,14,-1,14,2,3,-1,14,3,15,-1,10,14,16,-1,16,14,17,-1,5,10,18,-1,18,10,16,-1,6,5,19,-1,19,5,18,-1,7,6,20,-1,20,6,19,-1,1,7,21,-1,21,7,20,-1,3,1,22,-1,22,1,21,-1,15,3,23,-1,23,3,22,-1,14,15,17,-1,17,15,23,-1,0,2,24,-1,24,2,25,-1,2,13,25,-1,25,13,26,-1,11,27,28,-1,11,28,12,-1,12,28,26,-1,12,26,13,-1,11,9,27,-1,27,9,29,-1,4,30,31,-1,4,31,8,-1,8,31,29,-1,8,29,9,-1,4,0,30,-1,30,0,24,-1,
        ]
    }
}
Shape{
    appearance Appearance {
        material  Material 	{
            diffuseColor 0.25098039215686274 0.25098039215686274 0.25098039215686274
            specularColor 0.12549019607843137 0.12549019607843137 0.12549019607843137
            ambientIntensity 0.2
            transparency 0
            shininess 0.5
        }
    }
    geometry IndexedFaceSet {
        ccw TRUE
        solid FALSE
        coord DEF co Coordinate {
            point [
                -0.4366 -1.1382 0.3346, -0.4369 -1.1382 0.3346, -0.436 -1.1415 0.3346, -0.4375 -1.1414 0.3346, -0.4354 -1.1438 0.3346, -0.4382 -1.1438 0.3346, -0.4233 -1.1771 0.3346, -0.4502 -1.1771 0.3346, -0.4502 -1.1771 0.3346
            ]
        }
        coordIndex [
            0,1,2,-1,2,1,3,-1,2,3,4,-1,4,3,5,-1,4,5,6,-1,6,5,7,-1,
        ]
    }
}
Shape{
    appearance Appearance {
        material  Material 	{
            diffuseColor 1.0 1.0 1.0
            specularColor 0.5019607843137255 0.5019607843137255 0.5019607843137255
            ambientIntensity 0.2
            transparency 0
            shininess 0.5
        }
    }
    geometry IndexedFaceSet {
        ccw TRUE
        solid FALSE
        coord DEF co Coordinate {
            point [
                -1.1758 -1.2193 0.3386, -1.1673 -1.2298 0.3386, -1.1809 -1.169 0.3386, -1.1907 -1.07 0.3386, -1.178 -1.0633 0.3386, -1.1795 -1.0279 0.3386, -1.1587 -1.0255 0.3386, -1.1231 -1.1678 0.3386, -1.1178 -1.1698 0.3386, -1.0704 -1.1832 0.3386, -1.1132 -1.1729 0.3386, -1.1096 -1.177 0.3386, -0.9907 -1.1411 0.3386, -1.0084 -1.1109 0.3386, -1.0847 -1.1508 0.3386, -1.1279 -1.1673 0.3386, -1.0909 -1.0236 0.3386, -1.1067 -0.9931 0.3386, -1.1205 -1.0016 0.3386, -1.1933 -1.1614 0.3386, -1.1905 -1.2043 0.3386, -1.1815 -1.2071 0.3386, -1.1071 -1.1817 0.3386, -1.1059 -1.187 0.3386, -1.0704 -1.1889 0.3386, -1.1059 -1.1919 0.3386, -1.1421 -1.2066 0.3386, -1.1374 -1.2095 0.3386, -1.1562 -1.2382 0.3386, -1.1321 -1.2113 0.3386, -1.1329 -1.1678 0.3386, -1.1409 -1.1331 0.3386, -1.1379 -1.1697 0.3386, -1.1535 -1.1379 0.3386, -1.1424 -1.1727 0.3386, -1.1652 -1.146 0.3386, -1.1461 -1.1768 0.3386, -1.1746 -1.1567 0.3386, -1.1488 -1.1817 0.3386, -1.15 -1.1872 0.3386, -0.972 -1.0847 0.3386, -0.9674 -1.0847 0.3386, -0.9441 -1.054 0.3386, -0.9566 -1.0861 0.3386, -0.9412 -1.055 0.3386, -0.9467 -1.0899 0.3386, -0.9243 -1.0634 0.3386, -0.9089 -1.0764 0.3386, -1.1068 -1.0352 0.3386, -1.1339 -1.0131 0.3386, -1.1194 -1.0505 0.3386, -1.1456 -1.0267 0.3386, -1.1279 -1.0682 0.3386, -1.164 -1.06 0.3386, -1.1581 -1.0597 0.3386, -1.1521 -1.0259 0.3386, -1.1449 -1.0613 0.3386, -1.1321 -1.066 0.3386, -1.1067 -1.1353 0.3386, -1.1204 -1.1318 0.3386, -1.1274 -1.1314 0.3386, -0.9088 -1.1827 0.3386, -0.9353 -1.1601 0.3386, -0.9243 -1.1958 0.3386, -0.9438 -1.167 0.3386, -0.9417 -1.2043 0.3386, -0.9538 -1.1716 0.3386, -0.9606 -1.2083 0.3386, -0.964 -1.1735 0.3386, -0.9942 -1.2083 0.3386, -0.9896 -1.1735 0.3386, -0.9974 -1.2078 0.3386, -1.2133 -1.1029 0.3386, -1.2507 -1.1119 0.3386, -1.215 -1.1166 0.3386, -1.2509 -1.1178 0.3386, -1.2144 -1.1253 0.3386, -1.2485 -1.1385 0.3386, -1.2103 -1.1393 0.3386, -1.2408 -1.1597 0.3386, -1.2035 -1.1509 0.3386, -1.227 -1.1798 0.3386, -1.2109 -1.1939 0.3386, -1.1459 -1.2026 0.3386, -1.1485 -1.198 0.3386, -1.1499 -1.1928 0.3386, -0.9378 -1.0961 0.3386, -0.9312 -1.1034 0.3386, -0.8972 -1.0926 0.3386, -0.9259 -1.1133 0.3386, -0.8903 -1.11 0.3386, -0.9233 -1.1242 0.3386, -0.8877 -1.1286 0.3386, -0.923 -1.1291 0.3386, -0.8903 -1.149 0.3386, -0.9244 -1.1402 0.3386, -0.8975 -1.167 0.3386, -0.9283 -1.1504 0.3386, -0.9345 -1.1592 0.3386, -0.9748 -1.009 0.3386, -0.9966 -1.0357 0.3386, -0.9562 -1.0304 0.3386, -0.9839 -1.0511 0.3386, -0.9752 -1.0695 0.3386, -1.2007 -1.0357 0.3386, -1.2197 -1.0487 0.3386, -1.2006 -1.0788 0.3386, -1.2242 -1.0529 0.3386, -1.2085 -1.0902 0.3386, -1.237 -1.0691 0.3386, -1.2465 -1.0894 0.3386, -1.0946 -1.1417 0.3386, -1.0805 -0.9829 0.3386, -1.0722 -1.0162 0.3386, -1.0522 -0.9794 0.3386, -1.0517 -1.0136 0.3386, -1.0288 -0.9819 0.3386, -1.0326 -1.0159 0.3386, -1.0002 -0.992 0.3386, -1.0147 -1.0227 0.3386, -0.9987 -1.0337 0.3386, -0.9925 -1.173 0.3386, -1.0061 -1.2023 0.3386, -1.0048 -1.2037 0.3386, -1.143 -1.2437 0.3386, -1.1296 -1.2458 0.3386, -1.1279 -1.2117 0.3386, -1.1274 -1.2458 0.3386, -1.123 -1.2111 0.3386, -1.1136 -1.2442 0.3386, -1.118 -1.2093 0.3386, -1.1009 -1.2393 0.3386, -1.1135 -1.2064 0.3386, -1.0896 -1.2314 0.3386, -1.1098 -1.2023 0.3386, -1.0808 -1.2215 0.3386, -1.1072 -1.1974 0.3386, -1.0741 -1.2088 0.3386, -1.0707 -1.1948 0.3386, -0.9908 -1.1734 0.3386, -1.0011 -1.2063 0.3386, -1.0107 -1.1906 0.3386, -1.0101 -1.1949 0.3386, -1.0086 -1.1987 0.3386, -0.9974 -1.1735 0.3386, -1.0013 -1.1751 0.3386, -1.0106 -1.1886 0.3386, -1.0048 -1.1775 0.3386, -1.0073 -1.1804 0.3386, -1.0095 -1.1843 0.3386, -0.993 -1.173 0.3386, -0.9051 -1.0817 0.3346, -0.8972 -1.0926 0.3346, -0.8923 -1.1051 0.3346, -0.8903 -1.11 0.3346, -0.8877 -1.1286 0.3346, -0.9089 -1.0764 0.3346, -0.9243 -1.0634 0.3346, -0.9412 -1.055 0.3346, -0.9441 -1.054 0.3346, -0.9562 -1.0304 0.3346, -0.9748 -1.009 0.3346, -0.9879 -1.0002 0.3346, -1.0002 -0.992 0.3346, -1.0288 -0.9819 0.3346, -1.0522 -0.9794 0.3346, -1.0805 -0.9829 0.3346, -1.1067 -0.9931 0.3346, -1.1183 -1.0002 0.3346, -1.1205 -1.0016 0.3346, -1.1339 -1.0131 0.3346, -1.1456 -1.0267 0.3346, -1.1521 -1.0259 0.3346, -1.1587 -1.0255 0.3346, -1.1795 -1.0279 0.3346, -1.2007 -1.0357 0.3346, -1.2197 -1.0487 0.3346, -1.2242 -1.0529 0.3346, -1.2256 -1.0547 0.3346, -1.237 -1.0691 0.3346, -1.2429 -1.0817 0.3346, -1.2465 -1.0894 0.3346, -1.2494 -1.1051 0.3346, -1.2507 -1.1119 0.3346, -1.2509 -1.1178 0.3346, -1.2485 -1.1385 0.3346, -1.2408 -1.1597 0.3346, -1.227 -1.1798 0.3346, -1.2256 -1.1811 0.3346, -1.2109 -1.1939 0.3346, -1.1905 -1.2043 0.3346, -1.1815 -1.2071 0.3346, -1.1807 -1.2087 0.3346, -1.1758 -1.2193 0.3346, -1.1673 -1.2298 0.3346, -1.1562 -1.2382 0.3346, -1.1509 -1.2404 0.3346, -1.143 -1.2437 0.3346, -1.1296 -1.2458 0.3346, -1.1274 -1.2458 0.3346, -1.0704 -1.1889 0.3346, -1.1136 -1.2442 0.3346, -1.1038 -1.2404 0.3346, -1.1009 -1.2393 0.3346, -1.0896 -1.2314 0.3346, -1.0808 -1.2215 0.3346, -1.0741 -1.2088 0.3346, -1.074 -1.2087 0.3346, -1.0707 -1.1948 0.3346, -1.0704 -1.1832 0.3346, -0.9907 -1.1411 0.3346, -1.0084 -1.1109 0.3346, -1.0847 -1.1508 0.3346, -1.0946 -1.1417 0.3346, -1.1067 -1.1353 0.3346, -1.1204 -1.1318 0.3346, -1.1274 -1.1314 0.3346, -1.1409 -1.1331 0.3346, -1.1535 -1.1379 0.3346, -1.1652 -1.146 0.3346, -1.1746 -1.1567 0.3346, -1.1809 -1.169 0.3346, -1.1933 -1.1614 0.3346, -1.2035 -1.1509 0.3346, -1.2103 -1.1393 0.3346, -1.2144 -1.1253 0.3346, -1.215 -1.1166 0.3346, -1.2136 -1.1051 0.3346, -1.2133 -1.1029 0.3346, -1.2085 -1.0902 0.3346, -1.2026 -1.0817 0.3346, -1.2006 -1.0788 0.3346, -1.1907 -1.07 0.3346, -1.178 -1.0633 0.3346, -1.164 -1.06 0.3346, -1.1581 -1.0597 0.3346, -1.1449 -1.0613 0.3346, -1.1321 -1.066 0.3346, -1.1279 -1.0682 0.3346, -1.1194 -1.0505 0.3346, -1.1068 -1.0352 0.3346, -1.0909 -1.0236 0.3346, -1.0722 -1.0162 0.3346, -1.0517 -1.0136 0.3346, -1.0326 -1.0159 0.3346, -1.0147 -1.0227 0.3346, -0.9987 -1.0337 0.3346, -0.9966 -1.0357 0.3346, -0.9839 -1.0511 0.3346, -0.9752 -1.0695 0.3346, -0.9726 -1.0817 0.3346, -0.972 -1.0847 0.3346, -0.9674 -1.0847 0.3346, -0.9566 -1.0861 0.3346, -0.9467 -1.0899 0.3346, -0.9378 -1.0961 0.3346, -0.9312 -1.1034 0.3346, -0.9303 -1.1051 0.3346, -0.9259 -1.1133 0.3346, -0.9233 -1.1242 0.3346, -0.923 -1.1291 0.3346, -0.9244 -1.1402 0.3346, -0.9283 -1.1504 0.3346, -0.9345 -1.1592 0.3346, -0.9353 -1.1601 0.3346, -0.9438 -1.167 0.3346, -0.9538 -1.1716 0.3346, -0.964 -1.1735 0.3346, -0.9896 -1.1735 0.3346, -0.9908 -1.1734 0.3346, -0.9925 -1.173 0.3346, -0.993 -1.173 0.3346, -0.9974 -1.1735 0.3346, -1.0013 -1.1751 0.3346, -1.0048 -1.1775 0.3346, -1.0073 -1.1804 0.3346, -1.0095 -1.1843 0.3346, -1.0106 -1.1886 0.3346, -1.0107 -1.1906 0.3346, -1.0101 -1.1949 0.3346, -1.0086 -1.1987 0.3346, -1.0061 -1.2023 0.3346, -1.0048 -1.2037 0.3346, -1.0011 -1.2063 0.3346, -0.9974 -1.2078 0.3346, -0.9942 -1.2083 0.3346, -0.9606 -1.2083 0.3346, -0.9417 -1.2043 0.3346, -0.9243 -1.1958 0.3346, -0.9088 -1.1827 0.3346, -0.8975 -1.167 0.3346, -0.8903 -1.149 0.3346, -1.1279 -1.1673 0.3346, -1.1231 -1.1678 0.3346, -1.1178 -1.1698 0.3346, -1.1132 -1.1729 0.3346, -1.1096 -1.177 0.3346, -1.1071 -1.1817 0.3346, -1.1059 -1.187 0.3346, -1.1059 -1.1919 0.3346, -1.1072 -1.1974 0.3346, -1.1098 -1.2023 0.3346, -1.1135 -1.2064 0.3346, -1.118 -1.2093 0.3346, -1.123 -1.2111 0.3346, -1.1279 -1.2117 0.3346, -1.1321 -1.2113 0.3346, -1.1374 -1.2095 0.3346, -1.1421 -1.2066 0.3346, -1.1459 -1.2026 0.3346, -1.1485 -1.198 0.3346, -1.1499 -1.1928 0.3346, -1.15 -1.1872 0.3346, -1.1488 -1.1817 0.3346, -1.1461 -1.1768 0.3346, -1.1424 -1.1727 0.3346, -1.1379 -1.1697 0.3346, -1.1329 -1.1678 0.3346, -1.1329 -1.1678 0.3346
            ]
        }
        coordIndex [
            0,1,2,-1,3,4,5,-1,5,4,6,-1,7,8,9,-1,9,8,10,-1,9,10,11,-1,12,13,9,-1,9,13,14,-1,9,14,7,-1,7,14,15,-1,16,17,18,-1,19,20,2,-1,2,20,21,-1,2,21,0,-1,11,22,9,-1,9,22,23,-1,9,23,24,-1,24,23,25,-1,26,1,27,-1,27,1,28,-1,27,28,29,-1,30,31,32,-1,32,31,33,-1,32,33,34,-1,34,33,35,-1,34,35,36,-1,36,35,37,-1,36,37,38,-1,38,37,2,-1,38,2,39,-1,40,41,42,-1,42,41,43,-1,42,43,44,-1,44,43,45,-1,44,45,46,-1,46,45,47,-1,16,18,48,-1,48,18,49,-1,48,49,50,-1,50,49,51,-1,50,51,52,-1,4,53,6,-1,6,53,54,-1,6,54,55,-1,55,54,56,-1,55,56,51,-1,51,56,57,-1,51,57,52,-1,58,59,30,-1,30,59,60,-1,30,60,31,-1,61,62,63,-1,63,62,64,-1,63,64,65,-1,65,64,66,-1,65,66,67,-1,67,66,68,-1,67,68,69,-1,69,68,70,-1,69,70,71,-1,72,73,74,-1,74,73,75,-1,74,75,76,-1,76,75,77,-1,76,77,78,-1,78,77,79,-1,78,79,80,-1,80,79,81,-1,80,81,19,-1,19,81,82,-1,19,82,20,-1,26,83,1,-1,1,83,84,-1,1,84,2,-1,2,84,85,-1,2,85,39,-1,45,86,47,-1,47,86,87,-1,47,87,88,-1,88,87,89,-1,88,89,90,-1,90,89,91,-1,90,91,92,-1,92,91,93,-1,92,93,94,-1,94,93,95,-1,94,95,96,-1,96,95,97,-1,96,97,61,-1,61,97,98,-1,61,98,62,-1,99,100,101,-1,101,100,102,-1,101,102,42,-1,42,102,103,-1,42,103,40,-1,5,104,3,-1,3,104,105,-1,3,105,106,-1,106,105,107,-1,106,107,108,-1,108,107,109,-1,108,109,72,-1,72,109,110,-1,72,110,73,-1,15,14,30,-1,30,14,111,-1,30,111,58,-1,17,16,112,-1,112,16,113,-1,112,113,114,-1,114,113,115,-1,114,115,116,-1,116,115,117,-1,116,117,118,-1,118,117,119,-1,118,119,99,-1,99,119,120,-1,99,120,100,-1,121,122,123,-1,28,124,29,-1,29,124,125,-1,29,125,126,-1,126,125,127,-1,126,127,128,-1,128,127,129,-1,128,129,130,-1,130,129,131,-1,130,131,132,-1,132,131,133,-1,132,133,134,-1,134,133,135,-1,134,135,136,-1,136,135,137,-1,136,137,25,-1,25,137,138,-1,25,138,24,-1,70,139,71,-1,71,139,121,-1,71,121,140,-1,140,121,123,-1,141,142,121,-1,121,142,143,-1,121,143,122,-1,144,145,146,-1,145,147,146,-1,146,147,148,-1,146,148,149,-1,141,121,146,-1,146,121,150,-1,146,150,144,-1,151,47,152,-1,152,47,88,-1,152,88,153,-1,153,88,90,-1,153,90,154,-1,154,90,92,-1,154,92,155,-1,151,156,47,-1,47,156,157,-1,47,157,46,-1,46,157,158,-1,46,158,44,-1,44,158,159,-1,44,159,42,-1,42,159,160,-1,42,160,101,-1,101,160,161,-1,101,161,99,-1,118,99,162,-1,162,99,161,-1,162,163,118,-1,118,163,164,-1,118,164,116,-1,116,164,165,-1,116,165,114,-1,114,165,166,-1,114,166,112,-1,112,166,167,-1,112,167,17,-1,17,167,18,-1,18,167,168,-1,18,168,169,-1,18,169,170,-1,18,170,49,-1,49,170,171,-1,49,171,51,-1,51,171,172,-1,51,172,55,-1,55,172,173,-1,55,173,6,-1,6,173,174,-1,6,174,5,-1,5,174,175,-1,5,175,104,-1,104,175,176,-1,104,176,105,-1,105,176,177,-1,105,177,107,-1,107,177,178,-1,107,178,109,-1,109,178,179,-1,109,179,110,-1,179,180,110,-1,110,180,181,-1,110,181,73,-1,73,181,182,-1,182,183,73,-1,73,183,184,-1,73,184,75,-1,75,184,185,-1,75,185,77,-1,77,185,186,-1,77,186,79,-1,79,186,187,-1,79,187,81,-1,81,187,188,-1,81,188,82,-1,188,189,82,-1,82,189,190,-1,82,190,20,-1,20,190,191,-1,20,191,21,-1,21,191,192,-1,21,192,0,-1,192,193,0,-1,0,193,194,-1,0,194,1,-1,1,194,195,-1,1,195,28,-1,28,195,196,-1,28,196,124,-1,196,197,124,-1,124,197,198,-1,124,198,125,-1,125,198,199,-1,125,199,127,-1,200,24,138,-1,127,199,201,-1,202,131,201,-1,201,131,129,-1,201,129,127,-1,202,203,131,-1,131,203,204,-1,131,204,133,-1,133,204,205,-1,133,205,135,-1,135,205,206,-1,135,206,137,-1,137,206,207,-1,137,207,138,-1,138,207,208,-1,138,208,200,-1,9,24,209,-1,209,24,200,-1,12,9,210,-1,210,9,209,-1,13,12,211,-1,211,12,210,-1,14,13,212,-1,212,13,211,-1,14,212,213,-1,14,213,111,-1,111,213,214,-1,111,214,58,-1,58,214,215,-1,58,215,59,-1,59,215,216,-1,59,216,60,-1,60,216,217,-1,60,217,31,-1,31,217,218,-1,31,218,33,-1,33,218,219,-1,33,219,35,-1,35,219,220,-1,35,220,37,-1,37,220,221,-1,37,221,2,-1,2,221,222,-1,2,222,19,-1,19,222,223,-1,19,223,80,-1,80,223,224,-1,80,224,78,-1,78,224,225,-1,78,225,76,-1,76,225,226,-1,76,226,74,-1,72,74,226,-1,226,227,72,-1,72,227,228,-1,72,228,229,-1,230,106,229,-1,229,106,108,-1,229,108,72,-1,230,231,106,-1,106,231,232,-1,106,232,3,-1,3,232,233,-1,3,233,4,-1,4,233,234,-1,4,234,53,-1,53,234,235,-1,53,235,54,-1,54,235,236,-1,54,236,56,-1,56,236,237,-1,56,237,57,-1,57,237,238,-1,57,238,52,-1,52,238,239,-1,52,239,50,-1,50,239,240,-1,50,240,48,-1,48,240,241,-1,48,241,16,-1,16,241,242,-1,16,242,113,-1,113,242,243,-1,113,243,115,-1,115,243,244,-1,115,244,117,-1,117,244,245,-1,117,245,119,-1,119,245,246,-1,119,246,120,-1,120,246,247,-1,120,247,100,-1,100,247,248,-1,100,248,102,-1,102,248,249,-1,102,249,103,-1,103,249,40,-1,40,249,250,-1,40,250,251,-1,41,40,252,-1,252,40,251,-1,41,252,253,-1,41,253,43,-1,43,253,254,-1,43,254,45,-1,45,254,255,-1,45,255,86,-1,86,255,256,-1,86,256,87,-1,87,256,257,-1,87,257,89,-1,257,258,89,-1,89,258,259,-1,89,259,91,-1,91,259,260,-1,91,260,93,-1,93,260,261,-1,93,261,95,-1,95,261,262,-1,95,262,97,-1,97,262,263,-1,97,263,98,-1,98,263,264,-1,98,264,62,-1,62,264,265,-1,62,265,64,-1,64,265,266,-1,64,266,66,-1,66,266,267,-1,66,267,68,-1,70,68,268,-1,268,68,267,-1,70,268,269,-1,70,269,139,-1,139,269,270,-1,139,270,121,-1,121,270,271,-1,121,271,150,-1,150,271,272,-1,150,272,144,-1,144,272,273,-1,144,273,145,-1,145,273,274,-1,145,274,147,-1,147,274,275,-1,147,275,148,-1,148,275,276,-1,148,276,149,-1,149,276,277,-1,149,277,146,-1,146,277,278,-1,146,278,141,-1,141,278,279,-1,141,279,142,-1,142,279,280,-1,142,280,143,-1,143,280,281,-1,143,281,122,-1,122,281,282,-1,122,282,123,-1,123,282,283,-1,123,283,140,-1,140,283,284,-1,140,284,71,-1,71,284,285,-1,71,285,69,-1,67,69,286,-1,286,69,285,-1,67,286,287,-1,67,287,65,-1,65,287,288,-1,65,288,63,-1,63,288,289,-1,63,289,61,-1,61,289,290,-1,61,290,96,-1,96,290,291,-1,96,291,94,-1,94,291,155,-1,94,155,92,-1,15,292,293,-1,15,293,7,-1,7,293,294,-1,7,294,8,-1,8,294,295,-1,8,295,10,-1,10,295,296,-1,10,296,11,-1,11,296,297,-1,11,297,22,-1,22,297,298,-1,22,298,23,-1,23,298,299,-1,23,299,25,-1,25,299,300,-1,25,300,136,-1,136,300,301,-1,136,301,134,-1,134,301,302,-1,134,302,132,-1,132,302,303,-1,132,303,130,-1,130,303,304,-1,130,304,128,-1,128,304,305,-1,128,305,126,-1,126,305,306,-1,126,306,29,-1,29,306,307,-1,29,307,27,-1,27,307,308,-1,27,308,26,-1,26,308,309,-1,26,309,83,-1,83,309,310,-1,83,310,84,-1,84,310,311,-1,84,311,85,-1,85,311,312,-1,85,312,39,-1,39,312,313,-1,39,313,38,-1,38,313,314,-1,38,314,36,-1,36,314,315,-1,36,315,34,-1,34,315,316,-1,34,316,32,-1,32,316,317,-1,32,317,30,-1,30,317,292,-1,30,292,15,-1,
        ]
    }
}
Shape{
    appearance Appearance {
        material  Material 	{
            diffuseColor 0.25098039215686274 0.25098039215686274 0.25098039215686274
            specularColor 0.12549019607843137 0.12549019607843137 0.12549019607843137
            ambientIntensity 0.2
            transparency 0
            shininess 0.5
        }
    }
    geometry IndexedFaceSet {
        ccw TRUE
        solid FALSE
        coord DEF co Coordinate {
            point [
                -1.1321 -1.2113 0.3346, -1.1279 -1.2117 0.3346, -1.1279 -1.1673 0.3346, -1.118 -1.2093 0.3346, -1.1059 -1.1919 0.3346, -1.123 -1.2111 0.3346, -1.1059 -1.187 0.3346, -1.1071 -1.1817 0.3346, -1.1096 -1.177 0.3346, -1.1132 -1.1729 0.3346, -1.1379 -1.1697 0.3346, -1.1459 -1.2026 0.3346, -1.1421 -1.2066 0.3346, -1.1178 -1.1698 0.3346, -1.1231 -1.1678 0.3346, -1.1485 -1.198 0.3346, -1.1424 -1.1727 0.3346, -1.1499 -1.1928 0.3346, -1.1329 -1.1678 0.3346, -1.1374 -1.2095 0.3346, -1.1135 -1.2064 0.3346, -1.1098 -1.2023 0.3346, -1.1072 -1.1974 0.3346, -1.15 -1.1872 0.3346, -1.1461 -1.1768 0.3346, -1.1488 -1.1817 0.3346, -1.1488 -1.1817 0.3346
            ]
        }
        coordIndex [
            0,1,2,-1,3,4,5,-1,5,4,6,-1,5,6,1,-1,6,7,1,-1,1,7,8,-1,1,8,9,-1,10,11,12,-1,9,13,1,-1,1,13,14,-1,1,14,2,-1,11,10,15,-1,15,10,16,-1,15,16,17,-1,2,18,0,-1,0,18,10,-1,0,10,19,-1,19,10,12,-1,3,20,4,-1,4,20,21,-1,4,21,22,-1,17,16,23,-1,23,16,24,-1,23,24,25,-1,
        ]
    }
}